contrast,p.value,fold_change,counts_1,ncells_1,counts_2,ncells_2,target
16Spos_tumor / 16Sneg_tumor,0.176760665,1.16491034,1198,164,129176,39686,A1BG
16Spos_tumor / 16Sneg_tumor,0.677897173,1.116771201,17,164,1809,39686,AAAS
16Spos_tumor / 16Sneg_tumor,0.795463155,0.885409435,5,164,744,39686,AAK1
16Spos_tumor / 16Sneg_tumor,0.853208174,0.963623891,28,164,4044,39686,AAMP
16Spos_tumor / 16Sneg_tumor,0.22266822,1.202677961,55,164,5433,39686,AARS1
16Spos_tumor / 16Sneg_tumor,0.521535108,1.274450643,8,164,784,39686,AASS
16Spos_tumor / 16Sneg_tumor,0.87049667,0.952186687,14,164,1364,39686,AATK
16Spos_tumor / 16Sneg_tumor,0.627690323,0.823190898,7,164,1116,39686,ABAT
16Spos_tumor / 16Sneg_tumor,0.013692457,1.891102447,19,164,1341,39686,ABCA2
16Spos_tumor / 16Sneg_tumor,0.444849506,1.167073854,37,164,1948,39686,ABCA5
16Spos_tumor / 16Sneg_tumor,0.114156316,1.505628496,23,164,1696,39686,ABCB1
16Spos_tumor / 16Sneg_tumor,0.630745259,1.123821077,21,164,2081,39686,ABCB10
16Spos_tumor / 16Sneg_tumor,0.151820042,0.482346375,4,164,903,39686,ABCB7
16Spos_tumor / 16Sneg_tumor,0.474146072,1.226549531,14,164,1332,39686,ABCB8
16Spos_tumor / 16Sneg_tumor,0.379356403,1.388880949,8,164,752,39686,ABCB9
16Spos_tumor / 16Sneg_tumor,0.896268241,1.032158794,21,164,1545,39686,ABCC1
16Spos_tumor / 16Sneg_tumor,0.148722849,1.311943043,48,164,5598,39686,ABCC3
16Spos_tumor / 16Sneg_tumor,0.401569183,1.293544494,13,164,1357,39686,ABCC4
16Spos_tumor / 16Sneg_tumor,0.059769816,0.148502686,1,164,839,39686,ABCC8
16Spos_tumor / 16Sneg_tumor,0.885176528,0.964057477,19,164,2780,39686,ABCD1
16Spos_tumor / 16Sneg_tumor,0.801172109,1.0629344,22,164,2361,39686,ABCE1
16Spos_tumor / 16Sneg_tumor,0.044628396,0.517629013,10,164,2411,39686,ABHD12
16Spos_tumor / 16Sneg_tumor,0.008752794,0.553618366,23,164,8100,39686,ABHD2
16Spos_tumor / 16Sneg_tumor,0.567725307,0.845811189,13,164,2138,39686,ABHD3
16Spos_tumor / 16Sneg_tumor,0.99852792,0.999475544,14,164,1672,39686,ABHD5
16Spos_tumor / 16Sneg_tumor,0.361001958,1.35147538,11,164,1075,39686,ABHD6
16Spos_tumor / 16Sneg_tumor,0.715932364,0.925847607,25,164,3146,39686,ABI1
16Spos_tumor / 16Sneg_tumor,0.528424644,1.154585871,25,164,2237,39686,ABI2
16Spos_tumor / 16Sneg_tumor,0.921419642,0.975257203,20,164,2581,39686,ABL1
16Spos_tumor / 16Sneg_tumor,0.144915969,1.473975108,16,164,1360,39686,ABL2
16Spos_tumor / 16Sneg_tumor,0.364019033,1.191578274,31,164,4109,39686,ABLIM1
16Spos_tumor / 16Sneg_tumor,0.623280916,1.078114475,54,164,6534,39686,ABR
16Spos_tumor / 16Sneg_tumor,0.618826561,0.827985057,8,164,1157,39686,ABRAXAS1
16Spos_tumor / 16Sneg_tumor,0.03107414,0.212630579,2,164,1191,39686,ABRAXAS2
16Spos_tumor / 16Sneg_tumor,0.323056605,0.708652474,9,164,1679,39686,ACAA1
16Spos_tumor / 16Sneg_tumor,0.4519257,0.582691242,2,164,529,39686,ACAA2
16Spos_tumor / 16Sneg_tumor,0.4900747,1.162751353,29,164,3138,39686,ACACA
16Spos_tumor / 16Sneg_tumor,0.085996049,1.662233718,15,164,1034,39686,ACACB
16Spos_tumor / 16Sneg_tumor,0.436549572,1.171068262,32,164,3337,39686,ACAD9
16Spos_tumor / 16Sneg_tumor,0.382796982,1.20557436,26,164,2328,39686,ACADM
16Spos_tumor / 16Sneg_tumor,0.636271059,1.150553203,14,164,1574,39686,ACADS
16Spos_tumor / 16Sneg_tumor,0.109102053,1.224696961,104,164,9066,39686,ACADVL
16Spos_tumor / 16Sneg_tumor,0.377525171,1.182539061,34,164,2779,39686,ACAP2
16Spos_tumor / 16Sneg_tumor,0.090460319,1.469583229,24,164,1992,39686,ACAP3
16Spos_tumor / 16Sneg_tumor,0.070879822,0.490087207,7,164,1472,39686,ACAT1
16Spos_tumor / 16Sneg_tumor,0.803045222,0.911658272,8,164,1096,39686,ACAT2
16Spos_tumor / 16Sneg_tumor,0.55632262,0.830971132,11,164,1705,39686,ACBD5
16Spos_tumor / 16Sneg_tumor,0.065098959,1.433916872,33,164,2493,39686,ACBD6
16Spos_tumor / 16Sneg_tumor,0.975856039,0.991917846,16,164,2036,39686,ACD
16Spos_tumor / 16Sneg_tumor,0.477653817,1.261896985,12,164,1231,39686,ACE
16Spos_tumor / 16Sneg_tumor,0.010983952,1.896777343,20,164,1189,39686,ACE2
16Spos_tumor / 16Sneg_tumor,0.271480609,1.448632695,10,164,834,39686,ACER2
16Spos_tumor / 16Sneg_tumor,0.623259013,0.837486518,9,164,1366,39686,ACER3
16Spos_tumor / 16Sneg_tumor,0.734143752,1.178256287,5,164,671,39686,ACHE
16Spos_tumor / 16Sneg_tumor,0.228547233,0.891343954,208,164,26752,39686,ACIN1
16Spos_tumor / 16Sneg_tumor,0.845799444,0.901016431,4,164,578,39686,ACKR1
16Spos_tumor / 16Sneg_tumor,0.038410335,0.222801893,2,164,1063,39686,ACKR3
16Spos_tumor / 16Sneg_tumor,0.15098283,1.79407331,7,164,507,39686,ACKR4
16Spos_tumor / 16Sneg_tumor,0.629241535,1.078640257,54,164,6340,39686,ACLY
16Spos_tumor / 16Sneg_tumor,0.774309741,0.936195855,21,164,3410,39686,ACO2
16Spos_tumor / 16Sneg_tumor,0.975016905,1.009534302,13,164,1340,39686,ACOT11
16Spos_tumor / 16Sneg_tumor,0.684863724,1.217498772,5,164,555,39686,ACOT12
16Spos_tumor / 16Sneg_tumor,0.290556688,1.252371748,26,164,2793,39686,ACOT13
16Spos_tumor / 16Sneg_tumor,0.591376908,0.899911815,32,164,4146,39686,ACOT7
16Spos_tumor / 16Sneg_tumor,0.224500918,1.475700283,11,164,945,39686,ACOT8
16Spos_tumor / 16Sneg_tumor,0.295078011,1.598067589,6,164,455,39686,ACOT9
16Spos_tumor / 16Sneg_tumor,0.96689048,0.988922486,15,164,1868,39686,ACOX1
16Spos_tumor / 16Sneg_tumor,0.728544292,1.134966876,9,164,966,39686,ACOX2
16Spos_tumor / 16Sneg_tumor,0.340227103,1.354956711,11,164,1129,39686,ACOX3
16Spos_tumor / 16Sneg_tumor,0.30548785,1.494674823,8,164,666,39686,ACP3
16Spos_tumor / 16Sneg_tumor,0.942417299,0.966987872,6,164,718,39686,ACSBG1
16Spos_tumor / 16Sneg_tumor,0.142950811,1.438421987,22,164,1923,39686,ACSF3
16Spos_tumor / 16Sneg_tumor,0.594056546,1.10305325,39,164,4492,39686,ACSL3
16Spos_tumor / 16Sneg_tumor,0.808633224,0.924660258,11,164,1481,39686,ACSL4
16Spos_tumor / 16Sneg_tumor,0.574052595,1.178713083,14,164,2725,39686,ACSL5
16Spos_tumor / 16Sneg_tumor,0.50834269,1.322210414,7,164,724,39686,ACSM2A
16Spos_tumor / 16Sneg_tumor,0.379001045,1.259753358,17,164,1953,39686,ACSM3
16Spos_tumor / 16Sneg_tumor,0.182063138,1.335768236,25,164,2735,39686,ACSS1
16Spos_tumor / 16Sneg_tumor,0.357454874,0.722795522,9,164,1665,39686,ACSS2
16Spos_tumor / 16Sneg_tumor,0.197001307,0.391347117,2,164,474,39686,ACSS3
16Spos_tumor / 16Sneg_tumor,0.800370788,0.887344851,5,164,748,39686,ACTG2
16Spos_tumor / 16Sneg_tumor,0.964052822,0.990039464,24,164,3089,39686,ACTL6A
16Spos_tumor / 16Sneg_tumor,0.904613818,1.014983428,86,164,9455,39686,ACTN4
16Spos_tumor / 16Sneg_tumor,0.334099501,1.269483389,20,164,1830,39686,ACTR10
16Spos_tumor / 16Sneg_tumor,0.155023974,1.246084483,53,164,5277,39686,ACTR1B
16Spos_tumor / 16Sneg_tumor,0.758559834,1.051105644,46,164,5065,39686,ACTR2
16Spos_tumor / 16Sneg_tumor,0.911491217,0.979187777,31,164,3980,39686,ACTR3
16Spos_tumor / 16Sneg_tumor,0.719024592,1.08299644,25,164,2953,39686,ACVR1
16Spos_tumor / 16Sneg_tumor,0.035776913,1.34315086,81,164,7224,39686,ACVR1B
16Spos_tumor / 16Sneg_tumor,0.706090988,1.143517059,10,164,1162,39686,ACVR1C
16Spos_tumor / 16Sneg_tumor,0.436946983,1.269997357,13,164,1318,39686,ACVR2A
16Spos_tumor / 16Sneg_tumor,0.454682312,1.308449564,9,164,832,39686,ACVR2B
16Spos_tumor / 16Sneg_tumor,0.8444427,1.051952756,17,164,1960,39686,ACY1
16Spos_tumor / 16Sneg_tumor,0.719424674,1.207737332,4,164,414,39686,ADA
16Spos_tumor / 16Sneg_tumor,0.639605326,1.111535408,24,164,2750,39686,ADAM10
16Spos_tumor / 16Sneg_tumor,0.81287266,0.865312157,3,164,466,39686,ADAM12
16Spos_tumor / 16Sneg_tumor,0.969094308,0.990614696,19,164,2558,39686,ADAM15
16Spos_tumor / 16Sneg_tumor,0.24255516,0.687432746,11,164,1649,39686,ADAM17
16Spos_tumor / 16Sneg_tumor,0.592791798,1.387762172,3,164,293,39686,ADAM19
16Spos_tumor / 16Sneg_tumor,0.218408005,0.475699592,3,164,786,39686,ADAM22
16Spos_tumor / 16Sneg_tumor,0.732717302,0.874431136,8,164,1131,39686,ADAM28
16Spos_tumor / 16Sneg_tumor,0.399560824,1.161905291,40,164,5068,39686,ADAM9
16Spos_tumor / 16Sneg_tumor,0.660019154,1.118329333,21,164,2161,39686,ADAMTS17
16Spos_tumor / 16Sneg_tumor,0.053988061,1.783425029,15,164,1001,39686,ADAMTS5
16Spos_tumor / 16Sneg_tumor,0.872702745,1.046733457,13,164,1370,39686,ADAR
16Spos_tumor / 16Sneg_tumor,0.912624928,1.054508711,5,164,668,39686,ADCY1
16Spos_tumor / 16Sneg_tumor,0.379094294,1.460621049,7,164,682,39686,ADCY2
16Spos_tumor / 16Sneg_tumor,0.624087462,0.830261719,8,164,1173,39686,ADCY3
16Spos_tumor / 16Sneg_tumor,0.203118777,1.651092728,7,164,767,39686,ADCY5
16Spos_tumor / 16Sneg_tumor,0.84637017,0.870645359,2,164,306,39686,ADCY8
16Spos_tumor / 16Sneg_tumor,0.834104549,1.07813926,9,164,1011,39686,ADCY9
16Spos_tumor / 16Sneg_tumor,0.371598757,0.819344929,24,164,3388,39686,ADD1
16Spos_tumor / 16Sneg_tumor,0.119544799,0.32541402,2,164,698,39686,ADD2
16Spos_tumor / 16Sneg_tumor,0.22764917,1.317360261,22,164,1970,39686,ADD3
16Spos_tumor / 16Sneg_tumor,0.10539556,1.463059,23,164,2150,39686,ADGRA3
16Spos_tumor / 16Sneg_tumor,0.688859332,0.812138446,4,164,633,39686,ADGRE1
16Spos_tumor / 16Sneg_tumor,0.916999523,0.964595773,10,164,1428,39686,ADGRE2
16Spos_tumor / 16Sneg_tumor,0.215247858,0.407290495,2,164,643,39686,ADGRF1
16Spos_tumor / 16Sneg_tumor,0.06266276,0.327910844,3,164,1138,39686,ADGRF3
16Spos_tumor / 16Sneg_tumor,0.484030643,0.889571866,44,164,6821,39686,ADGRG1
16Spos_tumor / 16Sneg_tumor,0.573637155,1.247335864,8,164,907,39686,ADGRG5
16Spos_tumor / 16Sneg_tumor,0.461889681,0.827859345,18,164,3050,39686,ADGRG6
16Spos_tumor / 16Sneg_tumor,0.777057159,0.904319515,9,164,1682,39686,ADGRL1
16Spos_tumor / 16Sneg_tumor,0.477912316,1.145996692,37,164,3437,39686,ADGRL2
16Spos_tumor / 16Sneg_tumor,0.664684645,0.827949929,6,164,916,39686,ADGRL3
16Spos_tumor / 16Sneg_tumor,0.989253798,9.76E-08,0,164,323,39686,ADGRL4
16Spos_tumor / 16Sneg_tumor,0.269529203,0.590670302,5,164,981,39686,ADGRV1
16Spos_tumor / 16Sneg_tumor,0.586998635,0.7184127,3,164,546,39686,ADH1A
16Spos_tumor / 16Sneg_tumor,0.066296724,1.94296538,9,164,610,39686,ADH1B
16Spos_tumor / 16Sneg_tumor,0.178298433,0.561039987,6,164,1501,39686,ADH1C
16Spos_tumor / 16Sneg_tumor,0.465695064,0.480575323,1,164,282,39686,ADH4
16Spos_tumor / 16Sneg_tumor,0.183684312,1.216349598,60,164,4999,39686,ADH5
16Spos_tumor / 16Sneg_tumor,0.685338488,1.245131856,4,164,391,39686,ADH6
16Spos_tumor / 16Sneg_tumor,0.979710218,0.986712944,4,164,513,39686,ADIPOQ
16Spos_tumor / 16Sneg_tumor,0.076450757,1.477627714,24,164,2043,39686,ADIPOR1
16Spos_tumor / 16Sneg_tumor,0.219153665,1.475892281,11,164,1028,39686,ADIPOR2
16Spos_tumor / 16Sneg_tumor,0.140672966,0.798727123,57,164,8063,39686,ADIRF
16Spos_tumor / 16Sneg_tumor,0.816086386,1.070435796,15,164,1828,39686,ADM2
16Spos_tumor / 16Sneg_tumor,0.042960283,1.500369029,34,164,3146,39686,ADNP2
16Spos_tumor / 16Sneg_tumor,0.475681788,0.747034554,7,164,1209,39686,ADORA1
16Spos_tumor / 16Sneg_tumor,0.111454315,1.570057944,16,164,1214,39686,ADORA2A
16Spos_tumor / 16Sneg_tumor,0.547431695,0.786725943,7,164,1300,39686,ADORA2B
16Spos_tumor / 16Sneg_tumor,0.594033142,0.801390397,6,164,922,39686,ADPGK
16Spos_tumor / 16Sneg_tumor,0.092849198,0.182362308,1,164,708,39686,ADPRM
16Spos_tumor / 16Sneg_tumor,0.673969994,1.251733891,4,164,439,39686,ADRA1A
16Spos_tumor / 16Sneg_tumor,0.124265048,0.328975533,2,164,782,39686,ADRA1B
16Spos_tumor / 16Sneg_tumor,0.656093223,0.848515239,9,164,1334,39686,ADRA1D
16Spos_tumor / 16Sneg_tumor,0.244973768,0.495220973,3,164,807,39686,ADRA2A
16Spos_tumor / 16Sneg_tumor,0.948302823,0.983203601,19,164,2305,39686,ADRA2B
16Spos_tumor / 16Sneg_tumor,0.366807,1.506232573,6,164,438,39686,ADRA2C
16Spos_tumor / 16Sneg_tumor,0.80394746,1.076355102,16,164,2000,39686,ADRB1
16Spos_tumor / 16Sneg_tumor,0.84643823,0.926890843,8,164,1123,39686,ADRB2
16Spos_tumor / 16Sneg_tumor,0.852668211,1.106381965,4,164,379,39686,ADRB3
16Spos_tumor / 16Sneg_tumor,0.820869969,0.968273989,61,164,8288,39686,ADRM1
16Spos_tumor / 16Sneg_tumor,0.56389148,1.155807782,19,164,1940,39686,AEBP2
16Spos_tumor / 16Sneg_tumor,0.821822721,0.956538517,29,164,3625,39686,AFDN
16Spos_tumor / 16Sneg_tumor,0.034209661,0.526814221,12,164,2687,39686,AFF1
16Spos_tumor / 16Sneg_tumor,0.874845551,1.126261012,2,164,229,39686,AFP
16Spos_tumor / 16Sneg_tumor,0.05445839,1.811505585,13,164,902,39686,AGA
16Spos_tumor / 16Sneg_tumor,0.207620946,0.746546386,22,164,3362,39686,AGAP3
16Spos_tumor / 16Sneg_tumor,0.328401456,1.344987752,13,164,1222,39686,AGBL4
16Spos_tumor / 16Sneg_tumor,0.589780244,1.103665865,39,164,4819,39686,AGFG1
16Spos_tumor / 16Sneg_tumor,0.815925915,0.922037004,9,164,1137,39686,AGK
16Spos_tumor / 16Sneg_tumor,0.848971284,1.063542426,11,164,1082,39686,AGL
16Spos_tumor / 16Sneg_tumor,0.625692865,0.702906705,2,164,474,39686,AGMO
16Spos_tumor / 16Sneg_tumor,0.193295682,1.356859776,21,164,1480,39686,AGO2
16Spos_tumor / 16Sneg_tumor,0.372017141,1.256401308,19,164,1639,39686,AGO3
16Spos_tumor / 16Sneg_tumor,0.259146357,1.433603004,12,164,853,39686,AGO4
16Spos_tumor / 16Sneg_tumor,0.184593954,0.770779863,29,164,4462,39686,AGPAT1
16Spos_tumor / 16Sneg_tumor,0.72024385,0.916737168,20,164,3037,39686,AGPAT2
16Spos_tumor / 16Sneg_tumor,0.866860113,1.040108956,21,164,3266,39686,AGPAT3
16Spos_tumor / 16Sneg_tumor,0.097164348,1.684929579,12,164,974,39686,AGPAT5
16Spos_tumor / 16Sneg_tumor,0.055167801,1.739017044,14,164,1072,39686,AGPS
16Spos_tumor / 16Sneg_tumor,0.872494421,0.97912848,199,164,42693,39686,AGR2
16Spos_tumor / 16Sneg_tumor,0.086420808,1.25882172,77,164,9222,39686,AGRN
16Spos_tumor / 16Sneg_tumor,0.977890794,1.010267052,8,164,1314,39686,AGRP
16Spos_tumor / 16Sneg_tumor,0.779169409,1.061957546,40,164,4531,39686,AGT
16Spos_tumor / 16Sneg_tumor,0.494730439,0.805793638,11,164,1647,39686,AGTPBP1
16Spos_tumor / 16Sneg_tumor,0.094264808,0.361616454,3,164,992,39686,AGTR1
16Spos_tumor / 16Sneg_tumor,0.59314585,1.291472384,5,164,537,39686,AGTR2
16Spos_tumor / 16Sneg_tumor,0.451141205,0.833715032,20,164,2880,39686,AGTRAP
16Spos_tumor / 16Sneg_tumor,0.436682904,0.69923477,5,164,888,39686,AHCTF1
16Spos_tumor / 16Sneg_tumor,0.492886073,1.130534381,37,164,3391,39686,AHCYL1
16Spos_tumor / 16Sneg_tumor,0.848867104,0.915872602,5,164,659,39686,AHI1
16Spos_tumor / 16Sneg_tumor,0.32224214,1.209182817,34,164,4787,39686,AHR
16Spos_tumor / 16Sneg_tumor,0.208872137,1.647741881,8,164,580,39686,AICDA
16Spos_tumor / 16Sneg_tumor,0.565737415,0.855514543,15,164,1573,39686,AIFM1
16Spos_tumor / 16Sneg_tumor,0.822662628,1.053174902,21,164,2533,39686,AIFM2
16Spos_tumor / 16Sneg_tumor,0.67761218,0.904871146,20,164,2770,39686,AIG1
16Spos_tumor / 16Sneg_tumor,0.289183035,0.764763076,17,164,3066,39686,AIP
16Spos_tumor / 16Sneg_tumor,0.381344912,0.802625302,18,164,3182,39686,AKAP1
16Spos_tumor / 16Sneg_tumor,0.480863499,1.236521839,13,164,1394,39686,AKAP10
16Spos_tumor / 16Sneg_tumor,0.142651001,1.606421725,14,164,1044,39686,AKAP12
16Spos_tumor / 16Sneg_tumor,0.04618218,1.538066616,25,164,1981,39686,AKAP13
16Spos_tumor / 16Sneg_tumor,0.791376102,1.085467332,12,164,1199,39686,AKAP9
16Spos_tumor / 16Sneg_tumor,0.255798851,0.703495235,11,164,1653,39686,AKIRIN1
16Spos_tumor / 16Sneg_tumor,0.282341337,1.245423807,27,164,2555,39686,AKR1A1
16Spos_tumor / 16Sneg_tumor,0.824122404,0.940533411,15,164,1981,39686,AKR1B1
16Spos_tumor / 16Sneg_tumor,0.480446738,1.245750802,13,164,1305,39686,AKR1C1
16Spos_tumor / 16Sneg_tumor,0.037182098,0.292993015,3,164,1208,39686,AKR1C4
16Spos_tumor / 16Sneg_tumor,0.892519517,1.014852222,118,164,13265,39686,AKT1
16Spos_tumor / 16Sneg_tumor,0.022026839,1.517583299,34,164,3056,39686,AKT1S1
16Spos_tumor / 16Sneg_tumor,0.792894772,1.031907268,102,164,8214,39686,AKT2
16Spos_tumor / 16Sneg_tumor,0.447719026,1.198210858,22,164,2143,39686,ALAD
16Spos_tumor / 16Sneg_tumor,0.284392393,1.244761834,29,164,2467,39686,ALCAM
16Spos_tumor / 16Sneg_tumor,0.420805765,0.772251557,11,164,2482,39686,ALDH1A1
16Spos_tumor / 16Sneg_tumor,0.715556751,0.862866527,7,164,1191,39686,ALDH1A3
16Spos_tumor / 16Sneg_tumor,0.532462547,0.638489662,2,164,485,39686,ALDH1L1
16Spos_tumor / 16Sneg_tumor,0.308326321,0.801141954,24,164,4265,39686,ALDH2
16Spos_tumor / 16Sneg_tumor,0.372541614,1.418783999,8,164,776,39686,ALDH3A1
16Spos_tumor / 16Sneg_tumor,0.476953537,0.809156114,13,164,2184,39686,ALDH3A2
16Spos_tumor / 16Sneg_tumor,0.916129963,1.027230358,17,164,2270,39686,ALDH3B1
16Spos_tumor / 16Sneg_tumor,0.356249937,0.791144967,19,164,2567,39686,ALDH7A1
16Spos_tumor / 16Sneg_tumor,0.932984879,1.02201461,18,164,2088,39686,ALDH9A1
16Spos_tumor / 16Sneg_tumor,0.180428277,0.906201108,368,164,51302,39686,ALDOA
16Spos_tumor / 16Sneg_tumor,0.324378923,1.67832998,4,164,378,39686,ALDOB
16Spos_tumor / 16Sneg_tumor,0.413463844,1.319627151,10,164,946,39686,ALDOC
16Spos_tumor / 16Sneg_tumor,0.056796342,0.416143952,5,164,1573,39686,ALG13
16Spos_tumor / 16Sneg_tumor,0.990464928,0.994775476,6,164,678,39686,ALK
16Spos_tumor / 16Sneg_tumor,0.552538067,0.72571461,4,164,719,39686,ALKAL2
16Spos_tumor / 16Sneg_tumor,0.082966149,0.644199879,18,164,3484,39686,ALKBH2
16Spos_tumor / 16Sneg_tumor,0.612901657,1.178930759,11,164,1032,39686,ALKBH3
16Spos_tumor / 16Sneg_tumor,0.480113156,1.220089795,15,164,1605,39686,ALKBH5
16Spos_tumor / 16Sneg_tumor,0.278636838,1.547628897,7,164,557,39686,ALMS1
16Spos_tumor / 16Sneg_tumor,0.560980886,0.655702434,2,164,380,39686,ALOX12
16Spos_tumor / 16Sneg_tumor,0.252270222,1.233128239,42,164,4135,39686,ALOX15B
16Spos_tumor / 16Sneg_tumor,0.942195716,1.032739067,6,164,709,39686,ALPK1
16Spos_tumor / 16Sneg_tumor,0.737070285,0.81775091,3,164,521,39686,AMBP
16Spos_tumor / 16Sneg_tumor,0.085042458,1.437307324,30,164,2154,39686,AMBRA1
16Spos_tumor / 16Sneg_tumor,0.518468813,0.706546083,4,164,703,39686,AMELX
16Spos_tumor / 16Sneg_tumor,0.01314806,2.06063447,15,164,834,39686,AMER1
16Spos_tumor / 16Sneg_tumor,0.897535768,1.025442288,30,164,3847,39686,AMFR
16Spos_tumor / 16Sneg_tumor,0.858023888,0.945676407,12,164,1794,39686,AMH
16Spos_tumor / 16Sneg_tumor,0.128927836,1.552331516,15,164,1269,39686,AMHR2
16Spos_tumor / 16Sneg_tumor,0.422911634,0.691499582,5,164,736,39686,AMOT
16Spos_tumor / 16Sneg_tumor,0.062533758,1.859959122,10,164,678,39686,AMOTL2
16Spos_tumor / 16Sneg_tumor,0.445940868,1.378706114,7,164,605,39686,AMPH
16Spos_tumor / 16Sneg_tumor,0.390908913,0.760782754,11,164,1768,39686,ANAPC1
16Spos_tumor / 16Sneg_tumor,0.451616779,1.314602308,9,164,866,39686,ANAPC10
16Spos_tumor / 16Sneg_tumor,0.68799201,0.933773674,41,164,6397,39686,ANAPC11
16Spos_tumor / 16Sneg_tumor,0.534171961,1.143481819,27,164,2879,39686,ANAPC13
16Spos_tumor / 16Sneg_tumor,0.944734668,0.980617468,14,164,2055,39686,ANAPC15
16Spos_tumor / 16Sneg_tumor,0.343098136,1.612857955,4,164,376,39686,ANAPC16
16Spos_tumor / 16Sneg_tumor,0.965344754,1.010253698,21,164,2313,39686,ANAPC2
16Spos_tumor / 16Sneg_tumor,0.031475427,1.725464337,21,164,1581,39686,ANAPC4
16Spos_tumor / 16Sneg_tumor,0.072566624,1.40531536,32,164,2581,39686,ANAPC5
16Spos_tumor / 16Sneg_tumor,0.234010776,1.298050651,25,164,2249,39686,ANAPC7
16Spos_tumor / 16Sneg_tumor,0.364535951,1.309319886,14,164,1622,39686,ANG
16Spos_tumor / 16Sneg_tumor,0.666338035,1.150500077,11,164,1079,39686,ANGEL2
16Spos_tumor / 16Sneg_tumor,0.985804377,2.70E-07,0,164,234,39686,ANGPT1
16Spos_tumor / 16Sneg_tumor,0.158659471,0.355917822,2,164,742,39686,ANGPTL1
16Spos_tumor / 16Sneg_tumor,0.581514658,1.299515726,6,164,633,39686,ANGPTL3
16Spos_tumor / 16Sneg_tumor,0.435924336,0.76113185,10,164,1502,39686,ANK1
16Spos_tumor / 16Sneg_tumor,0.83151235,1.040540143,36,164,3206,39686,ANKLE2
16Spos_tumor / 16Sneg_tumor,0.688722362,1.220847549,5,164,552,39686,ANKRD1
16Spos_tumor / 16Sneg_tumor,0.322948532,1.314664383,16,164,1733,39686,ANKRD22
16Spos_tumor / 16Sneg_tumor,0.119316111,1.413529118,27,164,2225,39686,ANKRD28
16Spos_tumor / 16Sneg_tumor,0.704971551,0.797012548,3,164,534,39686,ANKRD30B
16Spos_tumor / 16Sneg_tumor,0.874854912,0.954543439,15,164,1278,39686,ANKRD6
16Spos_tumor / 16Sneg_tumor,0.515868211,1.220887895,14,164,1391,39686,ANLN
16Spos_tumor / 16Sneg_tumor,0.803741177,0.883260194,5,164,645,39686,ANO4
16Spos_tumor / 16Sneg_tumor,0.524761105,1.195460156,15,164,1419,39686,ANO6
16Spos_tumor / 16Sneg_tumor,0.347340093,0.833906806,34,164,4256,39686,ANP32B
16Spos_tumor / 16Sneg_tumor,0.20402045,0.61758879,8,164,1500,39686,ANPEP
16Spos_tumor / 16Sneg_tumor,0.90490697,0.959390559,9,164,1671,39686,ANTXR2
16Spos_tumor / 16Sneg_tumor,0.178769745,0.75740343,33,164,4986,39686,ANXA1
16Spos_tumor / 16Sneg_tumor,0.280098702,0.868236768,74,164,11329,39686,ANXA2
16Spos_tumor / 16Sneg_tumor,0.109857884,0.741093036,36,164,8573,39686,ANXA4
16Spos_tumor / 16Sneg_tumor,0.399317573,0.864259565,39,164,5745,39686,ANXA5
16Spos_tumor / 16Sneg_tumor,0.514754182,0.840702321,15,164,2094,39686,AP1G1
16Spos_tumor / 16Sneg_tumor,0.871970194,1.02592583,60,164,7392,39686,AP1G2
16Spos_tumor / 16Sneg_tumor,0.695272156,0.882769439,11,164,1721,39686,AP1M1
16Spos_tumor / 16Sneg_tumor,0.363468158,1.172256458,40,164,4922,39686,AP1S1
16Spos_tumor / 16Sneg_tumor,0.479310401,0.603518972,2,164,486,39686,AP1S3
16Spos_tumor / 16Sneg_tumor,0.083638074,0.703672916,28,164,5010,39686,AP2A1
16Spos_tumor / 16Sneg_tumor,0.144898601,1.223753104,69,164,7463,39686,AP2B1
16Spos_tumor / 16Sneg_tumor,0.266574842,1.171891668,55,164,6037,39686,AP2M1
16Spos_tumor / 16Sneg_tumor,0.014379711,0.692153284,50,164,10125,39686,AP2S1
16Spos_tumor / 16Sneg_tumor,0.373993773,1.452728499,7,164,586,39686,AP3B2
16Spos_tumor / 16Sneg_tumor,0.510397871,0.885769376,33,164,4939,39686,AP3D1
16Spos_tumor / 16Sneg_tumor,0.300693333,1.280906169,21,164,2029,39686,AP3M1
16Spos_tumor / 16Sneg_tumor,0.395904967,1.16731616,43,164,3589,39686,AP3M2
16Spos_tumor / 16Sneg_tumor,0.042049625,0.501909806,10,164,2387,39686,AP3S1
16Spos_tumor / 16Sneg_tumor,0.053459658,1.534888298,26,164,2230,39686,AP3S2
16Spos_tumor / 16Sneg_tumor,0.438046365,0.788912729,13,164,2010,39686,AP4B1
16Spos_tumor / 16Sneg_tumor,0.163668637,0.36718472,2,164,612,39686,AP4E1
16Spos_tumor / 16Sneg_tumor,0.258852508,1.337627811,20,164,1734,39686,AP4S1
16Spos_tumor / 16Sneg_tumor,0.289753176,0.579473161,4,164,831,39686,APAF1
16Spos_tumor / 16Sneg_tumor,0.102683885,0.190341521,1,164,664,39686,APBA1
16Spos_tumor / 16Sneg_tumor,0.692317898,1.12382353,14,164,1529,39686,APBB2
16Spos_tumor / 16Sneg_tumor,0.328620278,1.433574996,9,164,734,39686,APC
16Spos_tumor / 16Sneg_tumor,0.565157626,1.213626991,11,164,1180,39686,APCDD1
16Spos_tumor / 16Sneg_tumor,0.019832387,1.654409113,26,164,1991,39686,APEH
16Spos_tumor / 16Sneg_tumor,0.275888467,0.325777474,1,164,391,39686,APELA
16Spos_tumor / 16Sneg_tumor,0.32829739,1.246040211,23,164,2278,39686,APEX1
16Spos_tumor / 16Sneg_tumor,0.09035062,0.718705858,29,164,5136,39686,APH1A
16Spos_tumor / 16Sneg_tumor,0.087668483,0.506857561,7,164,1735,39686,APH1B
16Spos_tumor / 16Sneg_tumor,0.011384338,1.704086392,28,164,1741,39686,API5
16Spos_tumor / 16Sneg_tumor,0.73486705,1.064036653,41,164,4981,39686,APIP
16Spos_tumor / 16Sneg_tumor,0.824121586,1.085359695,9,164,1097,39686,APLN
16Spos_tumor / 16Sneg_tumor,0.056266211,0.462886325,7,164,1585,39686,APLP1
16Spos_tumor / 16Sneg_tumor,0.231507729,0.836868115,58,164,11248,39686,APLP2
16Spos_tumor / 16Sneg_tumor,0.053805188,0.577355039,16,164,2018,39686,APOA1
16Spos_tumor / 16Sneg_tumor,0.209304192,0.281436346,1,164,477,39686,APOA2
16Spos_tumor / 16Sneg_tumor,0.50667767,0.513816372,1,164,263,39686,APOA4
16Spos_tumor / 16Sneg_tumor,0.727157991,0.867573789,7,164,1023,39686,APOC3
16Spos_tumor / 16Sneg_tumor,0.628989415,0.921096331,75,164,7799,39686,APOL1
16Spos_tumor / 16Sneg_tumor,0.588865546,1.17023468,14,164,1384,39686,APOL6
16Spos_tumor / 16Sneg_tumor,0.052731468,1.943295254,11,164,664,39686,APOM
16Spos_tumor / 16Sneg_tumor,0.774818679,0.909765426,11,164,1400,39686,APOO
16Spos_tumor / 16Sneg_tumor,0.918223063,1.048275134,5,164,579,39686,APOOL
16Spos_tumor / 16Sneg_tumor,0.914643279,1.011527565,142,164,17104,39686,APP
16Spos_tumor / 16Sneg_tumor,0.71159744,0.880704827,9,164,1162,39686,APPL1
16Spos_tumor / 16Sneg_tumor,0.461926434,1.182704906,21,164,3006,39686,APRT
16Spos_tumor / 16Sneg_tumor,0.798412856,0.91967023,11,164,1326,39686,APTX
16Spos_tumor / 16Sneg_tumor,0.230607387,0.712930962,16,164,3411,39686,AQP3
16Spos_tumor / 16Sneg_tumor,0.845433963,0.932591453,10,164,945,39686,AQP4
16Spos_tumor / 16Sneg_tumor,0.194532637,1.501874896,12,164,1023,39686,AQP7
16Spos_tumor / 16Sneg_tumor,0.669794737,0.797145999,4,164,635,39686,AQP9
16Spos_tumor / 16Sneg_tumor,0.809746412,1.071754513,14,164,1692,39686,AQR
16Spos_tumor / 16Sneg_tumor,0.011376309,1.732178565,30,164,1233,39686,AR
16Spos_tumor / 16Sneg_tumor,0.157968075,0.629658873,10,164,1936,39686,ARAF
16Spos_tumor / 16Sneg_tumor,0.615212837,0.861028751,14,164,1970,39686,ARAP2
16Spos_tumor / 16Sneg_tumor,0.418541163,1.326902487,9,164,822,39686,ARC
16Spos_tumor / 16Sneg_tumor,0.225799737,1.374126634,22,164,1923,39686,AREG
16Spos_tumor / 16Sneg_tumor,0.981476561,1.006565026,14,164,1657,39686,AREL1
16Spos_tumor / 16Sneg_tumor,0.307457379,0.88871671,93,164,14175,39686,ARF1
16Spos_tumor / 16Sneg_tumor,0.899573466,0.985405885,92,164,12275,39686,ARF3
16Spos_tumor / 16Sneg_tumor,0.05729428,0.674291022,28,164,4801,39686,ARF4
16Spos_tumor / 16Sneg_tumor,0.663186586,0.896981245,18,164,2483,39686,ARF5
16Spos_tumor / 16Sneg_tumor,0.805374525,1.032343301,85,164,10790,39686,ARF6
16Spos_tumor / 16Sneg_tumor,0.504861659,1.11495722,50,164,5873,39686,ARFGAP1
16Spos_tumor / 16Sneg_tumor,0.445531573,0.828169102,18,164,2913,39686,ARFGAP3
16Spos_tumor / 16Sneg_tumor,0.218033558,1.255484106,37,164,3120,39686,ARFGEF1
16Spos_tumor / 16Sneg_tumor,0.413572179,1.18127937,31,164,3408,39686,ARFGEF3
16Spos_tumor / 16Sneg_tumor,0.793312451,0.885970548,5,164,733,39686,ARG1
16Spos_tumor / 16Sneg_tumor,0.013308291,2.085639559,16,164,1104,39686,ARG2
16Spos_tumor / 16Sneg_tumor,0.68745213,0.895802448,15,164,2099,39686,ARHGAP12
16Spos_tumor / 16Sneg_tumor,0.357169288,1.591007202,4,164,319,39686,ARHGAP15
16Spos_tumor / 16Sneg_tumor,0.977275232,1.015118258,4,164,503,39686,ARHGAP22
16Spos_tumor / 16Sneg_tumor,0.439224173,0.719583959,6,164,990,39686,ARHGAP42
16Spos_tumor / 16Sneg_tumor,0.790598897,1.124203214,6,164,893,39686,ARHGAP45
16Spos_tumor / 16Sneg_tumor,0.007280481,1.567447229,51,164,3831,39686,ARHGAP5
16Spos_tumor / 16Sneg_tumor,0.464841596,0.805495565,13,164,2004,39686,ARHGEF12
16Spos_tumor / 16Sneg_tumor,0.648615629,0.911981802,29,164,4474,39686,ARHGEF18
16Spos_tumor / 16Sneg_tumor,0.5797427,1.334796194,4,164,388,39686,ARHGEF9
16Spos_tumor / 16Sneg_tumor,0.223202818,0.683761376,11,164,1638,39686,ARID1A
16Spos_tumor / 16Sneg_tumor,0.608201766,1.113740853,27,164,2870,39686,ARID1B
16Spos_tumor / 16Sneg_tumor,0.798680348,0.933294354,15,164,1805,39686,ARID2
16Spos_tumor / 16Sneg_tumor,0.569710383,0.766252176,5,164,806,39686,ARID4A
16Spos_tumor / 16Sneg_tumor,0.879441405,0.955835859,13,164,1402,39686,ARID4B
16Spos_tumor / 16Sneg_tumor,0.292580381,0.655800216,7,164,1100,39686,ARID5B
16Spos_tumor / 16Sneg_tumor,0.974769001,0.990351148,12,164,1328,39686,ARIH1
16Spos_tumor / 16Sneg_tumor,0.523253353,0.817359267,11,164,1445,39686,ARIH2
16Spos_tumor / 16Sneg_tumor,0.641246948,1.158792958,12,164,1157,39686,ARL13B
16Spos_tumor / 16Sneg_tumor,0.368976669,1.298962985,13,164,1164,39686,ARL5B
16Spos_tumor / 16Sneg_tumor,0.136032041,1.305311646,37,164,4289,39686,ARL6IP5
16Spos_tumor / 16Sneg_tumor,0.248915359,1.375919732,14,164,1194,39686,ARMC8
16Spos_tumor / 16Sneg_tumor,0.981005283,0.9917351,10,164,1132,39686,ARMH1
16Spos_tumor / 16Sneg_tumor,0.45041881,1.218049938,17,164,1588,39686,ARNT
16Spos_tumor / 16Sneg_tumor,0.067520607,1.53044399,25,164,1635,39686,ARNT2
16Spos_tumor / 16Sneg_tumor,0.750716627,1.055907765,39,164,5158,39686,ARPC1A
16Spos_tumor / 16Sneg_tumor,0.026948009,0.481712631,10,164,3513,39686,ARPC1B
16Spos_tumor / 16Sneg_tumor,0.932046452,1.010882139,78,164,10625,39686,ARPC4
16Spos_tumor / 16Sneg_tumor,0.035552086,0.579687664,16,164,3351,39686,ARPC5
16Spos_tumor / 16Sneg_tumor,0.602151565,1.086545142,49,164,6901,39686,ARPC5L
16Spos_tumor / 16Sneg_tumor,0.983127434,0.993520576,12,164,1409,39686,ARPP19
16Spos_tumor / 16Sneg_tumor,0.677578168,1.15390202,11,164,1194,39686,ARPP21
16Spos_tumor / 16Sneg_tumor,0.941701804,0.974770268,9,164,1545,39686,ARRB1
16Spos_tumor / 16Sneg_tumor,0.857193915,1.063585067,10,164,1246,39686,ARRDC4
16Spos_tumor / 16Sneg_tumor,0.270980357,0.631563865,6,164,1417,39686,ARSA
16Spos_tumor / 16Sneg_tumor,0.486389317,1.147582685,37,164,2858,39686,ARSG
16Spos_tumor / 16Sneg_tumor,0.985355184,0.993177338,8,164,927,39686,ARTN
16Spos_tumor / 16Sneg_tumor,0.369035415,1.173690469,43,164,4752,39686,ARX
16Spos_tumor / 16Sneg_tumor,0.01560613,0.499971735,14,164,2630,39686,ASAP1
16Spos_tumor / 16Sneg_tumor,0.940239021,0.975308943,10,164,1569,39686,ASAP2
16Spos_tumor / 16Sneg_tumor,0.388115813,0.709943892,7,164,1409,39686,ASB3
16Spos_tumor / 16Sneg_tumor,0.057115063,1.718738774,15,164,1192,39686,ASB6
16Spos_tumor / 16Sneg_tumor,0.651575606,0.809967339,5,164,811,39686,ASB7
16Spos_tumor / 16Sneg_tumor,0.237079345,1.419247107,14,164,1313,39686,ASB8
16Spos_tumor / 16Sneg_tumor,0.712755105,0.881670773,10,164,1386,39686,ASF1A
16Spos_tumor / 16Sneg_tumor,0.715507675,0.924575119,25,164,3145,39686,ASH1L
16Spos_tumor / 16Sneg_tumor,0.924725142,0.967300826,9,164,945,39686,ASH2L
16Spos_tumor / 16Sneg_tumor,0.997725975,1.001157608,7,164,905,39686,ASIC2
16Spos_tumor / 16Sneg_tumor,0.576882123,0.709044926,3,164,563,39686,ASIP
16Spos_tumor / 16Sneg_tumor,0.177128603,1.331265004,25,164,2500,39686,ASL
16Spos_tumor / 16Sneg_tumor,0.287025368,0.671913376,8,164,1186,39686,ASNS
16Spos_tumor / 16Sneg_tumor,0.952964712,0.974648012,6,164,732,39686,ASPG
16Spos_tumor / 16Sneg_tumor,0.135699756,1.291760068,43,164,4584,39686,ASPSCR1
16Spos_tumor / 16Sneg_tumor,0.681713769,0.91509372,25,164,2583,39686,ASS1
16Spos_tumor / 16Sneg_tumor,0.257827735,0.317741891,1,164,403,39686,ASTN2
16Spos_tumor / 16Sneg_tumor,0.169762949,1.66401326,8,164,598,39686,ASXL1
16Spos_tumor / 16Sneg_tumor,0.875954884,0.923515826,4,164,556,39686,ATF1
16Spos_tumor / 16Sneg_tumor,0.294869094,0.699776312,9,164,1425,39686,ATF2
16Spos_tumor / 16Sneg_tumor,0.607828793,1.239812444,8,164,785,39686,ATF3
16Spos_tumor / 16Sneg_tumor,0.649668108,0.919699315,35,164,4857,39686,ATF4
16Spos_tumor / 16Sneg_tumor,0.256054728,1.324687517,20,164,1813,39686,ATF6
16Spos_tumor / 16Sneg_tumor,0.214871148,1.19857668,61,164,5258,39686,ATF6B
16Spos_tumor / 16Sneg_tumor,0.492479852,1.240355944,12,164,1378,39686,ATF7
16Spos_tumor / 16Sneg_tumor,0.988833822,0.997553368,42,164,4482,39686,ATF7IP
16Spos_tumor / 16Sneg_tumor,0.525978811,1.264460051,8,164,809,39686,ATG10
16Spos_tumor / 16Sneg_tumor,0.457562549,0.710969179,5,164,790,39686,ATG12
16Spos_tumor / 16Sneg_tumor,0.646913165,0.901280552,23,164,2722,39686,ATG13
16Spos_tumor / 16Sneg_tumor,0.437522322,1.364194882,7,164,634,39686,ATG14
16Spos_tumor / 16Sneg_tumor,0.382850612,1.33044743,10,164,944,39686,ATG16L1
16Spos_tumor / 16Sneg_tumor,0.45642563,1.294332493,10,164,1193,39686,ATG16L2
16Spos_tumor / 16Sneg_tumor,0.520484601,0.747948568,5,164,1034,39686,ATG2A
16Spos_tumor / 16Sneg_tumor,0.299565816,0.700170531,10,164,1704,39686,ATG2B
16Spos_tumor / 16Sneg_tumor,0.733616992,1.108738785,12,164,1233,39686,ATG3
16Spos_tumor / 16Sneg_tumor,0.969744663,1.012477471,11,164,1317,39686,ATG4A
16Spos_tumor / 16Sneg_tumor,0.05407218,1.381436174,52,164,5454,39686,ATG4B
16Spos_tumor / 16Sneg_tumor,0.454971176,0.641411318,3,164,573,39686,ATG4C
16Spos_tumor / 16Sneg_tumor,0.002024154,1.97434898,28,164,1843,39686,ATG4D
16Spos_tumor / 16Sneg_tumor,0.182494638,1.366392434,21,164,2011,39686,ATG5
16Spos_tumor / 16Sneg_tumor,0.406720276,0.79526098,15,164,2219,39686,ATG7
16Spos_tumor / 16Sneg_tumor,0.262278257,1.485928484,10,164,738,39686,ATM
16Spos_tumor / 16Sneg_tumor,0.782884566,0.881912757,5,164,831,39686,ATOX1
16Spos_tumor / 16Sneg_tumor,0.123351221,1.416148566,24,164,2007,39686,ATP11B
16Spos_tumor / 16Sneg_tumor,0.27294585,0.645778716,7,164,1356,39686,ATP11C
16Spos_tumor / 16Sneg_tumor,0.072876533,0.792235866,92,164,12525,39686,ATP1A1
16Spos_tumor / 16Sneg_tumor,0.152879099,0.2324636,1,164,525,39686,ATP1A3
16Spos_tumor / 16Sneg_tumor,0.624407228,0.820622585,7,164,1124,39686,ATP1A4
16Spos_tumor / 16Sneg_tumor,0.497129096,1.077498267,285,164,43029,39686,ATP1B1
16Spos_tumor / 16Sneg_tumor,0.551512149,0.911663006,53,164,6338,39686,ATP1B3
16Spos_tumor / 16Sneg_tumor,0.965910928,1.005466011,76,164,8452,39686,ATP2A2
16Spos_tumor / 16Sneg_tumor,0.47599404,0.843506132,21,164,3889,39686,ATP2A3
16Spos_tumor / 16Sneg_tumor,0.586420686,0.865721871,16,164,1915,39686,ATP2B1
16Spos_tumor / 16Sneg_tumor,0.74699558,1.109935191,12,164,1017,39686,ATP2B2
16Spos_tumor / 16Sneg_tumor,0.236823841,0.714633865,15,164,1767,39686,ATP2B4
16Spos_tumor / 16Sneg_tumor,0.107043981,1.277096064,53,164,6354,39686,ATP5F1B
16Spos_tumor / 16Sneg_tumor,0.173712803,0.732776693,21,164,3246,39686,ATP5F1C
16Spos_tumor / 16Sneg_tumor,0.632647958,1.064685773,72,164,11182,39686,ATP5F1D
16Spos_tumor / 16Sneg_tumor,0.815083518,1.088298974,9,164,1001,39686,ATP5F1E
16Spos_tumor / 16Sneg_tumor,0.357534006,0.892188512,96,164,11875,39686,ATP5IF1
16Spos_tumor / 16Sneg_tumor,0.168317967,0.851860878,101,164,17022,39686,ATP5ME
16Spos_tumor / 16Sneg_tumor,0.046538077,1.549883375,26,164,2024,39686,ATP5MJ
16Spos_tumor / 16Sneg_tumor,0.088560574,0.724835094,32,164,6387,39686,ATP6AP1
16Spos_tumor / 16Sneg_tumor,0.95527774,0.985174653,17,164,2304,39686,ATP6V0A1
16Spos_tumor / 16Sneg_tumor,0.651417952,0.826430052,6,164,860,39686,ATP6V0A2
16Spos_tumor / 16Sneg_tumor,0.811151753,0.957252718,38,164,4605,39686,ATP6V0B
16Spos_tumor / 16Sneg_tumor,0.013340538,0.690486556,53,164,9930,39686,ATP6V0C
16Spos_tumor / 16Sneg_tumor,0.374182823,1.174774884,36,164,4112,39686,ATP6V0D1
16Spos_tumor / 16Sneg_tumor,0.903866423,1.0319203,18,164,2041,39686,ATP6V0E2
16Spos_tumor / 16Sneg_tumor,0.0404467,0.127309831,1,164,1050,39686,ATP6V1A
16Spos_tumor / 16Sneg_tumor,0.128377066,1.422228179,22,164,1959,39686,ATP6V1C1
16Spos_tumor / 16Sneg_tumor,0.833972454,0.90903162,5,164,676,39686,ATP6V1D
16Spos_tumor / 16Sneg_tumor,0.774978933,1.06180396,27,164,3072,39686,ATP6V1E1
16Spos_tumor / 16Sneg_tumor,0.678201098,0.886799651,13,164,1956,39686,ATP6V1F
16Spos_tumor / 16Sneg_tumor,0.70807101,1.072257588,36,164,3326,39686,ATP6V1H
16Spos_tumor / 16Sneg_tumor,0.186481479,0.50858479,4,164,910,39686,ATP7A
16Spos_tumor / 16Sneg_tumor,0.485653137,0.717023167,5,164,840,39686,ATP8A1
16Spos_tumor / 16Sneg_tumor,0.561999217,1.129366996,28,164,3120,39686,ATP9A
16Spos_tumor / 16Sneg_tumor,0.088132652,1.469784097,25,164,1882,39686,ATR
16Spos_tumor / 16Sneg_tumor,0.897026513,1.048003631,9,164,1085,39686,ATRIP
16Spos_tumor / 16Sneg_tumor,0.257030936,0.746093891,17,164,3104,39686,ATRN
16Spos_tumor / 16Sneg_tumor,0.383465892,0.688573707,6,164,896,39686,ATRX
16Spos_tumor / 16Sneg_tumor,0.516259644,0.795071829,9,164,1327,39686,ATXN1
16Spos_tumor / 16Sneg_tumor,0.453134863,1.237680695,15,164,1435,39686,ATXN1L
16Spos_tumor / 16Sneg_tumor,0.026087313,1.468597615,45,164,3097,39686,ATXN2
16Spos_tumor / 16Sneg_tumor,0.036593801,0.340377008,4,164,1428,39686,ATXN3
16Spos_tumor / 16Sneg_tumor,0.765242407,0.909841309,11,164,1314,39686,ATXN7
16Spos_tumor / 16Sneg_tumor,0.308423639,1.264587243,26,164,2904,39686,AURKA
16Spos_tumor / 16Sneg_tumor,0.493248139,1.226640966,17,164,1664,39686,AURKB
16Spos_tumor / 16Sneg_tumor,0.576043472,1.192832798,12,164,599,39686,AUTS2
16Spos_tumor / 16Sneg_tumor,0.107681027,1.507604794,21,164,1641,39686,AVEN
16Spos_tumor / 16Sneg_tumor,0.557534985,0.70245471,3,164,524,39686,AVP
16Spos_tumor / 16Sneg_tumor,0.961411867,1.021566505,6,164,772,39686,AVPR1A
16Spos_tumor / 16Sneg_tumor,0.706000932,1.171691311,7,164,672,39686,AVPR1B
16Spos_tumor / 16Sneg_tumor,0.887661156,0.924373101,4,164,486,39686,AVPR2
16Spos_tumor / 16Sneg_tumor,0.457508662,1.184095221,23,164,2566,39686,AXIN1
16Spos_tumor / 16Sneg_tumor,0.539066039,1.189231601,17,164,1471,39686,AXIN2
16Spos_tumor / 16Sneg_tumor,0.552149224,1.187253982,18,164,1838,39686,AZGP1
16Spos_tumor / 16Sneg_tumor,0.02738661,1.75344508,18,164,1253,39686,AZI2
16Spos_tumor / 16Sneg_tumor,0.875903713,0.961497818,19,164,2444,39686,B3GALNT1
16Spos_tumor / 16Sneg_tumor,0.553908416,0.823925428,11,164,1717,39686,B3GNT5
16Spos_tumor / 16Sneg_tumor,0.484536826,1.134585173,55,164,5919,39686,B3GNT7
16Spos_tumor / 16Sneg_tumor,0.062644074,0.70943387,44,164,5711,39686,B4GALT1
16Spos_tumor / 16Sneg_tumor,0.202691027,0.470844217,3,164,864,39686,B4GALT6
16Spos_tumor / 16Sneg_tumor,0.864034404,1.032527064,38,164,5092,39686,B9D2
16Spos_tumor / 16Sneg_tumor,0.928087932,1.017879315,31,164,4117,39686,BABAM1
16Spos_tumor / 16Sneg_tumor,0.889294882,1.033803651,22,164,2432,39686,BABAM2
16Spos_tumor / 16Sneg_tumor,0.696386161,0.847002886,6,164,764,39686,BACE1
16Spos_tumor / 16Sneg_tumor,0.578203777,0.88253492,23,164,5444,39686,BACE2
16Spos_tumor / 16Sneg_tumor,0.349953031,0.629730845,5,164,857,39686,BACH2
16Spos_tumor / 16Sneg_tumor,0.834714911,0.961093482,33,164,5166,39686,BAD
16Spos_tumor / 16Sneg_tumor,0.578572191,0.876767505,21,164,3454,39686,BAG1
16Spos_tumor / 16Sneg_tumor,0.409471758,0.779562299,13,164,2178,39686,BAG3
16Spos_tumor / 16Sneg_tumor,0.708629593,0.888931965,11,164,1497,39686,BAG5
16Spos_tumor / 16Sneg_tumor,0.352296177,0.854320517,42,164,5233,39686,BAG6
16Spos_tumor / 16Sneg_tumor,0.82516693,0.923441598,9,164,1174,39686,BAGE
16Spos_tumor / 16Sneg_tumor,0.355525073,1.418233492,8,164,819,39686,BAIAP3
16Spos_tumor / 16Sneg_tumor,0.114908134,1.363336315,30,164,2920,39686,BAK1
16Spos_tumor / 16Sneg_tumor,0.267058623,0.686276822,11,164,1948,39686,BAMBI
16Spos_tumor / 16Sneg_tumor,0.03152977,0.684987582,41,164,7684,39686,BANF1
16Spos_tumor / 16Sneg_tumor,0.90302989,0.940978163,5,164,639,39686,BANK1
16Spos_tumor / 16Sneg_tumor,0.087972357,1.543165931,18,164,1500,39686,BAP1
16Spos_tumor / 16Sneg_tumor,0.036002183,1.626525663,23,164,1693,39686,BARD1
16Spos_tumor / 16Sneg_tumor,0.632537948,0.867223352,12,164,1978,39686,BASP1
16Spos_tumor / 16Sneg_tumor,0.202255229,0.463660186,3,164,991,39686,BATF
16Spos_tumor / 16Sneg_tumor,0.289338031,0.341028626,1,164,393,39686,BATF3
16Spos_tumor / 16Sneg_tumor,0.322984065,1.180362869,44,164,5065,39686,BAX
16Spos_tumor / 16Sneg_tumor,0.977082681,0.985316785,4,164,661,39686,BBC3
16Spos_tumor / 16Sneg_tumor,0.923859813,0.983543325,44,164,6570,39686,BBLN
16Spos_tumor / 16Sneg_tumor,0.548068405,1.186464658,14,164,1502,39686,BBS1
16Spos_tumor / 16Sneg_tumor,0.996304791,0.998400186,10,164,1250,39686,BBS9
16Spos_tumor / 16Sneg_tumor,0.369673322,0.865825715,55,164,4337,39686,BCAM
16Spos_tumor / 16Sneg_tumor,0.110736143,1.684000678,13,164,967,39686,BCAN
16Spos_tumor / 16Sneg_tumor,0.294408431,0.879595168,82,164,15005,39686,BCAP31
16Spos_tumor / 16Sneg_tumor,0.369202858,0.872936951,54,164,9111,39686,BCAR1
16Spos_tumor / 16Sneg_tumor,0.584574495,1.172592382,14,164,1251,39686,BCAR3
16Spos_tumor / 16Sneg_tumor,0.147171718,1.513565713,16,164,1638,39686,BCAS1
16Spos_tumor / 16Sneg_tumor,0.460664627,0.833306796,19,164,2791,39686,BCAS2
16Spos_tumor / 16Sneg_tumor,0.347527154,0.838540258,53,164,3288,39686,BCAT1
16Spos_tumor / 16Sneg_tumor,0.048097627,1.773274049,14,164,1117,39686,BCCIP
16Spos_tumor / 16Sneg_tumor,0.101510492,1.694689634,12,164,902,39686,BCHE
16Spos_tumor / 16Sneg_tumor,0.579951176,0.878823352,22,164,3146,39686,BCKDK
16Spos_tumor / 16Sneg_tumor,0.438944568,1.296120725,10,164,976,39686,BCL10
16Spos_tumor / 16Sneg_tumor,0.095416231,0.365291572,3,164,1105,39686,BCL11A
16Spos_tumor / 16Sneg_tumor,0.546354365,0.771242205,6,164,983,39686,BCL11B
16Spos_tumor / 16Sneg_tumor,0.163508769,1.225164115,68,164,6285,39686,BCL2L1
16Spos_tumor / 16Sneg_tumor,0.249517383,1.248404927,37,164,3528,39686,BCL2L11
16Spos_tumor / 16Sneg_tumor,0.115029051,1.272320416,77,164,7283,39686,BCL2L2
16Spos_tumor / 16Sneg_tumor,0.374780905,1.1973495,32,164,2980,39686,BCL3
16Spos_tumor / 16Sneg_tumor,0.741517625,1.073018547,29,164,2584,39686,BCL6
16Spos_tumor / 16Sneg_tumor,0.046175693,1.591933043,24,164,1515,39686,BCL6B
16Spos_tumor / 16Sneg_tumor,0.282386389,1.297483652,20,164,1778,39686,BCL7A
16Spos_tumor / 16Sneg_tumor,0.04698952,1.799319051,14,164,850,39686,BCOR
16Spos_tumor / 16Sneg_tumor,0.282816666,1.248014868,29,164,2746,39686,BCR
16Spos_tumor / 16Sneg_tumor,0.801105642,1.045292964,44,164,4912,39686,BDH1
16Spos_tumor / 16Sneg_tumor,0.847309096,1.048634204,21,164,2570,39686,BDH2
16Spos_tumor / 16Sneg_tumor,0.782532219,0.820209255,2,164,360,39686,BDNF
16Spos_tumor / 16Sneg_tumor,0.983901295,0.995682226,24,164,3363,39686,BECN1
16Spos_tumor / 16Sneg_tumor,0.576509855,1.249237017,8,164,839,39686,BEST1
16Spos_tumor / 16Sneg_tumor,0.795987709,1.104361577,8,164,798,39686,BEX1
16Spos_tumor / 16Sneg_tumor,0.028144654,0.321090399,4,164,1281,39686,BEX2
16Spos_tumor / 16Sneg_tumor,0.647857956,0.934287527,57,164,6535,39686,BEX3
16Spos_tumor / 16Sneg_tumor,0.459240953,0.834013402,20,164,3036,39686,BHLHE40
16Spos_tumor / 16Sneg_tumor,0.004197668,2.290665155,15,164,942,39686,BID
16Spos_tumor / 16Sneg_tumor,0.216152706,0.684833435,12,164,3024,39686,BIN1
16Spos_tumor / 16Sneg_tumor,0.578176408,1.150506755,19,164,1878,39686,BIRC2
16Spos_tumor / 16Sneg_tumor,0.191404109,0.666031297,17,164,1957,39686,BIRC3
16Spos_tumor / 16Sneg_tumor,0.40582951,0.813501548,21,164,3467,39686,BIRC5
16Spos_tumor / 16Sneg_tumor,0.924744059,0.979930151,28,164,3315,39686,BIRC6
16Spos_tumor / 16Sneg_tumor,0.746928039,0.859381351,5,164,772,39686,BIRC7
16Spos_tumor / 16Sneg_tumor,0.343746229,0.609301113,4,164,723,39686,BLK
16Spos_tumor / 16Sneg_tumor,0.890669839,1.043730522,13,164,1494,39686,BLM
16Spos_tumor / 16Sneg_tumor,0.975709929,1.008815826,13,164,1585,39686,BLMH
16Spos_tumor / 16Sneg_tumor,0.985556429,1.006363138,10,164,1297,39686,BLNK
16Spos_tumor / 16Sneg_tumor,0.752971137,0.883782007,7,164,1158,39686,BLVRA
16Spos_tumor / 16Sneg_tumor,0.844005986,0.972964428,77,164,4618,39686,BLVRB
16Spos_tumor / 16Sneg_tumor,0.01167282,1.744501891,26,164,1656,39686,BLZF1
16Spos_tumor / 16Sneg_tumor,0.835384117,1.072010251,10,164,1288,39686,BMI1
16Spos_tumor / 16Sneg_tumor,0.796190858,0.870284664,4,164,646,39686,BMP2
16Spos_tumor / 16Sneg_tumor,0.74635451,0.919267179,19,164,2039,39686,BMP2K
16Spos_tumor / 16Sneg_tumor,0.329114772,0.365423876,1,164,322,39686,BMP3
16Spos_tumor / 16Sneg_tumor,0.054084034,1.742629973,18,164,1306,39686,BMP4
16Spos_tumor / 16Sneg_tumor,0.84691852,0.920157171,6,164,857,39686,BMP5
16Spos_tumor / 16Sneg_tumor,0.807849357,1.104755226,7,164,779,39686,BMP6
16Spos_tumor / 16Sneg_tumor,0.216688471,1.21035959,52,164,4954,39686,BMP7
16Spos_tumor / 16Sneg_tumor,0.655482726,0.810441469,5,164,771,39686,BMP8A
16Spos_tumor / 16Sneg_tumor,0.171576508,0.445828894,3,164,843,39686,BMP8B
16Spos_tumor / 16Sneg_tumor,0.340382152,1.338055945,13,164,1085,39686,BMPR1A
16Spos_tumor / 16Sneg_tumor,0.284500629,1.232837296,32,164,3003,39686,BMPR1B
16Spos_tumor / 16Sneg_tumor,0.645007759,1.113054998,22,164,2246,39686,BMPR2
16Spos_tumor / 16Sneg_tumor,0.95045961,1.029411852,5,164,577,39686,BNC1
16Spos_tumor / 16Sneg_tumor,0.507125994,1.208996572,15,164,1499,39686,BNIP3
16Spos_tumor / 16Sneg_tumor,0.212313623,0.577699295,6,164,970,39686,BOC
16Spos_tumor / 16Sneg_tumor,0.434678179,1.214234845,19,164,2293,39686,BOK
16Spos_tumor / 16Sneg_tumor,0.142909519,1.13922754,185,164,22347,39686,BOLA2
16Spos_tumor / 16Sneg_tumor,0.762426612,0.890937758,8,164,1118,39686,BPGM
16Spos_tumor / 16Sneg_tumor,0.310022727,1.248472797,28,164,2261,39686,BRAF
16Spos_tumor / 16Sneg_tumor,0.309581112,1.243132895,26,164,3547,39686,BRAT1
16Spos_tumor / 16Sneg_tumor,0.174973267,0.54827245,6,164,1359,39686,BRCA1
16Spos_tumor / 16Sneg_tumor,0.2032531,0.396606246,2,164,639,39686,BRCA2
16Spos_tumor / 16Sneg_tumor,0.559863161,1.146654222,22,164,2343,39686,BRCC3
16Spos_tumor / 16Sneg_tumor,0.873658992,1.035130787,27,164,3380,39686,BRD1
16Spos_tumor / 16Sneg_tumor,0.281463207,1.161337593,71,164,5871,39686,BRD2
16Spos_tumor / 16Sneg_tumor,0.694629619,1.1140595,16,164,1871,39686,BRD3
16Spos_tumor / 16Sneg_tumor,0.836250021,0.959057913,28,164,3399,39686,BRD4
16Spos_tumor / 16Sneg_tumor,0.936030431,0.975127578,11,164,1426,39686,BRD7
16Spos_tumor / 16Sneg_tumor,0.076622954,1.542298764,20,164,1427,39686,BRD8
16Spos_tumor / 16Sneg_tumor,0.989951,0.996060577,12,164,1199,39686,BRF2
16Spos_tumor / 16Sneg_tumor,0.216443926,0.754705378,22,164,3049,39686,BRI3
16Spos_tumor / 16Sneg_tumor,0.34354873,0.562691963,3,164,688,39686,BRINP3
16Spos_tumor / 16Sneg_tumor,0.963541782,1.016236019,10,164,1172,39686,BRIP1
16Spos_tumor / 16Sneg_tumor,0.770157692,0.934350401,20,164,3026,39686,BRMS1
16Spos_tumor / 16Sneg_tumor,0.084214404,0.508330034,7,164,1526,39686,BRWD1
16Spos_tumor / 16Sneg_tumor,0.191508681,0.865907902,104,164,19076,39686,BSG
16Spos_tumor / 16Sneg_tumor,0.592575614,0.779244798,5,164,764,39686,BST1
16Spos_tumor / 16Sneg_tumor,0.202499388,0.818123079,55,164,4839,39686,BST2
16Spos_tumor / 16Sneg_tumor,0.093193906,0.536913869,8,164,1671,39686,BTBD1
16Spos_tumor / 16Sneg_tumor,0.196189893,0.63245259,9,164,1804,39686,BTBD3
16Spos_tumor / 16Sneg_tumor,0.316555709,0.599144864,4,164,769,39686,BTC
16Spos_tumor / 16Sneg_tumor,0.841227861,0.970689859,60,164,7593,39686,BTF3
16Spos_tumor / 16Sneg_tumor,0.206295622,1.242366709,61,164,5792,39686,BTG1
16Spos_tumor / 16Sneg_tumor,0.206030988,1.300879216,31,164,3006,39686,BTG2
16Spos_tumor / 16Sneg_tumor,0.890900358,0.947179338,7,164,900,39686,BTK
16Spos_tumor / 16Sneg_tumor,0.394041256,0.41966971,1,164,297,39686,BTLA
16Spos_tumor / 16Sneg_tumor,0.731893961,1.092445042,18,164,2359,39686,BTN3A1
16Spos_tumor / 16Sneg_tumor,0.350368183,1.335046498,14,164,1301,39686,BTRC
16Spos_tumor / 16Sneg_tumor,0.568648818,0.849993981,14,164,2220,39686,BUB3
16Spos_tumor / 16Sneg_tumor,0.891375157,1.044038229,13,164,1341,39686,C19orf12
16Spos_tumor / 16Sneg_tumor,0.36069503,0.827788404,28,164,4541,39686,C1QBP
16Spos_tumor / 16Sneg_tumor,0.756061323,0.885354044,8,164,1133,39686,C1QTNF7
16Spos_tumor / 16Sneg_tumor,0.262484049,1.232991937,34,164,3252,39686,C1orf35
16Spos_tumor / 16Sneg_tumor,0.802141579,0.942457215,31,164,2933,39686,C3
16Spos_tumor / 16Sneg_tumor,0.993845703,0.997735199,14,164,3524,39686,C4BPA
16Spos_tumor / 16Sneg_tumor,0.270366083,0.51981018,3,164,745,39686,C5
16Spos_tumor / 16Sneg_tumor,0.112317284,1.559358067,16,164,1312,39686,C5AR2
16Spos_tumor / 16Sneg_tumor,0.378841318,0.625141529,4,164,978,39686,C6
16Spos_tumor / 16Sneg_tumor,0.720344884,1.150482358,8,164,874,39686,C8B
16Spos_tumor / 16Sneg_tumor,0.728321125,1.102983269,15,164,1652,39686,C8G
16Spos_tumor / 16Sneg_tumor,0.564442584,1.324097171,5,164,510,39686,C9
16Spos_tumor / 16Sneg_tumor,0.660634749,0.854124862,9,164,1251,39686,C9orf72
16Spos_tumor / 16Sneg_tumor,0.284496519,1.504496137,9,164,765,39686,CA3
16Spos_tumor / 16Sneg_tumor,0.200298769,0.658460593,12,164,1660,39686,CA8
16Spos_tumor / 16Sneg_tumor,0.280226663,0.737841186,14,164,2264,39686,CAB39
16Spos_tumor / 16Sneg_tumor,0.366497707,0.622876592,4,164,875,39686,CAB39L
16Spos_tumor / 16Sneg_tumor,0.082882688,1.455283283,29,164,1845,39686,CABLES1
16Spos_tumor / 16Sneg_tumor,0.031604333,1.843394693,20,164,1001,39686,CACNA1A
16Spos_tumor / 16Sneg_tumor,0.382926093,1.333464125,11,164,1033,39686,CACNA1B
16Spos_tumor / 16Sneg_tumor,0.226898047,0.413117719,2,164,587,39686,CACNA1C
16Spos_tumor / 16Sneg_tumor,0.945908035,0.959950542,3,164,478,39686,CACNA1D
16Spos_tumor / 16Sneg_tumor,0.432024726,1.48396183,5,164,386,39686,CACNA1E
16Spos_tumor / 16Sneg_tumor,0.986464265,2.76E-07,0,164,206,39686,CACNA1F
16Spos_tumor / 16Sneg_tumor,0.821834882,1.096494808,7,164,798,39686,CACNA1G
16Spos_tumor / 16Sneg_tumor,0.715762957,1.157202829,7,164,770,39686,CACNA1H
16Spos_tumor / 16Sneg_tumor,0.559266483,1.273754585,7,164,702,39686,CACNA1I
16Spos_tumor / 16Sneg_tumor,0.75224974,0.858966009,5,164,776,39686,CACNA1S
16Spos_tumor / 16Sneg_tumor,0.59826611,0.797809954,6,164,915,39686,CACNA2D1
16Spos_tumor / 16Sneg_tumor,0.903259233,1.049762607,7,164,833,39686,CACNA2D2
16Spos_tumor / 16Sneg_tumor,0.113476863,1.604766703,18,164,1057,39686,CACNA2D3
16Spos_tumor / 16Sneg_tumor,0.157010909,1.68078156,10,164,819,39686,CACNA2D4
16Spos_tumor / 16Sneg_tumor,0.394819419,0.598537872,3,164,635,39686,CACNB2
16Spos_tumor / 16Sneg_tumor,0.280381294,1.323226902,18,164,1648,39686,CACNB3
16Spos_tumor / 16Sneg_tumor,0.512098441,1.215111132,15,164,1506,39686,CACNB4
16Spos_tumor / 16Sneg_tumor,0.089500117,1.74625355,11,164,701,39686,CACNG1
16Spos_tumor / 16Sneg_tumor,0.722184398,0.849787379,6,164,817,39686,CACNG3
16Spos_tumor / 16Sneg_tumor,0.294286276,0.534378783,3,164,444,39686,CACNG4
16Spos_tumor / 16Sneg_tumor,0.632305247,0.797820055,5,164,720,39686,CACNG6
16Spos_tumor / 16Sneg_tumor,0.427166328,0.81413698,16,164,2491,39686,CACYBP
16Spos_tumor / 16Sneg_tumor,0.449865632,0.809033531,15,164,1923,39686,CADM1
16Spos_tumor / 16Sneg_tumor,0.257780148,1.256611123,30,164,2757,39686,CADM4
16Spos_tumor / 16Sneg_tumor,0.685566237,1.194049707,6,164,685,39686,CADPS
16Spos_tumor / 16Sneg_tumor,0.895319819,0.930851024,4,164,630,39686,CALB1
16Spos_tumor / 16Sneg_tumor,0.392273029,0.590267753,3,164,618,39686,CALCB
16Spos_tumor / 16Sneg_tumor,0.280830354,0.635054237,6,164,1253,39686,CALCOCO2
16Spos_tumor / 16Sneg_tumor,0.849482411,0.914350082,5,164,704,39686,CALCR
16Spos_tumor / 16Sneg_tumor,0.397309265,0.667681449,5,164,918,39686,CALHM6
16Spos_tumor / 16Sneg_tumor,0.283562489,1.170335515,63,164,6269,39686,CALM1
16Spos_tumor / 16Sneg_tumor,0.009410499,0.739596873,105,164,18385,39686,CALM2
16Spos_tumor / 16Sneg_tumor,0.222659152,1.205105643,56,164,6322,39686,CALM3
16Spos_tumor / 16Sneg_tumor,0.30977646,1.119821459,185,164,18693,39686,CALML3
16Spos_tumor / 16Sneg_tumor,0.963949205,0.978874368,5,164,686,39686,CALML4
16Spos_tumor / 16Sneg_tumor,0.066865233,1.297678944,112,164,10131,39686,CALML5
16Spos_tumor / 16Sneg_tumor,0.718282746,0.865067474,7,164,1065,39686,CALML6
16Spos_tumor / 16Sneg_tumor,0.31743647,1.137118784,78,164,7282,39686,CALU
16Spos_tumor / 16Sneg_tumor,0.203947625,1.775416005,5,164,359,39686,CAMK1
16Spos_tumor / 16Sneg_tumor,0.049498818,0.394643595,5,164,1370,39686,CAMK1D
16Spos_tumor / 16Sneg_tumor,0.988209334,9.99E-08,0,164,394,39686,CAMK2A
16Spos_tumor / 16Sneg_tumor,0.597934646,0.775860345,5,164,870,39686,CAMK2B
16Spos_tumor / 16Sneg_tumor,0.696868257,0.910190286,21,164,3025,39686,CAMK2D
16Spos_tumor / 16Sneg_tumor,0.552946422,1.161995004,20,164,2563,39686,CAMK2G
16Spos_tumor / 16Sneg_tumor,0.735970695,0.882997763,8,164,1343,39686,CAMK2N1
16Spos_tumor / 16Sneg_tumor,0.914405707,1.061024474,4,164,447,39686,CAMK4
16Spos_tumor / 16Sneg_tumor,0.318739043,0.596221962,4,164,997,39686,CAMKK1
16Spos_tumor / 16Sneg_tumor,0.85934308,0.959225739,21,164,2509,39686,CAMKK2
16Spos_tumor / 16Sneg_tumor,0.291497202,0.33808599,1,164,364,39686,CAMP
16Spos_tumor / 16Sneg_tumor,0.817502583,1.076220337,12,164,992,39686,CAMTA1
16Spos_tumor / 16Sneg_tumor,0.206213024,1.297059159,26,164,2259,39686,CAND1
16Spos_tumor / 16Sneg_tumor,0.804120974,0.965255126,66,164,8950,39686,CANT1
16Spos_tumor / 16Sneg_tumor,0.977012715,1.003618302,88,164,9994,39686,CANX
16Spos_tumor / 16Sneg_tumor,0.794229131,1.033675468,89,164,10069,39686,CAP1
16Spos_tumor / 16Sneg_tumor,0.335129852,0.501080172,2,164,499,39686,CAP2
16Spos_tumor / 16Sneg_tumor,0.590194156,0.927898259,69,164,12231,39686,CAPN1
16Spos_tumor / 16Sneg_tumor,0.774060602,0.96355202,91,164,12487,39686,CAPN2
16Spos_tumor / 16Sneg_tumor,0.030697774,1.535262486,30,164,2024,39686,CAPN7
16Spos_tumor / 16Sneg_tumor,0.340878838,1.17074229,42,164,4526,39686,CAPNS1
16Spos_tumor / 16Sneg_tumor,0.537475359,1.10542941,43,164,4364,39686,CAPZA1
16Spos_tumor / 16Sneg_tumor,0.529997803,0.853351659,17,164,2370,39686,CAPZA2
16Spos_tumor / 16Sneg_tumor,0.533886724,1.082424343,77,164,8389,39686,CAPZB
16Spos_tumor / 16Sneg_tumor,0.312234064,0.622865958,5,164,1138,39686,CARD11
16Spos_tumor / 16Sneg_tumor,0.32031347,1.291726995,20,164,2602,39686,CARD9
16Spos_tumor / 16Sneg_tumor,0.405720887,0.772199481,11,164,1702,39686,CARHSP1
16Spos_tumor / 16Sneg_tumor,0.021377501,1.597150807,30,164,2435,39686,CARM1
16Spos_tumor / 16Sneg_tumor,0.210633552,1.336852011,24,164,2324,39686,CARMIL1
16Spos_tumor / 16Sneg_tumor,0.104722961,1.572555244,16,164,1488,39686,CARTPT
16Spos_tumor / 16Sneg_tumor,0.594161497,0.818602639,8,164,1279,39686,CASP10
16Spos_tumor / 16Sneg_tumor,0.31623368,0.767870585,17,164,2572,39686,CASP3
16Spos_tumor / 16Sneg_tumor,0.814873787,1.072852007,12,164,1406,39686,CASP4
16Spos_tumor / 16Sneg_tumor,0.200598643,0.554410879,5,164,1278,39686,CASP7
16Spos_tumor / 16Sneg_tumor,0.034258971,1.75266361,19,164,1293,39686,CASP8
16Spos_tumor / 16Sneg_tumor,0.858576028,0.944899094,11,164,1325,39686,CASP9
16Spos_tumor / 16Sneg_tumor,0.482803908,1.150951226,31,164,3084,39686,CAST
16Spos_tumor / 16Sneg_tumor,0.167534402,1.295117695,35,164,2969,39686,CAT
16Spos_tumor / 16Sneg_tumor,0.917630987,1.04228239,7,164,803,39686,CAV1
16Spos_tumor / 16Sneg_tumor,0.842289346,1.098349572,5,164,571,39686,CAV2
16Spos_tumor / 16Sneg_tumor,0.051040718,1.689609671,16,164,1249,39686,CBFB
16Spos_tumor / 16Sneg_tumor,0.446799634,1.269447227,12,164,1151,39686,CBL
16Spos_tumor / 16Sneg_tumor,0.259375676,0.659397091,8,164,2024,39686,CBLC
16Spos_tumor / 16Sneg_tumor,0.383571116,1.326692759,12,164,1215,39686,CBLN2
16Spos_tumor / 16Sneg_tumor,0.687136579,1.083809107,33,164,4123,39686,CBR1
16Spos_tumor / 16Sneg_tumor,0.558320135,1.147435656,23,164,2358,39686,CBR4
16Spos_tumor / 16Sneg_tumor,0.248664244,0.311783749,1,164,414,39686,CCBE1
16Spos_tumor / 16Sneg_tumor,0.741865487,1.071925137,27,164,2926,39686,CCDC12
16Spos_tumor / 16Sneg_tumor,0.396590426,0.426403537,1,164,310,39686,CCDC122
16Spos_tumor / 16Sneg_tumor,0.407764287,1.171449939,33,164,3281,39686,CCDC50
16Spos_tumor / 16Sneg_tumor,0.340799128,0.748740855,12,164,1849,39686,CCDC59
16Spos_tumor / 16Sneg_tumor,0.695547073,0.816325571,4,164,689,39686,CCDC88A
16Spos_tumor / 16Sneg_tumor,0.524912583,1.163915722,21,164,2298,39686,CCDC88C
16Spos_tumor / 16Sneg_tumor,0.483241249,0.699575056,4,164,708,39686,CCDC92
16Spos_tumor / 16Sneg_tumor,0.44351312,1.516578603,4,164,366,39686,CCK
16Spos_tumor / 16Sneg_tumor,0.538445937,0.632983208,2,164,405,39686,CCKAR
16Spos_tumor / 16Sneg_tumor,0.907321025,0.945263893,5,164,624,39686,CCKBR
16Spos_tumor / 16Sneg_tumor,0.631017143,1.33636613,3,164,307,39686,CCL1
16Spos_tumor / 16Sneg_tumor,0.665358214,1.192103059,7,164,714,39686,CCL11
16Spos_tumor / 16Sneg_tumor,0.604847388,0.731240966,3,164,568,39686,CCL14
16Spos_tumor / 16Sneg_tumor,0.977595184,0.987749892,6,164,833,39686,CCL15
16Spos_tumor / 16Sneg_tumor,0.990016684,1.00E-07,0,164,286,39686,CCL16
16Spos_tumor / 16Sneg_tumor,0.171822296,0.532547435,5,164,1171,39686,CCL17
16Spos_tumor / 16Sneg_tumor,0.879620713,1.057827048,11,164,1641,39686,CCL20
16Spos_tumor / 16Sneg_tumor,0.235556851,1.920099462,4,164,300,39686,CCL21
16Spos_tumor / 16Sneg_tumor,0.380337638,1.436696729,7,164,618,39686,CCL22
16Spos_tumor / 16Sneg_tumor,0.459373359,0.729608593,6,164,909,39686,CCL24
16Spos_tumor / 16Sneg_tumor,0.923971507,0.972926334,14,164,2030,39686,CCL25
16Spos_tumor / 16Sneg_tumor,0.129066854,2.335820503,4,164,242,39686,CCL26
16Spos_tumor / 16Sneg_tumor,0.123797846,0.325663924,2,164,738,39686,CCL27
16Spos_tumor / 16Sneg_tumor,0.829252531,1.105745327,5,164,496,39686,CCL28
16Spos_tumor / 16Sneg_tumor,0.694542176,0.754155197,2,164,353,39686,CCL7
16Spos_tumor / 16Sneg_tumor,0.988642379,9.47E-08,0,164,342,39686,CCNA1
16Spos_tumor / 16Sneg_tumor,0.047127749,0.306141511,3,164,1269,39686,CCNB1
16Spos_tumor / 16Sneg_tumor,0.274084825,0.66294511,8,164,1440,39686,CCNB2
16Spos_tumor / 16Sneg_tumor,0.848292265,1.150586636,2,164,246,39686,CCNB3
16Spos_tumor / 16Sneg_tumor,0.72510461,0.913867811,18,164,2368,39686,CCNC
16Spos_tumor / 16Sneg_tumor,0.705436345,1.051036945,85,164,10847,39686,CCND1
16Spos_tumor / 16Sneg_tumor,0.330048437,0.855214809,59,164,5031,39686,CCND3
16Spos_tumor / 16Sneg_tumor,0.518537778,1.150409595,31,164,2612,39686,CCNE1
16Spos_tumor / 16Sneg_tumor,0.812984473,1.078928825,12,164,1162,39686,CCNE2
16Spos_tumor / 16Sneg_tumor,0.04709595,0.554947066,13,164,2788,39686,CCNG1
16Spos_tumor / 16Sneg_tumor,0.196592299,1.33417013,26,164,2543,39686,CCNG2
16Spos_tumor / 16Sneg_tumor,0.059506912,1.569522577,26,164,1986,39686,CCNH
16Spos_tumor / 16Sneg_tumor,0.709943341,0.902093534,14,164,1937,39686,CCNK
16Spos_tumor / 16Sneg_tumor,0.262530545,1.40000243,14,164,1323,39686,CCNO
16Spos_tumor / 16Sneg_tumor,0.957858259,1.016406396,13,164,1517,39686,CCNT1
16Spos_tumor / 16Sneg_tumor,0.64586296,0.861280624,11,164,1362,39686,CCNT2
16Spos_tumor / 16Sneg_tumor,0.169627453,0.557038545,6,164,1318,39686,CCP110
16Spos_tumor / 16Sneg_tumor,0.066564808,1.723163271,15,164,1138,39686,CCR10
16Spos_tumor / 16Sneg_tumor,0.989332383,2.79E-08,0,164,956,39686,CCR2
16Spos_tumor / 16Sneg_tumor,0.415613845,1.287510304,12,164,1090,39686,CCR3
16Spos_tumor / 16Sneg_tumor,0.73509134,0.848016716,5,164,755,39686,CCR4
16Spos_tumor / 16Sneg_tumor,0.679345221,1.170628173,8,164,861,39686,CCR7
16Spos_tumor / 16Sneg_tumor,0.551286078,0.642291891,2,164,362,39686,CCR9
16Spos_tumor / 16Sneg_tumor,0.671975735,0.911495814,25,164,3327,39686,CCS
16Spos_tumor / 16Sneg_tumor,0.905664293,0.968408175,15,164,1761,39686,CCT2
16Spos_tumor / 16Sneg_tumor,0.129873735,1.154869816,179,164,19313,39686,CCT6A
16Spos_tumor / 16Sneg_tumor,0.699855519,1.088069349,24,164,2534,39686,CCT8
16Spos_tumor / 16Sneg_tumor,0.41397992,0.826092066,23,164,3140,39686,CD109
16Spos_tumor / 16Sneg_tumor,0.210305426,1.173326553,86,164,9224,39686,CD151
16Spos_tumor / 16Sneg_tumor,0.524473692,0.621052799,2,164,396,39686,CD160
16Spos_tumor / 16Sneg_tumor,0.425443012,0.859187978,34,164,4010,39686,CD164
16Spos_tumor / 16Sneg_tumor,0.818101313,1.086454843,9,164,1015,39686,CD19
16Spos_tumor / 16Sneg_tumor,0.127048139,0.489635119,5,164,1284,39686,CD1A
16Spos_tumor / 16Sneg_tumor,0.176654798,0.375570299,2,164,664,39686,CD1B
16Spos_tumor / 16Sneg_tumor,0.097424566,0.421510958,4,164,1076,39686,CD1D
16Spos_tumor / 16Sneg_tumor,0.266949517,1.660444673,6,164,507,39686,CD1E
16Spos_tumor / 16Sneg_tumor,0.044451932,1.94522151,11,164,412,39686,CD200
16Spos_tumor / 16Sneg_tumor,0.972766951,0.979830533,3,164,414,39686,CD207
16Spos_tumor / 16Sneg_tumor,0.645864248,0.717514368,2,164,387,39686,CD209
16Spos_tumor / 16Sneg_tumor,0.902669362,1.061688224,5,164,593,39686,CD226
16Spos_tumor / 16Sneg_tumor,0.733159694,0.951804938,73,164,11671,39686,CD24
16Spos_tumor / 16Sneg_tumor,0.822020947,1.064794939,15,164,1696,39686,CD244
16Spos_tumor / 16Sneg_tumor,0.631743161,0.779109831,4,164,609,39686,CD247
16Spos_tumor / 16Sneg_tumor,0.059221111,1.729055909,15,164,1031,39686,CD27
16Spos_tumor / 16Sneg_tumor,0.505556119,0.669363993,3,164,535,39686,CD274
16Spos_tumor / 16Sneg_tumor,0.702710184,0.836031792,5,164,750,39686,CD276
16Spos_tumor / 16Sneg_tumor,0.12524217,1.657630386,12,164,980,39686,CD28
16Spos_tumor / 16Sneg_tumor,0.90399116,1.06719914,4,164,500,39686,CD300E
16Spos_tumor / 16Sneg_tumor,0.084309104,1.756780178,12,164,938,39686,CD300LF
16Spos_tumor / 16Sneg_tumor,0.50549612,1.202982617,15,164,2163,39686,CD320
16Spos_tumor / 16Sneg_tumor,0.092643058,0.295120594,2,164,836,39686,CD36
16Spos_tumor / 16Sneg_tumor,0.370471962,0.695899608,7,164,1276,39686,CD3D
16Spos_tumor / 16Sneg_tumor,0.917671759,1.055993977,4,164,478,39686,CD3G
16Spos_tumor / 16Sneg_tumor,0.450194409,0.573786995,2,164,426,39686,CD40LG
16Spos_tumor / 16Sneg_tumor,0.223081303,0.835485953,61,164,10921,39686,CD44
16Spos_tumor / 16Sneg_tumor,0.706300105,0.915890634,20,164,2920,39686,CD46
16Spos_tumor / 16Sneg_tumor,0.354152656,1.171167745,60,164,3687,39686,CD47
16Spos_tumor / 16Sneg_tumor,0.96217639,0.983719476,10,164,1387,39686,CD5
16Spos_tumor / 16Sneg_tumor,0.633403759,1.14721946,15,164,2218,39686,CD55
16Spos_tumor / 16Sneg_tumor,0.537375274,1.174888343,17,164,1791,39686,CD58
16Spos_tumor / 16Sneg_tumor,0.523855344,1.087307292,82,164,8649,39686,CD59
16Spos_tumor / 16Sneg_tumor,0.352861555,0.66226248,6,164,1141,39686,CD5L
16Spos_tumor / 16Sneg_tumor,0.894549119,0.932225729,4,164,578,39686,CD6
16Spos_tumor / 16Sneg_tumor,0.942066043,1.008479187,93,164,13584,39686,CD63
16Spos_tumor / 16Sneg_tumor,0.904419876,0.962010307,12,164,1506,39686,CD7
16Spos_tumor / 16Sneg_tumor,0.388853031,0.705827123,7,164,1456,39686,CD70
16Spos_tumor / 16Sneg_tumor,0.301503478,0.469300933,2,164,570,39686,CD79A
16Spos_tumor / 16Sneg_tumor,0.592945944,1.209903902,10,164,1136,39686,CD79B
16Spos_tumor / 16Sneg_tumor,0.845517945,0.890430564,3,164,414,39686,CD80
16Spos_tumor / 16Sneg_tumor,0.731272378,1.102405528,14,164,1517,39686,CD82
16Spos_tumor / 16Sneg_tumor,0.781630303,1.134287141,6,164,566,39686,CD83
16Spos_tumor / 16Sneg_tumor,0.771825814,0.876748478,6,164,863,39686,CD8B
16Spos_tumor / 16Sneg_tumor,0.578396235,0.935744658,117,164,12750,39686,CD9
16Spos_tumor / 16Sneg_tumor,0.30326294,1.435364238,10,164,872,39686,CD96
16Spos_tumor / 16Sneg_tumor,0.982104035,0.992846939,11,164,1346,39686,CD99L2
16Spos_tumor / 16Sneg_tumor,0.720860946,1.130176887,11,164,1081,39686,CDA
16Spos_tumor / 16Sneg_tumor,0.325728118,1.346766375,13,164,1017,39686,CDC14A
16Spos_tumor / 16Sneg_tumor,0.232259903,1.33390721,23,164,2053,39686,CDC14B
16Spos_tumor / 16Sneg_tumor,0.485478273,1.166564665,26,164,3184,39686,CDC16
16Spos_tumor / 16Sneg_tumor,0.221377124,1.359939898,27,164,2469,39686,CDC20
16Spos_tumor / 16Sneg_tumor,0.026437438,2.092485986,13,164,899,39686,CDC20B
16Spos_tumor / 16Sneg_tumor,0.082431045,0.446163319,5,164,1362,39686,CDC23
16Spos_tumor / 16Sneg_tumor,0.335917285,1.350365544,13,164,1038,39686,CDC25A
16Spos_tumor / 16Sneg_tumor,0.482131981,1.165025815,28,164,3692,39686,CDC25B
16Spos_tumor / 16Sneg_tumor,0.384213712,0.588318769,3,164,553,39686,CDC25C
16Spos_tumor / 16Sneg_tumor,0.735318741,1.142821741,7,164,699,39686,CDC26
16Spos_tumor / 16Sneg_tumor,0.670963522,0.90974596,23,164,3653,39686,CDC34
16Spos_tumor / 16Sneg_tumor,0.919920485,0.985799524,56,164,8246,39686,CDC37
16Spos_tumor / 16Sneg_tumor,0.504689933,1.217303094,14,164,1236,39686,CDC37L1
16Spos_tumor / 16Sneg_tumor,0.290353397,0.641951312,6,164,1176,39686,CDC40
16Spos_tumor / 16Sneg_tumor,0.825999505,1.047422827,28,164,3131,39686,CDC42BPB
16Spos_tumor / 16Sneg_tumor,0.915494777,0.947068919,4,164,540,39686,CDC42EP3
16Spos_tumor / 16Sneg_tumor,0.481064003,1.160480597,28,164,2548,39686,CDC5L
16Spos_tumor / 16Sneg_tumor,0.379607874,1.253723592,20,164,2088,39686,CDC6
16Spos_tumor / 16Sneg_tumor,0.473634775,0.744894832,7,164,1050,39686,CDC7
16Spos_tumor / 16Sneg_tumor,0.566826741,0.885640188,26,164,3292,39686,CDC73
16Spos_tumor / 16Sneg_tumor,0.258395457,0.857516238,75,164,11360,39686,CDH1
16Spos_tumor / 16Sneg_tumor,0.357584061,0.391795626,1,164,347,39686,CDH12
16Spos_tumor / 16Sneg_tumor,0.399143411,0.538834196,2,164,507,39686,CDH13
16Spos_tumor / 16Sneg_tumor,0.008081327,1.997961952,21,164,809,39686,CDH18
16Spos_tumor / 16Sneg_tumor,0.985194203,2.87E-07,0,164,243,39686,CDH19
16Spos_tumor / 16Sneg_tumor,0.449819914,0.793679872,12,164,1944,39686,CDH3
16Spos_tumor / 16Sneg_tumor,0.162353146,0.242531664,1,164,522,39686,CDH8
16Spos_tumor / 16Sneg_tumor,0.877607272,0.965360849,22,164,2580,39686,CDIPT
16Spos_tumor / 16Sneg_tumor,0.324559974,0.704953059,10,164,1648,39686,CDK1
16Spos_tumor / 16Sneg_tumor,0.24492423,1.27920004,28,164,3327,39686,CDK10
16Spos_tumor / 16Sneg_tumor,0.229975216,0.741944823,19,164,3249,39686,CDK11A
16Spos_tumor / 16Sneg_tumor,0.535763121,1.157443648,21,164,2497,39686,CDK11B
16Spos_tumor / 16Sneg_tumor,0.862432588,1.037241167,28,164,3126,39686,CDK12
16Spos_tumor / 16Sneg_tumor,0.511252476,0.839746939,17,164,2348,39686,CDK13
16Spos_tumor / 16Sneg_tumor,0.83401388,1.044374163,29,164,2887,39686,CDK16
16Spos_tumor / 16Sneg_tumor,0.018726874,1.851353587,19,164,1013,39686,CDK17
16Spos_tumor / 16Sneg_tumor,0.281675754,1.365339045,15,164,1420,39686,CDK19
16Spos_tumor / 16Sneg_tumor,0.2521925,1.379145501,15,164,1308,39686,CDK2
16Spos_tumor / 16Sneg_tumor,0.184835539,1.326379011,26,164,2433,39686,CDK4
16Spos_tumor / 16Sneg_tumor,0.382379961,0.739439421,9,164,1514,39686,CDK5
16Spos_tumor / 16Sneg_tumor,0.898793517,1.021171192,44,164,5180,39686,CDK5RAP2
16Spos_tumor / 16Sneg_tumor,0.019419525,1.418284897,65,164,6410,39686,CDK5RAP3
16Spos_tumor / 16Sneg_tumor,0.328631697,1.333929768,14,164,1483,39686,CDK6
16Spos_tumor / 16Sneg_tumor,0.858904481,0.93743974,8,164,1054,39686,CDK7
16Spos_tumor / 16Sneg_tumor,0.43566033,0.663985029,4,164,788,39686,CDK8
16Spos_tumor / 16Sneg_tumor,0.376636164,0.809220009,20,164,3264,39686,CDK9
16Spos_tumor / 16Sneg_tumor,0.030078794,0.666893275,39,164,9415,39686,CDKN1A
16Spos_tumor / 16Sneg_tumor,0.382390084,1.20367694,28,164,2847,39686,CDKN1B
16Spos_tumor / 16Sneg_tumor,0.315435588,0.649276853,6,164,1072,39686,CDKN1C
16Spos_tumor / 16Sneg_tumor,0.476572476,0.853939466,25,164,3364,39686,CDKN2A
16Spos_tumor / 16Sneg_tumor,0.139231198,1.875223035,7,164,417,39686,CDKN2B
16Spos_tumor / 16Sneg_tumor,0.702207707,0.911777319,23,164,2175,39686,CDKN2C
16Spos_tumor / 16Sneg_tumor,0.98532572,1.005239975,14,164,1868,39686,CDKN2D
16Spos_tumor / 16Sneg_tumor,0.664517994,0.854016151,9,164,1314,39686,CDKN3
16Spos_tumor / 16Sneg_tumor,0.844651982,1.05224563,17,164,1948,39686,CDON
16Spos_tumor / 16Sneg_tumor,0.856713838,1.050336536,15,164,1773,39686,CDS2
16Spos_tumor / 16Sneg_tumor,0.369686775,1.285505873,17,164,1538,39686,CDT1
16Spos_tumor / 16Sneg_tumor,0.898428682,0.935809193,4,164,613,39686,CDX2
16Spos_tumor / 16Sneg_tumor,0.660203303,1.103792376,24,164,3662,39686,CEACAM1
16Spos_tumor / 16Sneg_tumor,0.461685209,0.874502947,68,164,12980,39686,CEACAM6
16Spos_tumor / 16Sneg_tumor,0.123537721,0.48854909,5,164,1297,39686,CEACAM8
16Spos_tumor / 16Sneg_tumor,0.15834332,0.652608587,13,164,3478,39686,CEBPA
16Spos_tumor / 16Sneg_tumor,0.370178341,0.820031466,27,164,2269,39686,CEBPD
16Spos_tumor / 16Sneg_tumor,0.080556892,0.438088503,5,164,1423,39686,CEBPE
16Spos_tumor / 16Sneg_tumor,0.41057877,1.16325445,36,164,4705,39686,CEBPG
16Spos_tumor / 16Sneg_tumor,0.911118075,0.964519574,11,164,1421,39686,CEBPZ
16Spos_tumor / 16Sneg_tumor,0.549436285,1.149745157,22,164,2472,39686,CELSR1
16Spos_tumor / 16Sneg_tumor,0.697574661,1.120561307,13,164,1226,39686,CELSR2
16Spos_tumor / 16Sneg_tumor,0.572441201,1.160879845,16,164,2130,39686,CEMIP2
16Spos_tumor / 16Sneg_tumor,0.253751196,0.635360783,7,164,1235,39686,CENPC
16Spos_tumor / 16Sneg_tumor,0.734117352,1.159684896,6,164,661,39686,CENPE
16Spos_tumor / 16Sneg_tumor,0.053372036,1.599241464,29,164,2122,39686,CENPF
16Spos_tumor / 16Sneg_tumor,0.341066252,0.494788591,2,164,486,39686,CENPH
16Spos_tumor / 16Sneg_tumor,0.633503167,1.196139443,8,164,815,39686,CENPK
16Spos_tumor / 16Sneg_tumor,0.17652443,1.456874497,16,164,1517,39686,CENPM
16Spos_tumor / 16Sneg_tumor,0.032681648,0.427575364,7,164,1983,39686,CENPN
16Spos_tumor / 16Sneg_tumor,0.968085563,1.017732305,6,164,698,39686,CENPP
16Spos_tumor / 16Sneg_tumor,0.69274591,1.098259582,21,164,2219,39686,CENPT
16Spos_tumor / 16Sneg_tumor,0.409631484,1.203319348,27,164,2311,39686,CENPU
16Spos_tumor / 16Sneg_tumor,0.794841978,0.935612273,20,164,2687,39686,CENPW
16Spos_tumor / 16Sneg_tumor,0.661971817,0.933281128,47,164,6605,39686,CENPX
16Spos_tumor / 16Sneg_tumor,0.02272563,0.099536497,1,164,1207,39686,CEP135
16Spos_tumor / 16Sneg_tumor,0.750316501,0.864199287,5,164,631,39686,CEP164
16Spos_tumor / 16Sneg_tumor,0.267331641,0.686261618,10,164,1963,39686,CEP192
16Spos_tumor / 16Sneg_tumor,0.631242502,0.79887334,5,164,697,39686,CEP290
16Spos_tumor / 16Sneg_tumor,0.585562625,1.217006139,9,164,840,39686,CEP55
16Spos_tumor / 16Sneg_tumor,0.599343956,0.786688459,5,164,772,39686,CEP57
16Spos_tumor / 16Sneg_tumor,0.807694364,0.929095962,13,164,1688,39686,CEP63
16Spos_tumor / 16Sneg_tumor,0.026523554,1.686070121,24,164,1606,39686,CEP70
16Spos_tumor / 16Sneg_tumor,0.240637812,1.388357361,15,164,1232,39686,CEP78
16Spos_tumor / 16Sneg_tumor,0.639881994,0.832609755,7,164,932,39686,CEPT1
16Spos_tumor / 16Sneg_tumor,0.538708993,0.690806449,3,164,564,39686,CER1
16Spos_tumor / 16Sneg_tumor,0.703875586,0.931318649,35,164,4911,39686,CERS2
16Spos_tumor / 16Sneg_tumor,0.540318915,1.334298881,5,164,458,39686,CERS4
16Spos_tumor / 16Sneg_tumor,0.57526725,1.16641637,15,164,1495,39686,CERS5
16Spos_tumor / 16Sneg_tumor,0.714374385,0.873012337,8,164,1192,39686,CERS6
16Spos_tumor / 16Sneg_tumor,0.949078643,0.979874042,11,164,1924,39686,CES3
16Spos_tumor / 16Sneg_tumor,0.231718633,0.664344704,10,164,2316,39686,CETN2
16Spos_tumor / 16Sneg_tumor,0.115830653,0.319896232,2,164,829,39686,CETP
16Spos_tumor / 16Sneg_tumor,0.900683075,0.972360561,35,164,2052,39686,CFB
16Spos_tumor / 16Sneg_tumor,0.790625577,1.075492754,15,164,1230,39686,CFI
16Spos_tumor / 16Sneg_tumor,0.160487485,1.413676754,21,164,1841,39686,CFL2
16Spos_tumor / 16Sneg_tumor,0.161390002,0.667465353,14,164,2161,39686,CFLAR
16Spos_tumor / 16Sneg_tumor,0.66465979,1.178618079,8,164,747,39686,CFP
16Spos_tumor / 16Sneg_tumor,0.57777837,1.17570705,14,164,1601,39686,CGAS
16Spos_tumor / 16Sneg_tumor,0.387909514,1.354686661,11,164,909,39686,CH25H
16Spos_tumor / 16Sneg_tumor,0.437960748,0.69035849,5,164,974,39686,CHAD
16Spos_tumor / 16Sneg_tumor,0.265817317,0.509275989,3,164,756,39686,CHAT
16Spos_tumor / 16Sneg_tumor,0.39937537,0.832674312,24,164,4326,39686,CHCHD10
16Spos_tumor / 16Sneg_tumor,0.892833808,1.027567137,29,164,3244,39686,CHCHD3
16Spos_tumor / 16Sneg_tumor,0.08599932,0.448995283,5,164,1409,39686,CHCHD6
16Spos_tumor / 16Sneg_tumor,0.985875062,0.996269483,27,164,3597,39686,CHD3
16Spos_tumor / 16Sneg_tumor,0.477007264,1.160990121,25,164,2544,39686,CHD4
16Spos_tumor / 16Sneg_tumor,0.957292919,1.010656869,33,164,3568,39686,CHD6
16Spos_tumor / 16Sneg_tumor,0.325885572,0.635491432,5,164,877,39686,CHD9
16Spos_tumor / 16Sneg_tumor,0.295432325,1.326670219,17,164,1568,39686,CHEK1
16Spos_tumor / 16Sneg_tumor,0.624944218,0.839421004,9,164,1108,39686,CHEK2
16Spos_tumor / 16Sneg_tumor,0.03042087,2.471862625,7,164,363,39686,CHGA
16Spos_tumor / 16Sneg_tumor,0.744057391,0.877913503,10,164,940,39686,CHI3L1
16Spos_tumor / 16Sneg_tumor,0.445230115,1.230988683,15,164,1567,39686,CHID1
16Spos_tumor / 16Sneg_tumor,0.503584203,0.771473001,8,164,1183,39686,CHIT1
16Spos_tumor / 16Sneg_tumor,0.006154796,1.948548602,21,164,1272,39686,CHKA
16Spos_tumor / 16Sneg_tumor,0.674011685,0.800981099,4,164,573,39686,CHL1
16Spos_tumor / 16Sneg_tumor,0.566467829,1.11819305,30,164,4201,39686,CHMP1A
16Spos_tumor / 16Sneg_tumor,0.485428129,1.145638174,31,164,4569,39686,CHMP1B
16Spos_tumor / 16Sneg_tumor,0.197986162,0.7931432,39,164,6743,39686,CHMP2A
16Spos_tumor / 16Sneg_tumor,0.157806074,0.552528739,6,164,1214,39686,CHMP2B
16Spos_tumor / 16Sneg_tumor,0.371660533,1.074922555,256,164,28737,39686,CHMP3
16Spos_tumor / 16Sneg_tumor,0.618761992,0.876876138,16,164,2272,39686,CHMP4A
16Spos_tumor / 16Sneg_tumor,0.645742136,1.066716081,65,164,7725,39686,CHMP4B
16Spos_tumor / 16Sneg_tumor,0.943251903,1.01725904,19,164,2429,39686,CHMP5
16Spos_tumor / 16Sneg_tumor,0.515175698,1.116983646,44,164,3714,39686,CHMP6
16Spos_tumor / 16Sneg_tumor,0.500947121,1.266261533,10,164,1059,39686,CHMP7
16Spos_tumor / 16Sneg_tumor,0.827941485,0.919076713,8,164,1144,39686,CHORDC1
16Spos_tumor / 16Sneg_tumor,0.475717633,1.286697974,9,164,832,39686,CHPT1
16Spos_tumor / 16Sneg_tumor,0.446612591,0.46639325,1,164,279,39686,CHRM1
16Spos_tumor / 16Sneg_tumor,0.473583957,1.35253588,7,164,615,39686,CHRM2
16Spos_tumor / 16Sneg_tumor,0.106189426,1.855271053,8,164,516,39686,CHRM3
16Spos_tumor / 16Sneg_tumor,0.125274,1.874932151,7,164,499,39686,CHRM5
16Spos_tumor / 16Sneg_tumor,0.448364387,1.279650946,12,164,1257,39686,CHRNA4
16Spos_tumor / 16Sneg_tumor,0.796166006,0.899581052,7,164,985,39686,CHRNA7
16Spos_tumor / 16Sneg_tumor,0.621867718,1.134740064,19,164,1712,39686,CHST9
16Spos_tumor / 16Sneg_tumor,0.150244321,0.652821001,13,164,2442,39686,CHTF8
16Spos_tumor / 16Sneg_tumor,0.557599456,1.255517818,7,164,698,39686,CHUK
16Spos_tumor / 16Sneg_tumor,0.167904772,0.800124197,46,164,9038,39686,CIB1
16Spos_tumor / 16Sneg_tumor,0.481757902,0.822933463,16,164,2410,39686,CIB2
16Spos_tumor / 16Sneg_tumor,0.510379342,1.139564792,30,164,3208,39686,CIC
16Spos_tumor / 16Sneg_tumor,0.405893647,1.370600811,8,164,821,39686,CIDEA
16Spos_tumor / 16Sneg_tumor,0.749860381,0.886400605,8,164,1122,39686,CIR1
16Spos_tumor / 16Sneg_tumor,0.572374628,0.711612825,3,164,505,39686,CISH
16Spos_tumor / 16Sneg_tumor,0.664183299,0.894430024,19,164,2793,39686,CITED2
16Spos_tumor / 16Sneg_tumor,0.32756721,1.178893572,46,164,5036,39686,CKAP4
16Spos_tumor / 16Sneg_tumor,0.005101546,1.614292372,51,164,3259,39686,CKAP5
16Spos_tumor / 16Sneg_tumor,0.338528866,1.1668462,61,164,6894,39686,CKB
16Spos_tumor / 16Sneg_tumor,0.383905394,1.142299843,56,164,8395,39686,CKLF
16Spos_tumor / 16Sneg_tumor,0.473755042,1.122812754,48,164,5511,39686,CKS1B
16Spos_tumor / 16Sneg_tumor,0.464148822,1.172489606,26,164,2669,39686,CLASP1
16Spos_tumor / 16Sneg_tumor,0.422950341,0.725827278,7,164,1094,39686,CLASP2
16Spos_tumor / 16Sneg_tumor,0.463033829,0.806153455,13,164,1959,39686,CLCF1
16Spos_tumor / 16Sneg_tumor,0.042051711,0.49085172,10,164,2415,39686,CLDN1
16Spos_tumor / 16Sneg_tumor,0.790840591,0.959947545,65,164,5099,39686,CLDN3
16Spos_tumor / 16Sneg_tumor,0.570109536,1.088353434,63,164,7475,39686,CLDN4
16Spos_tumor / 16Sneg_tumor,0.793837918,0.963821958,70,164,6170,39686,CLDN7
16Spos_tumor / 16Sneg_tumor,0.063333678,1.676139783,17,164,1080,39686,CLEC10A
16Spos_tumor / 16Sneg_tumor,0.369484238,0.72266493,8,164,1286,39686,CLEC12A
16Spos_tumor / 16Sneg_tumor,0.708882006,0.857179836,7,164,955,39686,CLEC14A
16Spos_tumor / 16Sneg_tumor,0.553020451,0.771693341,6,164,902,39686,CLEC1A
16Spos_tumor / 16Sneg_tumor,0.400827446,0.425068839,1,164,335,39686,CLEC1B
16Spos_tumor / 16Sneg_tumor,0.655264756,1.133760695,15,164,1306,39686,CLEC2D
16Spos_tumor / 16Sneg_tumor,0.675643577,0.648218278,1,164,217,39686,CLEC3A
16Spos_tumor / 16Sneg_tumor,0.872834326,1.056648509,10,164,1174,39686,CLEC4A
16Spos_tumor / 16Sneg_tumor,0.812171089,0.842793303,2,164,292,39686,CLEC4C
16Spos_tumor / 16Sneg_tumor,0.422179888,0.444805018,1,164,278,39686,CLEC4D
16Spos_tumor / 16Sneg_tumor,0.410785729,0.60779064,3,164,583,39686,CLEC6A
16Spos_tumor / 16Sneg_tumor,0.320659601,0.597435532,4,164,822,39686,CLEC9A
16Spos_tumor / 16Sneg_tumor,0.469934735,0.727876896,6,164,1059,39686,CLECL1P
16Spos_tumor / 16Sneg_tumor,0.745509804,0.937870703,33,164,3696,39686,CLIP1
16Spos_tumor / 16Sneg_tumor,0.345163634,0.643950835,5,164,1025,39686,CLMN
16Spos_tumor / 16Sneg_tumor,0.425036676,0.656310306,4,164,805,39686,CLMP
16Spos_tumor / 16Sneg_tumor,0.807269655,1.051974734,26,164,2605,39686,CLN3
16Spos_tumor / 16Sneg_tumor,0.994365078,0.996693686,5,164,656,39686,CLN5
16Spos_tumor / 16Sneg_tumor,0.269087416,0.596586607,5,164,1064,39686,CLOCK
16Spos_tumor / 16Sneg_tumor,0.623174468,0.947723481,135,164,16440,39686,CLSTN1
16Spos_tumor / 16Sneg_tumor,0.713677008,1.054039794,62,164,7444,39686,CLTA
16Spos_tumor / 16Sneg_tumor,0.767597406,0.883990767,6,164,1139,39686,CLTB
16Spos_tumor / 16Sneg_tumor,0.936663944,1.010764246,77,164,5907,39686,CLTC
16Spos_tumor / 16Sneg_tumor,0.424634758,0.650380081,4,164,801,39686,CLTCL1
16Spos_tumor / 16Sneg_tumor,0.228667255,0.814209732,154,164,9295,39686,CLU
16Spos_tumor / 16Sneg_tumor,0.825663498,1.13084968,4,164,445,39686,CMA1
16Spos_tumor / 16Sneg_tumor,0.306825228,0.469840502,2,164,537,39686,CMC1
16Spos_tumor / 16Sneg_tumor,0.485775038,0.84078717,18,164,2895,39686,CMIP
16Spos_tumor / 16Sneg_tumor,0.7548158,0.945653257,36,164,5427,39686,CMTM4
16Spos_tumor / 16Sneg_tumor,0.386958814,0.772395811,12,164,1611,39686,CMTM6
16Spos_tumor / 16Sneg_tumor,0.073371523,2.139787688,7,164,453,39686,CNGA2
16Spos_tumor / 16Sneg_tumor,0.743972293,1.098269584,15,164,1519,39686,CNIH4
16Spos_tumor / 16Sneg_tumor,0.255674872,0.511917631,3,164,638,39686,CNKSR2
16Spos_tumor / 16Sneg_tumor,0.437694279,1.131429007,47,164,6097,39686,CNN2
16Spos_tumor / 16Sneg_tumor,0.029735026,0.455932943,8,164,1911,39686,CNOT2
16Spos_tumor / 16Sneg_tumor,0.89601599,0.953039234,8,164,994,39686,CNOT6L
16Spos_tumor / 16Sneg_tumor,0.732459067,1.07480544,26,164,3102,39686,CNP
16Spos_tumor / 16Sneg_tumor,0.05114637,0.76751611,74,164,8852,39686,CNPY3
16Spos_tumor / 16Sneg_tumor,0.965756227,1.021194216,5,164,585,39686,CNR2
16Spos_tumor / 16Sneg_tumor,0.396793491,1.218428564,22,164,2219,39686,CNST
16Spos_tumor / 16Sneg_tumor,0.157415111,1.785094271,7,164,457,39686,CNTFR
16Spos_tumor / 16Sneg_tumor,0.348518396,0.505957666,2,164,509,39686,CNTN1
16Spos_tumor / 16Sneg_tumor,0.777575674,0.871639018,5,164,669,39686,CNTN2
16Spos_tumor / 16Sneg_tumor,0.184477278,0.263374696,1,164,460,39686,CNTN4
16Spos_tumor / 16Sneg_tumor,0.984957777,1.12E-07,0,164,588,39686,CNTN5
16Spos_tumor / 16Sneg_tumor,0.521656666,0.769068667,7,164,1028,39686,CNTRL
16Spos_tumor / 16Sneg_tumor,0.067502631,0.50809347,8,164,2086,39686,COBL
16Spos_tumor / 16Sneg_tumor,0.643935608,1.134681896,15,164,1653,39686,COBLL1
16Spos_tumor / 16Sneg_tumor,0.895360265,1.042725823,12,164,1324,39686,COL11A2
16Spos_tumor / 16Sneg_tumor,0.647424578,1.198269476,8,164,702,39686,COL14A1
16Spos_tumor / 16Sneg_tumor,0.396422194,0.731375958,9,164,1548,39686,COL17A1
16Spos_tumor / 16Sneg_tumor,0.031824446,2.312173445,9,164,467,39686,COL21A1
16Spos_tumor / 16Sneg_tumor,0.746182608,0.87522532,7,164,994,39686,COL24A1
16Spos_tumor / 16Sneg_tumor,0.604549779,0.842023887,11,164,2038,39686,COL27A1
16Spos_tumor / 16Sneg_tumor,0.071902239,0.162269887,1,164,751,39686,COL2A1
16Spos_tumor / 16Sneg_tumor,0.458602217,0.638567149,3,164,541,39686,COL4A3
16Spos_tumor / 16Sneg_tumor,0.158586253,1.699213067,9,164,662,39686,COL4A4
16Spos_tumor / 16Sneg_tumor,0.346197032,1.395576986,9,164,685,39686,COL4A5
16Spos_tumor / 16Sneg_tumor,0.910362036,1.0515805,6,164,698,39686,COL4A6
16Spos_tumor / 16Sneg_tumor,0.502231973,1.299771797,7,164,689,39686,COL6A6
16Spos_tumor / 16Sneg_tumor,0.311447678,1.232095176,53,164,6151,39686,COL7A1
16Spos_tumor / 16Sneg_tumor,0.812884937,1.064163601,21,164,1904,39686,COL9A2
16Spos_tumor / 16Sneg_tumor,0.479066381,0.783515915,10,164,1663,39686,COL9A3
16Spos_tumor / 16Sneg_tumor,0.373369747,0.68448282,6,164,1152,39686,COLEC12
16Spos_tumor / 16Sneg_tumor,0.58041145,0.842782692,12,164,1710,39686,COMMD3
16Spos_tumor / 16Sneg_tumor,0.534903543,0.837675325,14,164,1958,39686,COMMD9
16Spos_tumor / 16Sneg_tumor,0.552881919,0.764722703,6,164,979,39686,COMP
16Spos_tumor / 16Sneg_tumor,0.495474061,1.106094058,61,164,7728,39686,COMT
16Spos_tumor / 16Sneg_tumor,0.779815804,1.060605914,26,164,2727,39686,COP1
16Spos_tumor / 16Sneg_tumor,0.496816323,0.853720019,22,164,2445,39686,COPB1
16Spos_tumor / 16Sneg_tumor,0.867502304,1.037980107,23,164,2921,39686,COPRS
16Spos_tumor / 16Sneg_tumor,0.579921918,0.823131096,9,164,1269,39686,COPS2
16Spos_tumor / 16Sneg_tumor,0.359901505,1.238489401,21,164,2127,39686,COPS3
16Spos_tumor / 16Sneg_tumor,0.197190187,1.419249724,17,164,1548,39686,COPS4
16Spos_tumor / 16Sneg_tumor,0.585577334,0.910601978,40,164,5453,39686,COPS5
16Spos_tumor / 16Sneg_tumor,0.657503652,1.089111965,32,164,3417,39686,COPS6
16Spos_tumor / 16Sneg_tumor,0.1377886,1.414582026,21,164,2027,39686,COPS7A
16Spos_tumor / 16Sneg_tumor,0.013264747,1.621588655,35,164,2666,39686,COPS7B
16Spos_tumor / 16Sneg_tumor,0.358903834,1.279005264,16,164,1568,39686,COPS8
16Spos_tumor / 16Sneg_tumor,0.787308552,0.967244258,92,164,11119,39686,CORO1C
16Spos_tumor / 16Sneg_tumor,0.003160196,1.98041018,25,164,1477,39686,CORT
16Spos_tumor / 16Sneg_tumor,0.003224421,0.825493576,4849,164,858448,39686,COX1
16Spos_tumor / 16Sneg_tumor,0.703236368,1.213234359,4,164,416,39686,COX10
16Spos_tumor / 16Sneg_tumor,0.355158973,0.791976763,17,164,2981,39686,COX14
16Spos_tumor / 16Sneg_tumor,0.68644828,0.935630656,46,164,6886,39686,COX17
16Spos_tumor / 16Sneg_tumor,0.030370021,0.877674148,5483,164,938340,39686,COX2
16Spos_tumor / 16Sneg_tumor,0.730468919,1.05208506,59,164,6526,39686,COX20
16Spos_tumor / 16Sneg_tumor,0.892156189,0.985505452,119,164,17989,39686,COX4I1
16Spos_tumor / 16Sneg_tumor,0.438953025,1.538396469,4,164,317,39686,COX4I2
16Spos_tumor / 16Sneg_tumor,0.420335469,1.145796271,43,164,4728,39686,COX5A
16Spos_tumor / 16Sneg_tumor,0.097360068,0.811828694,79,164,14638,39686,COX5B
16Spos_tumor / 16Sneg_tumor,0.388818749,1.11815896,75,164,9730,39686,COX6A1
16Spos_tumor / 16Sneg_tumor,0.699164989,0.951911991,79,164,11677,39686,COX6B1
16Spos_tumor / 16Sneg_tumor,0.98915968,1.001666813,93,164,12701,39686,COX6C
16Spos_tumor / 16Sneg_tumor,0.469922173,1.159914785,27,164,2865,39686,COX7A2L
16Spos_tumor / 16Sneg_tumor,0.922479344,0.984375845,46,164,7045,39686,COX7C
16Spos_tumor / 16Sneg_tumor,0.965410451,1.003956246,196,164,31008,39686,COX8A
16Spos_tumor / 16Sneg_tumor,0.569082481,1.20821622,12,164,1224,39686,CPAMD8
16Spos_tumor / 16Sneg_tumor,0.789156252,1.121823897,7,164,870,39686,CPB1
16Spos_tumor / 16Sneg_tumor,0.89730658,0.939307338,5,164,735,39686,CPB2
16Spos_tumor / 16Sneg_tumor,0.98068454,1.004003052,57,164,7611,39686,CPD
16Spos_tumor / 16Sneg_tumor,0.396929405,1.196035539,29,164,2584,39686,CPE
16Spos_tumor / 16Sneg_tumor,0.682504622,1.143689989,11,164,1144,39686,CPEB2
16Spos_tumor / 16Sneg_tumor,0.710174939,1.160043961,7,164,887,39686,CPEB4
16Spos_tumor / 16Sneg_tumor,0.902624095,1.040653034,11,164,1603,39686,CPLX1
16Spos_tumor / 16Sneg_tumor,0.63911883,0.894019673,20,164,2674,39686,CPNE1
16Spos_tumor / 16Sneg_tumor,0.251012714,1.303968641,22,164,1734,39686,CPNE3
16Spos_tumor / 16Sneg_tumor,0.989081318,0.994072724,6,164,986,39686,CPNE8
16Spos_tumor / 16Sneg_tumor,0.681501486,0.887080401,14,164,2079,39686,CPPED1
16Spos_tumor / 16Sneg_tumor,0.288486063,1.21713548,33,164,3502,39686,CPSF7
16Spos_tumor / 16Sneg_tumor,0.040628058,1.260479191,172,164,16668,39686,CPT1A
16Spos_tumor / 16Sneg_tumor,0.675590101,1.123091438,17,164,2076,39686,CPT1B
16Spos_tumor / 16Sneg_tumor,0.312752895,0.643000389,6,164,1142,39686,CPT2
16Spos_tumor / 16Sneg_tumor,0.138298038,1.355701893,28,164,2720,39686,CPTP
16Spos_tumor / 16Sneg_tumor,0.489035817,0.66018025,3,164,597,39686,CR1
16Spos_tumor / 16Sneg_tumor,0.216990331,1.603341313,8,164,651,39686,CR1L
16Spos_tumor / 16Sneg_tumor,0.609634975,0.799162857,6,164,962,39686,CR2
16Spos_tumor / 16Sneg_tumor,0.760652724,0.919482117,17,164,2408,39686,CRABP2
16Spos_tumor / 16Sneg_tumor,0.615156983,0.767925988,4,164,734,39686,CRACR2A
16Spos_tumor / 16Sneg_tumor,0.639056546,0.831453628,7,164,1070,39686,CRADD
16Spos_tumor / 16Sneg_tumor,0.376214536,0.410280032,1,164,412,39686,CRAT
16Spos_tumor / 16Sneg_tumor,0.297633967,0.581888723,4,164,859,39686,CRB1
16Spos_tumor / 16Sneg_tumor,0.376559131,0.801806585,18,164,2584,39686,CRCP
16Spos_tumor / 16Sneg_tumor,0.183731876,1.351057493,25,164,1986,39686,CREB1
16Spos_tumor / 16Sneg_tumor,0.287678105,1.335087746,16,164,1349,39686,CREB3
16Spos_tumor / 16Sneg_tumor,0.185433405,0.814482071,62,164,9181,39686,CREB3L1
16Spos_tumor / 16Sneg_tumor,0.533534437,1.398519815,4,164,350,39686,CREB3L3
16Spos_tumor / 16Sneg_tumor,0.000999408,1.934540233,32,164,1965,39686,CREB3L4
16Spos_tumor / 16Sneg_tumor,0.933900583,0.966944432,7,164,961,39686,CREB5
16Spos_tumor / 16Sneg_tumor,0.597910328,1.151986884,17,164,1938,39686,CREBBP
16Spos_tumor / 16Sneg_tumor,0.908896428,0.963859263,12,164,1363,39686,CREBRF
16Spos_tumor / 16Sneg_tumor,0.055135601,0.251564389,2,164,933,39686,CREM
16Spos_tumor / 16Sneg_tumor,0.143778723,0.53176471,6,164,1308,39686,CRH
16Spos_tumor / 16Sneg_tumor,0.045650431,2.696489284,5,164,249,39686,CRHR1
16Spos_tumor / 16Sneg_tumor,0.344178445,0.380951043,1,164,344,39686,CRHR2
16Spos_tumor / 16Sneg_tumor,0.322126075,0.889933759,147,164,21302,39686,CRIP1
16Spos_tumor / 16Sneg_tumor,0.86971336,0.974162577,50,164,6769,39686,CRK
16Spos_tumor / 16Sneg_tumor,0.276355612,1.27617014,24,164,2309,39686,CRKL
16Spos_tumor / 16Sneg_tumor,0.40117159,0.675577491,5,164,946,39686,CRLF1
16Spos_tumor / 16Sneg_tumor,0.988908756,1.03E-07,0,164,339,39686,CRLF2
16Spos_tumor / 16Sneg_tumor,0.875196588,0.947461141,9,164,1165,39686,CRLS1
16Spos_tumor / 16Sneg_tumor,0.011047152,1.720423304,30,164,2246,39686,CRNKL1
16Spos_tumor / 16Sneg_tumor,0.244774109,0.502757364,3,164,698,39686,CROT
16Spos_tumor / 16Sneg_tumor,0.497930132,0.793089682,26,164,4409,39686,CRP
16Spos_tumor / 16Sneg_tumor,0.126392667,0.207850528,1,164,600,39686,CRTAM
16Spos_tumor / 16Sneg_tumor,0.89468952,1.030119209,23,164,2775,39686,CRTC1
16Spos_tumor / 16Sneg_tumor,0.845193102,0.938989189,11,164,1346,39686,CRTC3
16Spos_tumor / 16Sneg_tumor,0.156090708,0.363458754,2,164,729,39686,CRYBG1
16Spos_tumor / 16Sneg_tumor,0.988555906,0.99679019,22,164,2948,39686,CS
16Spos_tumor / 16Sneg_tumor,0.810957166,1.111571506,6,164,705,39686,CSF2
16Spos_tumor / 16Sneg_tumor,0.38076597,0.521904267,2,164,538,39686,CSF2RB
16Spos_tumor / 16Sneg_tumor,0.589049207,1.213290653,11,164,1022,39686,CSF3
16Spos_tumor / 16Sneg_tumor,0.944286626,0.987190301,36,164,4927,39686,CSK
16Spos_tumor / 16Sneg_tumor,0.989935269,1.37E-07,0,164,261,39686,CSMD3
16Spos_tumor / 16Sneg_tumor,0.084152904,1.28629433,64,164,6308,39686,CSNK1A1
16Spos_tumor / 16Sneg_tumor,0.203104432,1.185679444,71,164,7662,39686,CSNK1D
16Spos_tumor / 16Sneg_tumor,0.848339792,1.039137973,30,164,3586,39686,CSNK1E
16Spos_tumor / 16Sneg_tumor,0.100286905,1.288044983,53,164,5697,39686,CSNK1G2
16Spos_tumor / 16Sneg_tumor,0.946102937,0.968671166,5,164,659,39686,CSNK1G3
16Spos_tumor / 16Sneg_tumor,0.523571471,0.710518975,4,164,734,39686,CSNK2A1
16Spos_tumor / 16Sneg_tumor,0.580919124,0.874076354,19,164,3017,39686,CSNK2A2
16Spos_tumor / 16Sneg_tumor,0.471250063,1.103097287,66,164,6377,39686,CSNK2B
16Spos_tumor / 16Sneg_tumor,0.166455436,1.767167979,8,164,550,39686,CSPG5
16Spos_tumor / 16Sneg_tumor,0.559963714,0.818149792,11,164,2675,39686,CST2
16Spos_tumor / 16Sneg_tumor,0.044813876,0.747753606,56,164,10583,39686,CST3
16Spos_tumor / 16Sneg_tumor,0.598207781,1.287782441,5,164,487,39686,CST7
16Spos_tumor / 16Sneg_tumor,0.890993438,1.037845306,20,164,2378,39686,CSTA
16Spos_tumor / 16Sneg_tumor,0.353453577,0.791921795,18,164,4675,39686,CSTB
16Spos_tumor / 16Sneg_tumor,0.477750468,0.779447754,10,164,1557,39686,CT45A
16Spos_tumor / 16Sneg_tumor,0.630198905,0.825613024,7,164,1081,39686,CTAG1A/B
16Spos_tumor / 16Sneg_tumor,0.714359083,1.157578995,7,164,818,39686,CTAGE1
16Spos_tumor / 16Sneg_tumor,0.066803813,1.254674491,94,164,9715,39686,CTBP1
16Spos_tumor / 16Sneg_tumor,0.456760316,0.881147151,43,164,6404,39686,CTBP2
16Spos_tumor / 16Sneg_tumor,0.41166034,0.784585309,13,164,2101,39686,CTCF
16Spos_tumor / 16Sneg_tumor,0.643741628,1.225216233,6,164,651,39686,CTCFL
16Spos_tumor / 16Sneg_tumor,0.508002738,0.894225291,43,164,4952,39686,CTDNEP1
16Spos_tumor / 16Sneg_tumor,0.519657501,0.894045491,41,164,5142,39686,CTDSP2
16Spos_tumor / 16Sneg_tumor,0.518647854,1.101516671,54,164,5195,39686,CTNNA1
16Spos_tumor / 16Sneg_tumor,0.605416161,0.738772725,3,164,499,39686,CTNNAL1
16Spos_tumor / 16Sneg_tumor,0.827131083,1.038486634,40,164,3976,39686,CTNNB1
16Spos_tumor / 16Sneg_tumor,0.152514552,0.765693411,34,164,5818,39686,CTNNBIP1
16Spos_tumor / 16Sneg_tumor,0.198182193,1.48912749,11,164,1028,39686,CTNNBL1
16Spos_tumor / 16Sneg_tumor,0.285935913,1.439035307,10,164,915,39686,CTNND1
16Spos_tumor / 16Sneg_tumor,0.216706896,0.41054612,2,164,600,39686,CTNND2
16Spos_tumor / 16Sneg_tumor,0.125961239,1.350136828,30,164,3030,39686,CTSA
16Spos_tumor / 16Sneg_tumor,0.979586188,1.00684425,17,164,2067,39686,CTSC
16Spos_tumor / 16Sneg_tumor,0.474826175,0.822017723,17,164,2393,39686,CTSF
16Spos_tumor / 16Sneg_tumor,0.902727523,1.048263882,8,164,960,39686,CTSG
16Spos_tumor / 16Sneg_tumor,0.211162494,0.783843963,36,164,9185,39686,CTSH
16Spos_tumor / 16Sneg_tumor,0.422486346,0.688991592,5,164,869,39686,CTSK
16Spos_tumor / 16Sneg_tumor,0.119878517,1.526846049,17,164,1139,39686,CTSO
16Spos_tumor / 16Sneg_tumor,0.304575876,1.078016508,481,164,56296,39686,CTTN
16Spos_tumor / 16Sneg_tumor,0.273759474,1.184629046,60,164,5999,39686,CTXN1
16Spos_tumor / 16Sneg_tumor,0.377712215,1.229069326,21,164,1680,39686,CUL1
16Spos_tumor / 16Sneg_tumor,0.395783452,1.367699411,8,164,719,39686,CUL2
16Spos_tumor / 16Sneg_tumor,0.762323034,1.110018948,9,164,1099,39686,CUL3
16Spos_tumor / 16Sneg_tumor,0.47870909,0.757073512,7,164,1375,39686,CUL4A
16Spos_tumor / 16Sneg_tumor,0.035233033,1.742111706,19,164,1321,39686,CUL5
16Spos_tumor / 16Sneg_tumor,0.730775625,0.9004313,12,164,1415,39686,CUX1
16Spos_tumor / 16Sneg_tumor,0.216734981,0.4078076,2,164,619,39686,CUZD1
16Spos_tumor / 16Sneg_tumor,0.156363464,0.691721339,17,164,2981,39686,CWC15
16Spos_tumor / 16Sneg_tumor,0.133654754,1.617762601,12,164,943,39686,CWF19L2
16Spos_tumor / 16Sneg_tumor,0.50391085,0.809828527,13,164,2021,39686,CX3CL1
16Spos_tumor / 16Sneg_tumor,0.775703714,0.86361149,4,164,566,39686,CX3CR1
16Spos_tumor / 16Sneg_tumor,0.742221894,1.067716497,33,164,3685,39686,CXADR
16Spos_tumor / 16Sneg_tumor,0.574548656,1.279313906,8,164,616,39686,CXCL1
16Spos_tumor / 16Sneg_tumor,0.758276719,0.862243595,5,164,733,39686,CXCL11
16Spos_tumor / 16Sneg_tumor,0.635728376,0.78853102,5,164,748,39686,CXCL14
16Spos_tumor / 16Sneg_tumor,0.065650065,0.595163393,16,164,4304,39686,CXCL17
16Spos_tumor / 16Sneg_tumor,0.489817311,0.651660818,3,164,431,39686,CXCL2
16Spos_tumor / 16Sneg_tumor,0.415987804,0.672458263,5,164,863,39686,CXCL3
16Spos_tumor / 16Sneg_tumor,0.550404451,1.32044133,6,164,439,39686,CXCL5
16Spos_tumor / 16Sneg_tumor,0.198433475,0.545798852,5,164,1095,39686,CXCL6
16Spos_tumor / 16Sneg_tumor,0.837445725,1.161321123,2,164,218,39686,CXCR1
16Spos_tumor / 16Sneg_tumor,0.933304072,1.051170202,3,164,356,39686,CXCR2
16Spos_tumor / 16Sneg_tumor,0.989505913,0.995406134,10,164,1127,39686,CXCR3
16Spos_tumor / 16Sneg_tumor,0.11607019,0.665538146,17,164,3413,39686,CXXC1
16Spos_tumor / 16Sneg_tumor,0.879632108,0.936242672,6,164,846,39686,CXXC4
16Spos_tumor / 16Sneg_tumor,0.54155306,0.8275102,12,164,1724,39686,CXXC5
16Spos_tumor / 16Sneg_tumor,0.598334471,0.905349396,33,164,4233,39686,CYB5B
16Spos_tumor / 16Sneg_tumor,0.841700222,1.056770107,14,164,1822,39686,CYB5R1
16Spos_tumor / 16Sneg_tumor,0.928495464,1.017291777,31,164,4288,39686,CYB5R3
16Spos_tumor / 16Sneg_tumor,0.722458142,0.944469938,46,164,6203,39686,CYC1
16Spos_tumor / 16Sneg_tumor,0.687402648,1.130019205,12,164,1326,39686,CYCS
16Spos_tumor / 16Sneg_tumor,0.062695309,1.53403898,22,164,1782,39686,CYFIP1
16Spos_tumor / 16Sneg_tumor,0.399433448,0.752358068,10,164,1366,39686,CYFIP2
16Spos_tumor / 16Sneg_tumor,0.788627292,1.100808828,10,164,996,39686,CYGB
16Spos_tumor / 16Sneg_tumor,0.764561724,0.904224282,10,164,1247,39686,CYLD
16Spos_tumor / 16Sneg_tumor,0.896648241,0.93548389,5,164,707,39686,CYP19A1
16Spos_tumor / 16Sneg_tumor,0.846684939,0.944632658,16,164,1663,39686,CYP27A1
16Spos_tumor / 16Sneg_tumor,0.877745494,1.06885989,6,164,695,39686,CYP2E1
16Spos_tumor / 16Sneg_tumor,0.654224366,1.156583109,11,164,1119,39686,CYP2R1
16Spos_tumor / 16Sneg_tumor,0.464480587,0.642094973,3,164,588,39686,CYP46A1
16Spos_tumor / 16Sneg_tumor,0.085235046,2.170461837,7,164,383,39686,CYP4A11
16Spos_tumor / 16Sneg_tumor,0.232160384,0.597868989,6,164,1209,39686,CYP4A22
16Spos_tumor / 16Sneg_tumor,0.550504664,0.763434411,6,164,993,39686,CYP4B1
16Spos_tumor / 16Sneg_tumor,0.868300051,1.046161829,16,164,1814,39686,CYP7B1
16Spos_tumor / 16Sneg_tumor,0.080833216,0.505617169,7,164,2669,39686,CYSTM1
16Spos_tumor / 16Sneg_tumor,0.079237609,1.393098358,35,164,3218,39686,CYTH1
16Spos_tumor / 16Sneg_tumor,0.887045482,0.977851037,56,164,6867,39686,CYTH2
16Spos_tumor / 16Sneg_tumor,0.009186643,1.382822331,111,164,10214,39686,D2HGDH
16Spos_tumor / 16Sneg_tumor,0.947962076,1.025182593,8,164,923,39686,DAAM1
16Spos_tumor / 16Sneg_tumor,0.093621445,1.952986596,9,164,535,39686,DAB1
16Spos_tumor / 16Sneg_tumor,0.554853001,0.835454602,12,164,2065,39686,DAB2IP
16Spos_tumor / 16Sneg_tumor,0.310981872,0.58572522,4,164,883,39686,DACH1
16Spos_tumor / 16Sneg_tumor,0.865175181,0.928111986,6,164,791,39686,DACH2
16Spos_tumor / 16Sneg_tumor,0.89215521,0.983805725,95,164,12354,39686,DAD1
16Spos_tumor / 16Sneg_tumor,0.736125464,0.902352367,12,164,1818,39686,DAPK1
16Spos_tumor / 16Sneg_tumor,0.895980262,1.054831405,7,164,724,39686,DAPK2
16Spos_tumor / 16Sneg_tumor,0.68871996,0.908392036,20,164,3319,39686,DAPK3
16Spos_tumor / 16Sneg_tumor,0.522748825,1.291915808,7,164,737,39686,DAPP1
16Spos_tumor / 16Sneg_tumor,0.447791254,0.754997615,8,164,1331,39686,DAXX
16Spos_tumor / 16Sneg_tumor,0.762420801,0.8972095,9,164,1167,39686,DBF4
16Spos_tumor / 16Sneg_tumor,0.849150287,0.97381661,68,164,9872,39686,DBI
16Spos_tumor / 16Sneg_tumor,0.281315261,1.606320513,6,164,500,39686,DBP
16Spos_tumor / 16Sneg_tumor,0.480975762,0.807625438,12,164,1589,39686,DCAF1
16Spos_tumor / 16Sneg_tumor,0.243231405,0.650785545,8,164,1594,39686,DCAF12
16Spos_tumor / 16Sneg_tumor,0.492290011,0.488529141,1,164,273,39686,DCC
16Spos_tumor / 16Sneg_tumor,0.437041833,0.625869627,3,164,641,39686,DCLK1
16Spos_tumor / 16Sneg_tumor,0.046509285,0.682593541,31,164,5923,39686,DCTN1
16Spos_tumor / 16Sneg_tumor,0.5605839,1.143129719,22,164,2451,39686,DCTN2
16Spos_tumor / 16Sneg_tumor,0.251605008,0.768233612,21,164,3726,39686,DCTN3
16Spos_tumor / 16Sneg_tumor,0.32442528,0.711516996,9,164,1605,39686,DCTN4
16Spos_tumor / 16Sneg_tumor,0.931395053,1.028215724,11,164,1282,39686,DCTN5
16Spos_tumor / 16Sneg_tumor,0.553879023,0.803973943,8,164,1335,39686,DCTN6
16Spos_tumor / 16Sneg_tumor,0.626213694,1.261714645,5,164,522,39686,DCX
16Spos_tumor / 16Sneg_tumor,0.91339634,1.019289893,38,164,4853,39686,DCXR
16Spos_tumor / 16Sneg_tumor,0.066497084,1.592207503,18,164,1419,39686,DDAH1
16Spos_tumor / 16Sneg_tumor,0.338033398,1.306315472,15,164,1261,39686,DDAH2
16Spos_tumor / 16Sneg_tumor,0.755028692,1.052425583,46,164,5321,39686,DDB1
16Spos_tumor / 16Sneg_tumor,0.094963097,1.452312109,23,164,1900,39686,DDB2
16Spos_tumor / 16Sneg_tumor,0.532944564,1.215659738,13,164,1721,39686,DDC
16Spos_tumor / 16Sneg_tumor,0.904173715,0.957335328,9,164,1095,39686,DDHD1
16Spos_tumor / 16Sneg_tumor,0.789356946,0.935100353,19,164,1754,39686,DDHD2
16Spos_tumor / 16Sneg_tumor,0.075226429,1.593268049,19,164,1426,39686,DDIT3
16Spos_tumor / 16Sneg_tumor,0.632908428,0.91628287,45,164,8240,39686,DDIT4
16Spos_tumor / 16Sneg_tumor,0.481982438,0.909764835,67,164,10816,39686,DDOST
16Spos_tumor / 16Sneg_tumor,0.671779451,1.046875698,128,164,12315,39686,DDR1
16Spos_tumor / 16Sneg_tumor,0.938178225,0.976177452,13,164,1261,39686,DDR2
16Spos_tumor / 16Sneg_tumor,0.007680595,1.804642098,24,164,1564,39686,DDT
16Spos_tumor / 16Sneg_tumor,0.538376484,0.870739467,23,164,3317,39686,DDX23
16Spos_tumor / 16Sneg_tumor,0.322658576,0.779489898,18,164,2562,39686,DDX24
16Spos_tumor / 16Sneg_tumor,0.541373834,1.18271551,15,164,1863,39686,DDX39A
16Spos_tumor / 16Sneg_tumor,0.831336036,0.958480632,30,164,3043,39686,DDX3X
16Spos_tumor / 16Sneg_tumor,0.783077122,0.934072285,19,164,2437,39686,DDX41
16Spos_tumor / 16Sneg_tumor,0.680089466,1.071474647,42,164,4421,39686,DDX42
16Spos_tumor / 16Sneg_tumor,0.985806649,1.008606644,5,164,635,39686,DDX43
16Spos_tumor / 16Sneg_tumor,0.590251335,1.169389548,13,164,1329,39686,DDX46
16Spos_tumor / 16Sneg_tumor,0.476668862,0.864241258,28,164,3719,39686,DDX6
16Spos_tumor / 16Sneg_tumor,0.449781928,1.208876721,18,164,1999,39686,DECR1
16Spos_tumor / 16Sneg_tumor,0.198496074,1.620104213,8,164,707,39686,DECR2
16Spos_tumor / 16Sneg_tumor,0.46229887,0.675129321,4,164,805,39686,DEFA4
16Spos_tumor / 16Sneg_tumor,0.068730058,0.47426687,7,164,1541,39686,DEFB1
16Spos_tumor / 16Sneg_tumor,0.523930913,1.273706079,8,164,727,39686,DEFB134
16Spos_tumor / 16Sneg_tumor,0.59665833,1.192250021,10,164,899,39686,DEGS1
16Spos_tumor / 16Sneg_tumor,0.563259595,0.832880777,11,164,1658,39686,DENND2D
16Spos_tumor / 16Sneg_tumor,0.880402939,0.959031282,17,164,2629,39686,DEPTOR
16Spos_tumor / 16Sneg_tumor,0.053873703,0.14368393,1,164,862,39686,DERA
16Spos_tumor / 16Sneg_tumor,0.479554451,0.869347464,31,164,4086,39686,DERL1
16Spos_tumor / 16Sneg_tumor,0.481460384,1.323698196,8,164,872,39686,DERL2
16Spos_tumor / 16Sneg_tumor,0.40914559,1.345386256,9,164,654,39686,DERL3
16Spos_tumor / 16Sneg_tumor,0.796474949,0.891360685,6,164,837,39686,DES
16Spos_tumor / 16Sneg_tumor,0.755666419,0.892328623,8,164,1064,39686,DFFA
16Spos_tumor / 16Sneg_tumor,0.492462811,1.149515477,34,164,3495,39686,DGKA
16Spos_tumor / 16Sneg_tumor,0.235961684,1.83801033,4,164,329,39686,DGKB
16Spos_tumor / 16Sneg_tumor,0.826374549,0.937963345,13,164,1750,39686,DGKD
16Spos_tumor / 16Sneg_tumor,0.534324389,1.178569262,18,164,1707,39686,DGKE
16Spos_tumor / 16Sneg_tumor,0.092052873,0.459829018,5,164,1375,39686,DGKG
16Spos_tumor / 16Sneg_tumor,0.158535892,0.520094923,5,164,1164,39686,DGKH
16Spos_tumor / 16Sneg_tumor,0.149065612,0.420128487,3,164,882,39686,DGKI
16Spos_tumor / 16Sneg_tumor,0.843540233,1.048998269,21,164,2420,39686,DGKQ
16Spos_tumor / 16Sneg_tumor,0.985925713,0.996193629,25,164,3152,39686,DGKZ
16Spos_tumor / 16Sneg_tumor,0.077620598,1.510790209,24,164,1932,39686,DGLUCY
16Spos_tumor / 16Sneg_tumor,0.946176176,0.993900065,224,164,18673,39686,DHCR24
16Spos_tumor / 16Sneg_tumor,0.974209919,1.00951453,14,164,1570,39686,DHFR
16Spos_tumor / 16Sneg_tumor,0.486298645,1.250765977,12,164,1224,39686,DHH
16Spos_tumor / 16Sneg_tumor,0.206075568,1.338811722,29,164,2879,39686,DHRS2
16Spos_tumor / 16Sneg_tumor,0.913025645,1.014427652,77,164,11505,39686,DHRS3
16Spos_tumor / 16Sneg_tumor,0.672578605,1.079422223,38,164,4397,39686,DHRS4
16Spos_tumor / 16Sneg_tumor,0.100910621,0.566038558,9,164,2132,39686,DHRS7B
16Spos_tumor / 16Sneg_tumor,0.026713262,1.333496882,92,164,7887,39686,DHX15
16Spos_tumor / 16Sneg_tumor,0.939965359,0.965250041,5,164,622,39686,DHX29
16Spos_tumor / 16Sneg_tumor,0.170380803,1.273853287,43,164,4148,39686,DHX36
16Spos_tumor / 16Sneg_tumor,0.240899227,1.258254584,33,164,3392,39686,DHX38
16Spos_tumor / 16Sneg_tumor,0.71696532,1.094880798,18,164,2216,39686,DHX8
16Spos_tumor / 16Sneg_tumor,0.330801447,1.299732301,16,164,1468,39686,DHX9
16Spos_tumor / 16Sneg_tumor,0.276863712,1.247967233,27,164,2658,39686,DIABLO
16Spos_tumor / 16Sneg_tumor,0.962710169,1.01008053,26,164,3015,39686,DIAPH1
16Spos_tumor / 16Sneg_tumor,0.769701053,0.9106311,11,164,1456,39686,DICER1
16Spos_tumor / 16Sneg_tumor,0.439255721,1.116295963,66,164,6794,39686,DIDO1
16Spos_tumor / 16Sneg_tumor,0.014593213,0.323440133,5,164,2067,39686,DIS3
16Spos_tumor / 16Sneg_tumor,0.010277128,1.52863692,47,164,3841,39686,DISC1
16Spos_tumor / 16Sneg_tumor,0.544962643,1.116697676,36,164,4772,39686,DKC1
16Spos_tumor / 16Sneg_tumor,0.651450745,0.870992908,16,164,2935,39686,DKK1
16Spos_tumor / 16Sneg_tumor,0.550180968,0.730181815,4,164,732,39686,DKK2
16Spos_tumor / 16Sneg_tumor,0.36923073,0.737544401,10,164,1543,39686,DKK4
16Spos_tumor / 16Sneg_tumor,0.427582174,0.711425049,6,164,1107,39686,DLAT
16Spos_tumor / 16Sneg_tumor,0.278323892,1.280304396,22,164,2045,39686,DLD
16Spos_tumor / 16Sneg_tumor,0.566957391,1.162265548,17,164,1747,39686,DLG1
16Spos_tumor / 16Sneg_tumor,0.52573499,0.821693555,12,164,1618,39686,DLG3
16Spos_tumor / 16Sneg_tumor,0.797484621,0.911875073,9,164,818,39686,DLG4
16Spos_tumor / 16Sneg_tumor,0.196386728,0.394141659,2,164,599,39686,DLGAP2
16Spos_tumor / 16Sneg_tumor,0.469932921,1.270142436,11,164,1099,39686,DLGAP5
16Spos_tumor / 16Sneg_tumor,0.699915929,0.813749158,4,164,584,39686,DLK1
16Spos_tumor / 16Sneg_tumor,0.346256047,0.661560132,6,164,1092,39686,DLL1
16Spos_tumor / 16Sneg_tumor,0.215308501,1.49443596,14,164,1061,39686,DLL3
16Spos_tumor / 16Sneg_tumor,0.559782616,0.740173114,4,164,687,39686,DLL4
16Spos_tumor / 16Sneg_tumor,0.13095276,0.691083582,18,164,3326,39686,DLST
16Spos_tumor / 16Sneg_tumor,0.998942621,1.000516825,7,164,938,39686,DLX1
16Spos_tumor / 16Sneg_tumor,0.525011343,1.291675354,7,164,700,39686,DLX5
16Spos_tumor / 16Sneg_tumor,0.00013792,1.687395289,68,164,4148,39686,DMAP1
16Spos_tumor / 16Sneg_tumor,0.9708077,1.016439131,8,164,1324,39686,DMBT1
16Spos_tumor / 16Sneg_tumor,0.716685051,0.865386182,7,164,953,39686,DNAH14
16Spos_tumor / 16Sneg_tumor,0.283861052,0.574184338,4,164,846,39686,DNAH6
16Spos_tumor / 16Sneg_tumor,0.987812228,1.02E-07,0,164,408,39686,DNAH7
16Spos_tumor / 16Sneg_tumor,0.020994478,0.660116404,37,164,5981,39686,DNAJA1
16Spos_tumor / 16Sneg_tumor,0.579885389,1.171352709,13,164,1405,39686,DNAJA2
16Spos_tumor / 16Sneg_tumor,0.775775116,1.044620351,91,164,14820,39686,DNAJB1
16Spos_tumor / 16Sneg_tumor,0.038743628,1.611912646,21,164,1537,39686,DNAJB11
16Spos_tumor / 16Sneg_tumor,0.30258718,1.295599805,18,164,1730,39686,DNAJB12
16Spos_tumor / 16Sneg_tumor,0.445724973,1.284840318,10,164,1138,39686,DNAJB2
16Spos_tumor / 16Sneg_tumor,0.976813351,1.008041102,15,164,1780,39686,DNAJC1
16Spos_tumor / 16Sneg_tumor,0.792624296,1.04550266,45,164,5090,39686,DNAJC10
16Spos_tumor / 16Sneg_tumor,0.828740593,0.961314849,36,164,4040,39686,DNAJC11
16Spos_tumor / 16Sneg_tumor,0.295404002,0.58642844,4,164,798,39686,DNAJC13
16Spos_tumor / 16Sneg_tumor,0.522686059,0.74239379,5,164,864,39686,DNAJC3
16Spos_tumor / 16Sneg_tumor,0.916927681,0.976201754,22,164,3135,39686,DNAJC5
16Spos_tumor / 16Sneg_tumor,0.111520758,0.592529088,10,164,2124,39686,DNAJC7
16Spos_tumor / 16Sneg_tumor,0.200743371,0.623150113,8,164,1553,39686,DNASE1L1
16Spos_tumor / 16Sneg_tumor,0.563119508,1.190341086,12,164,1466,39686,DNASE2
16Spos_tumor / 16Sneg_tumor,0.287155193,1.496246918,9,164,761,39686,DNER
16Spos_tumor / 16Sneg_tumor,0.387577423,0.762965492,12,164,2163,39686,DNM1
16Spos_tumor / 16Sneg_tumor,0.930924255,0.98081612,23,164,2554,39686,DNM1L
16Spos_tumor / 16Sneg_tumor,0.741383711,0.942148855,36,164,6195,39686,DNM2
16Spos_tumor / 16Sneg_tumor,0.031021805,1.989429638,14,164,760,39686,DNM3
16Spos_tumor / 16Sneg_tumor,0.527866541,0.81890398,11,164,1813,39686,DNMT1
16Spos_tumor / 16Sneg_tumor,0.308469906,1.271812206,20,164,1932,39686,DNMT3A
16Spos_tumor / 16Sneg_tumor,0.768735443,0.889688483,8,164,1155,39686,DNMT3B
16Spos_tumor / 16Sneg_tumor,0.333471329,1.430307175,9,164,822,39686,DNMT3L
16Spos_tumor / 16Sneg_tumor,0.412050639,0.604724282,3,164,623,39686,DNTT
16Spos_tumor / 16Sneg_tumor,0.443953876,1.135421937,49,164,4756,39686,DOCK1
16Spos_tumor / 16Sneg_tumor,0.480983986,0.651074592,3,164,532,39686,DOCK3
16Spos_tumor / 16Sneg_tumor,0.921794239,1.048726536,5,164,579,39686,DOCK4
16Spos_tumor / 16Sneg_tumor,0.980505477,1.007825565,12,164,1470,39686,DOCK9
16Spos_tumor / 16Sneg_tumor,0.941044699,1.031220184,7,164,883,39686,DOK6
16Spos_tumor / 16Sneg_tumor,0.572703793,0.666273951,2,164,490,39686,DPP4
16Spos_tumor / 16Sneg_tumor,0.355545224,1.172576087,42,164,4735,39686,DPP7
16Spos_tumor / 16Sneg_tumor,0.849916499,1.059376176,14,164,1556,39686,DPPA3
16Spos_tumor / 16Sneg_tumor,0.607555029,0.681033996,2,164,373,39686,DPPA4
16Spos_tumor / 16Sneg_tumor,0.760431945,0.899408993,10,164,1259,39686,DPPA5
16Spos_tumor / 16Sneg_tumor,0.373241359,0.625536339,4,164,894,39686,DPT
16Spos_tumor / 16Sneg_tumor,0.01779692,0.623674897,29,164,5723,39686,DPY30
16Spos_tumor / 16Sneg_tumor,0.738883941,0.908430598,13,164,1619,39686,DR1
16Spos_tumor / 16Sneg_tumor,0.771459728,1.048803098,48,164,5697,39686,DRAP1
16Spos_tumor / 16Sneg_tumor,0.832377999,0.895444444,4,164,594,39686,DRD1
16Spos_tumor / 16Sneg_tumor,0.273085332,0.451782925,2,164,517,39686,DRD2
16Spos_tumor / 16Sneg_tumor,0.14554271,1.504570986,17,164,1241,39686,DRD4
16Spos_tumor / 16Sneg_tumor,0.283978631,1.235095558,37,164,3461,39686,DSC2
16Spos_tumor / 16Sneg_tumor,0.869085895,1.075244552,6,164,713,39686,DSC3
16Spos_tumor / 16Sneg_tumor,0.468928047,0.650865298,3,164,567,39686,DSCAM
16Spos_tumor / 16Sneg_tumor,0.321086153,1.37436207,12,164,1013,39686,DSCAML1
16Spos_tumor / 16Sneg_tumor,0.934468527,0.965437125,7,164,873,39686,DSG3
16Spos_tumor / 16Sneg_tumor,0.171644056,1.252345203,48,164,4408,39686,DSP
16Spos_tumor / 16Sneg_tumor,0.345309301,1.184176853,43,164,4573,39686,DST
16Spos_tumor / 16Sneg_tumor,0.873133397,0.908699619,3,164,396,39686,DTL
16Spos_tumor / 16Sneg_tumor,0.608573315,1.164048091,15,164,1188,39686,DTNA
16Spos_tumor / 16Sneg_tumor,0.08982469,1.434312797,29,164,2400,39686,DTNBP1
16Spos_tumor / 16Sneg_tumor,0.526509567,0.758995942,6,164,1030,39686,DTX1
16Spos_tumor / 16Sneg_tumor,0.128874795,1.51678668,17,164,1437,39686,DTX3
16Spos_tumor / 16Sneg_tumor,0.913837499,0.960048229,8,164,1299,39686,DTX4
16Spos_tumor / 16Sneg_tumor,0.756575942,1.109983067,10,164,1242,39686,DUOX1
16Spos_tumor / 16Sneg_tumor,0.619355135,0.840999607,10,164,1477,39686,DUSP10
16Spos_tumor / 16Sneg_tumor,0.284597923,0.705951065,10,164,1602,39686,DUSP16
16Spos_tumor / 16Sneg_tumor,0.774192823,0.970758549,221,164,36156,39686,DUSP2
16Spos_tumor / 16Sneg_tumor,0.05160357,1.69331919,15,164,1322,39686,DUSP3
16Spos_tumor / 16Sneg_tumor,0.495527068,0.813897302,13,164,1974,39686,DUSP4
16Spos_tumor / 16Sneg_tumor,0.95969861,0.982685876,11,164,2156,39686,DUSP5
16Spos_tumor / 16Sneg_tumor,0.022132311,1.584761695,31,164,2861,39686,DUSP6
16Spos_tumor / 16Sneg_tumor,0.238297462,1.305248132,26,164,2529,39686,DUSP8
16Spos_tumor / 16Sneg_tumor,0.429151902,1.158152552,41,164,2953,39686,DVL2
16Spos_tumor / 16Sneg_tumor,0.427382864,1.127438292,52,164,5593,39686,DVL3
16Spos_tumor / 16Sneg_tumor,0.629943805,0.909352329,30,164,3791,39686,DYNC1H1
16Spos_tumor / 16Sneg_tumor,0.272295191,1.461437406,11,164,837,39686,DYNC1I1
16Spos_tumor / 16Sneg_tumor,0.461692526,0.835024683,19,164,2885,39686,DYNC1I2
16Spos_tumor / 16Sneg_tumor,0.733767413,1.11382143,12,164,1238,39686,DYNC1LI1
16Spos_tumor / 16Sneg_tumor,0.34828096,0.842355043,38,164,5861,39686,DYNC1LI2
16Spos_tumor / 16Sneg_tumor,0.417869759,0.780063278,12,164,1621,39686,DYNC2H1
16Spos_tumor / 16Sneg_tumor,0.092312791,0.802473521,75,164,12755,39686,DYNLL1
16Spos_tumor / 16Sneg_tumor,0.485406844,1.18086624,22,164,1853,39686,DYNLL2
16Spos_tumor / 16Sneg_tumor,0.030770434,0.689909312,38,164,6918,39686,DYNLT1
16Spos_tumor / 16Sneg_tumor,0.61013082,0.837343642,9,164,1206,39686,DYRK1A
16Spos_tumor / 16Sneg_tumor,0.449136136,0.734468887,7,164,1101,39686,DZIP1
16Spos_tumor / 16Sneg_tumor,0.5490078,0.829240641,12,164,1697,39686,DZIP3
16Spos_tumor / 16Sneg_tumor,0.928416713,1.032228016,10,164,1316,39686,E2F1
16Spos_tumor / 16Sneg_tumor,0.070238057,1.394594512,38,164,3013,39686,E2F3
16Spos_tumor / 16Sneg_tumor,0.376421871,1.198588376,29,164,3601,39686,E2F4
16Spos_tumor / 16Sneg_tumor,0.396034298,1.379436537,8,164,726,39686,E2F5
16Spos_tumor / 16Sneg_tumor,0.980853066,1.014527929,3,164,382,39686,EBI3
16Spos_tumor / 16Sneg_tumor,0.29315555,0.744401919,14,164,2060,39686,EBP
16Spos_tumor / 16Sneg_tumor,0.716138087,0.920660034,23,164,3971,39686,ECHS1
16Spos_tumor / 16Sneg_tumor,0.784142306,1.050255864,38,164,4742,39686,ECI1
16Spos_tumor / 16Sneg_tumor,0.169892054,0.762612184,32,164,5115,39686,ECI2
16Spos_tumor / 16Sneg_tumor,0.538182424,0.845018799,16,164,2764,39686,ECSIT
16Spos_tumor / 16Sneg_tumor,0.234411993,1.374280808,17,164,1314,39686,EDA
16Spos_tumor / 16Sneg_tumor,0.250963277,1.343042123,17,164,1610,39686,EDEM1
16Spos_tumor / 16Sneg_tumor,0.028729129,1.54760645,30,164,2838,39686,EDEM2
16Spos_tumor / 16Sneg_tumor,0.896309039,0.947177335,6,164,910,39686,EDEM3
16Spos_tumor / 16Sneg_tumor,0.087217149,0.283808245,2,164,959,39686,EDN1
16Spos_tumor / 16Sneg_tumor,0.361059403,1.522353605,6,164,543,39686,EDN3
16Spos_tumor / 16Sneg_tumor,0.61656579,1.205657858,8,164,806,39686,EDNRA
16Spos_tumor / 16Sneg_tumor,0.583273789,1.140798258,21,164,1775,39686,EEA1
16Spos_tumor / 16Sneg_tumor,0.092854984,1.628614828,14,164,1186,39686,EED
16Spos_tumor / 16Sneg_tumor,0.483055473,1.195517447,18,164,1906,39686,EEF2K
16Spos_tumor / 16Sneg_tumor,0.021081695,0.254666982,3,164,1554,39686,EFNA1
16Spos_tumor / 16Sneg_tumor,0.433520774,0.622601989,3,164,593,39686,EFNA2
16Spos_tumor / 16Sneg_tumor,0.781285903,0.929912709,18,164,2363,39686,EFNA4
16Spos_tumor / 16Sneg_tumor,0.454715095,0.772341041,9,164,1445,39686,EFNA5
16Spos_tumor / 16Sneg_tumor,0.629967941,1.145699009,14,164,1519,39686,EFNB1
16Spos_tumor / 16Sneg_tumor,0.119157333,0.205553949,1,164,592,39686,EFNB2
16Spos_tumor / 16Sneg_tumor,0.286107276,0.456075136,2,164,535,39686,EFNB3
16Spos_tumor / 16Sneg_tumor,0.712935868,0.90132403,14,164,2227,39686,EFTUD2
16Spos_tumor / 16Sneg_tumor,0.54924135,0.698296582,3,164,556,39686,EGF
16Spos_tumor / 16Sneg_tumor,0.00997316,1.495126659,61,164,5230,39686,EGFR
16Spos_tumor / 16Sneg_tumor,0.581847112,0.8765537,21,164,2709,39686,EGLN1
16Spos_tumor / 16Sneg_tumor,0.235157865,1.392534107,18,164,2037,39686,EGLN3
16Spos_tumor / 16Sneg_tumor,0.716827514,0.767283706,2,164,357,39686,EGR2
16Spos_tumor / 16Sneg_tumor,0.400765008,1.177268385,34,164,4892,39686,EHBP1L1
16Spos_tumor / 16Sneg_tumor,0.604653618,1.129363566,22,164,3026,39686,EHD1
16Spos_tumor / 16Sneg_tumor,0.749662398,0.90365742,11,164,1562,39686,EHD4
16Spos_tumor / 16Sneg_tumor,0.27662909,0.456268367,2,164,548,39686,EHHADH
16Spos_tumor / 16Sneg_tumor,0.71978163,1.063178705,41,164,4348,39686,EHMT1
16Spos_tumor / 16Sneg_tumor,0.161129143,1.340547672,28,164,2078,39686,EHMT2
16Spos_tumor / 16Sneg_tumor,0.159520212,0.36144009,2,164,703,39686,EIF1AY
16Spos_tumor / 16Sneg_tumor,0.154958012,1.245583652,50,164,6142,39686,EIF2AK1
16Spos_tumor / 16Sneg_tumor,0.650105967,1.076601919,57,164,4240,39686,EIF2AK2
16Spos_tumor / 16Sneg_tumor,0.015193822,1.601642141,37,164,2556,39686,EIF2AK3
16Spos_tumor / 16Sneg_tumor,0.371740968,1.203186006,29,164,2952,39686,EIF2B1
16Spos_tumor / 16Sneg_tumor,0.155547744,0.669236621,15,164,2726,39686,EIF2B4
16Spos_tumor / 16Sneg_tumor,0.89436131,0.964053089,15,164,2009,39686,EIF2B5
16Spos_tumor / 16Sneg_tumor,0.10736704,0.603029734,11,164,2270,39686,EIF2S1
16Spos_tumor / 16Sneg_tumor,0.394367708,1.132796861,56,164,6245,39686,EIF2S2
16Spos_tumor / 16Sneg_tumor,0.634237432,0.900487353,25,164,3338,39686,EIF2S3
16Spos_tumor / 16Sneg_tumor,0.895316363,1.033246375,18,164,2153,39686,EIF3A
16Spos_tumor / 16Sneg_tumor,0.502167034,1.110406888,49,164,5261,39686,EIF3C
16Spos_tumor / 16Sneg_tumor,0.189155805,0.79289374,38,164,5810,39686,EIF3D
16Spos_tumor / 16Sneg_tumor,0.752462003,1.08634659,16,164,1849,39686,EIF3I
16Spos_tumor / 16Sneg_tumor,0.54722228,1.092384024,61,164,7262,39686,EIF3J
16Spos_tumor / 16Sneg_tumor,0.190931804,0.859584708,115,164,16910,39686,EIF4A1
16Spos_tumor / 16Sneg_tumor,0.328518419,1.11010779,144,164,15181,39686,EIF4A2
16Spos_tumor / 16Sneg_tumor,0.569366814,1.127789468,28,164,2993,39686,EIF4A3
16Spos_tumor / 16Sneg_tumor,0.83751606,1.073701108,9,164,1060,39686,EIF4E
16Spos_tumor / 16Sneg_tumor,0.793043019,1.069622684,18,164,2102,39686,EIF4E2
16Spos_tumor / 16Sneg_tumor,0.406143414,0.720357693,7,164,1212,39686,EIF4E3
16Spos_tumor / 16Sneg_tumor,0.339813177,0.777872509,17,164,2305,39686,EIF4EBP1
16Spos_tumor / 16Sneg_tumor,0.845471327,1.05422811,15,164,1709,39686,EIF4EBP2
16Spos_tumor / 16Sneg_tumor,0.475465476,0.741258889,6,164,995,39686,EIF4EBP3
16Spos_tumor / 16Sneg_tumor,0.205508643,0.844651062,72,164,9765,39686,EIF4G1
16Spos_tumor / 16Sneg_tumor,0.880999945,0.968976329,27,164,2882,39686,EIF4G3
16Spos_tumor / 16Sneg_tumor,0.962856012,0.993278748,57,164,6418,39686,EIF4H
16Spos_tumor / 16Sneg_tumor,0.1930465,0.87252358,118,164,14811,39686,EIF5A
16Spos_tumor / 16Sneg_tumor,0.153410041,0.66271788,13,164,2171,39686,EIF5B
16Spos_tumor / 16Sneg_tumor,0.143598847,0.759519669,33,164,6404,39686,EIF6
16Spos_tumor / 16Sneg_tumor,0.873264274,0.945798264,10,164,1297,39686,ELANE
16Spos_tumor / 16Sneg_tumor,0.370046504,0.862277583,40,164,6494,39686,ELAVL1
16Spos_tumor / 16Sneg_tumor,0.666946577,0.76782047,3,164,524,39686,ELAVL4
16Spos_tumor / 16Sneg_tumor,0.17966247,0.819923073,71,164,12126,39686,ELF3
16Spos_tumor / 16Sneg_tumor,0.171397909,1.564077024,11,164,883,39686,ELF4
16Spos_tumor / 16Sneg_tumor,0.802946963,0.918032031,10,164,1163,39686,ELK1
16Spos_tumor / 16Sneg_tumor,0.716258483,0.881879106,9,164,1233,39686,ELK4
16Spos_tumor / 16Sneg_tumor,0.066371983,1.51686294,26,164,1974,39686,ELL
16Spos_tumor / 16Sneg_tumor,0.101294016,1.447770054,26,164,2099,39686,ELL2
16Spos_tumor / 16Sneg_tumor,0.01901361,2.226742571,9,164,494,39686,ELMO2
16Spos_tumor / 16Sneg_tumor,0.416998178,0.925211845,174,164,23545,39686,ELOB
16Spos_tumor / 16Sneg_tumor,0.193353849,1.249377622,43,164,3986,39686,ELOC
16Spos_tumor / 16Sneg_tumor,0.786842076,1.042244625,49,164,5427,39686,ELOVL1
16Spos_tumor / 16Sneg_tumor,0.185872291,1.363515653,22,164,1714,39686,ELOVL5
16Spos_tumor / 16Sneg_tumor,0.947995943,1.025177841,8,164,979,39686,ELOVL6
16Spos_tumor / 16Sneg_tumor,0.092215307,0.487860452,6,164,1374,39686,ELOVL7
16Spos_tumor / 16Sneg_tumor,0.756738129,0.908269004,12,164,1566,39686,ELP1
16Spos_tumor / 16Sneg_tumor,0.476895246,0.74253009,6,164,1012,39686,ELP2
16Spos_tumor / 16Sneg_tumor,0.015004739,1.838183013,21,164,1358,39686,ELP3
16Spos_tumor / 16Sneg_tumor,0.048684415,1.746693184,16,164,982,39686,ELP4
16Spos_tumor / 16Sneg_tumor,0.317566419,0.796228343,23,164,2623,39686,ELP5
16Spos_tumor / 16Sneg_tumor,0.321477966,0.735243953,12,164,1903,39686,ELP6
16Spos_tumor / 16Sneg_tumor,0.928142434,0.963018696,7,164,987,39686,EMCN
16Spos_tumor / 16Sneg_tumor,0.521243123,1.148299483,25,164,3008,39686,EMD
16Spos_tumor / 16Sneg_tumor,0.544753168,1.149023025,22,164,3011,39686,EML4
16Spos_tumor / 16Sneg_tumor,0.98836358,0.996555263,20,164,2511,39686,EMP2
16Spos_tumor / 16Sneg_tumor,0.31160596,0.796058758,22,164,3080,39686,ENAH
16Spos_tumor / 16Sneg_tumor,0.405706937,0.770853324,12,164,1812,39686,ENDOD1
16Spos_tumor / 16Sneg_tumor,0.838491526,0.928747466,8,164,1106,39686,ENDOG
16Spos_tumor / 16Sneg_tumor,0.675377112,1.04124663,463,164,55124,39686,ENO1
16Spos_tumor / 16Sneg_tumor,0.16319124,1.343582819,29,164,2279,39686,ENO2
16Spos_tumor / 16Sneg_tumor,0.382217753,0.656368035,5,164,1020,39686,ENPP2
16Spos_tumor / 16Sneg_tumor,0.541002465,0.805187738,9,164,1366,39686,ENPP4
16Spos_tumor / 16Sneg_tumor,0.648528529,1.254135142,5,164,484,39686,ENPP6
16Spos_tumor / 16Sneg_tumor,0.695204127,1.049020307,82,164,10048,39686,ENSA
16Spos_tumor / 16Sneg_tumor,0.708909099,1.086234091,24,164,3339,39686,ENTPD2
16Spos_tumor / 16Sneg_tumor,0.361600978,0.759485964,12,164,1982,39686,ENTPD4
16Spos_tumor / 16Sneg_tumor,0.245837497,1.472859028,11,164,958,39686,ENY2
16Spos_tumor / 16Sneg_tumor,0.240340156,1.642643845,7,164,575,39686,EOMES
16Spos_tumor / 16Sneg_tumor,0.25365138,1.339941786,16,164,1497,39686,EP300
16Spos_tumor / 16Sneg_tumor,0.619723822,1.143309217,15,164,1452,39686,EP400
16Spos_tumor / 16Sneg_tumor,0.874177128,1.048799652,13,164,1304,39686,EPB41
16Spos_tumor / 16Sneg_tumor,0.790349114,0.919459433,11,164,1725,39686,EPB41L1
16Spos_tumor / 16Sneg_tumor,0.694408206,1.115124051,17,164,1640,39686,EPB41L4A
16Spos_tumor / 16Sneg_tumor,0.018355995,0.413596575,8,164,2300,39686,EPB41L5
16Spos_tumor / 16Sneg_tumor,0.501977738,1.182528899,19,164,1810,39686,EPC1
16Spos_tumor / 16Sneg_tumor,0.375159604,0.862254554,42,164,7348,39686,EPCAM
16Spos_tumor / 16Sneg_tumor,0.639892508,0.888468849,19,164,3402,39686,EPHA2
16Spos_tumor / 16Sneg_tumor,0.892757495,1.050745197,9,164,1057,39686,EPHA4
16Spos_tumor / 16Sneg_tumor,0.166760903,1.618953317,11,164,761,39686,EPHA6
16Spos_tumor / 16Sneg_tumor,0.631197271,1.160655964,16,164,1443,39686,EPHA7
16Spos_tumor / 16Sneg_tumor,0.461307165,0.709168929,5,164,935,39686,EPHB1
16Spos_tumor / 16Sneg_tumor,0.212742562,0.589376001,6,164,1517,39686,EPHB2
16Spos_tumor / 16Sneg_tumor,0.868810831,1.069556629,7,164,969,39686,EPHB3
16Spos_tumor / 16Sneg_tumor,0.961683085,0.990142485,29,164,3829,39686,EPHB4
16Spos_tumor / 16Sneg_tumor,0.687964137,0.884638975,13,164,1559,39686,EPHB6
16Spos_tumor / 16Sneg_tumor,0.363673659,0.696247561,7,164,1180,39686,EPHX2
16Spos_tumor / 16Sneg_tumor,0.03115376,0.395206029,6,164,1645,39686,EPM2AIP1
16Spos_tumor / 16Sneg_tumor,0.450143288,1.103878902,75,164,9240,39686,EPN1
16Spos_tumor / 16Sneg_tumor,0.437389999,1.229270731,17,164,1662,39686,EPN2
16Spos_tumor / 16Sneg_tumor,0.301701414,1.462371182,10,164,833,39686,EPO
16Spos_tumor / 16Sneg_tumor,0.725940815,1.106229936,15,164,1636,39686,EPOR
16Spos_tumor / 16Sneg_tumor,0.978554142,0.987790175,5,164,540,39686,EPS15
16Spos_tumor / 16Sneg_tumor,0.707709437,0.919155476,24,164,3407,39686,EPS15L1
16Spos_tumor / 16Sneg_tumor,0.712998082,0.898000808,14,164,1504,39686,ERAP1
16Spos_tumor / 16Sneg_tumor,0.341496218,0.504042575,2,164,572,39686,ERAP2
16Spos_tumor / 16Sneg_tumor,0.01210246,1.27052821,357,164,64767,39686,ERBB2
16Spos_tumor / 16Sneg_tumor,0.144640973,0.744332094,28,164,5621,39686,ERBB3
16Spos_tumor / 16Sneg_tumor,0.405643536,1.162274653,42,164,3236,39686,ERC1
16Spos_tumor / 16Sneg_tumor,0.14120282,1.752594303,9,164,561,39686,ERC2
16Spos_tumor / 16Sneg_tumor,0.716116944,1.090865811,21,164,2389,39686,ERCC1
16Spos_tumor / 16Sneg_tumor,0.732273674,0.902622065,12,164,1749,39686,ERCC2
16Spos_tumor / 16Sneg_tumor,0.001735643,1.975946032,23,164,1436,39686,ERCC3
16Spos_tumor / 16Sneg_tumor,0.830311538,0.905826027,5,164,740,39686,ERCC6
16Spos_tumor / 16Sneg_tumor,0.37915736,0.688600018,6,164,912,39686,ERCC6L2
16Spos_tumor / 16Sneg_tumor,0.026929745,1.753270911,21,164,1539,39686,ERCC8
16Spos_tumor / 16Sneg_tumor,0.988727102,1.16E-07,0,164,336,39686,EREG
16Spos_tumor / 16Sneg_tumor,0.601538554,0.756276041,4,164,633,39686,ERG
16Spos_tumor / 16Sneg_tumor,0.812704697,1.076227827,12,164,1512,39686,ERG28
16Spos_tumor / 16Sneg_tumor,0.343645954,1.21567441,30,164,3453,39686,ERLEC1
16Spos_tumor / 16Sneg_tumor,0.59647016,0.86217145,14,164,1958,39686,ERMP1
16Spos_tumor / 16Sneg_tumor,0.879570582,1.044526687,14,164,1886,39686,ERN1
16Spos_tumor / 16Sneg_tumor,0.259014808,1.25188312,32,164,3953,39686,ERO1A
16Spos_tumor / 16Sneg_tumor,0.051140037,0.720921239,42,164,6354,39686,ERP29
16Spos_tumor / 16Sneg_tumor,0.649157141,0.887743315,17,164,1790,39686,ERP44
16Spos_tumor / 16Sneg_tumor,0.218240124,0.689678462,15,164,3205,39686,ERRFI1
16Spos_tumor / 16Sneg_tumor,0.788692985,1.076291165,16,164,1694,39686,ESCO1
16Spos_tumor / 16Sneg_tumor,0.55792377,1.120759418,51,164,2672,39686,ESR1
16Spos_tumor / 16Sneg_tumor,0.236777895,0.295456044,1,164,450,39686,ESR2
16Spos_tumor / 16Sneg_tumor,0.083048171,1.337339598,42,164,5057,39686,ESRRA
16Spos_tumor / 16Sneg_tumor,0.263737475,1.535991377,8,164,654,39686,ESRRB
16Spos_tumor / 16Sneg_tumor,0.971852643,1.014040785,7,164,805,39686,ESYT1
16Spos_tumor / 16Sneg_tumor,0.22208316,0.771797557,26,164,3808,39686,ESYT2
16Spos_tumor / 16Sneg_tumor,0.584136286,1.122887638,26,164,2786,39686,ETF1
16Spos_tumor / 16Sneg_tumor,0.396551578,1.166156089,37,164,3514,39686,ETFA
16Spos_tumor / 16Sneg_tumor,0.168199443,0.806523676,55,164,9557,39686,ETFB
16Spos_tumor / 16Sneg_tumor,0.1065612,0.710061099,26,164,4645,39686,ETNK1
16Spos_tumor / 16Sneg_tumor,0.148256347,0.632062773,11,164,2394,39686,ETS2
16Spos_tumor / 16Sneg_tumor,0.944226311,1.019996411,15,164,2527,39686,ETV1
16Spos_tumor / 16Sneg_tumor,0.703097032,0.878930146,10,164,1754,39686,ETV4
16Spos_tumor / 16Sneg_tumor,0.231334048,1.29725684,31,164,3002,39686,ETV5
16Spos_tumor / 16Sneg_tumor,0.776140194,0.929329897,17,164,2288,39686,ETV6
16Spos_tumor / 16Sneg_tumor,0.268651661,1.516542329,9,164,768,39686,ETV7
16Spos_tumor / 16Sneg_tumor,0.113273924,0.555853099,8,164,1338,39686,EVI5
16Spos_tumor / 16Sneg_tumor,0.345110123,1.178192281,40,164,3497,39686,EWSR1
16Spos_tumor / 16Sneg_tumor,0.000841529,2.900397234,12,164,502,39686,EXO1
16Spos_tumor / 16Sneg_tumor,0.025484013,1.436610798,57,164,4188,39686,EXOC4
16Spos_tumor / 16Sneg_tumor,0.502395534,0.670685629,3,164,565,39686,EXOC6
16Spos_tumor / 16Sneg_tumor,0.246227963,1.182869694,62,164,6370,39686,EXOC7
16Spos_tumor / 16Sneg_tumor,0.917354811,1.04076242,8,164,921,39686,EXOG
16Spos_tumor / 16Sneg_tumor,0.918615136,1.017180054,44,164,5029,39686,EXOSC1
16Spos_tumor / 16Sneg_tumor,0.893544384,0.956776739,10,164,1235,39686,EXOSC3
16Spos_tumor / 16Sneg_tumor,0.462277773,0.843714886,21,164,3074,39686,EXOSC4
16Spos_tumor / 16Sneg_tumor,0.19195382,0.661019871,11,164,2146,39686,EXOSC5
16Spos_tumor / 16Sneg_tumor,0.569607902,0.829646606,10,164,1499,39686,EXT1
16Spos_tumor / 16Sneg_tumor,0.722031969,1.12695548,10,164,1232,39686,EXTL3
16Spos_tumor / 16Sneg_tumor,0.303647321,0.615082315,5,164,925,39686,EYA1
16Spos_tumor / 16Sneg_tumor,0.730219114,1.128614695,10,164,1253,39686,EYA4
16Spos_tumor / 16Sneg_tumor,0.51277374,0.709008388,4,164,673,39686,EZH2
16Spos_tumor / 16Sneg_tumor,0.290236004,0.8789015,95,164,14181,39686,EZR
16Spos_tumor / 16Sneg_tumor,0.566420846,0.73945285,4,164,686,39686,F10
16Spos_tumor / 16Sneg_tumor,0.467223238,0.900965719,57,164,7527,39686,F11R
16Spos_tumor / 16Sneg_tumor,0.074404472,0.16459735,1,164,893,39686,F12
16Spos_tumor / 16Sneg_tumor,0.712689543,0.852412396,6,164,900,39686,F2
16Spos_tumor / 16Sneg_tumor,0.358624573,0.576357051,3,164,662,39686,F2RL1
16Spos_tumor / 16Sneg_tumor,0.488162621,0.84120168,21,164,3247,39686,F2RL3
16Spos_tumor / 16Sneg_tumor,0.105375265,0.305732296,2,164,790,39686,F8
16Spos_tumor / 16Sneg_tumor,0.249880682,1.29259903,24,164,2857,39686,FA2H
16Spos_tumor / 16Sneg_tumor,0.549526533,0.83917826,15,164,1685,39686,FAAH2
16Spos_tumor / 16Sneg_tumor,0.477174247,0.82862943,17,164,2317,39686,FAAP20
16Spos_tumor / 16Sneg_tumor,0.954441209,1.014878551,19,164,2752,39686,FAAP24
16Spos_tumor / 16Sneg_tumor,0.640465674,0.833162511,8,164,1125,39686,FABP1
16Spos_tumor / 16Sneg_tumor,0.886822213,0.948408447,9,164,926,39686,FABP3
16Spos_tumor / 16Sneg_tumor,0.368443711,1.38820297,10,164,919,39686,FABP4
16Spos_tumor / 16Sneg_tumor,0.492901928,0.844904554,20,164,2698,39686,FABP5
16Spos_tumor / 16Sneg_tumor,0.486754818,1.387191763,6,164,585,39686,FABP7
16Spos_tumor / 16Sneg_tumor,0.313957065,1.14342491,83,164,8681,39686,FADD
16Spos_tumor / 16Sneg_tumor,0.107926754,1.453419253,26,164,2075,39686,FADS1
16Spos_tumor / 16Sneg_tumor,0.282540326,0.769031813,27,164,3665,39686,FADS2
16Spos_tumor / 16Sneg_tumor,0.359308443,1.317671506,12,164,1131,39686,FAF2
16Spos_tumor / 16Sneg_tumor,0.882899634,1.039676365,16,164,2019,39686,FAM120B
16Spos_tumor / 16Sneg_tumor,0.442648663,0.698497498,5,164,906,39686,FAM124B
16Spos_tumor / 16Sneg_tumor,0.522261437,0.917364132,73,164,9302,39686,FAM177A1
16Spos_tumor / 16Sneg_tumor,0.440154376,0.673237689,4,164,703,39686,FAM30A
16Spos_tumor / 16Sneg_tumor,0.797960361,1.057740038,24,164,2992,39686,FAM3A
16Spos_tumor / 16Sneg_tumor,0.770389199,1.055922183,35,164,4368,39686,FAM3C
16Spos_tumor / 16Sneg_tumor,0.968468026,1.00698344,42,164,5319,39686,FAM91A1
16Spos_tumor / 16Sneg_tumor,0.372754358,1.253787211,22,164,2283,39686,FANCA
16Spos_tumor / 16Sneg_tumor,0.367124135,1.467203057,7,164,616,39686,FANCB
16Spos_tumor / 16Sneg_tumor,0.865949961,1.052918185,13,164,1313,39686,FANCC
16Spos_tumor / 16Sneg_tumor,0.263703655,1.387431577,13,164,1157,39686,FANCE
16Spos_tumor / 16Sneg_tumor,0.152422819,1.480832382,16,164,1243,39686,FANCF
16Spos_tumor / 16Sneg_tumor,0.514044095,0.814593409,12,164,1815,39686,FANCG
16Spos_tumor / 16Sneg_tumor,0.454102133,1.191134019,22,164,2278,39686,FANCL
16Spos_tumor / 16Sneg_tumor,0.819131819,0.962273229,59,164,8722,39686,FAP
16Spos_tumor / 16Sneg_tumor,0.408989697,0.810275394,18,164,2228,39686,FAR1
16Spos_tumor / 16Sneg_tumor,0.080537868,0.474834627,6,164,1584,39686,FAR2
16Spos_tumor / 16Sneg_tumor,0.868993684,0.938573227,8,164,943,39686,FAS
16Spos_tumor / 16Sneg_tumor,0.791933626,1.114263171,8,164,868,39686,FASLG
16Spos_tumor / 16Sneg_tumor,0.026202622,1.35329633,119,164,11946,39686,FASN
16Spos_tumor / 16Sneg_tumor,0.505408113,0.497266786,1,164,257,39686,FAT4
16Spos_tumor / 16Sneg_tumor,0.936971924,1.026764315,11,164,1293,39686,FBN2
16Spos_tumor / 16Sneg_tumor,0.216294471,1.563404056,9,164,863,39686,FBP1
16Spos_tumor / 16Sneg_tumor,0.45229005,1.162824071,30,164,2850,39686,FBXL12
16Spos_tumor / 16Sneg_tumor,0.016236793,2.055984598,15,164,768,39686,FBXL13
16Spos_tumor / 16Sneg_tumor,0.289237516,0.704248841,10,164,2010,39686,FBXL15
16Spos_tumor / 16Sneg_tumor,0.751666434,1.078415883,22,164,4157,39686,FBXL18
16Spos_tumor / 16Sneg_tumor,0.899748597,1.06010166,5,164,597,39686,FBXL3
16Spos_tumor / 16Sneg_tumor,0.90093025,1.03814138,14,164,1583,39686,FBXL4
16Spos_tumor / 16Sneg_tumor,0.809814107,1.047470948,34,164,3884,39686,FBXL5
16Spos_tumor / 16Sneg_tumor,0.254244421,0.671619412,9,164,1632,39686,FBXO11
16Spos_tumor / 16Sneg_tumor,0.10257782,1.34592197,46,164,2677,39686,FBXO21
16Spos_tumor / 16Sneg_tumor,0.487002932,1.204529135,16,164,1669,39686,FBXO22
16Spos_tumor / 16Sneg_tumor,0.781294146,0.910460012,10,164,1352,39686,FBXO25
16Spos_tumor / 16Sneg_tumor,0.829529579,0.94365719,17,164,1686,39686,FBXO27
16Spos_tumor / 16Sneg_tumor,0.643129146,1.125014064,19,164,2023,39686,FBXO3
16Spos_tumor / 16Sneg_tumor,0.604441145,1.164615527,13,164,1377,39686,FBXO31
16Spos_tumor / 16Sneg_tumor,0.932333241,1.021870643,20,164,2180,39686,FBXO32
16Spos_tumor / 16Sneg_tumor,0.057762152,1.438567543,37,164,3009,39686,FBXO33
16Spos_tumor / 16Sneg_tumor,0.299770978,0.660135318,7,164,1397,39686,FBXO4
16Spos_tumor / 16Sneg_tumor,0.857149775,1.048222952,18,164,1910,39686,FBXO44
16Spos_tumor / 16Sneg_tumor,0.972477077,0.988709564,11,164,1304,39686,FBXO5
16Spos_tumor / 16Sneg_tumor,0.351469585,1.268509765,20,164,1504,39686,FBXO6
16Spos_tumor / 16Sneg_tumor,0.995400674,1.001206631,28,164,2555,39686,FBXO7
16Spos_tumor / 16Sneg_tumor,0.086259542,1.455697104,26,164,1965,39686,FBXO9
16Spos_tumor / 16Sneg_tumor,0.256197017,1.26075337,30,164,2635,39686,FBXW11
16Spos_tumor / 16Sneg_tumor,0.449648664,1.179785485,25,164,2526,39686,FBXW2
16Spos_tumor / 16Sneg_tumor,0.535477663,1.130496395,34,164,3270,39686,FBXW4
16Spos_tumor / 16Sneg_tumor,0.854903338,0.965293826,31,164,4043,39686,FBXW5
16Spos_tumor / 16Sneg_tumor,0.727670316,1.112275642,13,164,1659,39686,FBXW7
16Spos_tumor / 16Sneg_tumor,0.72545894,1.139222475,8,164,868,39686,FBXW8
16Spos_tumor / 16Sneg_tumor,0.308500399,0.685100907,8,164,1538,39686,FCAR
16Spos_tumor / 16Sneg_tumor,0.964430571,1.023823391,4,164,505,39686,FCER1A
16Spos_tumor / 16Sneg_tumor,0.189934602,0.559863605,6,164,1321,39686,FCER2
16Spos_tumor / 16Sneg_tumor,0.792791232,0.913193826,13,164,3232,39686,FCGBP
16Spos_tumor / 16Sneg_tumor,0.382867095,1.308246509,14,164,1539,39686,FCGR2B
16Spos_tumor / 16Sneg_tumor,0.407060119,0.640775909,4,164,821,39686,FCRL2
16Spos_tumor / 16Sneg_tumor,0.453475891,1.376833019,7,164,649,39686,FCRL4
16Spos_tumor / 16Sneg_tumor,0.727786555,0.849901755,5,164,752,39686,FCRL5
16Spos_tumor / 16Sneg_tumor,0.85762023,1.086852153,5,164,568,39686,FCRLA
16Spos_tumor / 16Sneg_tumor,0.375516412,0.828856998,26,164,3392,39686,FDFT1
16Spos_tumor / 16Sneg_tumor,0.25297048,1.232256524,35,164,3571,39686,FDPS
16Spos_tumor / 16Sneg_tumor,0.494837629,0.792188493,9,164,1462,39686,FDX1
16Spos_tumor / 16Sneg_tumor,0.683923359,1.135018832,12,164,1448,39686,FEN1
16Spos_tumor / 16Sneg_tumor,0.981584236,0.991217363,8,164,854,39686,FER
16Spos_tumor / 16Sneg_tumor,0.183524314,0.614576648,8,164,1681,39686,FEZ1
16Spos_tumor / 16Sneg_tumor,0.74157521,1.097032088,15,164,1682,39686,FEZ2
16Spos_tumor / 16Sneg_tumor,0.090343439,1.585551379,18,164,1638,39686,FFAR3
16Spos_tumor / 16Sneg_tumor,0.861597217,1.071970858,7,164,877,39686,FFAR4
16Spos_tumor / 16Sneg_tumor,0.574038188,0.660964492,2,164,403,39686,FGA
16Spos_tumor / 16Sneg_tumor,0.018865602,1.489643019,45,164,3345,39686,FGD4
16Spos_tumor / 16Sneg_tumor,0.690196015,1.195739143,6,164,658,39686,FGF1
16Spos_tumor / 16Sneg_tumor,0.297685674,0.466088634,2,164,569,39686,FGF10
16Spos_tumor / 16Sneg_tumor,0.601262879,1.192289002,11,164,876,39686,FGF11
16Spos_tumor / 16Sneg_tumor,0.73139055,1.133949152,10,164,936,39686,FGF12
16Spos_tumor / 16Sneg_tumor,0.290229883,1.489329687,8,164,677,39686,FGF13
16Spos_tumor / 16Sneg_tumor,0.761709206,1.141420054,6,164,680,39686,FGF14
16Spos_tumor / 16Sneg_tumor,0.873794372,0.919231842,4,164,579,39686,FGF17
16Spos_tumor / 16Sneg_tumor,0.152249715,0.466087751,4,164,897,39686,FGF18
16Spos_tumor / 16Sneg_tumor,0.494810076,1.302930451,8,164,779,39686,FGF19
16Spos_tumor / 16Sneg_tumor,0.889339026,0.948856891,8,164,1019,39686,FGF2
16Spos_tumor / 16Sneg_tumor,0.996340901,1.002303503,5,164,602,39686,FGF20
16Spos_tumor / 16Sneg_tumor,0.325869303,0.68006457,7,164,1358,39686,FGF21
16Spos_tumor / 16Sneg_tumor,0.736387576,0.877449838,8,164,1209,39686,FGF22
16Spos_tumor / 16Sneg_tumor,0.975690136,1.011354225,9,164,1020,39686,FGF23
16Spos_tumor / 16Sneg_tumor,0.172422767,0.529080387,5,164,1151,39686,FGF3
16Spos_tumor / 16Sneg_tumor,0.895703879,1.049531651,9,164,1003,39686,FGF4
16Spos_tumor / 16Sneg_tumor,0.593340728,1.233969576,7,164,716,39686,FGF5
16Spos_tumor / 16Sneg_tumor,0.277921649,0.335089857,1,164,370,39686,FGF6
16Spos_tumor / 16Sneg_tumor,0.476879795,0.692170331,4,164,777,39686,FGF7
16Spos_tumor / 16Sneg_tumor,0.503561814,0.729939666,5,164,855,39686,FGF8
16Spos_tumor / 16Sneg_tumor,0.214605038,1.513327605,12,164,1044,39686,FGF9
16Spos_tumor / 16Sneg_tumor,0.85862522,1.089927999,5,164,579,39686,FGFBP2
16Spos_tumor / 16Sneg_tumor,0.19877526,0.609069051,8,164,1057,39686,FGFR1
16Spos_tumor / 16Sneg_tumor,0.756649118,0.88764168,8,164,1075,39686,FGFR2
16Spos_tumor / 16Sneg_tumor,0.508919134,1.092409373,162,164,17953,39686,FGFR3
16Spos_tumor / 16Sneg_tumor,0.633414682,1.276581236,4,164,436,39686,FGFR4
16Spos_tumor / 16Sneg_tumor,0.4656362,1.161295665,35,164,2892,39686,FGFRL1
16Spos_tumor / 16Sneg_tumor,0.439126429,0.810385045,15,164,2211,39686,FH
16Spos_tumor / 16Sneg_tumor,0.896519636,1.081147704,3,164,375,39686,FHIT
16Spos_tumor / 16Sneg_tumor,0.291473426,0.343590678,1,164,339,39686,FHL1
16Spos_tumor / 16Sneg_tumor,0.11694247,1.410168738,25,164,2607,39686,FHL2
16Spos_tumor / 16Sneg_tumor,0.472580954,1.211448618,18,164,2507,39686,FHOD1
16Spos_tumor / 16Sneg_tumor,0.324274142,0.654541339,6,164,945,39686,FIG4
16Spos_tumor / 16Sneg_tumor,0.848553637,1.055581088,15,164,1810,39686,FKBP11
16Spos_tumor / 16Sneg_tumor,0.709366802,0.885894764,11,164,1574,39686,FKBP14
16Spos_tumor / 16Sneg_tumor,0.453503449,0.866183325,31,164,5249,39686,FKBP1A/C
16Spos_tumor / 16Sneg_tumor,0.184835296,1.238538228,44,164,4887,39686,FKBP2
16Spos_tumor / 16Sneg_tumor,0.111892168,0.507084949,6,164,1478,39686,FKBP6
16Spos_tumor / 16Sneg_tumor,0.762792987,0.889121876,7,164,996,39686,FLG
16Spos_tumor / 16Sneg_tumor,0.95691021,1.017574677,10,164,1245,39686,FLII
16Spos_tumor / 16Sneg_tumor,0.796904919,1.074692968,15,164,1926,39686,FLNB
16Spos_tumor / 16Sneg_tumor,0.124682609,1.752193677,10,164,725,39686,FLNC
16Spos_tumor / 16Sneg_tumor,0.331978391,0.844517188,40,164,4551,39686,FLOT1
16Spos_tumor / 16Sneg_tumor,0.334132993,1.22564606,26,164,2705,39686,FLOT2
16Spos_tumor / 16Sneg_tumor,0.39408587,0.594332555,3,164,688,39686,FLRT2
16Spos_tumor / 16Sneg_tumor,0.151319004,0.233930856,1,164,535,39686,FLT3
16Spos_tumor / 16Sneg_tumor,0.911354029,1.048664599,7,164,798,39686,FLT3LG
16Spos_tumor / 16Sneg_tumor,0.640147779,0.88892767,19,164,2102,39686,FNBP1
16Spos_tumor / 16Sneg_tumor,0.305827438,0.79077106,23,164,2365,39686,FNTA
16Spos_tumor / 16Sneg_tumor,0.002921767,2.564953804,13,164,663,39686,FOLH1
16Spos_tumor / 16Sneg_tumor,0.977687135,1.013301597,5,164,607,39686,FOLR1
16Spos_tumor / 16Sneg_tumor,0.726030008,0.828543199,4,164,626,39686,FOLR3
16Spos_tumor / 16Sneg_tumor,0.040467285,1.932797126,14,164,953,39686,FOSB
16Spos_tumor / 16Sneg_tumor,0.523633295,0.789522795,8,164,1360,39686,FOSL1
16Spos_tumor / 16Sneg_tumor,0.846993888,0.967274114,44,164,5628,39686,FOXA1
16Spos_tumor / 16Sneg_tumor,0.741675133,1.124108993,9,164,1281,39686,FOXA2
16Spos_tumor / 16Sneg_tumor,0.543530736,0.791323963,8,164,1172,39686,FOXD3
16Spos_tumor / 16Sneg_tumor,0.866855368,1.073060162,7,164,803,39686,FOXF1
16Spos_tumor / 16Sneg_tumor,0.316975416,1.249835572,34,164,3642,39686,FOXJ1
16Spos_tumor / 16Sneg_tumor,0.822350231,0.911560398,7,164,846,39686,FOXL2
16Spos_tumor / 16Sneg_tumor,0.043910269,0.470810788,8,164,1921,39686,FOXM1
16Spos_tumor / 16Sneg_tumor,0.984751892,0.991073495,5,164,552,39686,FOXO1
16Spos_tumor / 16Sneg_tumor,0.124425132,1.649017732,10,164,753,39686,FOXO3
16Spos_tumor / 16Sneg_tumor,0.844839654,0.93219719,9,164,1228,39686,FOXO4
16Spos_tumor / 16Sneg_tumor,0.762972736,1.071664375,24,164,2859,39686,FOXP1
16Spos_tumor / 16Sneg_tumor,0.680359924,0.823776408,5,164,754,39686,FOXP2
16Spos_tumor / 16Sneg_tumor,0.237530044,1.430769169,14,164,959,39686,FRS2
16Spos_tumor / 16Sneg_tumor,0.650582026,0.823554491,6,164,1040,39686,FRY
16Spos_tumor / 16Sneg_tumor,0.138673677,1.386786278,25,164,2253,39686,FRYL
16Spos_tumor / 16Sneg_tumor,0.705924346,0.848677723,6,164,840,39686,FST
16Spos_tumor / 16Sneg_tumor,0.747107674,1.144971718,6,164,650,39686,FSTL4
16Spos_tumor / 16Sneg_tumor,0.11801707,1.260276111,62,164,4815,39686,FUBP1
16Spos_tumor / 16Sneg_tumor,0.116628217,0.627478064,13,164,3176,39686,FUCA1
16Spos_tumor / 16Sneg_tumor,0.14462696,1.418782874,20,164,1973,39686,FUCA2
16Spos_tumor / 16Sneg_tumor,0.90336145,1.065026073,4,164,461,39686,FUNDC1
16Spos_tumor / 16Sneg_tumor,0.14056408,0.629410978,11,164,2120,39686,FURIN
16Spos_tumor / 16Sneg_tumor,0.124874638,1.16120387,157,164,14262,39686,FUS
16Spos_tumor / 16Sneg_tumor,0.880377629,1.046022969,13,164,1620,39686,FUT4
16Spos_tumor / 16Sneg_tumor,0.964529995,1.017009306,8,164,1168,39686,FUT5
16Spos_tumor / 16Sneg_tumor,0.185273995,1.647437146,9,164,721,39686,FUT7
16Spos_tumor / 16Sneg_tumor,0.972540402,0.986388454,7,164,828,39686,FUT8
16Spos_tumor / 16Sneg_tumor,0.196105821,1.680079265,8,164,660,39686,FUT9
16Spos_tumor / 16Sneg_tumor,0.481607792,1.242879294,12,164,1296,39686,FXN
16Spos_tumor / 16Sneg_tumor,0.908468121,0.957699367,8,164,1015,39686,FXYD6
16Spos_tumor / 16Sneg_tumor,0.914137005,1.039195382,9,164,991,39686,FYN
16Spos_tumor / 16Sneg_tumor,0.734815861,1.127237067,10,164,930,39686,FZD1
16Spos_tumor / 16Sneg_tumor,0.825595741,0.890163219,4,164,587,39686,FZD2
16Spos_tumor / 16Sneg_tumor,0.820208247,1.145831771,3,164,289,39686,FZD3
16Spos_tumor / 16Sneg_tumor,0.98734777,0.99389642,8,164,971,39686,FZD4
16Spos_tumor / 16Sneg_tumor,0.715575132,1.100031857,18,164,2481,39686,FZD5
16Spos_tumor / 16Sneg_tumor,0.513492483,1.124360156,39,164,3740,39686,FZD6
16Spos_tumor / 16Sneg_tumor,0.380426096,1.334734644,12,164,1144,39686,FZD7
16Spos_tumor / 16Sneg_tumor,0.364763868,0.680733956,6,164,1120,39686,FZD8
16Spos_tumor / 16Sneg_tumor,0.293948471,1.424395199,12,164,1038,39686,FZD9
16Spos_tumor / 16Sneg_tumor,0.494435255,1.130811304,44,164,4868,39686,FZR1
16Spos_tumor / 16Sneg_tumor,0.855429148,0.967406529,34,164,4691,39686,G3BP2
16Spos_tumor / 16Sneg_tumor,0.114977165,0.385571566,3,164,949,39686,G6PC2
16Spos_tumor / 16Sneg_tumor,0.9607202,1.014858,13,164,1736,39686,G6PC3
16Spos_tumor / 16Sneg_tumor,0.104323417,1.478130662,22,164,1984,39686,G6PD
16Spos_tumor / 16Sneg_tumor,0.133396361,1.539877477,16,164,1313,39686,GAB1
16Spos_tumor / 16Sneg_tumor,0.119413524,1.493744726,19,164,1318,39686,GAB2
16Spos_tumor / 16Sneg_tumor,0.198391417,0.822790881,53,164,6025,39686,GABARAP
16Spos_tumor / 16Sneg_tumor,0.025795455,1.445689027,47,164,4031,39686,GABARAPL1
16Spos_tumor / 16Sneg_tumor,0.146833679,1.366368553,24,164,2345,39686,GABARAPL2
16Spos_tumor / 16Sneg_tumor,0.32240036,1.427482307,9,164,795,39686,GABBR2
16Spos_tumor / 16Sneg_tumor,0.822232857,0.936700715,14,164,1703,39686,GABPA
16Spos_tumor / 16Sneg_tumor,0.511290066,0.732367948,5,164,867,39686,GABRA2
16Spos_tumor / 16Sneg_tumor,0.917809131,0.956239588,6,164,936,39686,GABRB1
16Spos_tumor / 16Sneg_tumor,0.379650778,0.403902436,1,164,336,39686,GABRB2
16Spos_tumor / 16Sneg_tumor,0.824495841,1.114525533,5,164,504,39686,GABRG3
16Spos_tumor / 16Sneg_tumor,0.056811437,1.90088866,10,164,756,39686,GAD1
16Spos_tumor / 16Sneg_tumor,0.268431145,1.569365116,8,164,593,39686,GAD2
16Spos_tumor / 16Sneg_tumor,0.818841215,0.93944783,16,164,2107,39686,GADD45A
16Spos_tumor / 16Sneg_tumor,0.596895642,1.208377842,10,164,1139,39686,GADD45G
16Spos_tumor / 16Sneg_tumor,0.371044074,0.582716944,3,164,655,39686,GADL1
16Spos_tumor / 16Sneg_tumor,0.772505729,0.869626338,5,164,705,39686,GAGE1
16Spos_tumor / 16Sneg_tumor,0.293014742,1.419675205,10,164,990,39686,GAL
16Spos_tumor / 16Sneg_tumor,0.723868673,0.90166083,14,164,2192,39686,GALC
16Spos_tumor / 16Sneg_tumor,0.085346353,1.72415299,13,164,1069,39686,GALM
16Spos_tumor / 16Sneg_tumor,0.176674643,0.565739605,6,164,1334,39686,GALNS
16Spos_tumor / 16Sneg_tumor,0.18479891,1.341056182,25,164,2869,39686,GALNT10
16Spos_tumor / 16Sneg_tumor,0.808796331,0.925769095,12,164,1596,39686,GALNT6
16Spos_tumor / 16Sneg_tumor,0.62138648,1.22891002,7,164,726,39686,GALP
16Spos_tumor / 16Sneg_tumor,0.66903434,0.798245623,4,164,683,39686,GALR1
16Spos_tumor / 16Sneg_tumor,0.314627676,1.416723069,11,164,947,39686,GALR2
16Spos_tumor / 16Sneg_tumor,0.031377831,2.230967962,9,164,567,39686,GALR3
16Spos_tumor / 16Sneg_tumor,0.326895729,1.474491722,7,164,601,39686,GAN
16Spos_tumor / 16Sneg_tumor,0.678565622,0.938964029,52,164,7106,39686,GANAB
16Spos_tumor / 16Sneg_tumor,0.911437773,1.052446503,5,164,546,39686,GAPVD1
16Spos_tumor / 16Sneg_tumor,0.867036764,1.017235192,232,164,27102,39686,GAR1
16Spos_tumor / 16Sneg_tumor,0.927556338,0.970571194,13,164,1080,39686,GAS1
16Spos_tumor / 16Sneg_tumor,0.162784577,1.639920443,10,164,729,39686,GAS2
16Spos_tumor / 16Sneg_tumor,0.668088385,0.865951125,10,164,1253,39686,GAS6
16Spos_tumor / 16Sneg_tumor,0.6215985,0.698058413,2,164,365,39686,GATA1
16Spos_tumor / 16Sneg_tumor,0.065163656,1.765818705,13,164,925,39686,GATA3
16Spos_tumor / 16Sneg_tumor,0.044030691,0.232656292,2,164,1061,39686,GATA4
16Spos_tumor / 16Sneg_tumor,0.611242437,0.847256278,10,164,1595,39686,GATA6
16Spos_tumor / 16Sneg_tumor,0.432028038,0.867318965,34,164,5091,39686,GATAD2A
16Spos_tumor / 16Sneg_tumor,0.165231841,1.322004546,34,164,2792,39686,GATAD2B
16Spos_tumor / 16Sneg_tumor,0.313178861,1.268332562,22,164,3262,39686,GATM
16Spos_tumor / 16Sneg_tumor,0.48574212,0.770212221,8,164,1090,39686,GBE1
16Spos_tumor / 16Sneg_tumor,0.780500445,1.109971836,9,164,836,39686,GBP2
16Spos_tumor / 16Sneg_tumor,0.51650627,0.770259896,7,164,997,39686,GBP4
16Spos_tumor / 16Sneg_tumor,0.338262423,0.593508032,4,164,797,39686,GC
16Spos_tumor / 16Sneg_tumor,0.696725897,1.164556631,7,164,744,39686,GCA
16Spos_tumor / 16Sneg_tumor,0.424870111,0.775698287,11,164,2027,39686,GCDH
16Spos_tumor / 16Sneg_tumor,0.247903753,0.534025489,4,164,902,39686,GCG
16Spos_tumor / 16Sneg_tumor,0.434452906,1.279192609,12,164,1125,39686,GCGR
16Spos_tumor / 16Sneg_tumor,0.237122081,1.432062456,13,164,1389,39686,GCH1
16Spos_tumor / 16Sneg_tumor,0.709626948,1.1765902,6,164,774,39686,GCK
16Spos_tumor / 16Sneg_tumor,0.434738472,1.25125627,14,164,1415,39686,GCLC
16Spos_tumor / 16Sneg_tumor,0.45654046,0.809539476,14,164,2029,39686,GCLM
16Spos_tumor / 16Sneg_tumor,0.420315081,1.155411535,41,164,4725,39686,GDE1
16Spos_tumor / 16Sneg_tumor,0.609797916,1.167653828,14,164,1216,39686,GDF11
16Spos_tumor / 16Sneg_tumor,0.038009366,1.511663783,48,164,9052,39686,GDF15
16Spos_tumor / 16Sneg_tumor,0.540524538,1.302333851,6,164,569,39686,GDF3
16Spos_tumor / 16Sneg_tumor,0.6564272,1.170050531,10,164,957,39686,GDF6
16Spos_tumor / 16Sneg_tumor,0.198350616,0.832764955,61,164,7967,39686,GDI2
16Spos_tumor / 16Sneg_tumor,0.213808188,0.467636909,3,164,811,39686,GDNF
16Spos_tumor / 16Sneg_tumor,0.656246467,1.125458733,17,164,1383,39686,GDPD1
16Spos_tumor / 16Sneg_tumor,0.611306233,0.862332799,13,164,2595,39686,GET4
16Spos_tumor / 16Sneg_tumor,0.446924497,1.148776172,35,164,4401,39686,GFPT1
16Spos_tumor / 16Sneg_tumor,0.215785347,1.248797808,41,164,4263,39686,GGA1
16Spos_tumor / 16Sneg_tumor,0.421368516,0.834671722,23,164,3116,39686,GGA2
16Spos_tumor / 16Sneg_tumor,0.622886524,1.096139557,35,164,3554,39686,GGA3
16Spos_tumor / 16Sneg_tumor,0.508810324,0.831113232,14,164,2112,39686,GGNBP2
16Spos_tumor / 16Sneg_tumor,0.591889735,1.158313349,16,164,1588,39686,GGPS1
16Spos_tumor / 16Sneg_tumor,0.46169898,0.645994423,3,164,648,39686,GGT7
16Spos_tumor / 16Sneg_tumor,0.844207257,0.90997338,5,164,685,39686,GH1
16Spos_tumor / 16Sneg_tumor,0.983251082,1.005636415,16,164,2047,39686,GHITM
16Spos_tumor / 16Sneg_tumor,0.69735063,1.214431579,5,164,529,39686,GHR
16Spos_tumor / 16Sneg_tumor,0.452465594,1.57487353,3,164,267,39686,GHRHR
16Spos_tumor / 16Sneg_tumor,0.826110039,0.966725991,50,164,5834,39686,GIGYF2
16Spos_tumor / 16Sneg_tumor,0.436043805,0.799993713,14,164,2093,39686,GINS2
16Spos_tumor / 16Sneg_tumor,0.821725335,1.036133649,50,164,9044,39686,GIPC1
16Spos_tumor / 16Sneg_tumor,0.564814653,1.134848761,25,164,2860,39686,GIT1
16Spos_tumor / 16Sneg_tumor,0.881290855,1.047635261,14,164,1310,39686,GJA1
16Spos_tumor / 16Sneg_tumor,0.567019759,0.663488187,2,164,444,39686,GJB1
16Spos_tumor / 16Sneg_tumor,0.573102169,0.784566154,6,164,1093,39686,GLA
16Spos_tumor / 16Sneg_tumor,0.770576892,0.935680988,23,164,3083,39686,GLB1
16Spos_tumor / 16Sneg_tumor,0.811700575,1.049294376,29,164,3406,39686,GLG1
16Spos_tumor / 16Sneg_tumor,0.610842792,1.245687,6,164,589,39686,GLI1
16Spos_tumor / 16Sneg_tumor,0.440324096,0.458090629,1,164,274,39686,GLI3
16Spos_tumor / 16Sneg_tumor,0.384564218,1.445660363,6,164,589,39686,GLIS3
16Spos_tumor / 16Sneg_tumor,0.698893841,0.758837696,2,164,330,39686,GLMN
16Spos_tumor / 16Sneg_tumor,0.211221567,0.810547789,43,164,5823,39686,GLO1
16Spos_tumor / 16Sneg_tumor,0.126767897,1.696938403,11,164,806,39686,GLP1R
16Spos_tumor / 16Sneg_tumor,0.866508078,0.927568773,6,164,769,39686,GLP2R
16Spos_tumor / 16Sneg_tumor,0.436392759,0.568500022,2,164,461,39686,GLRA2
16Spos_tumor / 16Sneg_tumor,0.38497675,1.318040078,11,164,1215,39686,GLRX
16Spos_tumor / 16Sneg_tumor,0.040616454,1.487354239,36,164,2980,39686,GLS
16Spos_tumor / 16Sneg_tumor,0.922776689,1.031508469,11,164,1325,39686,GLTP
16Spos_tumor / 16Sneg_tumor,0.56841976,1.138024525,22,164,2341,39686,GLUD1
16Spos_tumor / 16Sneg_tumor,0.358444658,1.132661879,71,164,6842,39686,GLYR1
16Spos_tumor / 16Sneg_tumor,0.894807613,0.961489918,13,164,1687,39686,GM2A
16Spos_tumor / 16Sneg_tumor,0.769283236,0.919228355,13,164,1979,39686,GMIP
16Spos_tumor / 16Sneg_tumor,0.85913926,1.067260218,8,164,981,39686,GMNN
16Spos_tumor / 16Sneg_tumor,0.748839997,0.951665322,48,164,6879,39686,GNA11
16Spos_tumor / 16Sneg_tumor,0.130792006,0.579523755,8,164,2193,39686,GNA12
16Spos_tumor / 16Sneg_tumor,0.700930008,0.910499157,20,164,2578,39686,GNA13
16Spos_tumor / 16Sneg_tumor,0.90392515,1.039495846,11,164,1411,39686,GNA14
16Spos_tumor / 16Sneg_tumor,0.564515161,0.782111238,6,164,1031,39686,GNAI1
16Spos_tumor / 16Sneg_tumor,0.734596921,0.942311714,38,164,4371,39686,GNAI3
16Spos_tumor / 16Sneg_tumor,0.256956242,0.435211935,2,164,563,39686,GNAL
16Spos_tumor / 16Sneg_tumor,0.762408265,1.110106544,11,164,1039,39686,GNAO1
16Spos_tumor / 16Sneg_tumor,0.684701386,1.146645256,10,164,1046,39686,GNAQ
16Spos_tumor / 16Sneg_tumor,0.454353108,1.088286223,122,164,13507,39686,GNAS
16Spos_tumor / 16Sneg_tumor,0.288949465,1.18548568,46,164,4823,39686,GNB1
16Spos_tumor / 16Sneg_tumor,0.341414369,1.138226932,75,164,8144,39686,GNB2
16Spos_tumor / 16Sneg_tumor,0.720028101,1.113792371,14,164,1563,39686,GNB3
16Spos_tumor / 16Sneg_tumor,0.538589303,1.210937479,12,164,1171,39686,GNB5
16Spos_tumor / 16Sneg_tumor,0.194786859,1.421851202,16,164,1279,39686,GNG10
16Spos_tumor / 16Sneg_tumor,0.859433096,1.061598498,10,164,1085,39686,GNG11
16Spos_tumor / 16Sneg_tumor,0.718557046,1.152697891,7,164,865,39686,GNG12
16Spos_tumor / 16Sneg_tumor,0.453056578,0.578615589,2,164,429,39686,GNG2
16Spos_tumor / 16Sneg_tumor,0.991129553,0.995805593,8,164,955,39686,GNG4
16Spos_tumor / 16Sneg_tumor,0.361695216,0.846830282,35,164,4879,39686,GNG5
16Spos_tumor / 16Sneg_tumor,0.816875355,0.895910377,5,164,761,39686,GNG7
16Spos_tumor / 16Sneg_tumor,0.414492278,1.385034117,8,164,578,39686,GNGT1
16Spos_tumor / 16Sneg_tumor,0.114750111,0.321365642,2,164,837,39686,GNGT2
16Spos_tumor / 16Sneg_tumor,0.96899129,1.014548409,8,164,979,39686,GNPAT
16Spos_tumor / 16Sneg_tumor,0.91193251,1.03915066,10,164,1330,39686,GNPDA2
16Spos_tumor / 16Sneg_tumor,0.547641956,0.652871667,2,164,388,39686,GNPTAB
16Spos_tumor / 16Sneg_tumor,0.403283637,0.859422881,37,164,5828,39686,GNPTG
16Spos_tumor / 16Sneg_tumor,0.931635026,0.979694345,20,164,2657,39686,GOLGA2
16Spos_tumor / 16Sneg_tumor,0.10722745,0.666829934,18,164,2678,39686,GOLGA7
16Spos_tumor / 16Sneg_tumor,0.561774933,1.078753172,91,164,16009,39686,GOLM1
16Spos_tumor / 16Sneg_tumor,0.628237041,1.103723271,28,164,3404,39686,GORASP2
16Spos_tumor / 16Sneg_tumor,0.515196584,1.233600415,11,164,1232,39686,GOT1
16Spos_tumor / 16Sneg_tumor,0.016372879,0.540889411,17,164,4163,39686,GOT2
16Spos_tumor / 16Sneg_tumor,0.320865434,1.303600787,18,164,1745,39686,GP1BB
16Spos_tumor / 16Sneg_tumor,0.176187408,0.374537983,2,164,644,39686,GP6
16Spos_tumor / 16Sneg_tumor,0.190641428,1.569901147,10,164,878,39686,GPAM
16Spos_tumor / 16Sneg_tumor,0.706776487,0.76093846,2,164,363,39686,GPAT3
16Spos_tumor / 16Sneg_tumor,0.249217815,1.759976884,5,164,368,39686,GPBAR1
16Spos_tumor / 16Sneg_tumor,0.371351162,0.758289214,11,164,2319,39686,GPC4
16Spos_tumor / 16Sneg_tumor,0.163886974,0.242396391,1,164,523,39686,GPC5
16Spos_tumor / 16Sneg_tumor,0.700513476,1.138716529,11,164,1187,39686,GPCPD1
16Spos_tumor / 16Sneg_tumor,0.291261052,1.270477326,23,164,1992,39686,GPD2
16Spos_tumor / 16Sneg_tumor,0.049618378,1.754683259,18,164,1439,39686,GPER1
16Spos_tumor / 16Sneg_tumor,0.663985672,1.175805294,8,164,936,39686,GPHN
16Spos_tumor / 16Sneg_tumor,0.694090462,0.944219107,60,164,12277,39686,GPI
16Spos_tumor / 16Sneg_tumor,0.670747058,1.249900313,4,164,434,39686,GPM6A
16Spos_tumor / 16Sneg_tumor,0.378503812,0.731980809,9,164,1448,39686,GPR151
16Spos_tumor / 16Sneg_tumor,0.172187897,0.621148492,9,164,2230,39686,GPR160
16Spos_tumor / 16Sneg_tumor,0.574359675,0.709354523,3,164,527,39686,GPR17
16Spos_tumor / 16Sneg_tumor,0.949908764,1.030517922,5,164,563,39686,GPR37L1
16Spos_tumor / 16Sneg_tumor,0.373671027,0.744152513,11,164,1910,39686,GPR75
16Spos_tumor / 16Sneg_tumor,0.937634268,1.012749476,46,164,5626,39686,GPS1
16Spos_tumor / 16Sneg_tumor,0.36793365,1.176986718,40,164,3071,39686,GPS2
16Spos_tumor / 16Sneg_tumor,0.186879588,1.488140315,13,164,1129,39686,GPT
16Spos_tumor / 16Sneg_tumor,0.469718955,0.933273626,180,164,26972,39686,GPX1
16Spos_tumor / 16Sneg_tumor,0.873908522,1.044169036,17,164,2431,39686,GPX2
16Spos_tumor / 16Sneg_tumor,0.874855216,0.945699607,10,164,1164,39686,GPX3
16Spos_tumor / 16Sneg_tumor,0.280717856,1.160571316,62,164,7456,39686,GPX4
16Spos_tumor / 16Sneg_tumor,0.342310224,0.737756284,11,164,1502,39686,GPX7
16Spos_tumor / 16Sneg_tumor,0.537754816,1.276253228,8,164,762,39686,GRAP2
16Spos_tumor / 16Sneg_tumor,0.167745277,1.528223133,14,164,1380,39686,GRB10
16Spos_tumor / 16Sneg_tumor,0.560561645,0.898825263,33,164,4205,39686,GRB2
16Spos_tumor / 16Sneg_tumor,0.763715443,1.057925566,51,164,11731,39686,GRB7
16Spos_tumor / 16Sneg_tumor,0.373999291,0.523513772,2,164,526,39686,GREM1
16Spos_tumor / 16Sneg_tumor,0.278696858,1.694241011,5,164,366,39686,GRIA1
16Spos_tumor / 16Sneg_tumor,0.046263438,2.322611164,7,164,419,39686,GRIA2
16Spos_tumor / 16Sneg_tumor,0.766732642,1.178686124,4,164,448,39686,GRIA3
16Spos_tumor / 16Sneg_tumor,0.676995587,0.812851984,5,164,806,39686,GRIA4
16Spos_tumor / 16Sneg_tumor,0.542861014,0.689997297,3,164,527,39686,GRIK1
16Spos_tumor / 16Sneg_tumor,0.335893264,0.555040636,3,164,659,39686,GRIK2
16Spos_tumor / 16Sneg_tumor,0.200696644,1.529139781,12,164,927,39686,GRIN1
16Spos_tumor / 16Sneg_tumor,0.917610205,1.036164956,10,164,1050,39686,GRIN2A
16Spos_tumor / 16Sneg_tumor,0.129721069,0.406992049,3,164,983,39686,GRIN2B
16Spos_tumor / 16Sneg_tumor,0.093197807,0.488913596,6,164,1957,39686,GRIN2D
16Spos_tumor / 16Sneg_tumor,0.658527764,1.168240053,9,164,855,39686,GRIP1
16Spos_tumor / 16Sneg_tumor,0.242252934,0.789953987,28,164,5058,39686,GRK2
16Spos_tumor / 16Sneg_tumor,0.20204706,0.659200497,11,164,1484,39686,GRK3
16Spos_tumor / 16Sneg_tumor,0.533013693,1.164877928,20,164,2342,39686,GRK6
16Spos_tumor / 16Sneg_tumor,0.83934436,0.926863891,8,164,1105,39686,GRM1
16Spos_tumor / 16Sneg_tumor,0.511799466,1.301776128,8,164,830,39686,GRM5
16Spos_tumor / 16Sneg_tumor,0.360237288,0.572757802,3,164,683,39686,GRM7
16Spos_tumor / 16Sneg_tumor,0.30872599,0.351422663,1,164,367,39686,GRM8
16Spos_tumor / 16Sneg_tumor,0.102866399,1.32504632,37,164,3355,39686,GRSF1
16Spos_tumor / 16Sneg_tumor,0.043969065,1.778552073,16,164,1080,39686,GSC
16Spos_tumor / 16Sneg_tumor,0.35310492,0.728415111,9,164,1494,39686,GSDMD
16Spos_tumor / 16Sneg_tumor,0.177764923,1.3052563,30,164,2925,39686,GSK3A
16Spos_tumor / 16Sneg_tumor,0.12477216,1.573439919,13,164,954,39686,GSK3B
16Spos_tumor / 16Sneg_tumor,0.672069962,0.87986951,13,164,1951,39686,GSKIP
16Spos_tumor / 16Sneg_tumor,0.060148957,0.1514068,1,164,869,39686,GSR
16Spos_tumor / 16Sneg_tumor,0.819167687,0.93089718,11,164,1516,39686,GSS
16Spos_tumor / 16Sneg_tumor,0.81884845,1.073657919,12,164,1367,39686,GSTM4
16Spos_tumor / 16Sneg_tumor,0.973594709,0.988017546,9,164,1088,39686,GSTM5
16Spos_tumor / 16Sneg_tumor,0.044049987,0.839114284,229,164,36770,39686,GSTP1
16Spos_tumor / 16Sneg_tumor,0.574568041,1.16543322,15,164,1571,39686,GTF2A1
16Spos_tumor / 16Sneg_tumor,0.960066001,1.013591493,16,164,1860,39686,GTF2B
16Spos_tumor / 16Sneg_tumor,0.396390819,0.67509174,5,164,929,39686,GTF2E2
16Spos_tumor / 16Sneg_tumor,0.786331891,1.059748744,25,164,2908,39686,GTF2F1
16Spos_tumor / 16Sneg_tumor,0.398840227,0.716250942,7,164,1291,39686,GTF2F2
16Spos_tumor / 16Sneg_tumor,0.394806083,1.252780759,16,164,1385,39686,GTF2H1
16Spos_tumor / 16Sneg_tumor,0.42566934,0.80989585,16,164,2366,39686,GTF2H3
16Spos_tumor / 16Sneg_tumor,0.390757059,0.74323815,9,164,1560,39686,GTF2H5
16Spos_tumor / 16Sneg_tumor,0.466002603,1.08977532,105,164,9847,39686,GTF2I
16Spos_tumor / 16Sneg_tumor,0.445158076,1.190581732,23,164,2342,39686,GTF2IRD1
16Spos_tumor / 16Sneg_tumor,0.082793332,1.54042916,19,164,1533,39686,GTF3C1
16Spos_tumor / 16Sneg_tumor,0.035684064,0.333215223,4,164,1399,39686,GUCA2B
16Spos_tumor / 16Sneg_tumor,0.913012428,0.970598999,16,164,1825,39686,GUCY1A1
16Spos_tumor / 16Sneg_tumor,0.216671537,1.535923801,10,164,732,39686,GUCY1B1
16Spos_tumor / 16Sneg_tumor,0.158034904,1.68639598,9,164,762,39686,GUCY1B2
16Spos_tumor / 16Sneg_tumor,0.937740167,1.011349543,62,164,8043,39686,GUSB
16Spos_tumor / 16Sneg_tumor,0.297343702,1.370973343,13,164,1158,39686,GYG1
16Spos_tumor / 16Sneg_tumor,0.240321284,1.476759137,12,164,1040,39686,GZMH
16Spos_tumor / 16Sneg_tumor,0.688926253,0.808514723,4,164,663,39686,GZMK
16Spos_tumor / 16Sneg_tumor,0.404591581,0.74567351,9,164,1559,39686,GZMM
16Spos_tumor / 16Sneg_tumor,0.612912592,1.054625224,270,164,42408,39686,H2AX
16Spos_tumor / 16Sneg_tumor,0.383824432,0.838817271,32,164,4975,39686,H2AZ1
16Spos_tumor / 16Sneg_tumor,0.172363887,0.840215518,178,164,27299,39686,H2BC5
16Spos_tumor / 16Sneg_tumor,0.846360293,1.026131584,75,164,8793,39686,H3-3A
16Spos_tumor / 16Sneg_tumor,0.187113787,0.8177415,58,164,8009,39686,H3-5
16Spos_tumor / 16Sneg_tumor,0.523816382,1.119879953,56,164,6719,39686,H3C10
16Spos_tumor / 16Sneg_tumor,0.396591726,1.16777367,91,164,9447,39686,H3C2
16Spos_tumor / 16Sneg_tumor,0.837392585,0.969882579,80,164,8592,39686,H3C8
16Spos_tumor / 16Sneg_tumor,0.428031512,0.714833384,6,164,1105,39686,H3P7
16Spos_tumor / 16Sneg_tumor,0.794502176,0.95524611,51,164,6533,39686,H4C3
16Spos_tumor / 16Sneg_tumor,0.33305627,1.242818752,25,164,2250,39686,H6PD
16Spos_tumor / 16Sneg_tumor,0.545147161,1.164314588,19,164,1861,39686,HACD2
16Spos_tumor / 16Sneg_tumor,0.146951154,1.29625971,38,164,3516,39686,HACD3
16Spos_tumor / 16Sneg_tumor,0.633095724,1.172783952,10,164,998,39686,HACD4
16Spos_tumor / 16Sneg_tumor,0.317263518,0.718729779,10,164,1627,39686,HACE1
16Spos_tumor / 16Sneg_tumor,0.515480636,0.771634888,7,164,1038,39686,HACL1
16Spos_tumor / 16Sneg_tumor,0.661759672,1.111020235,21,164,2019,39686,HADH
16Spos_tumor / 16Sneg_tumor,0.405461336,0.84768226,30,164,4495,39686,HADHA
16Spos_tumor / 16Sneg_tumor,0.727237204,0.888697277,10,164,1494,39686,HADHB
16Spos_tumor / 16Sneg_tumor,0.87935789,0.949731424,11,164,1574,39686,HAND1
16Spos_tumor / 16Sneg_tumor,0.004046477,2.01023227,24,164,1650,39686,HAND2
16Spos_tumor / 16Sneg_tumor,0.136090578,1.629121194,12,164,935,39686,HAS2
16Spos_tumor / 16Sneg_tumor,0.388221574,1.33123394,10,164,948,39686,HAT1
16Spos_tumor / 16Sneg_tumor,0.91957084,0.968851033,12,164,1487,39686,HAUS1
16Spos_tumor / 16Sneg_tumor,0.96254674,1.02068657,6,164,811,39686,HAUS2
16Spos_tumor / 16Sneg_tumor,0.068417961,1.753406139,13,164,805,39686,HAUS3
16Spos_tumor / 16Sneg_tumor,0.856647757,0.930796283,7,164,1010,39686,HBEGF
16Spos_tumor / 16Sneg_tumor,0.000634126,2.385729619,25,164,1290,39686,HCAR2
16Spos_tumor / 16Sneg_tumor,0.267988579,0.512321197,3,164,704,39686,HCAR3
16Spos_tumor / 16Sneg_tumor,0.061462293,0.645091836,20,164,4152,39686,HCFC1
16Spos_tumor / 16Sneg_tumor,0.588526978,1.174276724,13,164,1339,39686,HCFC1R1
16Spos_tumor / 16Sneg_tumor,0.077556316,1.859845314,12,164,719,39686,HCN1
16Spos_tumor / 16Sneg_tumor,0.728681847,0.925457631,22,164,3025,39686,HDAC1
16Spos_tumor / 16Sneg_tumor,0.671236823,1.123334681,16,164,1947,39686,HDAC10
16Spos_tumor / 16Sneg_tumor,0.128063468,1.392424885,27,164,2277,39686,HDAC11
16Spos_tumor / 16Sneg_tumor,0.405613837,1.144709996,47,164,4711,39686,HDAC2
16Spos_tumor / 16Sneg_tumor,0.919123438,0.958491846,6,164,812,39686,HDAC3
16Spos_tumor / 16Sneg_tumor,0.007680006,2.052076392,17,164,1040,39686,HDAC4
16Spos_tumor / 16Sneg_tumor,0.52084213,0.763118739,6,164,1093,39686,HDAC5
16Spos_tumor / 16Sneg_tumor,0.375519434,1.375210339,9,164,689,39686,HDAC6
16Spos_tumor / 16Sneg_tumor,0.795979485,0.94158911,21,164,2799,39686,HDAC7
16Spos_tumor / 16Sneg_tumor,0.645063412,0.901622533,25,164,3157,39686,HDAC8
16Spos_tumor / 16Sneg_tumor,0.027370358,1.812703734,17,164,1449,39686,HDAC9
16Spos_tumor / 16Sneg_tumor,0.559030764,1.272274789,7,164,665,39686,HDC
16Spos_tumor / 16Sneg_tumor,0.543496598,0.89227459,32,164,5135,39686,HDGF
16Spos_tumor / 16Sneg_tumor,0.428690122,0.81530169,18,164,2461,39686,HEBP1
16Spos_tumor / 16Sneg_tumor,0.81471502,1.042889821,36,164,4917,39686,HEBP2
16Spos_tumor / 16Sneg_tumor,0.493034088,0.893262328,51,164,6315,39686,HECTD1
16Spos_tumor / 16Sneg_tumor,0.278928799,0.630213307,6,164,893,39686,HECTD2
16Spos_tumor / 16Sneg_tumor,0.938845675,1.023046661,13,164,1573,39686,HECTD3
16Spos_tumor / 16Sneg_tumor,0.986938789,1.18E-07,0,164,434,39686,HECW1
16Spos_tumor / 16Sneg_tumor,0.564110931,0.7933689,7,164,949,39686,HEG1
16Spos_tumor / 16Sneg_tumor,0.24436445,1.341291465,23,164,1910,39686,HELLS
16Spos_tumor / 16Sneg_tumor,0.964646366,0.988618942,17,164,2173,39686,HELZ2
16Spos_tumor / 16Sneg_tumor,0.618183125,1.229593748,7,164,693,39686,HEPACAM2
16Spos_tumor / 16Sneg_tumor,0.205963225,0.473598486,3,164,704,39686,HERC1
16Spos_tumor / 16Sneg_tumor,0.645170303,0.822100217,6,164,900,39686,HERC2
16Spos_tumor / 16Sneg_tumor,0.453877453,0.757752339,8,164,1338,39686,HERC3
16Spos_tumor / 16Sneg_tumor,0.164811336,1.609611995,10,164,769,39686,HERC4
16Spos_tumor / 16Sneg_tumor,0.160010699,1.507307472,17,164,884,39686,HERC5
16Spos_tumor / 16Sneg_tumor,0.335859852,0.742520617,14,164,1464,39686,HERC6
16Spos_tumor / 16Sneg_tumor,0.680734071,1.119802056,15,164,1909,39686,HERPUD1
16Spos_tumor / 16Sneg_tumor,0.187778873,1.431637122,16,164,1492,39686,HERPUD2
16Spos_tumor / 16Sneg_tumor,0.972680991,1.007211851,30,164,3914,39686,HES1
16Spos_tumor / 16Sneg_tumor,0.922924796,1.01992783,31,164,4300,39686,HES4
16Spos_tumor / 16Sneg_tumor,0.813936613,0.914413453,9,164,1274,39686,HES5
16Spos_tumor / 16Sneg_tumor,0.698896316,1.120290311,13,164,1481,39686,HEXB
16Spos_tumor / 16Sneg_tumor,0.333725877,0.708795861,9,164,1520,39686,HEY1
16Spos_tumor / 16Sneg_tumor,0.569236966,0.740117668,4,164,731,39686,HFE
16Spos_tumor / 16Sneg_tumor,0.420678435,0.684646376,5,164,897,39686,HGF
16Spos_tumor / 16Sneg_tumor,0.297035713,1.225008622,30,164,3298,39686,HGS
16Spos_tumor / 16Sneg_tumor,0.121622449,0.743432637,35,164,3913,39686,HGSNAT
16Spos_tumor / 16Sneg_tumor,0.586704299,0.724163567,3,164,521,39686,HHAT
16Spos_tumor / 16Sneg_tumor,0.067463018,1.666687326,16,164,1312,39686,HHEX
16Spos_tumor / 16Sneg_tumor,0.652447707,1.237597454,5,164,544,39686,HHIP
16Spos_tumor / 16Sneg_tumor,0.549252276,1.296672713,6,164,563,39686,HIF3A
16Spos_tumor / 16Sneg_tumor,0.346561616,1.349021659,12,164,1002,39686,HILPDA
16Spos_tumor / 16Sneg_tumor,0.750318002,0.898419704,10,164,1168,39686,HIP1
16Spos_tumor / 16Sneg_tumor,0.283453587,1.365343633,14,164,1321,39686,HIPK1
16Spos_tumor / 16Sneg_tumor,0.180523882,1.531267619,11,164,919,39686,HIPK2
16Spos_tumor / 16Sneg_tumor,0.512463945,1.265973905,9,164,770,39686,HIVEP1
16Spos_tumor / 16Sneg_tumor,0.362179201,1.199466125,31,164,3234,39686,HK1
16Spos_tumor / 16Sneg_tumor,0.137851566,1.511902272,15,164,1558,39686,HK2
16Spos_tumor / 16Sneg_tumor,0.091914833,0.18098493,1,164,651,39686,HLA-DOA
16Spos_tumor / 16Sneg_tumor,0.704865531,1.147095936,9,164,854,39686,HLA-DOB
16Spos_tumor / 16Sneg_tumor,0.784640815,0.940163205,22,164,2748,39686,HLA-G
16Spos_tumor / 16Sneg_tumor,0.74456354,0.88847482,9,164,1152,39686,HLCS
16Spos_tumor / 16Sneg_tumor,0.946791961,0.971692286,6,164,796,39686,HLF
16Spos_tumor / 16Sneg_tumor,0.849267999,1.055780673,13,164,1632,39686,HMBS
16Spos_tumor / 16Sneg_tumor,0.265957031,1.151199231,85,164,8730,39686,HMG20B
16Spos_tumor / 16Sneg_tumor,0.361730162,0.899600462,103,164,17127,39686,HMGA1
16Spos_tumor / 16Sneg_tumor,0.458829503,0.840352105,21,164,3395,39686,HMGA2
16Spos_tumor / 16Sneg_tumor,0.973011929,0.99521986,74,164,8821,39686,HMGB1
16Spos_tumor / 16Sneg_tumor,0.452424733,1.131249187,70,164,7050,39686,HMGB2
16Spos_tumor / 16Sneg_tumor,0.950655805,0.977819031,9,164,1126,39686,HMGCLL1
16Spos_tumor / 16Sneg_tumor,0.177449808,0.648445661,11,164,1975,39686,HMGCR
16Spos_tumor / 16Sneg_tumor,0.160340002,1.341636244,33,164,3108,39686,HMGCS1
16Spos_tumor / 16Sneg_tumor,0.466983536,0.806079931,14,164,1987,39686,HMGCS2
16Spos_tumor / 16Sneg_tumor,0.497129213,1.11172311,50,164,5066,39686,HMGN1
16Spos_tumor / 16Sneg_tumor,0.338947446,1.183926327,41,164,3336,39686,HMGN2
16Spos_tumor / 16Sneg_tumor,0.310570623,1.435561389,10,164,786,39686,HMGN5
16Spos_tumor / 16Sneg_tumor,0.736984767,0.851718003,5,164,708,39686,HMMR
16Spos_tumor / 16Sneg_tumor,0.391526447,1.311930734,11,164,835,39686,HMOX2
16Spos_tumor / 16Sneg_tumor,0.40869796,0.735427431,8,164,1576,39686,HNF1B
16Spos_tumor / 16Sneg_tumor,0.125273749,0.568330622,8,164,2049,39686,HNF4A
16Spos_tumor / 16Sneg_tumor,0.936560716,1.010910014,68,164,7979,39686,HNRNPD
16Spos_tumor / 16Sneg_tumor,0.190611232,1.210091818,65,164,7078,39686,HNRNPF
16Spos_tumor / 16Sneg_tumor,0.049037787,1.243956089,113,164,10596,39686,HNRNPM
16Spos_tumor / 16Sneg_tumor,0.976525203,0.993712599,25,164,3291,39686,HNRNPUL1
16Spos_tumor / 16Sneg_tumor,0.182746331,0.495549169,4,164,928,39686,HOMER1
16Spos_tumor / 16Sneg_tumor,0.065042612,0.386662409,4,164,1540,39686,HOXA10
16Spos_tumor / 16Sneg_tumor,0.263687791,0.554129862,4,164,869,39686,HOXA11
16Spos_tumor / 16Sneg_tumor,0.962565887,1.014180616,14,164,1797,39686,HOXA3
16Spos_tumor / 16Sneg_tumor,0.559146615,1.18107637,16,164,1620,39686,HOXA9
16Spos_tumor / 16Sneg_tumor,0.160978636,1.285499655,39,164,3656,39686,HOXB2
16Spos_tumor / 16Sneg_tumor,0.387403848,0.824385017,24,164,3778,39686,HOXB3
16Spos_tumor / 16Sneg_tumor,0.075622588,0.528689182,9,164,2094,39686,HOXB4
16Spos_tumor / 16Sneg_tumor,0.309740115,0.616090382,5,164,1028,39686,HOXC8
16Spos_tumor / 16Sneg_tumor,0.666042338,0.833483387,7,164,998,39686,HP
16Spos_tumor / 16Sneg_tumor,0.926894897,0.956250901,5,164,730,39686,HPGD
16Spos_tumor / 16Sneg_tumor,0.249634642,1.425074578,13,164,1159,39686,HR
16Spos_tumor / 16Sneg_tumor,0.520614935,1.128018279,39,164,3755,39686,HRAS
16Spos_tumor / 16Sneg_tumor,0.997028417,1.001328597,10,164,1259,39686,HRH1
16Spos_tumor / 16Sneg_tumor,0.788114979,0.86914056,4,164,565,39686,HRH2
16Spos_tumor / 16Sneg_tumor,0.16028084,0.360302374,2,164,702,39686,HRH3
16Spos_tumor / 16Sneg_tumor,0.680498715,0.805502749,4,164,647,39686,HS3ST4
16Spos_tumor / 16Sneg_tumor,0.459624101,0.792327387,11,164,1878,39686,HSD17B11
16Spos_tumor / 16Sneg_tumor,0.638580305,0.885019849,16,164,2167,39686,HSD17B12
16Spos_tumor / 16Sneg_tumor,0.390639614,1.682511192,3,164,284,39686,HSD17B2
16Spos_tumor / 16Sneg_tumor,0.966381804,0.988677521,15,164,1739,39686,HSD17B4
16Spos_tumor / 16Sneg_tumor,0.540722033,1.148684844,23,164,2321,39686,HSD17B8
16Spos_tumor / 16Sneg_tumor,0.369249386,1.229777793,22,164,2310,39686,HSD3B7
16Spos_tumor / 16Sneg_tumor,0.608488879,0.866606936,14,164,2129,39686,HSF1
16Spos_tumor / 16Sneg_tumor,0.407407498,1.115618023,90,164,10215,39686,HSP90AA1
16Spos_tumor / 16Sneg_tumor,0.468159942,0.926528205,124,164,16655,39686,HSP90AB1
16Spos_tumor / 16Sneg_tumor,0.001508372,0.700085562,110,164,16627,39686,HSP90B1
16Spos_tumor / 16Sneg_tumor,0.180952282,1.18539923,234,164,27328,39686,HSPA1A
16Spos_tumor / 16Sneg_tumor,0.884448551,0.97434812,63,164,7717,39686,HSPA1B
16Spos_tumor / 16Sneg_tumor,0.794749273,1.07636195,16,164,1903,39686,HSPA2
16Spos_tumor / 16Sneg_tumor,0.242488496,1.204486211,55,164,5228,39686,HSPA4
16Spos_tumor / 16Sneg_tumor,0.366154427,0.698389833,7,164,1284,39686,HSPA4L
16Spos_tumor / 16Sneg_tumor,0.941064924,1.020618191,21,164,2827,39686,HSPA6
16Spos_tumor / 16Sneg_tumor,0.218479213,0.8768301,147,164,21246,39686,HSPA8
16Spos_tumor / 16Sneg_tumor,0.633783283,1.108323106,25,164,3073,39686,HSPA9
16Spos_tumor / 16Sneg_tumor,0.823514553,0.973374699,168,164,25889,39686,HSPB1
16Spos_tumor / 16Sneg_tumor,0.935510566,1.022623418,16,164,1873,39686,HSPB6
16Spos_tumor / 16Sneg_tumor,0.865132933,0.951630047,13,164,1896,39686,HSPBP1
16Spos_tumor / 16Sneg_tumor,0.238375755,1.144069566,113,164,13409,39686,HSPD1
16Spos_tumor / 16Sneg_tumor,0.491488093,1.164864965,23,164,3022,39686,HSPE1
16Spos_tumor / 16Sneg_tumor,0.150186462,1.243673995,64,164,10932,39686,HSPG2
16Spos_tumor / 16Sneg_tumor,0.120048033,0.397569607,3,164,1036,39686,HSPH1
16Spos_tumor / 16Sneg_tumor,0.369817926,0.577797538,3,164,676,39686,HTR1A
16Spos_tumor / 16Sneg_tumor,0.095451929,0.422317571,4,164,1179,39686,HTR1B
16Spos_tumor / 16Sneg_tumor,0.272635114,0.617270163,6,164,1031,39686,HTR2A
16Spos_tumor / 16Sneg_tumor,0.90943458,0.919527633,2,164,278,39686,HTR2C
16Spos_tumor / 16Sneg_tumor,0.639026957,1.231391266,6,164,521,39686,HTR3A
16Spos_tumor / 16Sneg_tumor,0.538562441,0.731360404,4,164,692,39686,HTR6
16Spos_tumor / 16Sneg_tumor,0.874749177,0.961863599,19,164,2586,39686,HTRA2
16Spos_tumor / 16Sneg_tumor,0.697876492,0.903086609,16,164,2104,39686,HTT
16Spos_tumor / 16Sneg_tumor,0.324149814,0.76047917,15,164,3232,39686,HUS1
16Spos_tumor / 16Sneg_tumor,0.632280356,0.923859776,47,164,4971,39686,HUWE1
16Spos_tumor / 16Sneg_tumor,0.357671287,0.830517125,29,164,4333,39686,HYOU1
16Spos_tumor / 16Sneg_tumor,0.916522989,0.93938513,3,164,398,39686,IAPP
16Spos_tumor / 16Sneg_tumor,0.357314807,0.391186773,1,164,319,39686,IBSP
16Spos_tumor / 16Sneg_tumor,0.81117058,1.067731771,16,164,2376,39686,ICA1
16Spos_tumor / 16Sneg_tumor,0.018872625,0.508272326,13,164,3624,39686,ICAM1
16Spos_tumor / 16Sneg_tumor,0.617105736,0.770853604,4,164,770,39686,ICAM2
16Spos_tumor / 16Sneg_tumor,0.797980573,0.918245313,10,164,1480,39686,ICAM3
16Spos_tumor / 16Sneg_tumor,0.752998136,1.115489691,11,164,1167,39686,ICAM4
16Spos_tumor / 16Sneg_tumor,0.197604383,0.728782383,19,164,3154,39686,ICMT
16Spos_tumor / 16Sneg_tumor,0.2882835,0.339762422,1,164,388,39686,ICOS
16Spos_tumor / 16Sneg_tumor,0.6622576,1.120450954,22,164,2605,39686,ID1
16Spos_tumor / 16Sneg_tumor,0.224724153,1.385457069,17,164,1999,39686,ID2
16Spos_tumor / 16Sneg_tumor,0.644421148,1.221292605,6,164,585,39686,ID4
16Spos_tumor / 16Sneg_tumor,0.381572377,0.864690903,44,164,6845,39686,IDH1
16Spos_tumor / 16Sneg_tumor,0.330900545,0.842432747,39,164,5827,39686,IDH2
16Spos_tumor / 16Sneg_tumor,0.063090328,1.48932386,26,164,1995,39686,IDH3A
16Spos_tumor / 16Sneg_tumor,0.888372994,0.973148706,35,164,4117,39686,IDI1
16Spos_tumor / 16Sneg_tumor,0.349315243,1.334821884,13,164,1079,39686,IDNK
16Spos_tumor / 16Sneg_tumor,0.625978163,1.250844927,6,164,533,39686,IDO1
16Spos_tumor / 16Sneg_tumor,0.108569271,0.659763801,16,164,3336,39686,IDS
16Spos_tumor / 16Sneg_tumor,0.250064425,1.216582741,45,164,7122,39686,IER3
16Spos_tumor / 16Sneg_tumor,0.182601609,1.237340858,64,164,6790,39686,IER5
16Spos_tumor / 16Sneg_tumor,0.802402614,0.941828622,20,164,2217,39686,IFI16
16Spos_tumor / 16Sneg_tumor,0.65425516,0.874778512,12,164,1798,39686,IFI35
16Spos_tumor / 16Sneg_tumor,0.031543227,0.490279864,11,164,2121,39686,IFIH1
16Spos_tumor / 16Sneg_tumor,0.14219434,0.341057548,2,164,699,39686,IFIT5
16Spos_tumor / 16Sneg_tumor,0.502711676,1.253355511,10,164,1018,39686,IFNA1
16Spos_tumor / 16Sneg_tumor,0.559530824,0.705526373,3,164,568,39686,IFNA2
16Spos_tumor / 16Sneg_tumor,0.3686602,1.406080819,9,164,745,39686,IFNA4/10/17
16Spos_tumor / 16Sneg_tumor,0.363270083,0.570886889,3,164,709,39686,IFNA5
16Spos_tumor / 16Sneg_tumor,0.893494105,1.0447622,13,164,1626,39686,IFNA6
16Spos_tumor / 16Sneg_tumor,0.985543615,2.65E-07,0,164,249,39686,IFNA8
16Spos_tumor / 16Sneg_tumor,0.784015046,0.921979506,13,164,1649,39686,IFNAR1
16Spos_tumor / 16Sneg_tumor,0.689768607,0.893620673,16,164,1737,39686,IFNAR2
16Spos_tumor / 16Sneg_tumor,0.773087083,0.894325341,8,164,1048,39686,IFNB1
16Spos_tumor / 16Sneg_tumor,0.588201119,1.343789343,4,164,400,39686,IFNE
16Spos_tumor / 16Sneg_tumor,0.555182176,0.760962261,6,164,808,39686,IFNG
16Spos_tumor / 16Sneg_tumor,0.671435794,0.931639972,45,164,5883,39686,IFNGR2
16Spos_tumor / 16Sneg_tumor,0.340299756,0.602417855,4,164,705,39686,IFNL1
16Spos_tumor / 16Sneg_tumor,0.402288004,0.694197967,6,164,966,39686,IFNL2/3
16Spos_tumor / 16Sneg_tumor,0.607262895,0.585234351,1,164,216,39686,IFNW1
16Spos_tumor / 16Sneg_tumor,0.77405692,1.058947037,34,164,3236,39686,IFRD1
16Spos_tumor / 16Sneg_tumor,0.255096492,1.314592379,21,164,2068,39686,IFT140
16Spos_tumor / 16Sneg_tumor,0.632297718,1.174420291,10,164,993,39686,IFT172
16Spos_tumor / 16Sneg_tumor,0.52236122,1.21168998,14,164,1460,39686,IFT88
16Spos_tumor / 16Sneg_tumor,0.420247983,1.208963036,21,164,1936,39686,IGBP1
16Spos_tumor / 16Sneg_tumor,0.180662969,1.343246253,25,164,2573,39686,IGF1R
16Spos_tumor / 16Sneg_tumor,0.822530818,0.9268234,11,164,1147,39686,IGF2
16Spos_tumor / 16Sneg_tumor,0.038293574,1.387104195,51,164,4806,39686,IGF2R
16Spos_tumor / 16Sneg_tumor,0.502945225,0.503850949,1,164,233,39686,IGHD
16Spos_tumor / 16Sneg_tumor,0.581907993,0.714092142,3,164,530,39686,IGHV1-46
16Spos_tumor / 16Sneg_tumor,0.466400928,0.725220362,6,164,1059,39686,IGKV4-1
16Spos_tumor / 16Sneg_tumor,0.632550885,0.776639475,4,164,658,39686,IGLV1-40
16Spos_tumor / 16Sneg_tumor,0.586664833,0.751133003,4,164,621,39686,IGLV4-69
16Spos_tumor / 16Sneg_tumor,0.252648353,1.543492021,9,164,748,39686,IGLV6-57
16Spos_tumor / 16Sneg_tumor,0.722128474,1.15009533,8,164,906,39686,IGLV7-43
16Spos_tumor / 16Sneg_tumor,0.598050376,0.80776968,7,164,1034,39686,IGLV8-61
16Spos_tumor / 16Sneg_tumor,0.480093933,0.750359528,7,164,1320,39686,IHH
16Spos_tumor / 16Sneg_tumor,0.979569818,1.003699829,80,164,8602,39686,IKBKB
16Spos_tumor / 16Sneg_tumor,0.591391264,1.177090052,13,164,1174,39686,IKBKE
16Spos_tumor / 16Sneg_tumor,0.137550374,1.323321495,34,164,4067,39686,IKBKG
16Spos_tumor / 16Sneg_tumor,0.024670276,2.159950969,12,164,728,39686,IKZF1
16Spos_tumor / 16Sneg_tumor,0.883256257,0.950634303,10,164,1261,39686,IKZF2
16Spos_tumor / 16Sneg_tumor,0.229175657,1.424698261,24,164,4550,39686,IKZF3
16Spos_tumor / 16Sneg_tumor,0.192442684,0.457395422,3,164,865,39686,IL10
16Spos_tumor / 16Sneg_tumor,0.398443432,0.770166769,12,164,1791,39686,IL10RB
16Spos_tumor / 16Sneg_tumor,0.13893898,1.826472239,8,164,580,39686,IL11
16Spos_tumor / 16Sneg_tumor,0.957412735,1.023603176,6,164,728,39686,IL11RA
16Spos_tumor / 16Sneg_tumor,0.796688584,0.896288239,7,164,1018,39686,IL12A
16Spos_tumor / 16Sneg_tumor,0.907459225,1.063977424,4,164,504,39686,IL12B
16Spos_tumor / 16Sneg_tumor,0.53479279,0.712741439,4,164,711,39686,IL12RB1
16Spos_tumor / 16Sneg_tumor,0.01921596,2.117693222,13,164,783,39686,IL12RB2
16Spos_tumor / 16Sneg_tumor,0.84968958,0.913298357,5,164,649,39686,IL13
16Spos_tumor / 16Sneg_tumor,0.644794061,0.888294726,17,164,2152,39686,IL13RA1
16Spos_tumor / 16Sneg_tumor,0.020143094,2.010080944,19,164,1157,39686,IL13RA2
16Spos_tumor / 16Sneg_tumor,0.973634447,1.015796912,5,164,550,39686,IL15
16Spos_tumor / 16Sneg_tumor,0.319659817,1.525981082,6,164,559,39686,IL15RA
16Spos_tumor / 16Sneg_tumor,0.309333214,1.40951316,10,164,910,39686,IL17A
16Spos_tumor / 16Sneg_tumor,0.690207191,0.858657922,8,164,1182,39686,IL17B
16Spos_tumor / 16Sneg_tumor,0.975123716,0.988803021,10,164,1213,39686,IL17C
16Spos_tumor / 16Sneg_tumor,0.361913836,0.509295248,2,164,508,39686,IL17D
16Spos_tumor / 16Sneg_tumor,0.860657944,1.07387045,7,164,829,39686,IL17F
16Spos_tumor / 16Sneg_tumor,0.903320735,1.045589968,9,164,1099,39686,IL17RB
16Spos_tumor / 16Sneg_tumor,0.408915102,0.614772509,3,164,643,39686,IL17RE
16Spos_tumor / 16Sneg_tumor,0.54041458,0.782265922,7,164,1029,39686,IL18
16Spos_tumor / 16Sneg_tumor,0.418180823,1.333345149,9,164,940,39686,IL18BP
16Spos_tumor / 16Sneg_tumor,0.537630746,1.347756175,5,164,478,39686,IL18R1
16Spos_tumor / 16Sneg_tumor,0.497322481,0.612606529,2,164,428,39686,IL18RAP
16Spos_tumor / 16Sneg_tumor,0.692758337,0.850535299,7,164,1033,39686,IL19
16Spos_tumor / 16Sneg_tumor,0.386518738,1.349552776,11,164,1092,39686,IL1A
16Spos_tumor / 16Sneg_tumor,0.769254063,0.870700724,5,164,755,39686,IL1B
16Spos_tumor / 16Sneg_tumor,0.306570622,0.619152095,5,164,1095,39686,IL1R2
16Spos_tumor / 16Sneg_tumor,0.368502003,1.363594543,10,164,809,39686,IL1RAP
16Spos_tumor / 16Sneg_tumor,0.677880249,1.173287414,8,164,1019,39686,IL1RAPL2
16Spos_tumor / 16Sneg_tumor,0.311818852,0.620977694,5,164,992,39686,IL1RL2
16Spos_tumor / 16Sneg_tumor,0.171914472,0.248573339,1,164,499,39686,IL2
16Spos_tumor / 16Sneg_tumor,0.363086748,1.262896755,18,164,1948,39686,IL20RA
16Spos_tumor / 16Sneg_tumor,0.731638028,0.848135339,5,164,748,39686,IL20RB
16Spos_tumor / 16Sneg_tumor,0.757242435,0.897073157,10,164,1402,39686,IL21R
16Spos_tumor / 16Sneg_tumor,0.28062472,0.603237583,5,164,968,39686,IL22
16Spos_tumor / 16Sneg_tumor,0.680464652,1.156652561,10,164,1024,39686,IL22RA1
16Spos_tumor / 16Sneg_tumor,0.029964066,1.350633034,201,164,16679,39686,IL22RA2
16Spos_tumor / 16Sneg_tumor,0.760698325,0.867494056,5,164,721,39686,IL23A
16Spos_tumor / 16Sneg_tumor,0.587637102,0.78592205,6,164,893,39686,IL23R
16Spos_tumor / 16Sneg_tumor,0.460983948,0.70963977,5,164,883,39686,IL25
16Spos_tumor / 16Sneg_tumor,0.810341973,1.093856212,8,164,857,39686,IL26
16Spos_tumor / 16Sneg_tumor,0.158761955,0.541145718,6,164,1178,39686,IL27
16Spos_tumor / 16Sneg_tumor,0.383644211,1.451081553,7,164,635,39686,IL27RA
16Spos_tumor / 16Sneg_tumor,0.737749248,0.815102191,3,164,497,39686,IL3
16Spos_tumor / 16Sneg_tumor,0.826731222,1.077917038,9,164,1152,39686,IL31RA
16Spos_tumor / 16Sneg_tumor,0.389462536,0.80791616,22,164,3199,39686,IL32
16Spos_tumor / 16Sneg_tumor,0.552619847,0.752483515,5,164,885,39686,IL33
16Spos_tumor / 16Sneg_tumor,0.268808368,0.685031095,10,164,1862,39686,IL34
16Spos_tumor / 16Sneg_tumor,0.338374433,0.557125832,3,164,724,39686,IL36A
16Spos_tumor / 16Sneg_tumor,0.638745891,1.252967222,5,164,534,39686,IL36B
16Spos_tumor / 16Sneg_tumor,0.459509293,1.311081107,9,164,902,39686,IL36G
16Spos_tumor / 16Sneg_tumor,0.708033825,0.794658583,3,164,435,39686,IL3RA
16Spos_tumor / 16Sneg_tumor,0.966530738,0.97797026,4,164,518,39686,IL4
16Spos_tumor / 16Sneg_tumor,0.786752111,1.099274165,9,164,1159,39686,IL4R
16Spos_tumor / 16Sneg_tumor,0.856007185,0.909519732,4,164,593,39686,IL5
16Spos_tumor / 16Sneg_tumor,0.255690603,0.502200138,3,164,759,39686,IL5RA
16Spos_tumor / 16Sneg_tumor,0.098433905,0.367685175,3,164,1105,39686,IL6
16Spos_tumor / 16Sneg_tumor,0.850481577,0.950012651,17,164,1836,39686,IL6R
16Spos_tumor / 16Sneg_tumor,0.776030504,0.861643999,4,164,610,39686,IL7
16Spos_tumor / 16Sneg_tumor,0.678535128,1.156372802,10,164,1029,39686,IL7R
16Spos_tumor / 16Sneg_tumor,0.572775037,1.256896434,7,164,726,39686,IL9
16Spos_tumor / 16Sneg_tumor,0.347636295,0.567935688,3,164,688,39686,IL9R
16Spos_tumor / 16Sneg_tumor,0.909724801,0.985213408,79,164,9203,39686,ILF2
16Spos_tumor / 16Sneg_tumor,0.540598555,1.07071502,114,164,11950,39686,ILF3
16Spos_tumor / 16Sneg_tumor,0.654750684,0.89240516,17,164,2180,39686,IMMT
16Spos_tumor / 16Sneg_tumor,0.817592931,0.934284795,13,164,2022,39686,IMPA2
16Spos_tumor / 16Sneg_tumor,0.495365313,0.835730173,17,164,2593,39686,IMPACT
16Spos_tumor / 16Sneg_tumor,0.187654429,0.749061097,24,164,3954,39686,IMPDH1
16Spos_tumor / 16Sneg_tumor,0.590643103,1.140272895,21,164,2332,39686,IMPDH2
16Spos_tumor / 16Sneg_tumor,0.541284379,0.799613246,9,164,1181,39686,ING3
16Spos_tumor / 16Sneg_tumor,0.489247769,1.193569885,18,164,1688,39686,ING4
16Spos_tumor / 16Sneg_tumor,0.036157053,1.714218931,19,164,1271,39686,ING5
16Spos_tumor / 16Sneg_tumor,0.897811394,1.041387051,12,164,1497,39686,INHA
16Spos_tumor / 16Sneg_tumor,0.849469543,0.931035013,9,164,1090,39686,INHBB
16Spos_tumor / 16Sneg_tumor,0.704250017,0.83107335,5,164,803,39686,INHBC
16Spos_tumor / 16Sneg_tumor,0.12049064,0.207871948,1,164,566,39686,INIP
16Spos_tumor / 16Sneg_tumor,0.464305855,0.785305857,10,164,1607,39686,INO80
16Spos_tumor / 16Sneg_tumor,0.858291153,0.95998198,22,164,2592,39686,INO80E
16Spos_tumor / 16Sneg_tumor,0.31389083,0.725715998,12,164,1816,39686,INPP4A
16Spos_tumor / 16Sneg_tumor,0.072241177,1.614522092,19,164,1434,39686,INPP4B
16Spos_tumor / 16Sneg_tumor,0.272553347,1.412934281,12,164,1230,39686,INPP5A
16Spos_tumor / 16Sneg_tumor,0.883300371,1.070418958,5,164,583,39686,INPP5F
16Spos_tumor / 16Sneg_tumor,0.418828608,1.258374742,15,164,1515,39686,INPP5K
16Spos_tumor / 16Sneg_tumor,0.972282892,0.992684704,28,164,3734,39686,INPPL1
16Spos_tumor / 16Sneg_tumor,0.028592682,1.858297424,19,164,1183,39686,INS
16Spos_tumor / 16Sneg_tumor,0.269167365,0.593066817,5,164,1052,39686,INSIG1
16Spos_tumor / 16Sneg_tumor,0.47314273,0.683708547,4,164,739,39686,INSM1
16Spos_tumor / 16Sneg_tumor,0.762103852,0.912988439,13,164,1891,39686,INSR
16Spos_tumor / 16Sneg_tumor,0.436692318,1.253290092,15,164,1531,39686,INTU
16Spos_tumor / 16Sneg_tumor,0.461192403,0.472217965,1,164,241,39686,INVS
16Spos_tumor / 16Sneg_tumor,0.675811042,0.926331201,39,164,4581,39686,IP6K2
16Spos_tumor / 16Sneg_tumor,0.315561813,0.628637004,5,164,1028,39686,IPO5
16Spos_tumor / 16Sneg_tumor,0.097824638,1.391578674,32,164,2545,39686,IQCB1
16Spos_tumor / 16Sneg_tumor,0.912118957,0.960657512,8,164,1130,39686,IQCK
16Spos_tumor / 16Sneg_tumor,0.90178633,1.021235244,44,164,4602,39686,IQGAP1
16Spos_tumor / 16Sneg_tumor,0.720386526,0.893980176,11,164,1642,39686,IQSEC1
16Spos_tumor / 16Sneg_tumor,0.348112257,1.417120651,8,164,721,39686,IRAG2
16Spos_tumor / 16Sneg_tumor,0.545767301,1.127786336,30,164,4874,39686,IRAK1
16Spos_tumor / 16Sneg_tumor,0.031599471,2.18068644,9,164,723,39686,IRAK2
16Spos_tumor / 16Sneg_tumor,0.737069919,0.89429692,10,164,1359,39686,IRAK4
16Spos_tumor / 16Sneg_tumor,0.013268763,0.165797597,2,164,1260,39686,IRF1
16Spos_tumor / 16Sneg_tumor,0.895198128,1.030511453,22,164,2749,39686,IRF3
16Spos_tumor / 16Sneg_tumor,0.55539551,0.701853849,3,164,526,39686,IRF4
16Spos_tumor / 16Sneg_tumor,0.210978022,0.741999482,21,164,3261,39686,IRF9
16Spos_tumor / 16Sneg_tumor,0.41783751,0.676710833,5,164,975,39686,IRGM
16Spos_tumor / 16Sneg_tumor,0.126838559,1.485352002,21,164,1686,39686,IRS1
16Spos_tumor / 16Sneg_tumor,0.288068412,0.709980172,11,164,2054,39686,IRS2
16Spos_tumor / 16Sneg_tumor,0.017405529,1.988723327,14,164,930,39686,ISG20
16Spos_tumor / 16Sneg_tumor,0.621338677,0.842674259,10,164,1515,39686,ISL1
16Spos_tumor / 16Sneg_tumor,0.029229783,0.595269667,19,164,3518,39686,IST1
16Spos_tumor / 16Sneg_tumor,0.197459696,1.346786838,25,164,2266,39686,ISY1
16Spos_tumor / 16Sneg_tumor,0.285655535,0.765285462,19,164,2947,39686,ITCH
16Spos_tumor / 16Sneg_tumor,0.284541836,0.672767125,8,164,1858,39686,ITGA2
16Spos_tumor / 16Sneg_tumor,0.686235878,1.27663486,3,164,303,39686,ITGA2B
16Spos_tumor / 16Sneg_tumor,0.486069962,1.118809141,56,164,9424,39686,ITGA3
16Spos_tumor / 16Sneg_tumor,0.491506976,1.167410664,23,164,3234,39686,ITGA6
16Spos_tumor / 16Sneg_tumor,0.702938495,1.133101061,12,164,1168,39686,ITGA7
16Spos_tumor / 16Sneg_tumor,0.120561012,0.207892808,1,164,598,39686,ITGAE
16Spos_tumor / 16Sneg_tumor,0.110572519,1.50798554,18,164,1662,39686,ITGAV
16Spos_tumor / 16Sneg_tumor,0.17183032,0.828600961,73,164,12047,39686,ITGB1
16Spos_tumor / 16Sneg_tumor,0.647407763,0.790987734,4,164,626,39686,ITGB3BP
16Spos_tumor / 16Sneg_tumor,0.074655249,1.24035782,178,164,18384,39686,ITGB4
16Spos_tumor / 16Sneg_tumor,0.43477872,0.872985681,38,164,5609,39686,ITGB5
16Spos_tumor / 16Sneg_tumor,0.830539166,0.930414617,10,164,1866,39686,ITGB6
16Spos_tumor / 16Sneg_tumor,0.625827547,1.109311757,29,164,1848,39686,ITGB8
16Spos_tumor / 16Sneg_tumor,0.689193904,0.824801878,5,164,793,39686,ITK
16Spos_tumor / 16Sneg_tumor,0.216069776,0.779713718,40,164,5502,39686,ITLN1
16Spos_tumor / 16Sneg_tumor,0.772015997,0.89493313,8,164,1931,39686,ITM2A
16Spos_tumor / 16Sneg_tumor,0.109637608,0.621173952,13,164,2520,39686,ITM2C
16Spos_tumor / 16Sneg_tumor,0.84654717,1.056361536,14,164,1582,39686,ITPK1
16Spos_tumor / 16Sneg_tumor,0.121771876,0.57530871,9,164,2304,39686,ITPR1
16Spos_tumor / 16Sneg_tumor,0.012449368,1.510429052,51,164,4365,39686,ITPR3
16Spos_tumor / 16Sneg_tumor,0.765182562,0.87815912,6,164,823,39686,ITSN2
16Spos_tumor / 16Sneg_tumor,0.850950164,0.89412084,3,164,434,39686,IZUMO1
16Spos_tumor / 16Sneg_tumor,0.328067277,0.629535702,5,164,965,39686,JADE1
16Spos_tumor / 16Sneg_tumor,0.992693648,1.002230075,21,164,2429,39686,JADE2
16Spos_tumor / 16Sneg_tumor,0.100462276,0.377548514,3,164,876,39686,JADE3
16Spos_tumor / 16Sneg_tumor,0.65770558,1.140024526,14,164,1449,39686,JAG1
16Spos_tumor / 16Sneg_tumor,0.615017125,0.839180156,9,164,1303,39686,JAG2
16Spos_tumor / 16Sneg_tumor,0.406787573,0.815154944,19,164,2340,39686,JAK1
16Spos_tumor / 16Sneg_tumor,0.98806251,9.72E-08,0,164,361,39686,JAK2
16Spos_tumor / 16Sneg_tumor,0.793379686,1.177838806,3,164,315,39686,JAM2
16Spos_tumor / 16Sneg_tumor,0.829477288,1.099711791,6,164,740,39686,JAML
16Spos_tumor / 16Sneg_tumor,0.057214258,1.544633895,23,164,1774,39686,JARID2
16Spos_tumor / 16Sneg_tumor,0.904748607,0.95581744,8,164,1071,39686,JMJD1C
16Spos_tumor / 16Sneg_tumor,0.679655445,1.076996906,43,164,4184,39686,JMJD6
16Spos_tumor / 16Sneg_tumor,0.775533284,1.049717371,76,164,8164,39686,JUN
16Spos_tumor / 16Sneg_tumor,0.880210629,1.017039629,129,164,17104,39686,JUND
16Spos_tumor / 16Sneg_tumor,0.079671093,1.291862811,56,164,5552,39686,JUP
16Spos_tumor / 16Sneg_tumor,0.709050435,0.800549243,3,164,496,39686,KANK1
16Spos_tumor / 16Sneg_tumor,0.653379371,1.105987699,28,164,3272,39686,KANSL1
16Spos_tumor / 16Sneg_tumor,0.007325769,1.839936891,25,164,1568,39686,KANSL2
16Spos_tumor / 16Sneg_tumor,0.865826411,0.960943081,22,164,2294,39686,KANSL3
16Spos_tumor / 16Sneg_tumor,0.813585989,1.052608716,27,164,4062,39686,KAT2A
16Spos_tumor / 16Sneg_tumor,0.719373771,0.808934235,3,164,431,39686,KAT2B
16Spos_tumor / 16Sneg_tumor,0.408048185,0.79898079,15,164,2204,39686,KAT5
16Spos_tumor / 16Sneg_tumor,0.787583997,0.956594761,52,164,5258,39686,KAT6A
16Spos_tumor / 16Sneg_tumor,0.043704004,1.646284131,22,164,1478,39686,KAT6B
16Spos_tumor / 16Sneg_tumor,0.101068201,1.489770156,20,164,1653,39686,KAT7
16Spos_tumor / 16Sneg_tumor,0.215298823,1.272670368,33,164,2993,39686,KAT8
16Spos_tumor / 16Sneg_tumor,0.924120065,1.039672699,7,164,811,39686,KCNA2
16Spos_tumor / 16Sneg_tumor,0.123848251,0.209480718,1,164,554,39686,KCNA3
16Spos_tumor / 16Sneg_tumor,0.236935575,1.478982126,11,164,1026,39686,KCNAB1
16Spos_tumor / 16Sneg_tumor,0.438840076,0.666337562,4,164,666,39686,KCNB2
16Spos_tumor / 16Sneg_tumor,0.640916054,0.793698323,5,164,902,39686,KCNC2
16Spos_tumor / 16Sneg_tumor,0.371254167,1.455400798,6,164,500,39686,KCND2
16Spos_tumor / 16Sneg_tumor,0.576800842,0.711993319,3,164,557,39686,KCNE1
16Spos_tumor / 16Sneg_tumor,0.520793341,0.520641544,1,164,244,39686,KCNH8
16Spos_tumor / 16Sneg_tumor,0.258041035,1.432944115,12,164,974,39686,KCNJ11
16Spos_tumor / 16Sneg_tumor,0.171639869,1.466522761,19,164,1189,39686,KCNJ2
16Spos_tumor / 16Sneg_tumor,0.329141205,1.447158081,9,164,842,39686,KCNJ3
16Spos_tumor / 16Sneg_tumor,0.832115478,1.084759812,8,164,919,39686,KCNJ4
16Spos_tumor / 16Sneg_tumor,0.79318217,0.872763553,4,164,618,39686,KCNJ6
16Spos_tumor / 16Sneg_tumor,0.856272938,1.035493221,49,164,5795,39686,KCNMA1
16Spos_tumor / 16Sneg_tumor,0.246869785,0.504919716,3,164,762,39686,KCNN2
16Spos_tumor / 16Sneg_tumor,0.771566008,0.915338436,12,164,1647,39686,KCNQ1
16Spos_tumor / 16Sneg_tumor,0.143144021,0.349186014,2,164,685,39686,KCNQ5
16Spos_tumor / 16Sneg_tumor,0.787981584,0.894422577,7,164,953,39686,KCNT2
16Spos_tumor / 16Sneg_tumor,0.120769719,0.514603964,6,164,1433,39686,KCTD7
16Spos_tumor / 16Sneg_tumor,0.217945606,0.738343263,19,164,2873,39686,KDM1A
16Spos_tumor / 16Sneg_tumor,0.599521858,0.762693658,4,164,632,39686,KDM1B
16Spos_tumor / 16Sneg_tumor,0.235269134,1.224329274,44,164,4189,39686,KDM2A
16Spos_tumor / 16Sneg_tumor,0.048556873,1.447937801,38,164,3045,39686,KDM2B
16Spos_tumor / 16Sneg_tumor,0.811381778,0.926735627,11,164,1259,39686,KDM3A
16Spos_tumor / 16Sneg_tumor,0.947474072,0.979980962,12,164,1456,39686,KDM3B
16Spos_tumor / 16Sneg_tumor,0.985567081,1.002920203,58,164,6576,39686,KDM4A
16Spos_tumor / 16Sneg_tumor,0.264346742,0.680710235,9,164,1476,39686,KDM4B
16Spos_tumor / 16Sneg_tumor,0.310108685,1.279251602,22,164,1766,39686,KDM4C
16Spos_tumor / 16Sneg_tumor,0.39193507,0.807569165,18,164,2421,39686,KDM5A
16Spos_tumor / 16Sneg_tumor,0.607524767,1.125231646,23,164,2365,39686,KDM5B
16Spos_tumor / 16Sneg_tumor,0.122570867,1.393300479,30,164,2090,39686,KDM5C
16Spos_tumor / 16Sneg_tumor,0.522967943,0.780180218,7,164,912,39686,KDM6A
16Spos_tumor / 16Sneg_tumor,0.645959983,0.888723191,17,164,2391,39686,KDM6B
16Spos_tumor / 16Sneg_tumor,0.403341729,0.760571118,11,164,1620,39686,KDM7A
16Spos_tumor / 16Sneg_tumor,0.273331163,0.571473572,4,164,855,39686,KDSR
16Spos_tumor / 16Sneg_tumor,0.390419194,1.35107075,9,164,963,39686,KEAP1
16Spos_tumor / 16Sneg_tumor,0.978148138,0.994349752,31,164,3291,39686,KIAA1217
16Spos_tumor / 16Sneg_tumor,0.134907823,0.597827634,9,164,1779,39686,KIDINS220
16Spos_tumor / 16Sneg_tumor,0.723051482,0.860206913,6,164,881,39686,KIF11
16Spos_tumor / 16Sneg_tumor,0.595494361,0.907177481,40,164,3989,39686,KIF1B
16Spos_tumor / 16Sneg_tumor,0.821956747,1.050954965,26,164,2703,39686,KIF22
16Spos_tumor / 16Sneg_tumor,0.794115048,1.074317915,16,164,1858,39686,KIF23
16Spos_tumor / 16Sneg_tumor,0.035489359,0.522890095,12,164,2575,39686,KIF2A
16Spos_tumor / 16Sneg_tumor,0.964266493,1.013403804,15,164,1733,39686,KIF2C
16Spos_tumor / 16Sneg_tumor,0.969027587,0.986938396,10,164,1125,39686,KIF3A
16Spos_tumor / 16Sneg_tumor,0.90456285,0.976096456,32,164,3050,39686,KIF3B
16Spos_tumor / 16Sneg_tumor,0.194929344,1.333457234,23,164,2082,39686,KIF5B
16Spos_tumor / 16Sneg_tumor,0.159168261,1.60448569,11,164,720,39686,KIF5C
16Spos_tumor / 16Sneg_tumor,0.380407835,0.74337848,10,164,1485,39686,KIFAP3
16Spos_tumor / 16Sneg_tumor,0.397026898,0.770174753,12,164,2674,39686,KIFC3
16Spos_tumor / 16Sneg_tumor,0.249335345,1.593973324,7,164,610,39686,KIR2DL1/3
16Spos_tumor / 16Sneg_tumor,0.052569899,2.844195788,5,164,249,39686,KIR3DL1
16Spos_tumor / 16Sneg_tumor,0.150737548,1.608701801,12,164,883,39686,KIR3DL2
16Spos_tumor / 16Sneg_tumor,0.641578294,1.237351126,6,164,593,39686,KIR3DL3
16Spos_tumor / 16Sneg_tumor,0.15969765,0.475007778,4,164,1064,39686,KIT
16Spos_tumor / 16Sneg_tumor,0.477873368,0.720894091,5,164,878,39686,KITLG
16Spos_tumor / 16Sneg_tumor,0.206576972,1.257804645,36,164,3883,39686,KLF3
16Spos_tumor / 16Sneg_tumor,0.060649984,0.512239249,9,164,2292,39686,KLF4
16Spos_tumor / 16Sneg_tumor,0.944928168,1.009547173,78,164,9801,39686,KLF5
16Spos_tumor / 16Sneg_tumor,0.734622185,1.194965716,4,164,457,39686,KLF7
16Spos_tumor / 16Sneg_tumor,0.495971739,1.236839482,12,164,1196,39686,KLHL11
16Spos_tumor / 16Sneg_tumor,0.527483691,0.713335625,4,164,700,39686,KLHL13
16Spos_tumor / 16Sneg_tumor,0.55985519,1.156808409,21,164,2463,39686,KLHL2
16Spos_tumor / 16Sneg_tumor,0.950994183,0.978077772,9,164,1058,39686,KLHL20
16Spos_tumor / 16Sneg_tumor,0.117752172,1.939815999,6,164,384,39686,KLHL22
16Spos_tumor / 16Sneg_tumor,0.205301092,0.522265731,4,164,919,39686,KLHL3
16Spos_tumor / 16Sneg_tumor,0.942430967,1.025462483,9,164,1037,39686,KLHL42
16Spos_tumor / 16Sneg_tumor,0.481977405,1.150666154,31,164,3613,39686,KLHL5
16Spos_tumor / 16Sneg_tumor,0.620138873,0.802637609,6,164,822,39686,KLK11
16Spos_tumor / 16Sneg_tumor,0.839594398,1.089446834,7,164,808,39686,KLK3
16Spos_tumor / 16Sneg_tumor,0.498958715,1.338122251,6,164,566,39686,KLKB1
16Spos_tumor / 16Sneg_tumor,0.722600251,1.129958869,10,164,1048,39686,KLRB1
16Spos_tumor / 16Sneg_tumor,0.33382856,0.376886986,1,164,363,39686,KLRC1/2
16Spos_tumor / 16Sneg_tumor,0.502189023,0.725355322,5,164,873,39686,KLRC3
16Spos_tumor / 16Sneg_tumor,0.363697295,0.622952637,4,164,815,39686,KLRD1
16Spos_tumor / 16Sneg_tumor,0.175616811,0.371948201,2,164,655,39686,KLRF1
16Spos_tumor / 16Sneg_tumor,0.504196667,1.348891373,6,164,524,39686,KLRG1
16Spos_tumor / 16Sneg_tumor,0.181843087,1.399105818,20,164,1528,39686,KLRG2
16Spos_tumor / 16Sneg_tumor,0.621834258,0.804237041,6,164,986,39686,KLRK1
16Spos_tumor / 16Sneg_tumor,0.87945269,1.035400538,22,164,2167,39686,KMT2A
16Spos_tumor / 16Sneg_tumor,0.208716122,0.707377187,15,164,2164,39686,KMT2C
16Spos_tumor / 16Sneg_tumor,0.804678773,1.056086057,23,164,2837,39686,KMT2D
16Spos_tumor / 16Sneg_tumor,0.679719953,1.106614619,20,164,1783,39686,KMT2E
16Spos_tumor / 16Sneg_tumor,0.309792643,1.219349836,33,164,3255,39686,KMT5A
16Spos_tumor / 16Sneg_tumor,0.007658731,1.494338672,61,164,4825,39686,KMT5B
16Spos_tumor / 16Sneg_tumor,0.974796602,1.013067212,7,164,955,39686,KNG1
16Spos_tumor / 16Sneg_tumor,0.260767687,1.246920195,30,164,2778,39686,KPNA1
16Spos_tumor / 16Sneg_tumor,0.055109315,0.692776473,44,164,6102,39686,KPNA2
16Spos_tumor / 16Sneg_tumor,0.098653947,0.524386803,7,164,1653,39686,KPNA3
16Spos_tumor / 16Sneg_tumor,0.532134917,1.117595575,40,164,4633,39686,KPNA4
16Spos_tumor / 16Sneg_tumor,0.276683772,0.64387169,7,164,1371,39686,KPNA5
16Spos_tumor / 16Sneg_tumor,0.248635497,0.656777235,8,164,1283,39686,KPNA6
16Spos_tumor / 16Sneg_tumor,0.029847686,1.362731146,64,164,5621,39686,KPNB1
16Spos_tumor / 16Sneg_tumor,0.891604838,0.965855597,18,164,2018,39686,KRAS
16Spos_tumor / 16Sneg_tumor,0.419014216,0.610719237,3,164,597,39686,KRT1
16Spos_tumor / 16Sneg_tumor,0.325167704,0.547812054,3,164,673,39686,KRT10
16Spos_tumor / 16Sneg_tumor,0.209229969,0.470519598,3,164,812,39686,KRT13
16Spos_tumor / 16Sneg_tumor,0.847830939,0.935090624,10,164,1362,39686,KRT14
16Spos_tumor / 16Sneg_tumor,0.0305937,0.476257207,14,164,3837,39686,KRT15
16Spos_tumor / 16Sneg_tumor,0.024876209,0.398065234,11,164,4341,39686,KRT16
16Spos_tumor / 16Sneg_tumor,0.919580735,0.963228677,10,164,1604,39686,KRT17
16Spos_tumor / 16Sneg_tumor,0.430614647,0.925074597,199,164,26754,39686,KRT18
16Spos_tumor / 16Sneg_tumor,0.680665324,1.036686524,361,164,40738,39686,KRT19
16Spos_tumor / 16Sneg_tumor,0.974588814,1.011039493,11,164,2021,39686,KRT20
16Spos_tumor / 16Sneg_tumor,0.857481944,0.931492892,8,164,1023,39686,KRT23
16Spos_tumor / 16Sneg_tumor,0.593167777,1.212388482,11,164,1097,39686,KRT4
16Spos_tumor / 16Sneg_tumor,0.773016896,0.873465056,10,164,1500,39686,KRT5
16Spos_tumor / 16Sneg_tumor,0.24070402,0.849131972,178,164,25203,39686,KRT6A
16Spos_tumor / 16Sneg_tumor,0.949769775,1.018742563,17,164,1985,39686,KRT6B
16Spos_tumor / 16Sneg_tumor,0.449964463,0.716101684,7,164,1232,39686,KRT6C
16Spos_tumor / 16Sneg_tumor,0.80252624,0.980710257,1008,164,129214,39686,KRT7
16Spos_tumor / 16Sneg_tumor,0.434725797,0.929077156,220,164,31729,39686,KRT8
16Spos_tumor / 16Sneg_tumor,0.767954011,0.889495374,8,164,1170,39686,KRT80
16Spos_tumor / 16Sneg_tumor,0.110086806,0.64591639,16,164,2740,39686,KRT86
16Spos_tumor / 16Sneg_tumor,0.391763888,1.418236269,7,164,555,39686,KSR2
16Spos_tumor / 16Sneg_tumor,0.678787392,0.784994711,3,164,510,39686,KYAT1
16Spos_tumor / 16Sneg_tumor,0.166342607,1.465162628,15,164,1188,39686,KYAT3
16Spos_tumor / 16Sneg_tumor,0.688678908,0.848292668,7,164,1110,39686,KYNU
16Spos_tumor / 16Sneg_tumor,0.509293344,0.7250936,5,164,665,39686,L1CAM
16Spos_tumor / 16Sneg_tumor,0.772388355,1.123062436,7,164,849,39686,L2HGDH
16Spos_tumor / 16Sneg_tumor,0.68271859,1.103013659,20,164,2602,39686,LAD1
16Spos_tumor / 16Sneg_tumor,0.075757782,1.645951967,16,164,1205,39686,LAG3
16Spos_tumor / 16Sneg_tumor,0.682323185,1.195596338,6,164,675,39686,LAIR2
16Spos_tumor / 16Sneg_tumor,0.857835845,0.929331498,7,164,938,39686,LAMA1
16Spos_tumor / 16Sneg_tumor,0.609202766,1.148166989,22,164,1773,39686,LAMA3
16Spos_tumor / 16Sneg_tumor,0.029520258,1.419212882,56,164,5896,39686,LAMA5
16Spos_tumor / 16Sneg_tumor,0.497671835,1.15106546,30,164,4084,39686,LAMB3
16Spos_tumor / 16Sneg_tumor,0.199863583,0.510068687,4,164,969,39686,LAMB4
16Spos_tumor / 16Sneg_tumor,0.140372561,0.689349004,17,164,2535,39686,LAMC1
16Spos_tumor / 16Sneg_tumor,0.630458621,1.136933081,17,164,2788,39686,LAMC2
16Spos_tumor / 16Sneg_tumor,0.164252745,0.659477995,12,164,2790,39686,LAMP1
16Spos_tumor / 16Sneg_tumor,0.811656317,0.959590862,43,164,4742,39686,LAMP2
16Spos_tumor / 16Sneg_tumor,0.399680661,1.23881742,20,164,1540,39686,LAMP3
16Spos_tumor / 16Sneg_tumor,0.600650253,0.903237719,31,164,5067,39686,LAMTOR1
16Spos_tumor / 16Sneg_tumor,0.58839783,1.113784252,31,164,3833,39686,LAMTOR2
16Spos_tumor / 16Sneg_tumor,0.944405373,1.023335021,10,164,1226,39686,LAMTOR3
16Spos_tumor / 16Sneg_tumor,0.615909229,1.074878982,63,164,6979,39686,LAMTOR4
16Spos_tumor / 16Sneg_tumor,0.649841398,0.941136017,74,164,10774,39686,LAMTOR5
16Spos_tumor / 16Sneg_tumor,0.14828027,1.508618276,15,164,1141,39686,LANCL1
16Spos_tumor / 16Sneg_tumor,0.655543814,0.909495234,26,164,3395,39686,LANCL2
16Spos_tumor / 16Sneg_tumor,0.015180812,0.600486423,25,164,4636,39686,LAPTM4A
16Spos_tumor / 16Sneg_tumor,0.320935101,1.158156183,57,164,8554,39686,LAPTM4B
16Spos_tumor / 16Sneg_tumor,0.662916257,1.098624448,24,164,2801,39686,LARP1
16Spos_tumor / 16Sneg_tumor,0.626515993,0.794492281,5,164,643,39686,LAT
16Spos_tumor / 16Sneg_tumor,0.717832769,1.154542722,7,164,708,39686,LATS1
16Spos_tumor / 16Sneg_tumor,0.271956298,1.421691707,12,164,978,39686,LATS2
16Spos_tumor / 16Sneg_tumor,0.915538065,1.055461275,4,164,504,39686,LBP
16Spos_tumor / 16Sneg_tumor,0.198236454,0.713301835,17,164,4261,39686,LBR
16Spos_tumor / 16Sneg_tumor,0.347605059,1.423285272,9,164,766,39686,LCK
16Spos_tumor / 16Sneg_tumor,0.959395608,0.987151343,18,164,2103,39686,LCLAT1
16Spos_tumor / 16Sneg_tumor,0.638425701,1.125121366,18,164,2019,39686,LCMT1
16Spos_tumor / 16Sneg_tumor,0.931167221,1.012337671,135,164,26641,39686,LCN2
16Spos_tumor / 16Sneg_tumor,0.971263342,0.991095048,19,164,2292,39686,LCOR
16Spos_tumor / 16Sneg_tumor,0.440357121,0.847302775,26,164,3848,39686,LDB1
16Spos_tumor / 16Sneg_tumor,0.230784452,0.296904342,1,164,434,39686,LDB2
16Spos_tumor / 16Sneg_tumor,0.400430078,0.889426578,68,164,8931,39686,LDHA
16Spos_tumor / 16Sneg_tumor,0.358492017,1.13466607,77,164,8433,39686,LDHB
16Spos_tumor / 16Sneg_tumor,0.005538497,1.481807744,80,164,7762,39686,LDLR
16Spos_tumor / 16Sneg_tumor,0.6470278,1.130103607,15,164,1510,39686,LDLRAP1
16Spos_tumor / 16Sneg_tumor,0.609286719,1.226936313,8,164,565,39686,LEF1
16Spos_tumor / 16Sneg_tumor,0.687855116,0.875523041,12,164,2048,39686,LEFTY1
16Spos_tumor / 16Sneg_tumor,0.477385501,0.713909804,5,164,891,39686,LEFTY2
16Spos_tumor / 16Sneg_tumor,0.073150457,1.484400989,26,164,2032,39686,LEMD3
16Spos_tumor / 16Sneg_tumor,0.000696923,2.483000701,16,164,789,39686,LEO1
16Spos_tumor / 16Sneg_tumor,0.337932898,1.484450093,8,164,644,39686,LEP
16Spos_tumor / 16Sneg_tumor,0.893566308,1.045288802,11,164,1242,39686,LEPR
16Spos_tumor / 16Sneg_tumor,0.027226551,1.995229746,12,164,760,39686,LEPROT
16Spos_tumor / 16Sneg_tumor,0.200207565,1.2757526,46,164,5258,39686,LFNG
16Spos_tumor / 16Sneg_tumor,0.557594299,1.266811291,7,164,765,39686,LGALS2
16Spos_tumor / 16Sneg_tumor,0.166807135,1.335218858,31,164,4948,39686,LGALS3
16Spos_tumor / 16Sneg_tumor,0.744504668,1.039867635,99,164,14608,39686,LGALS3BP
16Spos_tumor / 16Sneg_tumor,0.330658921,0.827604703,32,164,6167,39686,LGALS9
16Spos_tumor / 16Sneg_tumor,0.639706656,0.899704814,23,164,2576,39686,LGR4
16Spos_tumor / 16Sneg_tumor,0.187120356,0.631906267,11,164,1353,39686,LGR5
16Spos_tumor / 16Sneg_tumor,0.685332357,1.135707238,12,164,1404,39686,LHPP
16Spos_tumor / 16Sneg_tumor,0.118044769,0.387685859,3,164,1240,39686,LHX1
16Spos_tumor / 16Sneg_tumor,0.696075785,1.113001761,17,164,1971,39686,LIAS
16Spos_tumor / 16Sneg_tumor,0.624883619,1.161992486,13,164,2086,39686,LIF
16Spos_tumor / 16Sneg_tumor,0.697459838,0.853803998,7,164,1469,39686,LIFR
16Spos_tumor / 16Sneg_tumor,0.006428381,1.680583575,48,164,3326,39686,LIG1
16Spos_tumor / 16Sneg_tumor,0.062304808,1.721571909,16,164,1392,39686,LIG4
16Spos_tumor / 16Sneg_tumor,0.947301892,1.025242954,9,164,1070,39686,LILRA1
16Spos_tumor / 16Sneg_tumor,0.213415691,0.408427568,2,164,592,39686,LILRA3
16Spos_tumor / 16Sneg_tumor,0.230958459,1.698579516,6,164,481,39686,LILRA4
16Spos_tumor / 16Sneg_tumor,0.227261211,0.690501353,12,164,2199,39686,LIMD1
16Spos_tumor / 16Sneg_tumor,0.077640867,0.639351656,20,164,2723,39686,LIMK2
16Spos_tumor / 16Sneg_tumor,0.428858113,0.749523543,8,164,1352,39686,LIN28A
16Spos_tumor / 16Sneg_tumor,0.124756822,1.661079756,10,164,752,39686,LIN52
16Spos_tumor / 16Sneg_tumor,0.031947143,1.670810544,21,164,1561,39686,LIN54
16Spos_tumor / 16Sneg_tumor,0.372925212,0.675125637,6,164,1049,39686,LINC01781
16Spos_tumor / 16Sneg_tumor,0.268684303,0.750176517,18,164,2971,39686,LINC01857
16Spos_tumor / 16Sneg_tumor,0.994309326,1.003435822,5,164,566,39686,LINC02446
16Spos_tumor / 16Sneg_tumor,0.027518908,1.990610166,15,164,945,39686,LINGO1
16Spos_tumor / 16Sneg_tumor,0.492685315,1.28457344,9,164,885,39686,LIPE
16Spos_tumor / 16Sneg_tumor,0.516182063,0.876585222,30,164,4705,39686,LITAF
16Spos_tumor / 16Sneg_tumor,0.03388125,1.582815756,28,164,2274,39686,LLGL1
16Spos_tumor / 16Sneg_tumor,0.279542992,0.853355729,58,164,8186,39686,LMAN1
16Spos_tumor / 16Sneg_tumor,0.500973296,0.907289278,57,164,8929,39686,LMAN2
16Spos_tumor / 16Sneg_tumor,0.535298506,1.151885017,24,164,3293,39686,LMBR1L
16Spos_tumor / 16Sneg_tumor,0.303325283,1.241626624,27,164,3044,39686,LMF2
16Spos_tumor / 16Sneg_tumor,0.503630339,0.940305606,220,164,29947,39686,LMNA
16Spos_tumor / 16Sneg_tumor,0.641422315,0.899033259,25,164,3325,39686,LMNB1
16Spos_tumor / 16Sneg_tumor,0.064785304,0.673532725,29,164,3252,39686,LMO4
16Spos_tumor / 16Sneg_tumor,0.81247313,0.932952523,14,164,2500,39686,LMO7
16Spos_tumor / 16Sneg_tumor,0.475952628,0.768349958,8,164,1201,39686,LNPEP
16Spos_tumor / 16Sneg_tumor,0.789890385,1.145697998,4,164,471,39686,LNX1
16Spos_tumor / 16Sneg_tumor,0.679493017,1.068149861,48,164,6476,39686,LONP1
16Spos_tumor / 16Sneg_tumor,0.654021661,0.858841262,10,164,966,39686,LONRF1
16Spos_tumor / 16Sneg_tumor,0.971215673,1.010532093,14,164,1700,39686,LOX
16Spos_tumor / 16Sneg_tumor,0.170215127,1.467511505,19,164,1270,39686,LPAR1
16Spos_tumor / 16Sneg_tumor,0.436206027,0.816493981,18,164,2595,39686,LPAR2
16Spos_tumor / 16Sneg_tumor,0.811599236,0.925864288,12,164,1203,39686,LPAR3
16Spos_tumor / 16Sneg_tumor,0.339778136,1.224635244,26,164,3035,39686,LPCAT1
16Spos_tumor / 16Sneg_tumor,0.453457134,1.260703625,11,164,1298,39686,LPCAT2
16Spos_tumor / 16Sneg_tumor,0.50405027,0.827818415,14,164,2351,39686,LPCAT3
16Spos_tumor / 16Sneg_tumor,0.898762694,0.947378666,6,164,1074,39686,LPCAT4
16Spos_tumor / 16Sneg_tumor,0.354118466,1.221058464,24,164,2248,39686,LPGAT1
16Spos_tumor / 16Sneg_tumor,0.542827486,0.797161956,8,164,1229,39686,LPIN1
16Spos_tumor / 16Sneg_tumor,0.636560751,1.137575463,15,164,2044,39686,LPIN2
16Spos_tumor / 16Sneg_tumor,0.608704264,1.123155268,24,164,2653,39686,LRBA
16Spos_tumor / 16Sneg_tumor,0.550189365,0.775565003,6,164,1005,39686,LRCH1
16Spos_tumor / 16Sneg_tumor,0.218819595,1.307260097,27,164,2548,39686,LRIG1
16Spos_tumor / 16Sneg_tumor,0.286695614,1.465897551,10,164,821,39686,LRP2
16Spos_tumor / 16Sneg_tumor,0.489890201,1.250980818,13,164,1306,39686,LRP4
16Spos_tumor / 16Sneg_tumor,0.011739862,1.398937176,86,164,8035,39686,LRP5
16Spos_tumor / 16Sneg_tumor,0.413527034,1.166074496,40,164,3183,39686,LRP6
16Spos_tumor / 16Sneg_tumor,0.281620305,1.139197471,81,164,8208,39686,LRPAP1
16Spos_tumor / 16Sneg_tumor,0.636387075,0.919940552,39,164,6049,39686,LRPPRC
16Spos_tumor / 16Sneg_tumor,0.338438268,1.30703227,17,164,1687,39686,LRR1
16Spos_tumor / 16Sneg_tumor,0.505812035,0.614517603,2,164,422,39686,LRRC3B
16Spos_tumor / 16Sneg_tumor,0.108876164,0.745592351,35,164,4560,39686,LRRC41
16Spos_tumor / 16Sneg_tumor,0.870389918,1.044706134,16,164,1882,39686,LRRC4B
16Spos_tumor / 16Sneg_tumor,0.385499557,1.334401113,11,164,1045,39686,LRRC4C
16Spos_tumor / 16Sneg_tumor,0.553266681,1.205295775,12,164,1231,39686,LRRC7
16Spos_tumor / 16Sneg_tumor,0.357109888,1.292700749,15,164,1354,39686,LRRC8B
16Spos_tumor / 16Sneg_tumor,0.030682199,1.433468512,44,164,3917,39686,LRRFIP1
16Spos_tumor / 16Sneg_tumor,0.84231268,0.907672137,5,164,691,39686,LRRK2
16Spos_tumor / 16Sneg_tumor,0.745604892,1.152127268,6,164,681,39686,LRRN3
16Spos_tumor / 16Sneg_tumor,0.11951235,2.330641209,4,164,237,39686,LRRTM3
16Spos_tumor / 16Sneg_tumor,0.204423093,1.562691242,10,164,865,39686,LRSAM1
16Spos_tumor / 16Sneg_tumor,0.326853439,0.679035146,7,164,1176,39686,LSM6
16Spos_tumor / 16Sneg_tumor,0.509355492,1.137060798,31,164,3813,39686,LSM7
16Spos_tumor / 16Sneg_tumor,0.271915878,1.334897922,18,164,1449,39686,LSM8
16Spos_tumor / 16Sneg_tumor,0.754653439,1.048562206,54,164,11314,39686,LSR
16Spos_tumor / 16Sneg_tumor,0.292350415,1.25912191,29,164,3228,39686,LSS
16Spos_tumor / 16Sneg_tumor,0.314188225,1.414633811,10,164,878,39686,LTA
16Spos_tumor / 16Sneg_tumor,0.125301863,0.524337356,6,164,1298,39686,LTA4H
16Spos_tumor / 16Sneg_tumor,0.450909232,0.744875463,12,164,1636,39686,LTB
16Spos_tumor / 16Sneg_tumor,0.325265409,0.685066433,8,164,1270,39686,LTBP1
16Spos_tumor / 16Sneg_tumor,0.66559051,0.943454207,68,164,8101,39686,LTBR
16Spos_tumor / 16Sneg_tumor,0.129672386,1.588803144,14,164,1130,39686,LTC4S
16Spos_tumor / 16Sneg_tumor,0.60590116,0.783859372,5,164,735,39686,LTF
16Spos_tumor / 16Sneg_tumor,0.103207397,1.637870797,13,164,1056,39686,LTK
16Spos_tumor / 16Sneg_tumor,0.918166802,0.94739133,4,164,552,39686,LUZP2
16Spos_tumor / 16Sneg_tumor,0.86223756,1.060734902,10,164,1151,39686,LY6D
16Spos_tumor / 16Sneg_tumor,0.892578205,1.019687549,67,164,6950,39686,LY6E
16Spos_tumor / 16Sneg_tumor,0.759967511,0.885529835,7,164,1268,39686,LY75
16Spos_tumor / 16Sneg_tumor,0.427178132,0.652339353,4,164,784,39686,LY9
16Spos_tumor / 16Sneg_tumor,0.433704286,1.523223706,4,164,372,39686,LY96
16Spos_tumor / 16Sneg_tumor,0.631889077,1.16386968,12,164,1251,39686,LYAR
16Spos_tumor / 16Sneg_tumor,0.241768568,1.378212809,18,164,1254,39686,LYL1
16Spos_tumor / 16Sneg_tumor,0.913451688,0.965732232,11,164,1373,39686,LYNX1
16Spos_tumor / 16Sneg_tumor,0.919659904,0.969011331,12,164,1519,39686,LYPD3
16Spos_tumor / 16Sneg_tumor,0.939836258,1.017702888,21,164,2364,39686,LYPLA1
16Spos_tumor / 16Sneg_tumor,0.700195539,1.203392939,5,164,553,39686,LYVE1
16Spos_tumor / 16Sneg_tumor,0.894292204,0.969586543,21,164,2679,39686,M6PR
16Spos_tumor / 16Sneg_tumor,0.957188617,1.011611642,26,164,2747,39686,MACF1
16Spos_tumor / 16Sneg_tumor,0.275410229,1.261050231,25,164,2943,39686,MAD1L1
16Spos_tumor / 16Sneg_tumor,0.00754632,1.901474748,21,164,1349,39686,MAD2L1
16Spos_tumor / 16Sneg_tumor,0.068504505,1.442338069,29,164,2855,39686,MAD2L2
16Spos_tumor / 16Sneg_tumor,0.194356986,1.465359272,14,164,1191,39686,MADCAM1
16Spos_tumor / 16Sneg_tumor,0.671994816,1.140246311,13,164,1460,39686,MAFA
16Spos_tumor / 16Sneg_tumor,0.221141682,0.577331734,6,164,1431,39686,MAG
16Spos_tumor / 16Sneg_tumor,0.881761093,1.052972817,10,164,1183,39686,MAGEA12
16Spos_tumor / 16Sneg_tumor,0.004607807,0.460686158,15,164,3807,39686,MAGEA3/6
16Spos_tumor / 16Sneg_tumor,0.72580644,0.932631081,29,164,3593,39686,MAGEA4
16Spos_tumor / 16Sneg_tumor,0.203471747,0.270469105,1,164,466,39686,MAGEB2
16Spos_tumor / 16Sneg_tumor,0.42207196,0.657973109,4,164,756,39686,MAGEC1
16Spos_tumor / 16Sneg_tumor,0.383636599,0.639247739,4,164,819,39686,MAGEC2
16Spos_tumor / 16Sneg_tumor,0.049288389,0.657998926,26,164,4001,39686,MAGED1
16Spos_tumor / 16Sneg_tumor,0.887467064,1.027189783,35,164,3080,39686,MAGED2
16Spos_tumor / 16Sneg_tumor,0.795132075,1.126459265,5,164,562,39686,MAGI1
16Spos_tumor / 16Sneg_tumor,0.305889786,0.827144316,36,164,4430,39686,MAGOH
16Spos_tumor / 16Sneg_tumor,0.946218624,1.02034087,12,164,1254,39686,MAGT1
16Spos_tumor / 16Sneg_tumor,0.987763981,9.25E-08,0,164,369,39686,MAL
16Spos_tumor / 16Sneg_tumor,0.91998332,1.032883435,11,164,1357,39686,MALT1
16Spos_tumor / 16Sneg_tumor,0.405697159,0.732662766,8,164,1217,39686,MAML1
16Spos_tumor / 16Sneg_tumor,0.780684672,0.891267379,7,164,949,39686,MAML2
16Spos_tumor / 16Sneg_tumor,0.186000235,1.392670074,21,164,1645,39686,MAML3
16Spos_tumor / 16Sneg_tumor,0.702938799,0.869701048,9,164,1326,39686,MAN1A1
16Spos_tumor / 16Sneg_tumor,0.530602162,1.219614742,11,164,997,39686,MAN1A2
16Spos_tumor / 16Sneg_tumor,0.344122816,0.824691149,27,164,3892,39686,MAN1B1
16Spos_tumor / 16Sneg_tumor,0.452700162,1.28404441,11,164,1020,39686,MAN1C1
16Spos_tumor / 16Sneg_tumor,0.802827661,1.064754172,19,164,2578,39686,MANBA
16Spos_tumor / 16Sneg_tumor,0.361518258,0.84753767,40,164,4789,39686,MANF
16Spos_tumor / 16Sneg_tumor,0.859248896,1.059667425,11,164,1335,39686,MAOA
16Spos_tumor / 16Sneg_tumor,0.135664119,0.341095962,2,164,727,39686,MAOB
16Spos_tumor / 16Sneg_tumor,0.171907993,0.601423521,8,164,1675,39686,MAP1LC3A
16Spos_tumor / 16Sneg_tumor,0.048995889,1.799658424,14,164,1028,39686,MAP1LC3B
16Spos_tumor / 16Sneg_tumor,0.259192443,1.587125007,7,164,553,39686,MAP2
16Spos_tumor / 16Sneg_tumor,0.840590134,0.955376356,22,164,3506,39686,MAP2K1
16Spos_tumor / 16Sneg_tumor,0.95545781,1.009908482,38,164,5533,39686,MAP2K2
16Spos_tumor / 16Sneg_tumor,0.489717824,1.166551114,22,164,2666,39686,MAP2K3
16Spos_tumor / 16Sneg_tumor,0.716343979,0.896797382,13,164,1719,39686,MAP2K4
16Spos_tumor / 16Sneg_tumor,0.070618657,1.588471493,18,164,1409,39686,MAP2K5
16Spos_tumor / 16Sneg_tumor,0.4949225,0.804074771,12,164,1611,39686,MAP2K6
16Spos_tumor / 16Sneg_tumor,0.472948565,0.804331913,12,164,1986,39686,MAP2K7
16Spos_tumor / 16Sneg_tumor,0.558395953,0.821993109,10,164,1269,39686,MAP3K1
16Spos_tumor / 16Sneg_tumor,0.321232492,0.689680546,8,164,1313,39686,MAP3K12
16Spos_tumor / 16Sneg_tumor,0.26518542,0.667824827,9,164,1614,39686,MAP3K13
16Spos_tumor / 16Sneg_tumor,0.057377648,1.540008049,24,164,2058,39686,MAP3K14
16Spos_tumor / 16Sneg_tumor,0.922219373,0.972130594,14,164,1711,39686,MAP3K2
16Spos_tumor / 16Sneg_tumor,0.247250848,0.506642027,3,164,733,39686,MAP3K20
16Spos_tumor / 16Sneg_tumor,0.949290911,0.980790801,13,164,1575,39686,MAP3K3
16Spos_tumor / 16Sneg_tumor,0.424566743,1.184220053,30,164,3256,39686,MAP3K4
16Spos_tumor / 16Sneg_tumor,0.502124933,1.240960201,11,164,1316,39686,MAP3K5
16Spos_tumor / 16Sneg_tumor,0.331968142,1.293256981,16,164,1456,39686,MAP3K7
16Spos_tumor / 16Sneg_tumor,0.457180904,0.578893696,2,164,437,39686,MAP4
16Spos_tumor / 16Sneg_tumor,0.646452762,0.847695929,9,164,1493,39686,MAP4K2
16Spos_tumor / 16Sneg_tumor,0.943085783,1.020204676,15,164,1733,39686,MAP4K3
16Spos_tumor / 16Sneg_tumor,0.530699027,1.133514283,31,164,2886,39686,MAP4K4
16Spos_tumor / 16Sneg_tumor,0.564107459,1.120281729,31,164,3326,39686,MAP7
16Spos_tumor / 16Sneg_tumor,0.656438491,0.879314612,13,164,1698,39686,MAPK1
16Spos_tumor / 16Sneg_tumor,0.910815018,1.034265622,14,164,1633,39686,MAPK10
16Spos_tumor / 16Sneg_tumor,0.820074757,1.070078753,14,164,1625,39686,MAPK11
16Spos_tumor / 16Sneg_tumor,0.764688695,0.950831548,43,164,6872,39686,MAPK13
16Spos_tumor / 16Sneg_tumor,0.772844055,1.050546564,40,164,4459,39686,MAPK14
16Spos_tumor / 16Sneg_tumor,0.419940169,1.345266069,8,164,756,39686,MAPK3
16Spos_tumor / 16Sneg_tumor,0.039996721,1.828563271,15,164,1074,39686,MAPK7
16Spos_tumor / 16Sneg_tumor,0.529223307,0.728036743,4,164,708,39686,MAPK8
16Spos_tumor / 16Sneg_tumor,0.088063079,0.412442434,4,164,1090,39686,MAPK8IP1
16Spos_tumor / 16Sneg_tumor,0.596307715,1.210741932,10,164,1167,39686,MAPK8IP2
16Spos_tumor / 16Sneg_tumor,0.444696577,0.826469058,19,164,2956,39686,MAPK8IP3
16Spos_tumor / 16Sneg_tumor,0.380545161,0.716904277,8,164,1376,39686,MAPK9
16Spos_tumor / 16Sneg_tumor,0.118712095,1.355735106,32,164,3120,39686,MAPKAP1
16Spos_tumor / 16Sneg_tumor,0.420268785,1.214535494,19,164,1932,39686,MAPKAPK2
16Spos_tumor / 16Sneg_tumor,0.881292739,0.947561462,9,164,1176,39686,MAPKAPK3
16Spos_tumor / 16Sneg_tumor,0.159529579,1.277091991,42,164,3886,39686,MAPKAPK5
16Spos_tumor / 16Sneg_tumor,0.178187544,0.257009918,1,164,494,39686,MAPKBP1
16Spos_tumor / 16Sneg_tumor,0.83690804,0.962447338,35,164,4567,39686,MAPRE1
16Spos_tumor / 16Sneg_tumor,0.164800787,1.711351925,9,164,720,39686,MAPT
16Spos_tumor / 16Sneg_tumor,0.231050231,0.851309512,69,164,11509,39686,MARCKSL1
16Spos_tumor / 16Sneg_tumor,0.779973582,1.090972446,11,164,1096,39686,MARK3
16Spos_tumor / 16Sneg_tumor,0.707940218,0.81405234,4,164,631,39686,MASP1
16Spos_tumor / 16Sneg_tumor,0.083104819,1.70342094,15,164,1188,39686,MASP2
16Spos_tumor / 16Sneg_tumor,0.588035162,0.898994939,32,164,4221,39686,MAU2
16Spos_tumor / 16Sneg_tumor,0.327430156,0.791470767,21,164,2878,39686,MAVS
16Spos_tumor / 16Sneg_tumor,0.859116019,0.964917486,30,164,3475,39686,MAX
16Spos_tumor / 16Sneg_tumor,0.480862209,0.648076945,3,164,600,39686,MB
16Spos_tumor / 16Sneg_tumor,0.111277109,1.508892885,16,164,1461,39686,MBD3
16Spos_tumor / 16Sneg_tumor,0.70914877,1.082398876,26,164,2864,39686,MBD4
16Spos_tumor / 16Sneg_tumor,0.584389953,0.87425672,21,164,2751,39686,MBIP
16Spos_tumor / 16Sneg_tumor,0.662866714,1.196053158,7,164,758,39686,MBL2
16Spos_tumor / 16Sneg_tumor,0.219580219,0.572461349,5,164,1282,39686,MBNL1
16Spos_tumor / 16Sneg_tumor,0.634981757,0.828916977,7,164,1205,39686,MBNL3
16Spos_tumor / 16Sneg_tumor,0.154765021,0.515242084,5,164,1118,39686,MBOAT2
16Spos_tumor / 16Sneg_tumor,0.481585119,1.160145354,28,164,3217,39686,MBOAT7
16Spos_tumor / 16Sneg_tumor,0.127419939,1.51624328,16,164,1327,39686,MBTPS1
16Spos_tumor / 16Sneg_tumor,0.263834921,1.398026529,13,164,1033,39686,MBTPS2
16Spos_tumor / 16Sneg_tumor,0.76190892,0.872640699,6,164,877,39686,MC2R
16Spos_tumor / 16Sneg_tumor,0.09998485,0.188923472,1,164,643,39686,MC3R
16Spos_tumor / 16Sneg_tumor,0.770564979,1.169865294,4,164,463,39686,MC4R
16Spos_tumor / 16Sneg_tumor,0.287135675,1.630512869,6,164,550,39686,MC5R
16Spos_tumor / 16Sneg_tumor,0.898974355,0.96018306,11,164,1531,39686,MCAT
16Spos_tumor / 16Sneg_tumor,0.150095908,1.539923232,13,164,1198,39686,MCEE
16Spos_tumor / 16Sneg_tumor,0.535870662,1.275749655,8,164,808,39686,MCEMP1
16Spos_tumor / 16Sneg_tumor,0.716771955,0.86727092,7,164,1109,39686,MCFD2
16Spos_tumor / 16Sneg_tumor,0.19512882,1.446153024,15,164,1314,39686,MCHR2
16Spos_tumor / 16Sneg_tumor,0.954386478,1.018766402,10,164,1164,39686,MCM2
16Spos_tumor / 16Sneg_tumor,0.117294621,1.35014212,37,164,2815,39686,MCM3
16Spos_tumor / 16Sneg_tumor,0.985872011,1.005636962,12,164,1250,39686,MCM4
16Spos_tumor / 16Sneg_tumor,0.480252916,0.801576359,12,164,1656,39686,MCM5
16Spos_tumor / 16Sneg_tumor,0.092622851,1.492607962,24,164,2016,39686,MCM6
16Spos_tumor / 16Sneg_tumor,0.637486197,1.140120456,15,164,1492,39686,MCM7
16Spos_tumor / 16Sneg_tumor,0.601899585,0.842923691,11,164,1752,39686,MCOLN1
16Spos_tumor / 16Sneg_tumor,0.672952233,0.861277435,9,164,1371,39686,MCPH1
16Spos_tumor / 16Sneg_tumor,0.735095756,0.922354328,21,164,2753,39686,MCRS1
16Spos_tumor / 16Sneg_tumor,0.201051193,1.59561388,9,164,852,39686,MCTP1
16Spos_tumor / 16Sneg_tumor,0.001946158,2.075771522,22,164,1408,39686,MCTP2
16Spos_tumor / 16Sneg_tumor,0.255298791,1.291611414,26,164,1937,39686,MDC1
16Spos_tumor / 16Sneg_tumor,0.987355809,1.08E-07,0,164,422,39686,MDFIC
16Spos_tumor / 16Sneg_tumor,0.78779558,1.128303448,6,164,720,39686,MDGA2
16Spos_tumor / 16Sneg_tumor,0.313950515,0.798227397,23,164,3793,39686,MDH1
16Spos_tumor / 16Sneg_tumor,0.486214211,0.851686646,20,164,3310,39686,MDH2
16Spos_tumor / 16Sneg_tumor,0.980979953,0.997980783,274,164,30691,39686,MDK
16Spos_tumor / 16Sneg_tumor,0.035086227,0.494913221,10,164,2479,39686,MDM2
16Spos_tumor / 16Sneg_tumor,0.199475199,1.344070168,23,164,1784,39686,MDM4
16Spos_tumor / 16Sneg_tumor,0.350577569,1.45343213,7,164,654,39686,ME1
16Spos_tumor / 16Sneg_tumor,0.928131746,0.968692118,9,164,1162,39686,ME2
16Spos_tumor / 16Sneg_tumor,0.556088789,0.654417197,2,164,423,39686,ME3
16Spos_tumor / 16Sneg_tumor,0.831707037,0.970082319,62,164,7159,39686,MEA1
16Spos_tumor / 16Sneg_tumor,0.484685228,0.858412277,24,164,2595,39686,MEAF6
16Spos_tumor / 16Sneg_tumor,0.655425192,1.123481701,17,164,1690,39686,MECOM
16Spos_tumor / 16Sneg_tumor,0.443835983,1.170561591,27,164,2989,39686,MECP2
16Spos_tumor / 16Sneg_tumor,0.234229463,1.387334005,16,164,1426,39686,MECR
16Spos_tumor / 16Sneg_tumor,0.902322028,1.031548395,18,164,2028,39686,MED1
16Spos_tumor / 16Sneg_tumor,0.016228121,0.439118223,9,164,2826,39686,MED10
16Spos_tumor / 16Sneg_tumor,0.646653417,0.855950621,10,164,1456,39686,MED11
16Spos_tumor / 16Sneg_tumor,0.815984085,1.080657323,10,164,1005,39686,MED12
16Spos_tumor / 16Sneg_tumor,0.518424708,1.138287384,31,164,3240,39686,MED13
16Spos_tumor / 16Sneg_tumor,0.751558227,1.094605176,15,164,1483,39686,MED13L
16Spos_tumor / 16Sneg_tumor,0.165589639,1.340985801,31,164,2067,39686,MED14
16Spos_tumor / 16Sneg_tumor,0.46572579,1.047895263,390,164,42691,39686,MED15
16Spos_tumor / 16Sneg_tumor,0.859921071,0.958663247,20,164,3025,39686,MED16
16Spos_tumor / 16Sneg_tumor,0.401988119,0.651376594,4,164,768,39686,MED19
16Spos_tumor / 16Sneg_tumor,0.340138745,1.255607773,22,164,1898,39686,MED21
16Spos_tumor / 16Sneg_tumor,0.514387009,1.262841803,9,164,837,39686,MED23
16Spos_tumor / 16Sneg_tumor,0.800575441,0.906501674,7,164,1104,39686,MED24
16Spos_tumor / 16Sneg_tumor,0.521400421,1.148975439,25,164,2474,39686,MED25
16Spos_tumor / 16Sneg_tumor,0.346090188,1.21922038,26,164,2668,39686,MED27
16Spos_tumor / 16Sneg_tumor,0.080011953,0.642706153,17,164,3402,39686,MED28
16Spos_tumor / 16Sneg_tumor,0.975576902,0.993479066,26,164,2691,39686,MED29
16Spos_tumor / 16Sneg_tumor,0.606538295,0.858015999,13,164,1712,39686,MED30
16Spos_tumor / 16Sneg_tumor,0.536050669,1.165659667,24,164,1831,39686,MED31
16Spos_tumor / 16Sneg_tumor,0.588440573,0.847428476,12,164,1670,39686,MED4
16Spos_tumor / 16Sneg_tumor,0.618392915,1.158959893,14,164,1311,39686,MED6
16Spos_tumor / 16Sneg_tumor,0.15118602,0.51809795,5,164,1227,39686,MED7
16Spos_tumor / 16Sneg_tumor,0.281913279,1.298356837,20,164,1715,39686,MED8
16Spos_tumor / 16Sneg_tumor,0.269476272,1.303292854,20,164,1865,39686,MED9
16Spos_tumor / 16Sneg_tumor,0.318185749,1.320241428,17,164,1414,39686,MEF2A
16Spos_tumor / 16Sneg_tumor,0.370334361,1.204520336,28,164,3054,39686,MEF2D
16Spos_tumor / 16Sneg_tumor,0.735629019,0.784889577,2,164,316,39686,MEFV
16Spos_tumor / 16Sneg_tumor,0.134765475,1.683129184,10,164,714,39686,MEGF11
16Spos_tumor / 16Sneg_tumor,0.095344174,0.675224879,24,164,2678,39686,MEIS1
16Spos_tumor / 16Sneg_tumor,0.62179219,0.888702063,22,164,3099,39686,MEIS2
16Spos_tumor / 16Sneg_tumor,0.191648163,1.539055281,10,164,685,39686,MELK
16Spos_tumor / 16Sneg_tumor,0.924590135,0.978389309,23,164,2993,39686,MELTF
16Spos_tumor / 16Sneg_tumor,0.517220662,0.858160982,21,164,3225,39686,MEN1
16Spos_tumor / 16Sneg_tumor,0.606347574,0.734239209,3,164,538,39686,MEOX1
16Spos_tumor / 16Sneg_tumor,0.083035593,1.539430396,22,164,1746,39686,MESP1
16Spos_tumor / 16Sneg_tumor,0.402918203,0.767873068,11,164,2380,39686,MET
16Spos_tumor / 16Sneg_tumor,0.431518527,0.733601703,7,164,1292,39686,METTL7A
16Spos_tumor / 16Sneg_tumor,0.325011155,0.631990136,5,164,998,39686,MEX3C
16Spos_tumor / 16Sneg_tumor,0.352707564,1.4828742,6,164,537,39686,MFAP1
16Spos_tumor / 16Sneg_tumor,0.634043658,1.133871118,18,164,1821,39686,MFAP2
16Spos_tumor / 16Sneg_tumor,0.468402546,1.234676426,14,164,1465,39686,MFAP3
16Spos_tumor / 16Sneg_tumor,0.816376347,0.845217726,2,164,313,39686,MFAP4
16Spos_tumor / 16Sneg_tumor,0.391374663,1.32606988,12,164,1135,39686,MFAP5
16Spos_tumor / 16Sneg_tumor,0.005428164,1.64038418,40,164,2658,39686,MFN1
16Spos_tumor / 16Sneg_tumor,0.15479596,0.678441108,15,164,2755,39686,MFN2
16Spos_tumor / 16Sneg_tumor,0.505767911,0.831367802,16,164,2262,39686,MFSD8
16Spos_tumor / 16Sneg_tumor,0.232135446,1.417405673,15,164,1092,39686,MGAT4A
16Spos_tumor / 16Sneg_tumor,0.468087368,1.19909759,19,164,2630,39686,MGLL
16Spos_tumor / 16Sneg_tumor,0.467755285,1.189479307,22,164,2119,39686,MGMT
16Spos_tumor / 16Sneg_tumor,0.377262648,1.165934153,46,164,4206,39686,MGRN1
16Spos_tumor / 16Sneg_tumor,0.030806774,1.713941792,19,164,1782,39686,MGST1
16Spos_tumor / 16Sneg_tumor,0.201278051,1.232682928,49,164,5126,39686,MGST3
16Spos_tumor / 16Sneg_tumor,0.059147433,0.884049075,853,164,112977,39686,MHC I
16Spos_tumor / 16Sneg_tumor,0.771101781,0.869518416,6,164,1948,39686,MIA
16Spos_tumor / 16Sneg_tumor,0.787205595,0.945918292,27,164,3941,39686,MIB1
16Spos_tumor / 16Sneg_tumor,0.57130156,0.867839788,18,164,2597,39686,MIB2
16Spos_tumor / 16Sneg_tumor,0.233510869,0.63005093,7,164,1233,39686,MICA
16Spos_tumor / 16Sneg_tumor,0.45524772,0.806182971,14,164,1887,39686,MICB
16Spos_tumor / 16Sneg_tumor,0.302334226,1.367225928,14,164,1106,39686,MID1
16Spos_tumor / 16Sneg_tumor,0.73153602,0.921293645,21,164,2587,39686,MID1IP1
16Spos_tumor / 16Sneg_tumor,0.475876724,1.322016161,7,164,572,39686,MIER1
16Spos_tumor / 16Sneg_tumor,0.420706296,0.921731077,144,164,18372,39686,MIF
16Spos_tumor / 16Sneg_tumor,0.974033943,1.009395466,14,164,1714,39686,MIGA1
16Spos_tumor / 16Sneg_tumor,0.157179562,1.417008046,20,164,2013,39686,MIGA2
16Spos_tumor / 16Sneg_tumor,0.997880659,0.9990684,10,164,1310,39686,MINPP1
16Spos_tumor / 16Sneg_tumor,0.201371159,1.4960068,11,164,894,39686,MIP
16Spos_tumor / 16Sneg_tumor,0.197824186,0.57690306,6,164,1312,39686,MIR4435-2HG
16Spos_tumor / 16Sneg_tumor,0.262995038,0.619788926,6,164,1203,39686,MIS12
16Spos_tumor / 16Sneg_tumor,0.650981917,1.112364895,22,164,2381,39686,MIS18A
16Spos_tumor / 16Sneg_tumor,0.025540758,1.54346102,52,164,3478,39686,MIS18BP1
16Spos_tumor / 16Sneg_tumor,0.603524979,0.688057561,2,164,361,39686,MIXL1
16Spos_tumor / 16Sneg_tumor,0.59636227,0.801150676,7,164,1253,39686,MKI67
16Spos_tumor / 16Sneg_tumor,0.444655325,0.762790555,9,164,1491,39686,MKKS
16Spos_tumor / 16Sneg_tumor,0.600578427,0.88035594,19,164,2241,39686,MKNK1
16Spos_tumor / 16Sneg_tumor,0.592004908,0.918486197,51,164,8394,39686,MKNK2
16Spos_tumor / 16Sneg_tumor,0.025538469,0.625300996,26,164,4679,39686,MKRN1
16Spos_tumor / 16Sneg_tumor,0.709953523,0.822771247,4,164,636,39686,MLANA
16Spos_tumor / 16Sneg_tumor,0.29095945,0.838978949,42,164,6855,39686,MLEC
16Spos_tumor / 16Sneg_tumor,0.91195097,1.026598339,22,164,3066,39686,MLF1
16Spos_tumor / 16Sneg_tumor,0.973722781,1.009558967,14,164,1632,39686,MLH1
16Spos_tumor / 16Sneg_tumor,0.65713425,0.860592762,10,164,1348,39686,MLH3
16Spos_tumor / 16Sneg_tumor,0.953949049,0.978303098,8,164,1315,39686,MLKL
16Spos_tumor / 16Sneg_tumor,0.495280975,0.728778722,5,164,813,39686,MLLT3
16Spos_tumor / 16Sneg_tumor,0.082508181,1.310372443,66,164,7168,39686,MLPH
16Spos_tumor / 16Sneg_tumor,0.878761573,1.058397776,8,164,989,39686,MLST8
16Spos_tumor / 16Sneg_tumor,0.173499051,1.316901621,27,164,3016,39686,MLX
16Spos_tumor / 16Sneg_tumor,0.963373185,1.015640093,11,164,945,39686,MLXIPL
16Spos_tumor / 16Sneg_tumor,0.842996074,1.097075598,5,164,594,39686,MME
16Spos_tumor / 16Sneg_tumor,0.774936866,0.845122857,3,164,487,39686,MMP1
16Spos_tumor / 16Sneg_tumor,0.27130049,1.625657705,6,164,439,39686,MMP11
16Spos_tumor / 16Sneg_tumor,0.848403139,1.049159278,18,164,3116,39686,MMP15
16Spos_tumor / 16Sneg_tumor,0.5522002,1.251251539,10,164,990,39686,MMP16
16Spos_tumor / 16Sneg_tumor,0.707304243,0.876471761,9,164,1636,39686,MMP2
16Spos_tumor / 16Sneg_tumor,0.43817358,0.698893364,5,164,908,39686,MMP3
16Spos_tumor / 16Sneg_tumor,0.582969526,0.911651949,175,164,9730,39686,MMP7
16Spos_tumor / 16Sneg_tumor,0.882832446,1.075462343,5,164,546,39686,MMP9
16Spos_tumor / 16Sneg_tumor,0.067786048,0.332311316,3,164,1812,39686,MMRN1
16Spos_tumor / 16Sneg_tumor,0.949119248,1.020237896,12,164,1415,39686,MMS22L
16Spos_tumor / 16Sneg_tumor,0.196272784,0.591461789,7,164,1175,39686,MNAT1
16Spos_tumor / 16Sneg_tumor,0.673040118,1.190642319,7,164,714,39686,MND1
16Spos_tumor / 16Sneg_tumor,0.385100411,0.845433321,31,164,4110,39686,MOB1A
16Spos_tumor / 16Sneg_tumor,0.855152264,1.051113991,16,164,1696,39686,MOB1B
16Spos_tumor / 16Sneg_tumor,0.955499331,0.97621227,7,164,863,39686,MOBP
16Spos_tumor / 16Sneg_tumor,0.857375465,1.089129491,5,164,648,39686,MOGAT1
16Spos_tumor / 16Sneg_tumor,0.690877391,1.073228942,40,164,5156,39686,MOGS
16Spos_tumor / 16Sneg_tumor,0.95403595,0.99083813,49,164,6116,39686,MORF4L2
16Spos_tumor / 16Sneg_tumor,0.209033293,0.472698458,3,164,857,39686,MOSMO
16Spos_tumor / 16Sneg_tumor,0.790625497,0.906074058,9,164,1008,39686,MOSPD2
16Spos_tumor / 16Sneg_tumor,0.706181501,0.885560508,11,164,1534,39686,MOV10L1
16Spos_tumor / 16Sneg_tumor,0.009657936,1.602794047,39,164,4224,39686,MPC1
16Spos_tumor / 16Sneg_tumor,0.694763064,1.134134161,11,164,1240,39686,MPC2
16Spos_tumor / 16Sneg_tumor,0.939254986,1.032460501,6,164,900,39686,MPG
16Spos_tumor / 16Sneg_tumor,0.742209547,0.882582687,8,164,1179,39686,MPI
16Spos_tumor / 16Sneg_tumor,0.409071359,1.332944854,10,164,842,39686,MPIG6B
16Spos_tumor / 16Sneg_tumor,0.875507358,0.93385577,6,164,758,39686,MPL
16Spos_tumor / 16Sneg_tumor,0.726976151,0.885615533,11,164,1316,39686,MPO
16Spos_tumor / 16Sneg_tumor,0.563628836,0.698081265,3,164,556,39686,MPPED1
16Spos_tumor / 16Sneg_tumor,0.87800986,0.961112675,17,164,2144,39686,MPV17
16Spos_tumor / 16Sneg_tumor,0.291213406,0.791994429,23,164,3610,39686,MPZL1
16Spos_tumor / 16Sneg_tumor,0.772039778,1.077740993,19,164,2058,39686,MR1
16Spos_tumor / 16Sneg_tumor,0.135444574,0.448723563,4,164,1007,39686,MRAS
16Spos_tumor / 16Sneg_tumor,0.878328866,1.03984739,18,164,1908,39686,MRE11
16Spos_tumor / 16Sneg_tumor,0.720984183,0.774788144,2,164,327,39686,MRGPRX1
16Spos_tumor / 16Sneg_tumor,0.198456648,0.640913896,9,164,2057,39686,MRM2
16Spos_tumor / 16Sneg_tumor,0.382372225,1.287543554,14,164,1366,39686,MRPS31
16Spos_tumor / 16Sneg_tumor,0.968673787,0.978870341,4,164,558,39686,MS4A1
16Spos_tumor / 16Sneg_tumor,0.553616006,1.303095641,6,164,597,39686,MS4A2
16Spos_tumor / 16Sneg_tumor,0.980263649,1.009855748,7,164,821,39686,MSH2
16Spos_tumor / 16Sneg_tumor,0.297417236,0.574196317,4,164,825,39686,MSH4
16Spos_tumor / 16Sneg_tumor,0.19539468,1.270283932,40,164,3378,39686,MSH6
16Spos_tumor / 16Sneg_tumor,0.821290365,1.049525034,26,164,3096,39686,MSL1
16Spos_tumor / 16Sneg_tumor,0.316101993,0.651975725,6,164,1024,39686,MSL2
16Spos_tumor / 16Sneg_tumor,0.190660737,0.627387206,9,164,1345,39686,MSL3
16Spos_tumor / 16Sneg_tumor,0.684870014,0.884115321,17,164,1895,39686,MSLN
16Spos_tumor / 16Sneg_tumor,0.959810514,0.984087177,19,164,3865,39686,MSMB
16Spos_tumor / 16Sneg_tumor,0.360725353,0.728386872,9,164,1624,39686,MSMO1
16Spos_tumor / 16Sneg_tumor,0.015375986,0.231796283,3,164,1523,39686,MSRA
16Spos_tumor / 16Sneg_tumor,0.239213036,1.404007975,13,164,977,39686,MSRB2
16Spos_tumor / 16Sneg_tumor,0.27808495,0.668352951,9,164,1313,39686,MSRB3
16Spos_tumor / 16Sneg_tumor,0.503125662,1.296340202,7,164,870,39686,MST1R
16Spos_tumor / 16Sneg_tumor,0.947857353,0.973764887,7,164,990,39686,MSX2
16Spos_tumor / 16Sneg_tumor,0.383800375,0.678401935,6,164,1122,39686,MT1B
16Spos_tumor / 16Sneg_tumor,0.567859187,1.173799435,16,164,1411,39686,MT1E
16Spos_tumor / 16Sneg_tumor,0.878065924,0.942987218,8,164,1009,39686,MT1F
16Spos_tumor / 16Sneg_tumor,0.07380055,0.392969894,4,164,1232,39686,MT1G
16Spos_tumor / 16Sneg_tumor,0.217646188,1.820242203,5,164,412,39686,MT1H
16Spos_tumor / 16Sneg_tumor,0.134364544,0.338010061,2,164,747,39686,MT1M
16Spos_tumor / 16Sneg_tumor,0.523026672,0.850414612,27,164,2918,39686,MT1X
16Spos_tumor / 16Sneg_tumor,0.700762761,0.87516722,10,164,1436,39686,MT3
16Spos_tumor / 16Sneg_tumor,0.42320867,1.191324712,28,164,2457,39686,MTA1
16Spos_tumor / 16Sneg_tumor,0.990962249,1.002736509,19,164,2472,39686,MTA3
16Spos_tumor / 16Sneg_tumor,0.893673497,1.046541411,10,164,903,39686,MTAP
16Spos_tumor / 16Sneg_tumor,0.744853077,1.10947789,11,164,1204,39686,MTERF1
16Spos_tumor / 16Sneg_tumor,0.574276202,1.168620105,15,164,1495,39686,MTF1
16Spos_tumor / 16Sneg_tumor,0.613837594,0.845572418,10,164,1226,39686,MTF2
16Spos_tumor / 16Sneg_tumor,0.331510849,0.713247299,9,164,1566,39686,MTFR1
16Spos_tumor / 16Sneg_tumor,0.13762978,1.288177076,48,164,4188,39686,MTHFD2
16Spos_tumor / 16Sneg_tumor,0.370479802,1.425948967,7,164,592,39686,MTM1
16Spos_tumor / 16Sneg_tumor,0.006073028,2.051457388,17,164,1128,39686,MTMR1
16Spos_tumor / 16Sneg_tumor,0.158160603,0.594136469,8,164,1700,39686,MTMR10
16Spos_tumor / 16Sneg_tumor,0.630013509,0.891726425,21,164,2982,39686,MTMR12
16Spos_tumor / 16Sneg_tumor,0.260257712,0.723777039,13,164,2139,39686,MTMR14
16Spos_tumor / 16Sneg_tumor,0.803665292,0.881580877,4,164,608,39686,MTMR2
16Spos_tumor / 16Sneg_tumor,0.30439542,1.342536293,15,164,1264,39686,MTMR3
16Spos_tumor / 16Sneg_tumor,0.968340203,1.009479117,21,164,2196,39686,MTMR4
16Spos_tumor / 16Sneg_tumor,0.256429027,0.428956685,2,164,547,39686,MTMR7
16Spos_tumor / 16Sneg_tumor,0.024538054,0.264225651,3,164,1262,39686,MTMR9
16Spos_tumor / 16Sneg_tumor,0.948099371,0.967986827,5,164,655,39686,MTNR1A
16Spos_tumor / 16Sneg_tumor,0.107111939,1.446883932,23,164,1830,39686,MTOR
16Spos_tumor / 16Sneg_tumor,0.924728393,0.973610498,15,164,1593,39686,MTR
16Spos_tumor / 16Sneg_tumor,0.45720395,1.222735482,16,164,1872,39686,MTUS1
16Spos_tumor / 16Sneg_tumor,0.670024424,0.866275299,10,164,1474,39686,MTX2
16Spos_tumor / 16Sneg_tumor,0.419771213,1.098389062,190,164,19888,39686,MUC1
16Spos_tumor / 16Sneg_tumor,0.129207478,1.763608281,9,164,823,39686,MUC2
16Spos_tumor / 16Sneg_tumor,0.061727864,1.78385462,15,164,1245,39686,MUC4
16Spos_tumor / 16Sneg_tumor,0.421661115,0.654852978,4,164,787,39686,MUSK
16Spos_tumor / 16Sneg_tumor,0.37762886,1.224717993,25,164,2092,39686,MUTYH
16Spos_tumor / 16Sneg_tumor,0.086141273,1.497045711,21,164,1590,39686,MVB12A
16Spos_tumor / 16Sneg_tumor,0.702151177,1.091245333,24,164,2826,39686,MVD
16Spos_tumor / 16Sneg_tumor,0.324573363,1.154691047,56,164,5908,39686,MVP
16Spos_tumor / 16Sneg_tumor,0.142886776,1.666135839,10,164,892,39686,MX2
16Spos_tumor / 16Sneg_tumor,0.431857506,0.800248085,15,164,2393,39686,MXI1
16Spos_tumor / 16Sneg_tumor,0.464391567,0.749510074,7,164,1196,39686,MYB
16Spos_tumor / 16Sneg_tumor,0.911716577,0.969113483,16,164,2780,39686,MYBL2
16Spos_tumor / 16Sneg_tumor,0.096936374,1.51290215,20,164,2100,39686,MYC
16Spos_tumor / 16Sneg_tumor,0.610592372,0.827717098,8,164,1271,39686,MYCBP2
16Spos_tumor / 16Sneg_tumor,0.546150676,1.311565942,6,164,598,39686,MYCT1
16Spos_tumor / 16Sneg_tumor,0.236868055,0.809643756,35,164,6566,39686,MYDGF
16Spos_tumor / 16Sneg_tumor,0.649179554,0.877868151,16,164,1577,39686,MYEF2
16Spos_tumor / 16Sneg_tumor,0.425384083,1.198033295,25,164,2219,39686,MYH11
16Spos_tumor / 16Sneg_tumor,0.340059726,0.381478259,1,164,331,39686,MYH6
16Spos_tumor / 16Sneg_tumor,0.937909281,1.01005043,81,164,9860,39686,MYH9
16Spos_tumor / 16Sneg_tumor,0.140346294,0.729506402,25,164,5177,39686,MYL12A
16Spos_tumor / 16Sneg_tumor,0.886442564,1.058165938,7,164,786,39686,MYL2
16Spos_tumor / 16Sneg_tumor,0.026026615,1.951411948,14,164,928,39686,MYL4
16Spos_tumor / 16Sneg_tumor,0.192779085,0.889189075,182,164,26724,39686,MYL6
16Spos_tumor / 16Sneg_tumor,0.88636424,0.965691518,20,164,2568,39686,MYL6B
16Spos_tumor / 16Sneg_tumor,0.828224075,0.93048166,11,164,1654,39686,MYL7
16Spos_tumor / 16Sneg_tumor,0.944342962,0.983044594,20,164,2374,39686,MYLIP
16Spos_tumor / 16Sneg_tumor,0.751177142,1.148838359,6,164,683,39686,MYLK3
16Spos_tumor / 16Sneg_tumor,0.929833563,0.973987429,12,164,1957,39686,MYO10
16Spos_tumor / 16Sneg_tumor,0.461529361,0.797261978,12,164,2012,39686,MYO1B
16Spos_tumor / 16Sneg_tumor,0.22854057,1.261968084,39,164,3852,39686,MYO1D
16Spos_tumor / 16Sneg_tumor,0.089023232,1.686918044,12,164,833,39686,MYO1E
16Spos_tumor / 16Sneg_tumor,0.812885283,0.93718039,15,164,2189,39686,MYO5B
16Spos_tumor / 16Sneg_tumor,0.623271304,1.092473603,44,164,4971,39686,MYO6
16Spos_tumor / 16Sneg_tumor,0.388468079,1.223434629,21,164,2325,39686,MYO9B
16Spos_tumor / 16Sneg_tumor,0.661432965,0.857514078,9,164,1605,39686,MYRF
16Spos_tumor / 16Sneg_tumor,0.520425712,1.342972326,6,164,570,39686,MYT1L
16Spos_tumor / 16Sneg_tumor,0.460364557,0.642275788,3,164,614,39686,MZT1
16Spos_tumor / 16Sneg_tumor,0.735993439,0.956146041,72,164,10654,39686,MZT2A/B
16Spos_tumor / 16Sneg_tumor,0.038369955,2.057999597,11,164,671,39686,NAALAD2
16Spos_tumor / 16Sneg_tumor,0.363586703,1.345339545,11,164,1172,39686,NAGA
16Spos_tumor / 16Sneg_tumor,0.329887213,1.440052712,8,164,704,39686,NAGPA
16Spos_tumor / 16Sneg_tumor,0.801087536,1.109040651,7,164,785,39686,NANOG
16Spos_tumor / 16Sneg_tumor,0.682942884,0.90319623,21,164,2787,39686,NAP1L5
16Spos_tumor / 16Sneg_tumor,0.063654405,1.573526124,20,164,1741,39686,NAPRT
16Spos_tumor / 16Sneg_tumor,0.646700823,0.807049669,5,164,759,39686,NAPSA
16Spos_tumor / 16Sneg_tumor,0.499760657,1.130440473,41,164,3610,39686,NASP
16Spos_tumor / 16Sneg_tumor,0.307523563,1.475877514,9,164,816,39686,NAT1
16Spos_tumor / 16Sneg_tumor,0.761320407,0.908938647,13,164,1407,39686,NAT8L
16Spos_tumor / 16Sneg_tumor,0.440459259,0.62771065,3,164,594,39686,NAV2
16Spos_tumor / 16Sneg_tumor,0.010219079,3.044517123,7,164,286,39686,NAV3
16Spos_tumor / 16Sneg_tumor,0.772992732,0.870924008,5,164,762,39686,NBEA
16Spos_tumor / 16Sneg_tumor,0.943718317,1.014690995,31,164,3974,39686,NBEAL2
16Spos_tumor / 16Sneg_tumor,0.120822894,1.28401319,48,164,5280,39686,NBL1
16Spos_tumor / 16Sneg_tumor,0.641696994,0.884633374,16,164,2054,39686,NBN
16Spos_tumor / 16Sneg_tumor,0.674212438,1.094997504,25,164,2996,39686,NBR1
16Spos_tumor / 16Sneg_tumor,0.549806299,1.450347785,3,164,272,39686,NCAM1
16Spos_tumor / 16Sneg_tumor,0.859795336,0.92896011,7,164,968,39686,NCAN
16Spos_tumor / 16Sneg_tumor,0.606845342,1.13500714,21,164,2297,39686,NCAPD3
16Spos_tumor / 16Sneg_tumor,0.402701802,1.195976983,29,164,3007,39686,NCAPH2
16Spos_tumor / 16Sneg_tumor,0.424396659,1.220287902,20,164,1932,39686,NCBP1
16Spos_tumor / 16Sneg_tumor,0.489469701,1.179188152,21,164,2070,39686,NCBP2
16Spos_tumor / 16Sneg_tumor,0.908789484,0.973299562,23,164,2630,39686,NCK1
16Spos_tumor / 16Sneg_tumor,0.547798264,1.170012219,16,164,1715,39686,NCK2
16Spos_tumor / 16Sneg_tumor,0.087488005,1.353453409,38,164,3137,39686,NCKAP1
16Spos_tumor / 16Sneg_tumor,0.428986232,0.687850912,5,164,785,39686,NCOA1
16Spos_tumor / 16Sneg_tumor,0.194411125,1.277792271,38,164,3054,39686,NCOA2
16Spos_tumor / 16Sneg_tumor,0.146725038,0.639303846,12,164,2359,39686,NCOA3
16Spos_tumor / 16Sneg_tumor,0.55566998,1.141527517,24,164,2465,39686,NCOA6
16Spos_tumor / 16Sneg_tumor,0.99716593,1.000916219,19,164,1842,39686,NCOA7
16Spos_tumor / 16Sneg_tumor,0.000819667,1.91700587,33,164,2152,39686,NCOR1
16Spos_tumor / 16Sneg_tumor,0.716780084,0.936241074,35,164,4368,39686,NCOR2
16Spos_tumor / 16Sneg_tumor,0.968838646,1.019242502,5,164,662,39686,NCR1
16Spos_tumor / 16Sneg_tumor,0.841984294,1.082433468,7,164,737,39686,NCR3
16Spos_tumor / 16Sneg_tumor,0.388113089,1.504944678,5,164,408,39686,NCR3LG1
16Spos_tumor / 16Sneg_tumor,0.928153352,0.983621011,35,164,4573,39686,NCSTN
16Spos_tumor / 16Sneg_tumor,0.167329612,0.590614689,8,164,1383,39686,NDC1
16Spos_tumor / 16Sneg_tumor,0.794989251,1.120156142,6,164,764,39686,NDC80
16Spos_tumor / 16Sneg_tumor,0.160983855,1.199931908,91,164,6312,39686,NDE1
16Spos_tumor / 16Sneg_tumor,0.247258472,0.681582865,10,164,1690,39686,NDEL1
16Spos_tumor / 16Sneg_tumor,0.771023094,0.880387669,6,164,832,39686,NDP
16Spos_tumor / 16Sneg_tumor,0.1835584,1.29716168,46,164,4882,39686,NDRG1
16Spos_tumor / 16Sneg_tumor,0.169530363,1.519122463,13,164,1163,39686,NDRG4
16Spos_tumor / 16Sneg_tumor,0.201373797,0.840129783,67,164,12508,39686,NDUFA1
16Spos_tumor / 16Sneg_tumor,0.21769607,1.220078688,47,164,4865,39686,NDUFA10
16Spos_tumor / 16Sneg_tumor,0.253804248,1.162325202,70,164,8696,39686,NDUFA11
16Spos_tumor / 16Sneg_tumor,0.24636028,0.667132902,9,164,1710,39686,NDUFA12
16Spos_tumor / 16Sneg_tumor,0.054006188,1.289143294,67,164,7316,39686,NDUFA13
16Spos_tumor / 16Sneg_tumor,0.248345997,0.761030534,20,164,3713,39686,NDUFA2
16Spos_tumor / 16Sneg_tumor,0.154200694,1.100317489,2401,164,236373,39686,NDUFA3
16Spos_tumor / 16Sneg_tumor,0.21010219,0.759973726,23,164,5167,39686,NDUFA4
16Spos_tumor / 16Sneg_tumor,0.527872087,0.769361622,7,164,1122,39686,NDUFA5
16Spos_tumor / 16Sneg_tumor,0.588920913,0.85475963,13,164,2175,39686,NDUFA6
16Spos_tumor / 16Sneg_tumor,0.220083288,0.695779581,12,164,2795,39686,NDUFA7
16Spos_tumor / 16Sneg_tumor,0.864608568,1.041207201,23,164,2590,39686,NDUFA8
16Spos_tumor / 16Sneg_tumor,0.978899314,1.004426832,40,164,4703,39686,NDUFAB1
16Spos_tumor / 16Sneg_tumor,0.548035155,1.212485969,12,164,1290,39686,NDUFAF2
16Spos_tumor / 16Sneg_tumor,0.638299923,0.863463189,12,164,1785,39686,NDUFAF5
16Spos_tumor / 16Sneg_tumor,0.636922901,0.837521319,8,164,1155,39686,NDUFAF6
16Spos_tumor / 16Sneg_tumor,0.957662547,0.983011177,11,164,1415,39686,NDUFAF7
16Spos_tumor / 16Sneg_tumor,0.050594363,0.60410432,16,164,3357,39686,NDUFB1
16Spos_tumor / 16Sneg_tumor,0.442101237,1.20839188,18,164,2112,39686,NDUFB10
16Spos_tumor / 16Sneg_tumor,0.369627178,0.838869852,29,164,3936,39686,NDUFB11
16Spos_tumor / 16Sneg_tumor,0.521449107,0.90119539,45,164,6847,39686,NDUFB2
16Spos_tumor / 16Sneg_tumor,0.846661921,1.045059813,25,164,3240,39686,NDUFB3
16Spos_tumor / 16Sneg_tumor,0.960711256,0.992889771,58,164,7624,39686,NDUFB4
16Spos_tumor / 16Sneg_tumor,0.22394611,0.526836668,4,164,936,39686,NDUFB5
16Spos_tumor / 16Sneg_tumor,0.969017034,1.008716093,23,164,2892,39686,NDUFB6
16Spos_tumor / 16Sneg_tumor,0.145905559,0.760753087,32,164,7093,39686,NDUFB7
16Spos_tumor / 16Sneg_tumor,0.093502842,0.646452907,16,164,3651,39686,NDUFB8
16Spos_tumor / 16Sneg_tumor,0.454554172,1.09389294,95,164,14000,39686,NDUFB9
16Spos_tumor / 16Sneg_tumor,0.609921593,1.224757234,7,164,749,39686,NDUFC1
16Spos_tumor / 16Sneg_tumor,0.248557143,0.548789014,4,164,893,39686,NDUFC2
16Spos_tumor / 16Sneg_tumor,0.714968835,0.937799728,38,164,5059,39686,NDUFS1
16Spos_tumor / 16Sneg_tumor,0.033312362,0.503349602,10,164,2840,39686,NDUFS2
16Spos_tumor / 16Sneg_tumor,0.161799314,0.729111476,22,164,3605,39686,NDUFS3
16Spos_tumor / 16Sneg_tumor,0.830432515,1.081734592,8,164,950,39686,NDUFS4
16Spos_tumor / 16Sneg_tumor,0.886025857,0.978022016,50,164,8276,39686,NDUFS6
16Spos_tumor / 16Sneg_tumor,0.531368855,1.108896127,43,164,6092,39686,NDUFS7
16Spos_tumor / 16Sneg_tumor,0.389746642,1.117011462,76,164,8891,39686,NDUFS8
16Spos_tumor / 16Sneg_tumor,0.378851386,1.144502566,54,164,6410,39686,NDUFV1
16Spos_tumor / 16Sneg_tumor,0.522909976,0.881061712,30,164,5952,39686,NDUFV2
16Spos_tumor / 16Sneg_tumor,0.075282481,1.644726871,16,164,1025,39686,NDUFV3
16Spos_tumor / 16Sneg_tumor,0.000336193,1.452224032,1520,164,141048,39686,NEAT1
16Spos_tumor / 16Sneg_tumor,0.176161531,0.589911589,7,164,1510,39686,NECAP1
16Spos_tumor / 16Sneg_tumor,0.739873135,1.078186899,24,164,2655,39686,NECAP2
16Spos_tumor / 16Sneg_tumor,0.001379767,1.663914476,63,164,4182,39686,NECTIN1
16Spos_tumor / 16Sneg_tumor,0.157423054,1.322329576,29,164,3600,39686,NECTIN2
16Spos_tumor / 16Sneg_tumor,0.186230955,1.483404574,14,164,966,39686,NECTIN3
16Spos_tumor / 16Sneg_tumor,0.254761212,1.433503109,12,164,1216,39686,NECTIN4
16Spos_tumor / 16Sneg_tumor,0.685211452,0.810345889,4,164,628,39686,NEDD4
16Spos_tumor / 16Sneg_tumor,0.140169503,1.535778497,14,164,1471,39686,NEDD4L
16Spos_tumor / 16Sneg_tumor,0.124969041,1.591097142,13,164,1047,39686,NEFL
16Spos_tumor / 16Sneg_tumor,0.793199732,0.905601893,8,164,1136,39686,NEIL1
16Spos_tumor / 16Sneg_tumor,0.423402817,0.858144528,32,164,5113,39686,NEK6
16Spos_tumor / 16Sneg_tumor,0.97058539,0.988962137,12,164,1296,39686,NEK7
16Spos_tumor / 16Sneg_tumor,0.706206696,0.898358227,14,164,1950,39686,NEK9
16Spos_tumor / 16Sneg_tumor,0.22374146,1.264252686,33,164,2892,39686,NELFE
16Spos_tumor / 16Sneg_tumor,0.186977164,0.449871511,3,164,809,39686,NELL2
16Spos_tumor / 16Sneg_tumor,0.55869921,1.150270297,21,164,1661,39686,NEO1
16Spos_tumor / 16Sneg_tumor,0.611865399,0.892401048,25,164,3435,39686,NET1
16Spos_tumor / 16Sneg_tumor,0.050769018,0.688369203,32,164,5124,39686,NEU1
16Spos_tumor / 16Sneg_tumor,0.81877155,1.100034751,7,164,917,39686,NEU3
16Spos_tumor / 16Sneg_tumor,0.851012191,1.092549051,5,164,612,39686,NEU4
16Spos_tumor / 16Sneg_tumor,0.398918593,0.667314756,5,164,993,39686,NEURL1
16Spos_tumor / 16Sneg_tumor,0.297382178,1.589216144,6,164,458,39686,NEUROG1
16Spos_tumor / 16Sneg_tumor,0.142023368,0.470271585,4,164,1109,39686,NEUROG3
16Spos_tumor / 16Sneg_tumor,0.972714818,1.00777701,24,164,2819,39686,NF1
16Spos_tumor / 16Sneg_tumor,0.395254308,0.791402136,15,164,2248,39686,NF2
16Spos_tumor / 16Sneg_tumor,0.784226531,1.118462484,8,164,964,39686,NFAM1
16Spos_tumor / 16Sneg_tumor,0.865886856,1.065157507,9,164,1072,39686,NFASC
16Spos_tumor / 16Sneg_tumor,0.326816094,1.372650426,11,164,753,39686,NFAT5
16Spos_tumor / 16Sneg_tumor,0.635183898,1.171885866,10,164,1260,39686,NFATC1
16Spos_tumor / 16Sneg_tumor,0.153052532,0.582398625,8,164,1706,39686,NFATC2
16Spos_tumor / 16Sneg_tumor,0.152815449,1.474360671,16,164,1348,39686,NFATC3
16Spos_tumor / 16Sneg_tumor,0.907561039,0.965729273,14,164,1873,39686,NFATC4
16Spos_tumor / 16Sneg_tumor,0.80632595,1.105616773,7,164,757,39686,NFE2
16Spos_tumor / 16Sneg_tumor,0.447342007,1.203309157,19,164,1998,39686,NFE2L2
16Spos_tumor / 16Sneg_tumor,0.579881023,1.154654304,19,164,1400,39686,NFIB
16Spos_tumor / 16Sneg_tumor,0.325574525,1.396261514,11,164,933,39686,NFIL3
16Spos_tumor / 16Sneg_tumor,0.050212485,0.511894977,9,164,2101,39686,NFKB1
16Spos_tumor / 16Sneg_tumor,0.636624452,0.868480747,13,164,2257,39686,NFKB2
16Spos_tumor / 16Sneg_tumor,0.731303976,0.951949764,87,164,9203,39686,NFKBIA
16Spos_tumor / 16Sneg_tumor,0.101052072,1.385527723,30,164,2629,39686,NFKBIB
16Spos_tumor / 16Sneg_tumor,0.825814934,0.939771184,15,164,1967,39686,NFKBIE
16Spos_tumor / 16Sneg_tumor,0.521896619,0.82746446,14,164,1878,39686,NFKBIZ
16Spos_tumor / 16Sneg_tumor,0.689729022,0.912562579,24,164,2783,39686,NFYA
16Spos_tumor / 16Sneg_tumor,0.577409911,0.866761295,18,164,1942,39686,NFYB
16Spos_tumor / 16Sneg_tumor,0.12813592,0.67792336,17,164,2844,39686,NFYC
16Spos_tumor / 16Sneg_tumor,0.488506098,0.657083048,3,164,587,39686,NGF
16Spos_tumor / 16Sneg_tumor,0.673579245,0.652197763,1,164,224,39686,NGFR
16Spos_tumor / 16Sneg_tumor,0.624583202,1.150692215,14,164,1443,39686,NGLY1
16Spos_tumor / 16Sneg_tumor,0.800242556,0.927727827,13,164,1713,39686,NHLRC2
16Spos_tumor / 16Sneg_tumor,0.075725049,0.441821878,5,164,1408,39686,NHLRC3
16Spos_tumor / 16Sneg_tumor,0.308002141,1.192545201,43,164,4867,39686,NHP2
16Spos_tumor / 16Sneg_tumor,0.721553161,1.155605878,8,164,821,39686,NID2
16Spos_tumor / 16Sneg_tumor,0.277282013,0.742902497,15,164,2428,39686,NINL
16Spos_tumor / 16Sneg_tumor,0.554477622,1.142506055,24,164,2352,39686,NIPBL
16Spos_tumor / 16Sneg_tumor,0.300085061,1.257032618,27,164,2349,39686,NISCH
16Spos_tumor / 16Sneg_tumor,0.378076213,0.777787213,14,164,1850,39686,NIT2
16Spos_tumor / 16Sneg_tumor,0.001430285,2.609063703,19,164,838,39686,NKD1
16Spos_tumor / 16Sneg_tumor,0.52952701,1.152709584,22,164,2737,39686,NKIRAS2
16Spos_tumor / 16Sneg_tumor,0.055079986,1.506344709,27,164,2212,39686,NKX2-1
16Spos_tumor / 16Sneg_tumor,0.867277746,1.059182426,10,164,1193,39686,NKX2-2
16Spos_tumor / 16Sneg_tumor,0.482909539,0.774326412,9,164,1279,39686,NKX2-5
16Spos_tumor / 16Sneg_tumor,0.52470885,1.139103118,34,164,3253,39686,NKX3-1
16Spos_tumor / 16Sneg_tumor,0.47996414,1.393815117,5,164,456,39686,NKX6-1
16Spos_tumor / 16Sneg_tumor,0.760967549,0.825173826,3,164,392,39686,NLGN4X
16Spos_tumor / 16Sneg_tumor,0.563280446,0.652366761,2,164,385,39686,NLGN4Y
16Spos_tumor / 16Sneg_tumor,0.605231634,1.163838226,13,164,1347,39686,NLK
16Spos_tumor / 16Sneg_tumor,0.170333248,1.433609829,19,164,1572,39686,NLN
16Spos_tumor / 16Sneg_tumor,0.256689431,1.711397714,5,164,369,39686,NLRC3
16Spos_tumor / 16Sneg_tumor,0.631473862,1.181856237,9,164,973,39686,NLRC4
16Spos_tumor / 16Sneg_tumor,0.458326668,0.816820656,17,164,3706,39686,NLRC5
16Spos_tumor / 16Sneg_tumor,0.038276755,1.74408227,16,164,776,39686,NLRP2
16Spos_tumor / 16Sneg_tumor,0.852579445,1.081169312,7,164,898,39686,NMBR
16Spos_tumor / 16Sneg_tumor,0.491580341,0.869139094,28,164,4606,39686,NME1
16Spos_tumor / 16Sneg_tumor,0.860465724,0.942984969,10,164,1477,39686,NME7
16Spos_tumor / 16Sneg_tumor,0.425782573,1.22599792,17,164,1988,39686,NMT1
16Spos_tumor / 16Sneg_tumor,0.986657873,1.005089107,14,164,1240,39686,NMU
16Spos_tumor / 16Sneg_tumor,0.35062157,0.511278026,2,164,490,39686,NNAT
16Spos_tumor / 16Sneg_tumor,0.312490414,0.75207345,17,164,2158,39686,NNMT
16Spos_tumor / 16Sneg_tumor,0.522053321,0.763938699,6,164,1058,39686,NNT
16Spos_tumor / 16Sneg_tumor,0.600858643,1.148445273,19,164,2026,39686,NOD1
16Spos_tumor / 16Sneg_tumor,0.824291677,0.900489489,5,164,690,39686,NODAL
16Spos_tumor / 16Sneg_tumor,0.631085548,0.846192114,10,164,1388,39686,NOG
16Spos_tumor / 16Sneg_tumor,0.936750312,0.985854452,40,164,5794,39686,NOL3
16Spos_tumor / 16Sneg_tumor,0.697884929,1.048680649,86,164,8894,39686,NONO
16Spos_tumor / 16Sneg_tumor,0.74934801,1.067990328,27,164,4132,39686,NOP10
16Spos_tumor / 16Sneg_tumor,0.312165169,1.631849343,5,164,399,39686,NOS1
16Spos_tumor / 16Sneg_tumor,0.237311481,0.578382522,5,164,1039,39686,NOS1AP
16Spos_tumor / 16Sneg_tumor,0.784273242,0.886479738,6,164,808,39686,NOS2
16Spos_tumor / 16Sneg_tumor,0.129907538,1.309332526,37,164,3689,39686,NOSIP
16Spos_tumor / 16Sneg_tumor,0.745866897,1.083405288,19,164,1739,39686,NOTCH2
16Spos_tumor / 16Sneg_tumor,0.531023098,0.722389476,4,164,662,39686,NOX1
16Spos_tumor / 16Sneg_tumor,0.910403383,1.050387107,6,164,811,39686,NOX4
16Spos_tumor / 16Sneg_tumor,0.664167773,1.084495499,38,164,5372,39686,NPAS2
16Spos_tumor / 16Sneg_tumor,0.357057192,1.192330605,39,164,2761,39686,NPC1
16Spos_tumor / 16Sneg_tumor,0.363723898,1.31413948,15,164,1542,39686,NPC1L1
16Spos_tumor / 16Sneg_tumor,0.618701993,0.920269723,45,164,6659,39686,NPDC1
16Spos_tumor / 16Sneg_tumor,0.932971023,1.01802129,27,164,2862,39686,NPEPPS
16Spos_tumor / 16Sneg_tumor,0.485544382,0.746018086,6,164,1061,39686,NPFF
16Spos_tumor / 16Sneg_tumor,0.267875897,0.447550034,2,164,551,39686,NPHP1
16Spos_tumor / 16Sneg_tumor,0.556129987,0.808988776,9,164,1264,39686,NPHP3
16Spos_tumor / 16Sneg_tumor,0.300763603,0.667620883,7,164,1157,39686,NPLOC4
16Spos_tumor / 16Sneg_tumor,0.0776201,0.277742286,2,164,867,39686,NPM2
16Spos_tumor / 16Sneg_tumor,0.291600346,1.445378557,11,164,941,39686,NPPA
16Spos_tumor / 16Sneg_tumor,0.711270238,0.873984059,9,164,1278,39686,NPPC
16Spos_tumor / 16Sneg_tumor,0.772549811,0.913478162,12,164,899,39686,NPR1
16Spos_tumor / 16Sneg_tumor,0.555429692,1.228789001,10,164,1062,39686,NPR2
16Spos_tumor / 16Sneg_tumor,0.826929905,0.879255386,3,164,413,39686,NPR3
16Spos_tumor / 16Sneg_tumor,0.987458231,7.27E-08,0,164,553,39686,NPS
16Spos_tumor / 16Sneg_tumor,0.195871688,0.719666261,18,164,2844,39686,NPTN
16Spos_tumor / 16Sneg_tumor,0.531555715,0.740209458,5,164,828,39686,NPVF
16Spos_tumor / 16Sneg_tumor,0.9363691,1.0381577,5,164,637,39686,NPY
16Spos_tumor / 16Sneg_tumor,0.578958607,1.234433965,8,164,798,39686,NPY1R
16Spos_tumor / 16Sneg_tumor,0.133243059,0.334971549,2,164,752,39686,NPY2R
16Spos_tumor / 16Sneg_tumor,0.310489728,1.623983578,5,164,415,39686,NPY5R
16Spos_tumor / 16Sneg_tumor,0.982747197,1.00444954,27,164,3788,39686,NQO1
16Spos_tumor / 16Sneg_tumor,0.518247052,1.185117544,16,164,1770,39686,NR1H2
16Spos_tumor / 16Sneg_tumor,0.567602661,1.166073639,17,164,1723,39686,NR1H3
16Spos_tumor / 16Sneg_tumor,0.903428363,0.954770376,8,164,1045,39686,NR3C2
16Spos_tumor / 16Sneg_tumor,0.186354994,1.301438207,69,164,6595,39686,NR4A1
16Spos_tumor / 16Sneg_tumor,0.968481774,0.988214592,14,164,1871,39686,NR4A2
16Spos_tumor / 16Sneg_tumor,0.97076739,0.98722988,9,164,1179,39686,NR4A3
16Spos_tumor / 16Sneg_tumor,0.176446329,0.691907229,15,164,2733,39686,NRAS
16Spos_tumor / 16Sneg_tumor,0.65584925,1.149797438,11,164,1170,39686,NRBF2
16Spos_tumor / 16Sneg_tumor,0.029709382,2.16446048,10,164,595,39686,NRCAM
16Spos_tumor / 16Sneg_tumor,0.444620483,0.747927509,8,164,1159,39686,NRF1
16Spos_tumor / 16Sneg_tumor,0.414985355,0.613925031,3,164,627,39686,NRG1
16Spos_tumor / 16Sneg_tumor,0.17334446,0.253131274,1,164,524,39686,NRG3
16Spos_tumor / 16Sneg_tumor,0.387833591,1.35533884,10,164,913,39686,NRG4
16Spos_tumor / 16Sneg_tumor,0.420568439,0.724419719,7,164,1293,39686,NRGN
16Spos_tumor / 16Sneg_tumor,0.99402219,1.003085276,7,164,849,39686,NRSN1
16Spos_tumor / 16Sneg_tumor,0.454047975,0.677833332,4,164,777,39686,NRXN1
16Spos_tumor / 16Sneg_tumor,0.60252354,0.781401691,5,164,805,39686,NRXN3
16Spos_tumor / 16Sneg_tumor,0.358668729,1.244601572,23,164,2099,39686,NSD1
16Spos_tumor / 16Sneg_tumor,0.176427998,1.220832455,76,164,6464,39686,NSD2
16Spos_tumor / 16Sneg_tumor,0.411608937,1.240966765,16,164,1144,39686,NSD3
16Spos_tumor / 16Sneg_tumor,0.715732582,0.8802691,9,164,1400,39686,NSDHL
16Spos_tumor / 16Sneg_tumor,0.376990378,1.176394361,36,164,4136,39686,NSFL1C
16Spos_tumor / 16Sneg_tumor,0.001142684,2.382546314,19,164,924,39686,NSG1
16Spos_tumor / 16Sneg_tumor,0.822587944,0.950577383,23,164,2957,39686,NSL1
16Spos_tumor / 16Sneg_tumor,0.139699828,0.585482422,8,164,1378,39686,NSMAF
16Spos_tumor / 16Sneg_tumor,0.309806067,0.650745389,6,164,1108,39686,NSUN3
16Spos_tumor / 16Sneg_tumor,0.384957689,1.251163627,18,164,1455,39686,NSUN6
16Spos_tumor / 16Sneg_tumor,0.039127917,1.704098685,20,164,1678,39686,NT5E
16Spos_tumor / 16Sneg_tumor,0.076745813,1.842887603,12,164,777,39686,NTF3
16Spos_tumor / 16Sneg_tumor,0.867163775,1.042197735,18,164,2288,39686,NTHL1
16Spos_tumor / 16Sneg_tumor,0.414310197,0.750775011,9,164,1591,39686,NTN1
16Spos_tumor / 16Sneg_tumor,0.849145066,1.123430276,3,164,349,39686,NTN3
16Spos_tumor / 16Sneg_tumor,0.14306238,1.5483084,13,164,1157,39686,NTN4
16Spos_tumor / 16Sneg_tumor,0.352233312,0.513213144,2,164,507,39686,NTNG1
16Spos_tumor / 16Sneg_tumor,0.090671015,0.449413454,5,164,1267,39686,NTRK1
16Spos_tumor / 16Sneg_tumor,0.92083128,1.07389333,2,164,292,39686,NTRK2
16Spos_tumor / 16Sneg_tumor,0.969390147,0.984796287,7,164,874,39686,NTRK3
16Spos_tumor / 16Sneg_tumor,0.263552783,0.508253042,3,164,708,39686,NUAK1
16Spos_tumor / 16Sneg_tumor,0.333304139,1.305801734,16,164,1503,39686,NUBPL
16Spos_tumor / 16Sneg_tumor,0.166514809,0.684672206,16,164,2330,39686,NUCB2
16Spos_tumor / 16Sneg_tumor,0.381037918,0.88242659,63,164,8588,39686,NUDC
16Spos_tumor / 16Sneg_tumor,0.399083536,1.242259442,18,164,2035,39686,NUDT1
16Spos_tumor / 16Sneg_tumor,0.125987793,0.555790642,7,164,1655,39686,NUDT15
16Spos_tumor / 16Sneg_tumor,0.293087924,1.344593241,16,164,1410,39686,NUDT2
16Spos_tumor / 16Sneg_tumor,0.851906452,1.057486349,14,164,1359,39686,NUF2
16Spos_tumor / 16Sneg_tumor,0.907563522,1.025881919,24,164,3140,39686,NUMA1
16Spos_tumor / 16Sneg_tumor,0.108488239,0.388723899,3,164,932,39686,NUMB
16Spos_tumor / 16Sneg_tumor,0.023214016,1.747120478,25,164,1818,39686,NUMBL
16Spos_tumor / 16Sneg_tumor,0.823371984,0.939285535,15,164,1721,39686,NUP107
16Spos_tumor / 16Sneg_tumor,0.906869893,0.971846718,20,164,2464,39686,NUP133
16Spos_tumor / 16Sneg_tumor,0.034083496,1.687227501,19,164,1283,39686,NUP153
16Spos_tumor / 16Sneg_tumor,0.519413419,1.152483913,25,164,2764,39686,NUP155
16Spos_tumor / 16Sneg_tumor,0.897970841,1.025977492,33,164,3349,39686,NUP160
16Spos_tumor / 16Sneg_tumor,0.214502897,1.300870096,26,164,2567,39686,NUP188
16Spos_tumor / 16Sneg_tumor,0.128082252,1.356229713,34,164,2505,39686,NUP205
16Spos_tumor / 16Sneg_tumor,0.094868204,1.31193279,56,164,4995,39686,NUP210
16Spos_tumor / 16Sneg_tumor,0.474800056,1.221105233,14,164,1281,39686,NUP214
16Spos_tumor / 16Sneg_tumor,0.309276017,1.258645659,27,164,2719,39686,NUP35
16Spos_tumor / 16Sneg_tumor,0.394553645,1.249530196,17,164,1552,39686,NUP37
16Spos_tumor / 16Sneg_tumor,0.143682471,1.359597538,27,164,2408,39686,NUP43
16Spos_tumor / 16Sneg_tumor,0.991186657,1.002832108,17,164,2033,39686,NUP50
16Spos_tumor / 16Sneg_tumor,0.120456554,0.565049803,8,164,1705,39686,NUP54
16Spos_tumor / 16Sneg_tumor,0.361958945,1.213952192,26,164,2529,39686,NUP62
16Spos_tumor / 16Sneg_tumor,0.211349817,1.306802312,28,164,2346,39686,NUP85
16Spos_tumor / 16Sneg_tumor,0.128226666,1.541206941,15,164,1214,39686,NUP88
16Spos_tumor / 16Sneg_tumor,0.302804799,0.744164997,14,164,2448,39686,NUP93
16Spos_tumor / 16Sneg_tumor,0.589790123,1.185147876,12,164,1063,39686,NUP98
16Spos_tumor / 16Sneg_tumor,0.816709636,1.052561868,25,164,2350,39686,NUPR1
16Spos_tumor / 16Sneg_tumor,0.567162538,1.282344918,6,164,590,39686,NUSAP1
16Spos_tumor / 16Sneg_tumor,0.735211569,1.080218269,22,164,2282,39686,NXF1
16Spos_tumor / 16Sneg_tumor,0.14781156,0.515977748,5,164,1235,39686,NXT1
16Spos_tumor / 16Sneg_tumor,0.649712244,1.091684626,35,164,3004,39686,OARD1
16Spos_tumor / 16Sneg_tumor,0.193971512,0.750845331,27,164,3510,39686,OAS1
16Spos_tumor / 16Sneg_tumor,0.012442728,0.54887713,20,164,4647,39686,OAT
16Spos_tumor / 16Sneg_tumor,0.040601213,1.76095166,18,164,1029,39686,OCA2
16Spos_tumor / 16Sneg_tumor,0.935495166,1.034339694,7,164,959,39686,ODAM
16Spos_tumor / 16Sneg_tumor,0.771302974,0.930328576,19,164,3014,39686,ODC1
16Spos_tumor / 16Sneg_tumor,0.954532707,1.014632556,19,164,2410,39686,ODF2
16Spos_tumor / 16Sneg_tumor,0.46305415,0.833023251,20,164,2275,39686,OFD1
16Spos_tumor / 16Sneg_tumor,0.56318288,0.863235351,18,164,1921,39686,OGA
16Spos_tumor / 16Sneg_tumor,0.610910253,0.839612471,9,164,1978,39686,OGDH
16Spos_tumor / 16Sneg_tumor,0.285536386,1.239587155,32,164,3124,39686,OGG1
16Spos_tumor / 16Sneg_tumor,0.23683434,0.421847678,2,164,598,39686,OGN
16Spos_tumor / 16Sneg_tumor,0.562377733,1.125081957,32,164,2126,39686,OGT
16Spos_tumor / 16Sneg_tumor,0.5449665,0.874615318,24,164,3456,39686,OLA1
16Spos_tumor / 16Sneg_tumor,0.07060359,0.429378298,5,164,1161,39686,OLFM1
16Spos_tumor / 16Sneg_tumor,0.394999301,1.328404153,11,164,933,39686,OLFM2
16Spos_tumor / 16Sneg_tumor,0.923401112,0.959609477,11,164,1099,39686,OLFM4
16Spos_tumor / 16Sneg_tumor,0.189310855,0.568847667,6,164,1277,39686,OLIG1
16Spos_tumor / 16Sneg_tumor,0.642666066,1.154740878,12,164,1423,39686,OLIG2
16Spos_tumor / 16Sneg_tumor,0.772611523,1.118962664,7,164,682,39686,OMA1
16Spos_tumor / 16Sneg_tumor,0.588638033,1.199581636,11,164,1155,39686,OMG
16Spos_tumor / 16Sneg_tumor,0.330304115,0.788371797,19,164,2957,39686,OPA1
16Spos_tumor / 16Sneg_tumor,0.985401322,1.009662041,4,164,489,39686,OPHN1
16Spos_tumor / 16Sneg_tumor,0.582632255,1.158015586,17,164,1942,39686,OPN3
16Spos_tumor / 16Sneg_tumor,0.518371008,0.737079912,5,164,795,39686,OPRK1
16Spos_tumor / 16Sneg_tumor,0.905621456,0.949256195,6,164,822,39686,OPRM1
16Spos_tumor / 16Sneg_tumor,0.93010742,0.986971313,55,164,6223,39686,OPTN
16Spos_tumor / 16Sneg_tumor,0.477990055,1.29746541,8,164,813,39686,ORAI1
16Spos_tumor / 16Sneg_tumor,0.67652137,0.838630904,6,164,890,39686,ORAI2
16Spos_tumor / 16Sneg_tumor,0.554862599,0.781343167,6,164,947,39686,ORAI3
16Spos_tumor / 16Sneg_tumor,0.691844415,1.098733721,21,164,2290,39686,ORC2
16Spos_tumor / 16Sneg_tumor,0.993797186,0.997834628,16,164,1759,39686,ORC3
16Spos_tumor / 16Sneg_tumor,0.329796501,1.32981272,13,164,996,39686,ORC4
16Spos_tumor / 16Sneg_tumor,0.276133805,1.309824321,18,164,1504,39686,ORC5
16Spos_tumor / 16Sneg_tumor,0.784604162,1.101093324,9,164,1032,39686,ORC6
16Spos_tumor / 16Sneg_tumor,0.179520775,0.593575144,7,164,1431,39686,ORMDL1
16Spos_tumor / 16Sneg_tumor,0.846214378,1.049434812,18,164,2188,39686,ORMDL2
16Spos_tumor / 16Sneg_tumor,0.178595384,0.782000573,38,164,7173,39686,ORMDL3
16Spos_tumor / 16Sneg_tumor,0.59393066,1.090397074,45,164,5935,39686,OS9
16Spos_tumor / 16Sneg_tumor,0.056640908,1.549168183,22,164,1894,39686,OSBP
16Spos_tumor / 16Sneg_tumor,0.33607492,0.763291104,15,164,2381,39686,OSBPL10
16Spos_tumor / 16Sneg_tumor,0.467821094,1.260776839,11,164,1070,39686,OSBPL1A
16Spos_tumor / 16Sneg_tumor,0.522708845,1.094474585,66,164,7391,39686,OSBPL2
16Spos_tumor / 16Sneg_tumor,0.001153378,1.852714066,41,164,2550,39686,OSBPL3
16Spos_tumor / 16Sneg_tumor,0.277701134,1.444397121,10,164,889,39686,OSBPL6
16Spos_tumor / 16Sneg_tumor,0.551009728,1.183999463,15,164,1410,39686,OSBPL8
16Spos_tumor / 16Sneg_tumor,0.629863669,0.884107286,17,164,2355,39686,OSBPL9
16Spos_tumor / 16Sneg_tumor,0.43921661,0.762601165,9,164,1500,39686,OSER1
16Spos_tumor / 16Sneg_tumor,0.955909904,1.014447808,18,164,2003,39686,OSMR
16Spos_tumor / 16Sneg_tumor,0.341370596,1.390799464,9,164,895,39686,OSTF1
16Spos_tumor / 16Sneg_tumor,0.878148856,1.073670666,5,164,630,39686,OTC
16Spos_tumor / 16Sneg_tumor,0.119476168,0.395770089,3,164,939,39686,OTOA
16Spos_tumor / 16Sneg_tumor,0.01309501,0.483937276,13,164,2874,39686,OTUD5
16Spos_tumor / 16Sneg_tumor,0.055025146,1.515086985,26,164,2284,39686,OTULIN
16Spos_tumor / 16Sneg_tumor,0.328761742,1.680869651,4,164,323,39686,OTX2
16Spos_tumor / 16Sneg_tumor,0.373864192,0.71527901,8,164,1284,39686,OXCT1
16Spos_tumor / 16Sneg_tumor,0.003021659,1.464793633,282,164,20298,39686,OXR1
16Spos_tumor / 16Sneg_tumor,0.139013652,1.44510577,20,164,1702,39686,OXSR1
16Spos_tumor / 16Sneg_tumor,0.312708423,0.656348119,7,164,1391,39686,OXT
16Spos_tumor / 16Sneg_tumor,0.044552884,1.768175554,15,164,981,39686,OXTR
16Spos_tumor / 16Sneg_tumor,0.823439497,0.887048636,4,164,628,39686,P2RX1
16Spos_tumor / 16Sneg_tumor,0.145722137,1.418319739,20,164,1808,39686,P2RX4
16Spos_tumor / 16Sneg_tumor,0.887339349,0.918649813,3,164,510,39686,P2RX5
16Spos_tumor / 16Sneg_tumor,0.435490957,0.712159722,6,164,1017,39686,P2RY1
16Spos_tumor / 16Sneg_tumor,0.19014794,1.217689009,58,164,6320,39686,P2RY11
16Spos_tumor / 16Sneg_tumor,0.149254642,0.349679849,2,164,770,39686,P2RY12
16Spos_tumor / 16Sneg_tumor,0.783643785,1.110585732,8,164,887,39686,P2RY13
16Spos_tumor / 16Sneg_tumor,0.65735453,1.207449303,6,164,685,39686,P2RY6
16Spos_tumor / 16Sneg_tumor,0.87735684,0.923103746,4,164,552,39686,P3H3
16Spos_tumor / 16Sneg_tumor,0.474752775,1.185763576,21,164,2355,39686,P4HA1
16Spos_tumor / 16Sneg_tumor,0.954539059,1.018274027,12,164,1443,39686,P4HA2
16Spos_tumor / 16Sneg_tumor,0.421963168,1.064624459,357,164,51999,39686,P4HB
16Spos_tumor / 16Sneg_tumor,0.144850345,0.762106078,35,164,5864,39686,PA2G4
16Spos_tumor / 16Sneg_tumor,0.779326122,0.966632885,98,164,11074,39686,PABPN1
16Spos_tumor / 16Sneg_tumor,0.764886341,0.804922741,2,164,317,39686,PACRG
16Spos_tumor / 16Sneg_tumor,0.857464406,1.089963965,5,164,561,39686,PADI2
16Spos_tumor / 16Sneg_tumor,0.1259086,0.333239912,2,164,783,39686,PADI4
16Spos_tumor / 16Sneg_tumor,0.114045717,0.200557602,1,164,749,39686,PAEP
16Spos_tumor / 16Sneg_tumor,0.378010425,0.794867816,17,164,2491,39686,PAFAH1B1
16Spos_tumor / 16Sneg_tumor,0.65157532,1.11310221,22,164,2159,39686,PAFAH1B2
16Spos_tumor / 16Sneg_tumor,0.335587222,1.255039383,21,164,2169,39686,PAFAH1B3
16Spos_tumor / 16Sneg_tumor,0.523415613,1.24792454,10,164,1114,39686,PAG1
16Spos_tumor / 16Sneg_tumor,0.220428725,0.755750913,22,164,3502,39686,PAIP1
16Spos_tumor / 16Sneg_tumor,0.458177646,1.156775526,31,164,3890,39686,PAK1
16Spos_tumor / 16Sneg_tumor,0.92333829,1.016723304,41,164,4929,39686,PAK2
16Spos_tumor / 16Sneg_tumor,0.319848764,1.402282731,10,164,930,39686,PAK3
16Spos_tumor / 16Sneg_tumor,0.588394408,0.578552583,1,164,228,39686,PAK5
16Spos_tumor / 16Sneg_tumor,0.741418286,0.882805181,8,164,1109,39686,PALM
16Spos_tumor / 16Sneg_tumor,0.840082976,0.918731869,7,164,855,39686,PALMD
16Spos_tumor / 16Sneg_tumor,0.480940416,1.205688262,16,164,1485,39686,PAM
16Spos_tumor / 16Sneg_tumor,0.331379519,0.827152441,30,164,5138,39686,PAN3
16Spos_tumor / 16Sneg_tumor,0.809093026,0.908910136,7,164,977,39686,PANX1
16Spos_tumor / 16Sneg_tumor,0.489574255,0.861387528,26,164,3323,39686,PARD3
16Spos_tumor / 16Sneg_tumor,0.005592072,1.935229526,22,164,1182,39686,PARD3B
16Spos_tumor / 16Sneg_tumor,0.811092344,1.108864171,6,164,727,39686,PARD6A
16Spos_tumor / 16Sneg_tumor,0.083604469,0.750482597,44,164,7184,39686,PARK7
16Spos_tumor / 16Sneg_tumor,0.849046491,1.048229638,18,164,2094,39686,PARN
16Spos_tumor / 16Sneg_tumor,0.418340333,0.855565737,31,164,4130,39686,PARP1
16Spos_tumor / 16Sneg_tumor,0.499551849,0.784415875,9,164,1383,39686,PARP16
16Spos_tumor / 16Sneg_tumor,0.743244797,1.126795449,9,164,1050,39686,PARP4
16Spos_tumor / 16Sneg_tumor,0.576991558,1.115369786,34,164,2976,39686,PARP9
16Spos_tumor / 16Sneg_tumor,0.986266081,8.90E-08,0,164,605,39686,PASD1
16Spos_tumor / 16Sneg_tumor,0.452050337,0.66868906,4,164,776,39686,PAX3
16Spos_tumor / 16Sneg_tumor,0.036718613,1.941585349,14,164,839,39686,PAX4
16Spos_tumor / 16Sneg_tumor,0.442344692,1.351073667,8,164,686,39686,PAX5
16Spos_tumor / 16Sneg_tumor,0.055886814,1.739466314,16,164,1001,39686,PAX6
16Spos_tumor / 16Sneg_tumor,0.435083198,0.85460635,42,164,2716,39686,PAX8
16Spos_tumor / 16Sneg_tumor,0.668261903,0.844489184,7,164,1068,39686,PAXIP1
16Spos_tumor / 16Sneg_tumor,0.70186609,1.075399697,37,164,3441,39686,PBX1
16Spos_tumor / 16Sneg_tumor,0.623674259,0.830121978,8,164,1111,39686,PBX3
16Spos_tumor / 16Sneg_tumor,0.411859778,1.263676687,14,164,1583,39686,PC
16Spos_tumor / 16Sneg_tumor,0.688768259,1.100485339,23,164,2247,39686,PCBP4
16Spos_tumor / 16Sneg_tumor,0.65351994,1.126954874,18,164,1990,39686,PCCA
16Spos_tumor / 16Sneg_tumor,0.719560703,1.106959423,14,164,1538,39686,PCCB
16Spos_tumor / 16Sneg_tumor,0.666941855,0.795433072,4,164,668,39686,PCDH15
16Spos_tumor / 16Sneg_tumor,0.291433237,0.346816747,1,164,359,39686,PCDH17
16Spos_tumor / 16Sneg_tumor,0.099382555,1.105517225,863,164,101870,39686,PCGF6
16Spos_tumor / 16Sneg_tumor,0.383626324,0.415710984,1,164,313,39686,PCK1
16Spos_tumor / 16Sneg_tumor,0.850947995,1.0607919,12,164,1404,39686,PCK2
16Spos_tumor / 16Sneg_tumor,0.093686454,1.777479024,10,164,677,39686,PCLO
16Spos_tumor / 16Sneg_tumor,0.22817043,1.366482977,19,164,1541,39686,PCM1
16Spos_tumor / 16Sneg_tumor,0.630481129,0.90303734,27,164,3699,39686,PCMTD2
16Spos_tumor / 16Sneg_tumor,0.718173479,1.077818142,31,164,3550,39686,PCNA
16Spos_tumor / 16Sneg_tumor,0.44320985,1.208818156,22,164,2037,39686,PCNT
16Spos_tumor / 16Sneg_tumor,0.492995177,1.195041935,18,164,1695,39686,PCNX2
16Spos_tumor / 16Sneg_tumor,0.405198557,0.707558425,7,164,1166,39686,PCOLCE2
16Spos_tumor / 16Sneg_tumor,0.99756378,0.9989417,10,164,1334,39686,PCP2
16Spos_tumor / 16Sneg_tumor,0.843352951,1.062418344,17,164,1024,39686,PCP4
16Spos_tumor / 16Sneg_tumor,0.804254154,1.038669789,59,164,6038,39686,PCSK1N
16Spos_tumor / 16Sneg_tumor,0.533826743,1.2241954,12,164,1015,39686,PCSK5
16Spos_tumor / 16Sneg_tumor,0.255829973,0.442911048,2,164,785,39686,PCSK6
16Spos_tumor / 16Sneg_tumor,0.453066759,0.637368624,3,164,622,39686,PCSK9
16Spos_tumor / 16Sneg_tumor,0.862659171,1.046227423,16,164,2243,39686,PCTP
16Spos_tumor / 16Sneg_tumor,0.544715041,0.721162253,4,164,722,39686,PCYOX1L
16Spos_tumor / 16Sneg_tumor,0.26534172,1.252623447,29,164,2970,39686,PCYT1A
16Spos_tumor / 16Sneg_tumor,0.918867391,1.036966081,9,164,1148,39686,PCYT1B
16Spos_tumor / 16Sneg_tumor,0.424713775,1.155510413,37,164,5112,39686,PCYT2
16Spos_tumor / 16Sneg_tumor,0.594115821,1.080090092,61,164,6696,39686,PDAP1
16Spos_tumor / 16Sneg_tumor,0.375968536,1.189092925,30,164,3670,39686,PDCD10
16Spos_tumor / 16Sneg_tumor,0.665053046,0.819385525,6,164,798,39686,PDCD1LG2
16Spos_tumor / 16Sneg_tumor,0.418491482,1.191113522,25,164,2843,39686,PDCD2
16Spos_tumor / 16Sneg_tumor,0.283839988,0.752052987,16,164,2984,39686,PDCD4
16Spos_tumor / 16Sneg_tumor,0.36422563,1.25139061,20,164,1922,39686,PDCD6IP
16Spos_tumor / 16Sneg_tumor,0.366697629,1.303381888,16,164,1490,39686,PDE10A
16Spos_tumor / 16Sneg_tumor,0.257300938,1.346676982,17,164,1607,39686,PDE12
16Spos_tumor / 16Sneg_tumor,0.526419678,1.33399285,6,164,526,39686,PDE1C
16Spos_tumor / 16Sneg_tumor,0.362625818,0.620370083,4,164,587,39686,PDE3A
16Spos_tumor / 16Sneg_tumor,0.892037448,0.953355536,9,164,1221,39686,PDE3B
16Spos_tumor / 16Sneg_tumor,0.456250597,0.741430781,7,164,1392,39686,PDE4A
16Spos_tumor / 16Sneg_tumor,0.454040295,1.498483877,4,164,340,39686,PDE4B
16Spos_tumor / 16Sneg_tumor,0.136085026,0.220794119,1,164,583,39686,PDE4D
16Spos_tumor / 16Sneg_tumor,0.606140081,0.817100487,8,164,1082,39686,PDE5A
16Spos_tumor / 16Sneg_tumor,0.940014694,1.036881459,5,164,685,39686,PDE6B
16Spos_tumor / 16Sneg_tumor,0.363480633,1.27616671,18,164,1405,39686,PDE7A
16Spos_tumor / 16Sneg_tumor,0.823320742,1.098988305,7,164,760,39686,PDE7B
16Spos_tumor / 16Sneg_tumor,0.894404853,1.049938297,8,164,1032,39686,PDE8A
16Spos_tumor / 16Sneg_tumor,0.561630707,0.808429153,8,164,1151,39686,PDGFC
16Spos_tumor / 16Sneg_tumor,0.983948628,1.010777147,4,164,505,39686,PDGFD
16Spos_tumor / 16Sneg_tumor,0.227737061,1.562305916,9,164,829,39686,PDGFRA
16Spos_tumor / 16Sneg_tumor,0.614411215,0.885126851,21,164,2439,39686,PDHA1
16Spos_tumor / 16Sneg_tumor,0.340262425,1.307375571,15,164,1402,39686,PDHB
16Spos_tumor / 16Sneg_tumor,0.306242591,0.785353571,20,164,2999,39686,PDHX
16Spos_tumor / 16Sneg_tumor,0.004511554,0.470358411,15,164,4360,39686,PDIA3
16Spos_tumor / 16Sneg_tumor,0.57130535,0.934264835,92,164,11402,39686,PDIA4
16Spos_tumor / 16Sneg_tumor,0.113111976,0.792792879,59,164,8863,39686,PDIA6
16Spos_tumor / 16Sneg_tumor,0.737114858,0.904007108,13,164,1844,39686,PDK1
16Spos_tumor / 16Sneg_tumor,0.412832992,0.683393748,5,164,960,39686,PDK2
16Spos_tumor / 16Sneg_tumor,0.796976854,1.143885639,4,164,505,39686,PDK3
16Spos_tumor / 16Sneg_tumor,0.998470259,0.999476131,16,164,1912,39686,PDP1
16Spos_tumor / 16Sneg_tumor,0.73073051,1.080965418,23,164,2830,39686,PDPK1
16Spos_tumor / 16Sneg_tumor,0.005219401,1.463145459,82,164,6553,39686,PDPR
16Spos_tumor / 16Sneg_tumor,0.001600098,1.648239285,53,164,3614,39686,PDS5A
16Spos_tumor / 16Sneg_tumor,0.907919427,1.045109786,8,164,998,39686,PDS5B
16Spos_tumor / 16Sneg_tumor,0.576787142,0.770273336,5,164,872,39686,PDX1
16Spos_tumor / 16Sneg_tumor,0.739203524,0.938046768,33,164,6058,39686,PDXK
16Spos_tumor / 16Sneg_tumor,0.094545805,0.371496583,3,164,919,39686,PDYN
16Spos_tumor / 16Sneg_tumor,0.733063803,1.071343752,28,164,4836,39686,PDZD8
16Spos_tumor / 16Sneg_tumor,0.764352555,1.15680546,5,164,588,39686,PDZRN4
16Spos_tumor / 16Sneg_tumor,0.109062962,0.803297863,68,164,8529,39686,PEBP1
16Spos_tumor / 16Sneg_tumor,0.176264532,1.455978365,17,164,1350,39686,PECR
16Spos_tumor / 16Sneg_tumor,0.16980407,0.565578709,6,164,1347,39686,PELI1
16Spos_tumor / 16Sneg_tumor,0.304581783,1.442709003,9,164,717,39686,PELI2
16Spos_tumor / 16Sneg_tumor,0.587267818,1.27603156,6,164,542,39686,PENK
16Spos_tumor / 16Sneg_tumor,0.747748381,1.11580453,10,164,997,39686,PER3
16Spos_tumor / 16Sneg_tumor,0.477083721,0.93130084,145,164,19619,39686,PERP
16Spos_tumor / 16Sneg_tumor,0.176161948,0.450293592,3,164,844,39686,PET117
16Spos_tumor / 16Sneg_tumor,0.990036079,0.994615271,6,164,737,39686,PF4
16Spos_tumor / 16Sneg_tumor,0.747072419,1.135664758,8,164,892,39686,PF4V1
16Spos_tumor / 16Sneg_tumor,0.776342139,1.087564459,13,164,1750,39686,PFKFB2
16Spos_tumor / 16Sneg_tumor,0.100098705,1.519126496,22,164,1824,39686,PFKFB4
16Spos_tumor / 16Sneg_tumor,0.006054626,1.467078906,68,164,5555,39686,PFKL
16Spos_tumor / 16Sneg_tumor,0.105276512,1.392172825,28,164,3028,39686,PFKM
16Spos_tumor / 16Sneg_tumor,0.938280068,0.990312941,85,164,10650,39686,PFKP
16Spos_tumor / 16Sneg_tumor,0.400565914,0.914532637,121,164,18102,39686,PFN1
16Spos_tumor / 16Sneg_tumor,0.878845142,1.029309079,34,164,4470,39686,PGAM1
16Spos_tumor / 16Sneg_tumor,0.351917332,0.705715089,8,164,1658,39686,PGAM2
16Spos_tumor / 16Sneg_tumor,0.13944396,0.800653938,55,164,8225,39686,PGD
16Spos_tumor / 16Sneg_tumor,0.634261616,1.15271262,14,164,1591,39686,PGF
16Spos_tumor / 16Sneg_tumor,0.24146633,1.158277019,91,164,8436,39686,PGK1
16Spos_tumor / 16Sneg_tumor,0.077649541,0.659321004,20,164,3323,39686,PGLS
16Spos_tumor / 16Sneg_tumor,0.731294827,0.903715031,12,164,1577,39686,PGM1
16Spos_tumor / 16Sneg_tumor,0.674018656,0.88298941,14,164,2252,39686,PGM2
16Spos_tumor / 16Sneg_tumor,0.397688532,0.710465941,7,164,1520,39686,PGM2L1
16Spos_tumor / 16Sneg_tumor,0.988610096,0.996637785,22,164,2735,39686,PGP
16Spos_tumor / 16Sneg_tumor,0.59443633,0.857854588,13,164,2053,39686,PGPEP1
16Spos_tumor / 16Sneg_tumor,0.869618321,1.081376079,5,164,553,39686,PGR
16Spos_tumor / 16Sneg_tumor,0.927607572,0.97171936,11,164,1299,39686,PGRMC1
16Spos_tumor / 16Sneg_tumor,0.932993819,0.974501545,12,164,1510,39686,PGS1
16Spos_tumor / 16Sneg_tumor,0.187386165,1.385403509,21,164,1827,39686,PHACTR2
16Spos_tumor / 16Sneg_tumor,0.92437962,0.987436284,69,164,8606,39686,PHB2
16Spos_tumor / 16Sneg_tumor,0.691609964,0.923281437,30,164,3933,39686,PHC3
16Spos_tumor / 16Sneg_tumor,0.486244845,0.661208044,3,164,575,39686,PHEX
16Spos_tumor / 16Sneg_tumor,0.465001614,1.153294639,33,164,3069,39686,PHF1
16Spos_tumor / 16Sneg_tumor,0.187368172,1.337366229,25,164,2726,39686,PHF14
16Spos_tumor / 16Sneg_tumor,0.340999529,1.315972972,14,164,1264,39686,PHF2
16Spos_tumor / 16Sneg_tumor,0.967980464,1.012565108,12,164,1435,39686,PHF20
16Spos_tumor / 16Sneg_tumor,0.522765248,1.256199077,9,164,759,39686,PHF21A
16Spos_tumor / 16Sneg_tumor,0.740843848,0.858659521,5,164,747,39686,PHF6
16Spos_tumor / 16Sneg_tumor,0.637548392,0.897996235,23,164,2548,39686,PHF8
16Spos_tumor / 16Sneg_tumor,0.671513612,1.098368735,28,164,2817,39686,PHGDH
16Spos_tumor / 16Sneg_tumor,0.333995518,1.455773086,8,164,668,39686,PHKA1
16Spos_tumor / 16Sneg_tumor,0.284145717,0.685041171,9,164,1456,39686,PHKA2
16Spos_tumor / 16Sneg_tumor,0.376989108,1.2260572,22,164,2205,39686,PHKB
16Spos_tumor / 16Sneg_tumor,0.150109384,0.788501554,43,164,8529,39686,PHKG2
16Spos_tumor / 16Sneg_tumor,0.317268437,1.219159151,34,164,5365,39686,PHLDA2
16Spos_tumor / 16Sneg_tumor,0.007972513,2.872836055,7,164,350,39686,PHLPP1
16Spos_tumor / 16Sneg_tumor,0.469765112,1.288988954,9,164,968,39686,PHYH
16Spos_tumor / 16Sneg_tumor,0.858428932,0.932726295,8,164,1132,39686,PI3
16Spos_tumor / 16Sneg_tumor,0.218876883,0.531796794,4,164,944,39686,PI4K2B
16Spos_tumor / 16Sneg_tumor,0.249984699,0.735800341,16,164,2597,39686,PI4KA
16Spos_tumor / 16Sneg_tumor,0.979886031,0.993125092,15,164,1779,39686,PI4KB
16Spos_tumor / 16Sneg_tumor,0.545788535,1.253897212,8,164,784,39686,PIAS1
16Spos_tumor / 16Sneg_tumor,0.521230837,1.215901225,13,164,1214,39686,PIAS2
16Spos_tumor / 16Sneg_tumor,0.940890984,0.981837771,19,164,2665,39686,PIAS3
16Spos_tumor / 16Sneg_tumor,0.887434242,1.033964933,20,164,2540,39686,PIAS4
16Spos_tumor / 16Sneg_tumor,0.951191354,1.015042997,19,164,2392,39686,PICALM
16Spos_tumor / 16Sneg_tumor,0.79496594,1.073396945,16,164,1713,39686,PIDD1
16Spos_tumor / 16Sneg_tumor,0.182567688,0.609284925,8,164,2041,39686,PIGF
16Spos_tumor / 16Sneg_tumor,0.804758467,1.07030834,23,164,5134,39686,PIGR
16Spos_tumor / 16Sneg_tumor,0.80758533,1.154680156,3,164,357,39686,PIK3AP1
16Spos_tumor / 16Sneg_tumor,0.653468123,0.838717359,7,164,951,39686,PIK3C2A
16Spos_tumor / 16Sneg_tumor,0.890690393,0.96365931,16,164,2373,39686,PIK3C2B
16Spos_tumor / 16Sneg_tumor,0.494676649,0.809865484,12,164,1911,39686,PIK3C3
16Spos_tumor / 16Sneg_tumor,0.356645529,0.620953179,4,164,811,39686,PIK3CA
16Spos_tumor / 16Sneg_tumor,0.498266967,0.832231508,15,164,1990,39686,PIK3CB
16Spos_tumor / 16Sneg_tumor,0.039568406,1.7674469,16,164,1102,39686,PIK3CD
16Spos_tumor / 16Sneg_tumor,0.318715099,0.668748582,7,164,1197,39686,PIK3R1
16Spos_tumor / 16Sneg_tumor,0.171182051,1.259011337,45,164,4399,39686,PIK3R2
16Spos_tumor / 16Sneg_tumor,0.375287311,0.742267546,10,164,1468,39686,PIK3R3
16Spos_tumor / 16Sneg_tumor,0.273612974,1.349629163,16,164,1240,39686,PIK3R4
16Spos_tumor / 16Sneg_tumor,0.847523994,1.151550704,2,164,247,39686,PIK3R5
16Spos_tumor / 16Sneg_tumor,0.100436956,1.463454153,25,164,2069,39686,PIKFYVE
16Spos_tumor / 16Sneg_tumor,0.640207891,0.865275644,13,164,1134,39686,PILRA
16Spos_tumor / 16Sneg_tumor,0.436680147,0.746593007,8,164,1301,39686,PIM1
16Spos_tumor / 16Sneg_tumor,0.258634384,0.823043042,38,164,5826,39686,PIN1
16Spos_tumor / 16Sneg_tumor,0.183841859,0.642861769,10,164,1805,39686,PINK1
16Spos_tumor / 16Sneg_tumor,0.862249756,0.902531281,3,164,414,39686,PIP
16Spos_tumor / 16Sneg_tumor,0.875301253,1.037608438,23,164,2578,39686,PIP5K1A
16Spos_tumor / 16Sneg_tumor,0.633843101,0.709438759,2,164,503,39686,PIP5K1B
16Spos_tumor / 16Sneg_tumor,0.987395057,1.003882757,20,164,2578,39686,PIP5K1C
16Spos_tumor / 16Sneg_tumor,0.416606436,0.784861314,13,164,1775,39686,PISD
16Spos_tumor / 16Sneg_tumor,0.877586253,0.960874851,17,164,1708,39686,PITPNB
16Spos_tumor / 16Sneg_tumor,0.006022664,1.863522675,24,164,1675,39686,PITPNM2
16Spos_tumor / 16Sneg_tumor,0.2586052,1.439888042,11,164,903,39686,PITX2
16Spos_tumor / 16Sneg_tumor,0.918688425,0.968759449,12,164,1364,39686,PJA1
16Spos_tumor / 16Sneg_tumor,0.968845506,1.012927961,10,164,1170,39686,PJA2
16Spos_tumor / 16Sneg_tumor,0.215696319,1.349303683,22,164,1772,39686,PKD2
16Spos_tumor / 16Sneg_tumor,0.502670921,0.732844343,5,164,874,39686,PKLR
16Spos_tumor / 16Sneg_tumor,0.516457627,0.949654328,296,164,41843,39686,PKM
16Spos_tumor / 16Sneg_tumor,0.542470173,0.845052502,17,164,2233,39686,PKMYT1
16Spos_tumor / 16Sneg_tumor,0.770691079,0.930797721,19,164,4211,39686,PKN1
16Spos_tumor / 16Sneg_tumor,0.990454364,1.002406148,31,164,2807,39686,PKN2
16Spos_tumor / 16Sneg_tumor,0.912152172,0.978594012,30,164,3731,39686,PKP3
16Spos_tumor / 16Sneg_tumor,0.694997712,0.861647615,8,164,1274,39686,PLA1A
16Spos_tumor / 16Sneg_tumor,0.468001664,0.804792787,13,164,2020,39686,PLA2G10
16Spos_tumor / 16Sneg_tumor,0.137617437,0.620468871,11,164,1926,39686,PLA2G12A
16Spos_tumor / 16Sneg_tumor,0.646710853,1.213099245,6,164,648,39686,PLA2G2A
16Spos_tumor / 16Sneg_tumor,0.723596164,0.831910059,4,164,601,39686,PLA2G3
16Spos_tumor / 16Sneg_tumor,0.119909964,0.485172286,5,164,1277,39686,PLA2G4A
16Spos_tumor / 16Sneg_tumor,0.170846289,1.407929251,19,164,1572,39686,PLA2G4B
16Spos_tumor / 16Sneg_tumor,0.424423477,1.374510425,8,164,785,39686,PLA2G4C
16Spos_tumor / 16Sneg_tumor,0.710565457,1.227584577,4,164,455,39686,PLA2G4E
16Spos_tumor / 16Sneg_tumor,0.585064442,1.264017254,6,164,668,39686,PLA2G4F
16Spos_tumor / 16Sneg_tumor,0.659871376,0.808472405,5,164,795,39686,PLA2G5
16Spos_tumor / 16Sneg_tumor,0.179125612,0.449378197,3,164,818,39686,PLA2G6
16Spos_tumor / 16Sneg_tumor,0.646137551,1.159517374,12,164,1146,39686,PLA2G7
16Spos_tumor / 16Sneg_tumor,0.474500889,1.241490322,14,164,1584,39686,PLA2R1
16Spos_tumor / 16Sneg_tumor,0.601396485,1.16044555,14,164,1411,39686,PLAA
16Spos_tumor / 16Sneg_tumor,0.350114843,0.678395496,7,164,1824,39686,PLAC8
16Spos_tumor / 16Sneg_tumor,0.297479998,0.338535722,1,164,403,39686,PLAC9
16Spos_tumor / 16Sneg_tumor,0.938345515,0.976722999,12,164,2208,39686,PLBD1
16Spos_tumor / 16Sneg_tumor,0.65277027,0.719465026,2,164,356,39686,PLCB1
16Spos_tumor / 16Sneg_tumor,0.284344256,0.570874109,4,164,865,39686,PLCB4
16Spos_tumor / 16Sneg_tumor,0.250159615,0.314675904,1,164,432,39686,PLCE1
16Spos_tumor / 16Sneg_tumor,0.090002381,1.441489545,28,164,2119,39686,PLCG1
16Spos_tumor / 16Sneg_tumor,0.917282903,1.040131068,9,164,974,39686,PLCL1
16Spos_tumor / 16Sneg_tumor,0.943975216,0.972152217,7,164,920,39686,PLCL2
16Spos_tumor / 16Sneg_tumor,0.369564085,0.705101796,7,164,1669,39686,PLD1
16Spos_tumor / 16Sneg_tumor,0.378627558,1.233448724,21,164,2052,39686,PLD2
16Spos_tumor / 16Sneg_tumor,0.285501502,1.447219298,11,164,822,39686,PLD4
16Spos_tumor / 16Sneg_tumor,0.260242049,1.126130267,153,164,19186,39686,PLEC
16Spos_tumor / 16Sneg_tumor,0.579219857,0.838427581,11,164,1839,39686,PLEKHA1
16Spos_tumor / 16Sneg_tumor,0.007200508,1.678114247,35,164,2604,39686,PLEKHA3
16Spos_tumor / 16Sneg_tumor,0.215450863,1.299239542,29,164,2601,39686,PLEKHA5
16Spos_tumor / 16Sneg_tumor,0.34391735,0.71544015,9,164,1902,39686,PLEKHA6
16Spos_tumor / 16Sneg_tumor,0.03509517,0.440066998,7,164,2079,39686,PLEKHA8
16Spos_tumor / 16Sneg_tumor,0.105434301,1.452022587,22,164,1917,39686,PLEKHH2
16Spos_tumor / 16Sneg_tumor,0.957057058,1.012817904,20,164,2731,39686,PLIN3
16Spos_tumor / 16Sneg_tumor,0.845679624,0.927830568,8,164,1178,39686,PLIN4
16Spos_tumor / 16Sneg_tumor,0.458228247,0.7720794,10,164,1893,39686,PLIN5
16Spos_tumor / 16Sneg_tumor,0.610003429,1.139886114,23,164,2411,39686,PLK1
16Spos_tumor / 16Sneg_tumor,0.072146497,0.551268995,11,164,2586,39686,PLK2
16Spos_tumor / 16Sneg_tumor,0.694337871,0.871044578,9,164,1361,39686,PLK3
16Spos_tumor / 16Sneg_tumor,0.350785744,0.74277903,11,164,2090,39686,PLLP
16Spos_tumor / 16Sneg_tumor,0.893308952,0.95987599,12,164,1501,39686,PLOD2
16Spos_tumor / 16Sneg_tumor,0.526337433,0.84545739,16,164,2567,39686,PLOD3
16Spos_tumor / 16Sneg_tumor,0.620115625,1.121321566,21,164,3073,39686,PLPP2
16Spos_tumor / 16Sneg_tumor,0.744037691,1.130637601,9,164,983,39686,PLPP4
16Spos_tumor / 16Sneg_tumor,0.990315065,1.002560278,27,164,2739,39686,PLPP5
16Spos_tumor / 16Sneg_tumor,0.873504561,0.949683431,11,164,1343,39686,PLPP6
16Spos_tumor / 16Sneg_tumor,0.82318011,1.095358698,7,164,769,39686,PLPPR1
16Spos_tumor / 16Sneg_tumor,0.992963135,0.99769579,18,164,2058,39686,PLRG1
16Spos_tumor / 16Sneg_tumor,0.102039709,0.726183992,35,164,4493,39686,PLSCR1
16Spos_tumor / 16Sneg_tumor,0.841983461,0.929826779,9,164,1017,39686,PLSCR4
16Spos_tumor / 16Sneg_tumor,0.568228998,1.129219937,26,164,3149,39686,PLXNA1
16Spos_tumor / 16Sneg_tumor,0.006979974,1.613790941,43,164,3434,39686,PLXNA2
16Spos_tumor / 16Sneg_tumor,0.601684611,1.260944889,7,164,581,39686,PLXNA4
16Spos_tumor / 16Sneg_tumor,0.680386755,1.117408118,17,164,2470,39686,PLXNB3
16Spos_tumor / 16Sneg_tumor,0.325013911,0.631373747,5,164,1059,39686,PMAIP1
16Spos_tumor / 16Sneg_tumor,0.986875505,9.33E-08,0,164,510,39686,PMCH
16Spos_tumor / 16Sneg_tumor,0.350849983,1.372932722,11,164,1014,39686,PMEL
16Spos_tumor / 16Sneg_tumor,0.906830272,0.951105801,6,164,794,39686,PMF1
16Spos_tumor / 16Sneg_tumor,0.832223628,1.070922871,11,164,1460,39686,PMS2
16Spos_tumor / 16Sneg_tumor,0.822942079,0.943018783,16,164,2274,39686,PMVK
16Spos_tumor / 16Sneg_tumor,0.660176764,0.915219619,31,164,4120,39686,PNKP
16Spos_tumor / 16Sneg_tumor,0.647408656,0.876392018,13,164,1852,39686,PNMA1
16Spos_tumor / 16Sneg_tumor,0.994923235,1.003093042,5,164,696,39686,PNOC
16Spos_tumor / 16Sneg_tumor,0.679306461,1.081154532,36,164,4349,39686,PNP
16Spos_tumor / 16Sneg_tumor,0.205300802,0.781576398,30,164,5209,39686,PNPLA2
16Spos_tumor / 16Sneg_tumor,0.976351311,0.986232927,5,164,873,39686,PNPLA6
16Spos_tumor / 16Sneg_tumor,0.761747436,0.893404493,8,164,1115,39686,PNPLA7
16Spos_tumor / 16Sneg_tumor,0.154510432,1.438140298,19,164,1696,39686,PNPLA8
16Spos_tumor / 16Sneg_tumor,0.771951848,1.069363895,23,164,2662,39686,PNPT1
16Spos_tumor / 16Sneg_tumor,0.27999102,1.300298353,25,164,1205,39686,PODXL
16Spos_tumor / 16Sneg_tumor,0.018176064,1.648352961,29,164,2391,39686,PODXL2
16Spos_tumor / 16Sneg_tumor,0.766750016,1.073186011,20,164,2120,39686,POLB
16Spos_tumor / 16Sneg_tumor,0.085126706,1.527849721,22,164,1713,39686,POLD1
16Spos_tumor / 16Sneg_tumor,0.067528258,1.403491093,33,164,4035,39686,POLD2
16Spos_tumor / 16Sneg_tumor,0.257176582,1.376036685,16,164,1659,39686,POLD3
16Spos_tumor / 16Sneg_tumor,0.848095717,1.040499298,28,164,3837,39686,POLD4
16Spos_tumor / 16Sneg_tumor,0.849433954,0.929868286,8,164,987,39686,POLE
16Spos_tumor / 16Sneg_tumor,0.501783185,0.764592839,7,164,1121,39686,POLE2
16Spos_tumor / 16Sneg_tumor,0.095143666,0.614640002,13,164,2569,39686,POLE3
16Spos_tumor / 16Sneg_tumor,0.593252201,0.84798557,12,164,1839,39686,POLE4
16Spos_tumor / 16Sneg_tumor,0.092192404,0.296065251,2,164,734,39686,POLK
16Spos_tumor / 16Sneg_tumor,0.442565639,0.827093698,18,164,2740,39686,POLR1A
16Spos_tumor / 16Sneg_tumor,0.332422112,1.21478271,29,164,2704,39686,POLR1C
16Spos_tumor / 16Sneg_tumor,0.525892962,1.254723708,9,164,936,39686,POLR1D
16Spos_tumor / 16Sneg_tumor,0.368509569,0.682110512,6,164,1117,39686,POLR1G
16Spos_tumor / 16Sneg_tumor,0.134586133,1.35509047,27,164,1661,39686,POLR2A
16Spos_tumor / 16Sneg_tumor,0.242240323,0.632228065,7,164,1392,39686,POLR2B
16Spos_tumor / 16Sneg_tumor,0.18362427,0.739125462,22,164,4135,39686,POLR2C
16Spos_tumor / 16Sneg_tumor,0.591323613,0.890659766,25,164,3564,39686,POLR2D
16Spos_tumor / 16Sneg_tumor,0.734710199,0.945803834,43,164,7229,39686,POLR2E
16Spos_tumor / 16Sneg_tumor,0.776144329,1.072904547,18,164,2645,39686,POLR2F
16Spos_tumor / 16Sneg_tumor,0.150846146,1.381593172,23,164,2416,39686,POLR2G
16Spos_tumor / 16Sneg_tumor,0.084930304,1.286082652,73,164,6774,39686,POLR2H
16Spos_tumor / 16Sneg_tumor,0.861820762,0.957151102,18,164,2590,39686,POLR2I
16Spos_tumor / 16Sneg_tumor,0.002612891,2.00964805,24,164,1459,39686,POLR2J
16Spos_tumor / 16Sneg_tumor,0.140940974,1.365707374,25,164,2470,39686,POLR2K
16Spos_tumor / 16Sneg_tumor,0.589710218,1.16848913,14,164,1596,39686,POLR3A
16Spos_tumor / 16Sneg_tumor,0.89368677,0.947912108,7,164,880,39686,POLR3B
16Spos_tumor / 16Sneg_tumor,0.940512354,1.023016382,12,164,1408,39686,POLR3C
16Spos_tumor / 16Sneg_tumor,0.736652467,1.078645581,22,164,2571,39686,POLR3E
16Spos_tumor / 16Sneg_tumor,0.402077038,1.403814563,7,164,627,39686,POLR3G
16Spos_tumor / 16Sneg_tumor,0.831707267,1.077039076,9,164,1162,39686,POLR3GL
16Spos_tumor / 16Sneg_tumor,0.47676509,0.815043772,14,164,2199,39686,POLR3H
16Spos_tumor / 16Sneg_tumor,0.392767044,0.795523564,16,164,2977,39686,POLR3K
16Spos_tumor / 16Sneg_tumor,0.498942139,0.873974939,30,164,3714,39686,POM121
16Spos_tumor / 16Sneg_tumor,0.875355803,1.056284976,10,164,1162,39686,POMC
16Spos_tumor / 16Sneg_tumor,0.760985116,0.946743447,44,164,4126,39686,PON2
16Spos_tumor / 16Sneg_tumor,0.014634792,1.895539311,19,164,1219,39686,POT1
16Spos_tumor / 16Sneg_tumor,0.813676215,1.095848228,8,164,913,39686,POU2AF1
16Spos_tumor / 16Sneg_tumor,0.723733242,1.120945757,11,164,1226,39686,POU2F1
16Spos_tumor / 16Sneg_tumor,0.509285485,1.264483932,10,164,960,39686,POU2F2
16Spos_tumor / 16Sneg_tumor,0.90886798,1.039834811,11,164,1407,39686,POU2F3
16Spos_tumor / 16Sneg_tumor,0.239217824,1.24054402,49,164,3795,39686,POU5F1
16Spos_tumor / 16Sneg_tumor,0.013404092,0.51743811,15,164,3472,39686,PPA1
16Spos_tumor / 16Sneg_tumor,0.786133958,1.060516303,25,164,2962,39686,PPA2
16Spos_tumor / 16Sneg_tumor,0.430613384,1.321071816,9,164,1033,39686,PPARA
16Spos_tumor / 16Sneg_tumor,0.586186887,1.173410527,15,164,1937,39686,PPARD
16Spos_tumor / 16Sneg_tumor,0.946930341,1.019081101,15,164,2070,39686,PPARG
16Spos_tumor / 16Sneg_tumor,0.217671209,1.551010874,9,164,855,39686,PPARGC1A
16Spos_tumor / 16Sneg_tumor,0.608608747,0.833368427,9,164,1294,39686,PPARGC1B
16Spos_tumor / 16Sneg_tumor,0.911161686,0.951684327,6,164,792,39686,PPBP
16Spos_tumor / 16Sneg_tumor,0.425932157,0.447945501,1,164,290,39686,PPFIA2
16Spos_tumor / 16Sneg_tumor,0.382511777,1.111885668,96,164,12444,39686,PPIA
16Spos_tumor / 16Sneg_tumor,0.397549523,1.223891681,22,164,2006,39686,PPID
16Spos_tumor / 16Sneg_tumor,0.747559002,1.07670441,21,164,2379,39686,PPIE
16Spos_tumor / 16Sneg_tumor,0.606304409,0.844242829,10,164,2000,39686,PPIF
16Spos_tumor / 16Sneg_tumor,0.110396013,1.243844971,75,164,6593,39686,PPIH
16Spos_tumor / 16Sneg_tumor,0.315362104,1.226402714,30,164,3346,39686,PPIL1
16Spos_tumor / 16Sneg_tumor,0.767486689,0.91525133,13,164,1838,39686,PPIL2
16Spos_tumor / 16Sneg_tumor,0.473208298,1.166407166,27,164,2780,39686,PPIL4
16Spos_tumor / 16Sneg_tumor,0.92526929,1.025419576,16,164,1882,39686,PPL
16Spos_tumor / 16Sneg_tumor,0.999539095,0.999842296,15,164,1751,39686,PPM1A
16Spos_tumor / 16Sneg_tumor,0.092537728,0.631317208,15,164,3800,39686,PPM1B
16Spos_tumor / 16Sneg_tumor,0.680400591,1.087696597,30,164,3561,39686,PPM1L
16Spos_tumor / 16Sneg_tumor,0.821187236,1.057970367,19,164,2651,39686,PPME1
16Spos_tumor / 16Sneg_tumor,0.372290563,0.868488646,46,164,7279,39686,PPP1CA
16Spos_tumor / 16Sneg_tumor,0.793969833,0.9492629,27,164,3109,39686,PPP1CC
16Spos_tumor / 16Sneg_tumor,0.94968774,0.984597795,19,164,1756,39686,PPP1R10
16Spos_tumor / 16Sneg_tumor,0.78861165,1.048910598,36,164,4115,39686,PPP1R11
16Spos_tumor / 16Sneg_tumor,0.90417671,0.964375145,12,164,1329,39686,PPP1R12A
16Spos_tumor / 16Sneg_tumor,0.173446189,1.416816817,18,164,1529,39686,PPP1R12B
16Spos_tumor / 16Sneg_tumor,0.49594498,1.197531707,16,164,1791,39686,PPP1R12C
16Spos_tumor / 16Sneg_tumor,0.602228231,0.877518311,19,164,2358,39686,PPP1R13B
16Spos_tumor / 16Sneg_tumor,0.307261922,1.126086724,99,164,11706,39686,PPP1R14B
16Spos_tumor / 16Sneg_tumor,0.480863514,0.853427782,32,164,5096,39686,PPP1R15A
16Spos_tumor / 16Sneg_tumor,0.602207523,0.874581886,17,164,2363,39686,PPP1R15B
16Spos_tumor / 16Sneg_tumor,0.680568474,0.908712494,22,164,4529,39686,PPP1R1B
16Spos_tumor / 16Sneg_tumor,0.229737484,0.539306618,4,164,913,39686,PPP1R2
16Spos_tumor / 16Sneg_tumor,0.364666577,1.203532822,29,164,2953,39686,PPP1R7
16Spos_tumor / 16Sneg_tumor,0.591776564,1.168627895,14,164,1287,39686,PPP1R9A
16Spos_tumor / 16Sneg_tumor,0.294826169,1.24408694,25,164,2836,39686,PPP1R9B
16Spos_tumor / 16Sneg_tumor,0.641381702,1.0996358,28,164,2871,39686,PPP2CA
16Spos_tumor / 16Sneg_tumor,0.963412617,0.992493009,43,164,5490,39686,PPP2R1A
16Spos_tumor / 16Sneg_tumor,0.257088494,1.504143258,9,164,714,39686,PPP2R1B
16Spos_tumor / 16Sneg_tumor,0.622570496,0.866396301,14,164,1909,39686,PPP2R2A
16Spos_tumor / 16Sneg_tumor,0.154607269,0.353658436,2,164,655,39686,PPP2R2B
16Spos_tumor / 16Sneg_tumor,0.56455189,1.166689124,18,164,1869,39686,PPP2R2C
16Spos_tumor / 16Sneg_tumor,0.798072678,1.076622133,14,164,1815,39686,PPP2R2D
16Spos_tumor / 16Sneg_tumor,0.213718899,1.617398702,8,164,573,39686,PPP2R3A
16Spos_tumor / 16Sneg_tumor,0.228823196,1.2990018,25,164,2333,39686,PPP2R3C
16Spos_tumor / 16Sneg_tumor,0.787142662,0.926213449,14,164,1881,39686,PPP2R5A
16Spos_tumor / 16Sneg_tumor,0.693503655,1.121461146,14,164,1780,39686,PPP2R5B
16Spos_tumor / 16Sneg_tumor,0.365242675,1.184102591,38,164,3806,39686,PPP2R5C
16Spos_tumor / 16Sneg_tumor,0.128363089,0.649975044,14,164,2305,39686,PPP2R5D
16Spos_tumor / 16Sneg_tumor,0.889763473,0.943187677,6,164,848,39686,PPP2R5E
16Spos_tumor / 16Sneg_tumor,0.821026657,1.068871371,13,164,1494,39686,PPP3CA
16Spos_tumor / 16Sneg_tumor,0.489621767,0.797842803,10,164,1542,39686,PPP3CB
16Spos_tumor / 16Sneg_tumor,0.09678248,0.544429379,8,164,1752,39686,PPP3R1
16Spos_tumor / 16Sneg_tumor,0.648160183,0.711992835,2,164,330,39686,PPP3R2
16Spos_tumor / 16Sneg_tumor,0.269069707,0.864862019,73,164,9857,39686,PPP4C
16Spos_tumor / 16Sneg_tumor,0.679079799,1.083287594,32,164,3492,39686,PPP5C
16Spos_tumor / 16Sneg_tumor,0.928811553,0.971847525,11,164,1385,39686,PPP6C
16Spos_tumor / 16Sneg_tumor,0.012822167,1.581102971,43,164,2938,39686,PPP6R3
16Spos_tumor / 16Sneg_tumor,0.000153379,2.702566975,17,164,673,39686,PPT2
16Spos_tumor / 16Sneg_tumor,0.756226267,0.86701535,5,164,719,39686,PPWD1
16Spos_tumor / 16Sneg_tumor,0.395153521,1.211193546,28,164,1684,39686,PRAME
16Spos_tumor / 16Sneg_tumor,0.423572927,0.723454786,7,164,1203,39686,PRAP1
16Spos_tumor / 16Sneg_tumor,0.480565249,0.803202352,12,164,1880,39686,PRC1
16Spos_tumor / 16Sneg_tumor,0.697758185,0.916597367,23,164,3054,39686,PRCC
16Spos_tumor / 16Sneg_tumor,0.848635467,1.09138744,6,164,842,39686,PRDM1
16Spos_tumor / 16Sneg_tumor,0.763595506,0.85529595,4,164,590,39686,PRDM14
16Spos_tumor / 16Sneg_tumor,0.289058088,0.57941109,4,164,980,39686,PRDM16
16Spos_tumor / 16Sneg_tumor,0.727567854,0.949274127,55,164,6959,39686,PRDX1
16Spos_tumor / 16Sneg_tumor,0.01052042,1.372351291,90,164,10090,39686,PRDX2
16Spos_tumor / 16Sneg_tumor,0.293043781,1.270655902,21,164,2565,39686,PRDX3
16Spos_tumor / 16Sneg_tumor,0.752105863,0.93008751,21,164,2558,39686,PRDX4
16Spos_tumor / 16Sneg_tumor,0.814380341,0.943838259,18,164,3103,39686,PRDX5
16Spos_tumor / 16Sneg_tumor,0.383109642,0.871372927,50,164,6253,39686,PRDX6
16Spos_tumor / 16Sneg_tumor,0.031107466,0.519226421,12,164,2945,39686,PREB
16Spos_tumor / 16Sneg_tumor,0.562507232,1.312012961,5,164,470,39686,PRELID2
16Spos_tumor / 16Sneg_tumor,0.154493208,1.423804806,19,164,1818,39686,PREP
16Spos_tumor / 16Sneg_tumor,0.760611929,1.10420589,11,164,1297,39686,PRG2
16Spos_tumor / 16Sneg_tumor,0.642400157,0.70708724,2,164,324,39686,PRICKLE2
16Spos_tumor / 16Sneg_tumor,0.200153111,1.443203882,16,164,1479,39686,PRIM1
16Spos_tumor / 16Sneg_tumor,0.585586771,1.147621134,19,164,1952,39686,PRIM2
16Spos_tumor / 16Sneg_tumor,0.06118866,1.61483773,18,164,1419,39686,PRKAA1
16Spos_tumor / 16Sneg_tumor,0.196548199,1.371713722,22,164,1621,39686,PRKAA2
16Spos_tumor / 16Sneg_tumor,0.981555735,0.99184822,9,164,1186,39686,PRKAB1
16Spos_tumor / 16Sneg_tumor,0.926461757,1.025474623,17,164,2027,39686,PRKAB2
16Spos_tumor / 16Sneg_tumor,0.747298538,0.922276982,18,164,2627,39686,PRKACA
16Spos_tumor / 16Sneg_tumor,0.663333938,0.839641877,7,164,902,39686,PRKACB
16Spos_tumor / 16Sneg_tumor,0.907271793,0.93270599,3,164,420,39686,PRKACG
16Spos_tumor / 16Sneg_tumor,0.866067448,0.953808502,14,164,1896,39686,PRKAG1
16Spos_tumor / 16Sneg_tumor,0.8776351,0.946424919,9,164,1166,39686,PRKAG2
16Spos_tumor / 16Sneg_tumor,0.285336413,0.909950594,184,164,19572,39686,PRKAR1A
16Spos_tumor / 16Sneg_tumor,0.620027414,1.145237498,16,164,1932,39686,PRKAR1B
16Spos_tumor / 16Sneg_tumor,0.285894699,1.290492407,20,164,1434,39686,PRKAR2A
16Spos_tumor / 16Sneg_tumor,0.292045972,0.468588249,2,164,540,39686,PRKAR2B
16Spos_tumor / 16Sneg_tumor,0.74789414,1.066558231,33,164,3335,39686,PRKCA
16Spos_tumor / 16Sneg_tumor,0.104800473,1.716363578,10,164,785,39686,PRKCB
16Spos_tumor / 16Sneg_tumor,0.776201815,1.105525312,9,164,1012,39686,PRKCD
16Spos_tumor / 16Sneg_tumor,0.847592475,0.945040163,15,164,2337,39686,PRKCE
16Spos_tumor / 16Sneg_tumor,0.910999689,1.042587754,9,164,1021,39686,PRKCG
16Spos_tumor / 16Sneg_tumor,0.245078623,1.372349786,17,164,1587,39686,PRKCH
16Spos_tumor / 16Sneg_tumor,0.979063643,1.007912418,12,164,1385,39686,PRKCI
16Spos_tumor / 16Sneg_tumor,0.512370516,0.920692407,78,164,11533,39686,PRKCSH
16Spos_tumor / 16Sneg_tumor,0.792852696,0.94216394,24,164,2915,39686,PRKCZ
16Spos_tumor / 16Sneg_tumor,0.264238689,1.441352407,12,164,956,39686,PRKD1
16Spos_tumor / 16Sneg_tumor,0.514278374,1.130154479,36,164,4140,39686,PRKD2
16Spos_tumor / 16Sneg_tumor,0.858343398,0.955374875,18,164,2246,39686,PRKD3
16Spos_tumor / 16Sneg_tumor,0.83382039,1.037064099,43,164,4118,39686,PRKDC
16Spos_tumor / 16Sneg_tumor,0.817177194,1.151560638,3,164,352,39686,PRKG1
16Spos_tumor / 16Sneg_tumor,0.928277782,0.963566705,7,164,934,39686,PRKN
16Spos_tumor / 16Sneg_tumor,0.141994107,0.614897776,10,164,1986,39686,PRKRA
16Spos_tumor / 16Sneg_tumor,0.037237774,1.671112131,19,164,1355,39686,PRKX
16Spos_tumor / 16Sneg_tumor,0.827228719,1.108743101,5,164,575,39686,PRL
16Spos_tumor / 16Sneg_tumor,0.893163416,0.944250881,6,164,863,39686,PRLHR
16Spos_tumor / 16Sneg_tumor,0.313959729,0.477276693,2,164,540,39686,PRLR
16Spos_tumor / 16Sneg_tumor,0.77831026,1.094888052,12,164,1134,39686,PRM1
16Spos_tumor / 16Sneg_tumor,0.629935841,0.895748139,21,164,2845,39686,PRMT1
16Spos_tumor / 16Sneg_tumor,0.877490029,1.036006123,23,164,2622,39686,PRMT2
16Spos_tumor / 16Sneg_tumor,0.307102397,1.29805658,19,164,1598,39686,PRMT3
16Spos_tumor / 16Sneg_tumor,0.415887505,0.861345734,37,164,5077,39686,PRMT5
16Spos_tumor / 16Sneg_tumor,0.099347878,1.476435567,23,164,1968,39686,PRMT7
16Spos_tumor / 16Sneg_tumor,0.489671532,0.721801764,5,164,902,39686,PRMT8
16Spos_tumor / 16Sneg_tumor,0.701802499,1.250475865,3,164,314,39686,PRND
16Spos_tumor / 16Sneg_tumor,0.674801827,0.925863799,35,164,4435,39686,PRNP
16Spos_tumor / 16Sneg_tumor,0.120878147,0.483798051,5,164,1445,39686,PROCR
16Spos_tumor / 16Sneg_tumor,0.504333962,0.733762391,5,164,1371,39686,PROM1
16Spos_tumor / 16Sneg_tumor,0.665916659,1.125614401,17,164,1497,39686,PROS1
16Spos_tumor / 16Sneg_tumor,0.044466814,0.391355507,5,164,1709,39686,PROX1
16Spos_tumor / 16Sneg_tumor,0.770421469,1.065622118,26,164,2544,39686,PRPF18
16Spos_tumor / 16Sneg_tumor,0.643870876,1.073736796,52,164,6571,39686,PRPF19
16Spos_tumor / 16Sneg_tumor,0.388268134,0.829720977,25,164,3684,39686,PRPF3
16Spos_tumor / 16Sneg_tumor,0.203088517,1.445603351,14,164,1187,39686,PRPF31
16Spos_tumor / 16Sneg_tumor,0.876126162,1.036052519,23,164,2237,39686,PRPF38A
16Spos_tumor / 16Sneg_tumor,0.537357538,0.883966214,28,164,3029,39686,PRPF38B
16Spos_tumor / 16Sneg_tumor,0.685843336,0.919549347,26,164,3108,39686,PRPF40A
16Spos_tumor / 16Sneg_tumor,0.105971019,1.546870833,17,164,1448,39686,PRPF40B
16Spos_tumor / 16Sneg_tumor,0.012174404,1.546034767,40,164,3400,39686,PRPF6
16Spos_tumor / 16Sneg_tumor,0.65555547,0.878455071,13,164,1747,39686,PRPF8
16Spos_tumor / 16Sneg_tumor,0.464641203,1.183364001,22,164,2122,39686,PRPS2
16Spos_tumor / 16Sneg_tumor,0.887605665,0.965603462,20,164,2510,39686,PRPSAP2
16Spos_tumor / 16Sneg_tumor,0.509485302,0.797655684,10,164,1760,39686,PRR5
16Spos_tumor / 16Sneg_tumor,0.596348451,1.184473251,11,164,1129,39686,PRR5L
16Spos_tumor / 16Sneg_tumor,0.431948286,0.571049252,2,164,479,39686,PRSS16
16Spos_tumor / 16Sneg_tumor,0.866379582,1.044471689,17,164,1921,39686,PRUNE1
16Spos_tumor / 16Sneg_tumor,0.249896831,0.774017576,29,164,3735,39686,PSAT1
16Spos_tumor / 16Sneg_tumor,0.493824846,0.808337901,25,164,6181,39686,PSCA
16Spos_tumor / 16Sneg_tumor,0.932117952,1.029369032,10,164,1345,39686,PSD3
16Spos_tumor / 16Sneg_tumor,0.56572598,0.853136132,15,164,2126,39686,PSEN1
16Spos_tumor / 16Sneg_tumor,0.129591548,1.692706156,10,164,783,39686,PSEN2
16Spos_tumor / 16Sneg_tumor,0.338134191,0.831662442,33,164,5139,39686,PSENEN
16Spos_tumor / 16Sneg_tumor,0.154248881,1.588937982,11,164,792,39686,PSG4
16Spos_tumor / 16Sneg_tumor,0.953820029,0.987517767,26,164,2133,39686,PSIP1
16Spos_tumor / 16Sneg_tumor,0.986016999,0.996592919,33,164,3411,39686,PSMA1
16Spos_tumor / 16Sneg_tumor,0.495158208,0.789792192,9,164,1650,39686,PSMA2
16Spos_tumor / 16Sneg_tumor,0.302740097,0.685017818,8,164,1407,39686,PSMA3
16Spos_tumor / 16Sneg_tumor,0.925615551,0.972715971,13,164,1501,39686,PSMA4
16Spos_tumor / 16Sneg_tumor,0.215778692,0.825325313,54,164,7022,39686,PSMA5
16Spos_tumor / 16Sneg_tumor,0.905516915,1.012517144,132,164,14902,39686,PSMA6
16Spos_tumor / 16Sneg_tumor,0.382059988,0.658835528,5,164,817,39686,PSMA8
16Spos_tumor / 16Sneg_tumor,0.569047751,0.787013683,6,164,1058,39686,PSMB10
16Spos_tumor / 16Sneg_tumor,0.614486831,0.904272372,28,164,3227,39686,PSMB2
16Spos_tumor / 16Sneg_tumor,0.126674427,0.740015462,29,164,5592,39686,PSMB3
16Spos_tumor / 16Sneg_tumor,0.605416508,1.091838202,40,164,4729,39686,PSMB4
16Spos_tumor / 16Sneg_tumor,0.770990911,1.040626106,73,164,8857,39686,PSMB5
16Spos_tumor / 16Sneg_tumor,0.21484145,0.745812629,20,164,3662,39686,PSMB6
16Spos_tumor / 16Sneg_tumor,0.005627028,1.653496229,37,164,2634,39686,PSMB7
16Spos_tumor / 16Sneg_tumor,0.078276509,0.524312936,8,164,1639,39686,PSMB8
16Spos_tumor / 16Sneg_tumor,0.758209166,0.931749942,25,164,3491,39686,PSMB9
16Spos_tumor / 16Sneg_tumor,0.874761017,0.971133176,35,164,3996,39686,PSMC1
16Spos_tumor / 16Sneg_tumor,0.608458416,1.125677171,22,164,2343,39686,PSMC2
16Spos_tumor / 16Sneg_tumor,0.946141385,0.986895833,31,164,3518,39686,PSMC3
16Spos_tumor / 16Sneg_tumor,0.907946162,1.015575657,73,164,7434,39686,PSMC4
16Spos_tumor / 16Sneg_tumor,0.518989501,0.888716901,35,164,5445,39686,PSMC5
16Spos_tumor / 16Sneg_tumor,0.526047289,1.188857749,15,164,1641,39686,PSMC6
16Spos_tumor / 16Sneg_tumor,0.751560044,1.078925812,20,164,2199,39686,PSMD1
16Spos_tumor / 16Sneg_tumor,0.481359791,0.823464341,15,164,2179,39686,PSMD10
16Spos_tumor / 16Sneg_tumor,0.416424006,0.825238251,20,164,3102,39686,PSMD11
16Spos_tumor / 16Sneg_tumor,0.794613845,1.046907241,39,164,3435,39686,PSMD12
16Spos_tumor / 16Sneg_tumor,0.047650204,1.477069297,32,164,2748,39686,PSMD13
16Spos_tumor / 16Sneg_tumor,0.907164018,0.97604758,27,164,3702,39686,PSMD14
16Spos_tumor / 16Sneg_tumor,0.542568927,0.899317488,41,164,5668,39686,PSMD2
16Spos_tumor / 16Sneg_tumor,0.753520005,0.934539546,25,164,3747,39686,PSMD3
16Spos_tumor / 16Sneg_tumor,0.891277107,0.979307072,53,164,7024,39686,PSMD4
16Spos_tumor / 16Sneg_tumor,0.33021775,0.60521851,4,164,857,39686,PSMD5
16Spos_tumor / 16Sneg_tumor,0.553304674,0.848988152,15,164,1935,39686,PSMD6
16Spos_tumor / 16Sneg_tumor,0.562729124,1.154165024,18,164,2134,39686,PSMD7
16Spos_tumor / 16Sneg_tumor,0.159783791,0.770927608,33,164,4768,39686,PSMD8
16Spos_tumor / 16Sneg_tumor,0.409437732,1.201547328,24,164,2393,39686,PSMD9
16Spos_tumor / 16Sneg_tumor,0.833760145,1.032653176,52,164,6181,39686,PSME1
16Spos_tumor / 16Sneg_tumor,0.708635052,1.064062876,45,164,5106,39686,PSME2
16Spos_tumor / 16Sneg_tumor,0.575198256,0.873770388,19,164,3249,39686,PSME3
16Spos_tumor / 16Sneg_tumor,0.187738082,1.321035117,27,164,2587,39686,PSME4
16Spos_tumor / 16Sneg_tumor,0.110020323,0.673090821,18,164,3497,39686,PSMF1
16Spos_tumor / 16Sneg_tumor,0.503687935,1.096183728,78,164,8751,39686,PSPH
16Spos_tumor / 16Sneg_tumor,0.930982451,1.029163145,10,164,1186,39686,PSTPIP1
16Spos_tumor / 16Sneg_tumor,0.892552631,1.020691717,50,164,6558,39686,PTBP1
16Spos_tumor / 16Sneg_tumor,0.366500086,1.44672764,7,164,597,39686,PTCD2
16Spos_tumor / 16Sneg_tumor,0.921884878,0.968926899,12,164,1376,39686,PTCH1
16Spos_tumor / 16Sneg_tumor,0.244988661,1.444906964,14,164,901,39686,PTCRA
16Spos_tumor / 16Sneg_tumor,0.969355833,1.010017029,16,164,2073,39686,PTDSS1
16Spos_tumor / 16Sneg_tumor,0.121951889,1.183400372,186,164,18772,39686,PTEN
16Spos_tumor / 16Sneg_tumor,0.888638944,0.919055976,3,164,422,39686,PTGDR
16Spos_tumor / 16Sneg_tumor,0.56991283,0.79394054,7,164,1174,39686,PTGDR2
16Spos_tumor / 16Sneg_tumor,0.854217435,0.97510732,237,164,11259,39686,PTGDS
16Spos_tumor / 16Sneg_tumor,0.31695253,1.43962781,9,164,892,39686,PTGER2
16Spos_tumor / 16Sneg_tumor,0.394915865,0.63716915,4,164,722,39686,PTGER3
16Spos_tumor / 16Sneg_tumor,0.44582241,0.719443695,6,164,1148,39686,PTGER4
16Spos_tumor / 16Sneg_tumor,0.63807025,0.839173982,8,164,1382,39686,PTGES
16Spos_tumor / 16Sneg_tumor,0.909353216,0.974818198,23,164,3796,39686,PTGES2
16Spos_tumor / 16Sneg_tumor,0.790139359,0.940995271,22,164,3134,39686,PTGES3
16Spos_tumor / 16Sneg_tumor,0.717963928,0.873512436,8,164,1189,39686,PTGIR
16Spos_tumor / 16Sneg_tumor,0.322491439,0.729626372,11,164,1493,39686,PTGR1
16Spos_tumor / 16Sneg_tumor,0.970103968,1.015180433,7,164,865,39686,PTGS1
16Spos_tumor / 16Sneg_tumor,0.468968374,0.587607593,2,164,450,39686,PTGS2
16Spos_tumor / 16Sneg_tumor,0.458207839,1.071225389,203,164,21704,39686,PTK2
16Spos_tumor / 16Sneg_tumor,0.101523868,2.136563316,5,164,298,39686,PTK2B
16Spos_tumor / 16Sneg_tumor,0.066077417,0.557364573,11,164,2853,39686,PTK6
16Spos_tumor / 16Sneg_tumor,0.913420542,0.985327527,78,164,6936,39686,PTK7
16Spos_tumor / 16Sneg_tumor,0.139270932,1.341441426,28,164,2386,39686,PTPMT1
16Spos_tumor / 16Sneg_tumor,0.401284775,1.179049088,29,164,3304,39686,PTPN1
16Spos_tumor / 16Sneg_tumor,0.300312835,1.231961095,27,164,2405,39686,PTPN11
16Spos_tumor / 16Sneg_tumor,0.983460969,0.993295829,11,164,1275,39686,PTPN13
16Spos_tumor / 16Sneg_tumor,0.249062887,0.668372965,9,164,1783,39686,PTPN18
16Spos_tumor / 16Sneg_tumor,0.081110725,1.473789242,24,164,2265,39686,PTPN2
16Spos_tumor / 16Sneg_tumor,0.233943145,1.424598002,14,164,1400,39686,PTPN4
16Spos_tumor / 16Sneg_tumor,0.797559833,1.096219312,10,164,1146,39686,PTPN5
16Spos_tumor / 16Sneg_tumor,0.766613896,0.918557022,14,164,1963,39686,PTPN6
16Spos_tumor / 16Sneg_tumor,0.45056017,1.236095514,14,164,1420,39686,PTPRA
16Spos_tumor / 16Sneg_tumor,0.767892262,1.102642873,11,164,1380,39686,PTPRCAP
16Spos_tumor / 16Sneg_tumor,0.645155841,1.049548067,248,164,25441,39686,PTPRF
16Spos_tumor / 16Sneg_tumor,0.512640045,1.177338878,20,164,2304,39686,PTPRK
16Spos_tumor / 16Sneg_tumor,0.575242642,0.823486908,10,164,1684,39686,PTPRM
16Spos_tumor / 16Sneg_tumor,0.527851717,0.773744927,7,164,1190,39686,PTPRN
16Spos_tumor / 16Sneg_tumor,0.092513499,1.721288833,11,164,1073,39686,PTPRN2
16Spos_tumor / 16Sneg_tumor,0.736012065,1.111981628,12,164,1304,39686,PTPRO
16Spos_tumor / 16Sneg_tumor,0.694916788,0.831898514,5,164,799,39686,PTPRR
16Spos_tumor / 16Sneg_tumor,0.535096147,1.088064971,71,164,6982,39686,PTPRS
16Spos_tumor / 16Sneg_tumor,0.328365299,0.688907455,8,164,1060,39686,PTPRU
16Spos_tumor / 16Sneg_tumor,0.990140094,1.10E-07,0,164,274,39686,PTPRZ1
16Spos_tumor / 16Sneg_tumor,0.038687003,0.444197144,7,164,2075,39686,PTS
16Spos_tumor / 16Sneg_tumor,0.83305293,1.069169416,12,164,1556,39686,PTTG1
16Spos_tumor / 16Sneg_tumor,0.440648008,0.690384495,5,164,1010,39686,PTTG2
16Spos_tumor / 16Sneg_tumor,0.838194709,0.966527443,39,164,4715,39686,PUF60
16Spos_tumor / 16Sneg_tumor,0.60827204,0.86078968,14,164,1874,39686,PURA
16Spos_tumor / 16Sneg_tumor,0.714534308,1.193955328,5,164,479,39686,PVALB
16Spos_tumor / 16Sneg_tumor,0.298434524,0.777036772,20,164,3267,39686,PVR
16Spos_tumor / 16Sneg_tumor,0.29903413,0.744591551,14,164,2204,39686,PVRIG
16Spos_tumor / 16Sneg_tumor,0.454914293,1.159488651,32,164,2518,39686,PXDN
16Spos_tumor / 16Sneg_tumor,0.087529318,1.433957455,27,164,2565,39686,PXN
16Spos_tumor / 16Sneg_tumor,0.706875496,0.895296234,13,164,2101,39686,PYCARD
16Spos_tumor / 16Sneg_tumor,0.957108788,1.010719679,30,164,4606,39686,PYCR1
16Spos_tumor / 16Sneg_tumor,0.545816985,0.895682416,37,164,5177,39686,PYCR2
16Spos_tumor / 16Sneg_tumor,0.824707153,0.942067004,16,164,1958,39686,PYCR3
16Spos_tumor / 16Sneg_tumor,0.85010351,0.972678608,65,164,10793,39686,PYGB
16Spos_tumor / 16Sneg_tumor,0.788873311,0.881860824,5,164,697,39686,PYGL
16Spos_tumor / 16Sneg_tumor,0.721706168,0.885200637,10,164,1333,39686,PYROXD1
16Spos_tumor / 16Sneg_tumor,0.097217564,1.774871624,11,164,817,39686,PYY
16Spos_tumor / 16Sneg_tumor,0.520214884,1.161822167,23,164,2746,39686,QDPR
16Spos_tumor / 16Sneg_tumor,0.843760997,0.909460154,5,164,678,39686,QRFPR
16Spos_tumor / 16Sneg_tumor,0.501053002,0.894435702,44,164,8985,39686,QSOX1
16Spos_tumor / 16Sneg_tumor,0.10454601,1.487459482,18,164,1458,39686,RAB10
16Spos_tumor / 16Sneg_tumor,0.902446476,1.02247037,36,164,4542,39686,RAB11A
16Spos_tumor / 16Sneg_tumor,0.461780931,0.869670053,32,164,5678,39686,RAB11B
16Spos_tumor / 16Sneg_tumor,0.567151575,1.151612038,20,164,2329,39686,RAB11FIP1
16Spos_tumor / 16Sneg_tumor,0.373832447,1.206571794,27,164,2578,39686,RAB14
16Spos_tumor / 16Sneg_tumor,0.060338303,0.32951553,3,164,1166,39686,RAB18
16Spos_tumor / 16Sneg_tumor,0.996814639,0.998809281,12,164,1497,39686,RAB1A
16Spos_tumor / 16Sneg_tumor,0.626398594,1.106578152,28,164,3409,39686,RAB1B
16Spos_tumor / 16Sneg_tumor,0.870961046,1.035032312,24,164,2812,39686,RAB22A
16Spos_tumor / 16Sneg_tumor,0.246115116,0.708602799,13,164,2807,39686,RAB24
16Spos_tumor / 16Sneg_tumor,0.430809111,0.800918384,15,164,2109,39686,RAB27A
16Spos_tumor / 16Sneg_tumor,0.775030506,0.926574772,16,164,2705,39686,RAB27B
16Spos_tumor / 16Sneg_tumor,0.118796828,1.449046515,23,164,1861,39686,RAB28
16Spos_tumor / 16Sneg_tumor,0.249489594,0.708180103,12,164,1839,39686,RAB2A
16Spos_tumor / 16Sneg_tumor,0.865775217,0.884631835,2,164,289,39686,RAB37
16Spos_tumor / 16Sneg_tumor,0.949450375,0.977903637,9,164,1062,39686,RAB3IP
16Spos_tumor / 16Sneg_tumor,0.251798481,0.726078381,14,164,2352,39686,RAB40B
16Spos_tumor / 16Sneg_tumor,0.678902351,0.893349856,15,164,2275,39686,RAB4A
16Spos_tumor / 16Sneg_tumor,0.365145612,1.249321217,20,164,1651,39686,RAB5A
16Spos_tumor / 16Sneg_tumor,0.921953064,0.981555402,33,164,4057,39686,RAB5B
16Spos_tumor / 16Sneg_tumor,0.657976738,0.920756141,34,164,5381,39686,RAB5C
16Spos_tumor / 16Sneg_tumor,0.118532908,1.417839516,24,164,2438,39686,RAB6A
16Spos_tumor / 16Sneg_tumor,0.552585188,1.133245296,24,164,2607,39686,RAB7A
16Spos_tumor / 16Sneg_tumor,0.851657169,0.951176596,15,164,2005,39686,RAB8A
16Spos_tumor / 16Sneg_tumor,0.180811692,1.339454814,26,164,2366,39686,RABEP1
16Spos_tumor / 16Sneg_tumor,0.161643372,0.816181446,57,164,10658,39686,RAC1
16Spos_tumor / 16Sneg_tumor,0.436992922,0.819678464,17,164,2889,39686,RAC2
16Spos_tumor / 16Sneg_tumor,0.45633593,1.175659305,26,164,2728,39686,RAC3
16Spos_tumor / 16Sneg_tumor,0.448259045,1.09139842,104,164,13198,39686,RACK1
16Spos_tumor / 16Sneg_tumor,0.089272854,1.777267772,10,164,722,39686,RAD1
16Spos_tumor / 16Sneg_tumor,0.972499351,0.993963732,41,164,4602,39686,RAD21
16Spos_tumor / 16Sneg_tumor,0.415618607,1.138607473,46,164,6326,39686,RAD23A
16Spos_tumor / 16Sneg_tumor,0.078044147,1.371688572,38,164,3041,39686,RAD23B
16Spos_tumor / 16Sneg_tumor,0.873341546,0.950287052,11,164,1350,39686,RAD50
16Spos_tumor / 16Sneg_tumor,0.140919845,0.508558172,5,164,1234,39686,RAD51
16Spos_tumor / 16Sneg_tumor,0.393269042,0.711183912,7,164,1056,39686,RAD51C
16Spos_tumor / 16Sneg_tumor,0.558792659,0.866332733,21,164,2491,39686,RAD52
16Spos_tumor / 16Sneg_tumor,0.001665263,1.764060815,49,164,3586,39686,RAD9A
16Spos_tumor / 16Sneg_tumor,0.525441656,1.16335886,21,164,2143,39686,RAE1
16Spos_tumor / 16Sneg_tumor,0.354985314,1.330423278,14,164,1397,39686,RAET1G
16Spos_tumor / 16Sneg_tumor,0.649254734,0.910051607,27,164,3458,39686,RAF1
16Spos_tumor / 16Sneg_tumor,0.988716955,1.007459431,4,164,474,39686,RAG1
16Spos_tumor / 16Sneg_tumor,0.61542526,0.875259602,17,164,2365,39686,RALA
16Spos_tumor / 16Sneg_tumor,0.206035072,1.328232349,22,164,2080,39686,RALGDS
16Spos_tumor / 16Sneg_tumor,0.12558293,1.575187488,14,164,1467,39686,RAMP1
16Spos_tumor / 16Sneg_tumor,0.553663116,0.771451104,6,164,1002,39686,RAMP3
16Spos_tumor / 16Sneg_tumor,0.473021324,0.854502728,24,164,3756,39686,RANGAP1
16Spos_tumor / 16Sneg_tumor,0.253239859,1.260411211,28,164,2516,39686,RAP1A
16Spos_tumor / 16Sneg_tumor,0.224121242,0.653320591,9,164,1442,39686,RAP1B
16Spos_tumor / 16Sneg_tumor,0.906754734,1.046011348,8,164,1039,39686,RAP1GAP
16Spos_tumor / 16Sneg_tumor,0.016431968,1.758409528,21,164,2011,39686,RAP2B
16Spos_tumor / 16Sneg_tumor,0.227027356,0.639349077,8,164,1756,39686,RAP2C
16Spos_tumor / 16Sneg_tumor,0.451062758,0.760109995,9,164,1421,39686,RAPGEF2
16Spos_tumor / 16Sneg_tumor,0.384708558,1.327434408,11,164,1147,39686,RAPGEF3
16Spos_tumor / 16Sneg_tumor,0.377856638,1.389697747,8,164,786,39686,RAPGEF4
16Spos_tumor / 16Sneg_tumor,0.345468101,1.383350453,9,164,926,39686,RAPGEF5
16Spos_tumor / 16Sneg_tumor,0.348201572,0.717612103,9,164,1798,39686,RARA
16Spos_tumor / 16Sneg_tumor,0.197556112,0.464049184,3,164,836,39686,RARB
16Spos_tumor / 16Sneg_tumor,0.209836486,0.604933849,7,164,1588,39686,RARG
16Spos_tumor / 16Sneg_tumor,0.708524094,0.884370651,12,164,1517,39686,RARRES1
16Spos_tumor / 16Sneg_tumor,0.594123064,0.726522489,3,164,516,39686,RASA1
16Spos_tumor / 16Sneg_tumor,0.366017221,0.698238542,7,164,1070,39686,RASA2
16Spos_tumor / 16Sneg_tumor,0.156050303,1.233330948,68,164,6022,39686,RASA4
16Spos_tumor / 16Sneg_tumor,0.367239587,1.370848545,10,164,984,39686,RASAL1
16Spos_tumor / 16Sneg_tumor,0.046842726,1.673536596,18,164,1172,39686,RASAL2
16Spos_tumor / 16Sneg_tumor,0.92766167,1.049440213,4,164,516,39686,RASAL3
16Spos_tumor / 16Sneg_tumor,0.41826104,1.225829777,24,164,2252,39686,RASD1
16Spos_tumor / 16Sneg_tumor,0.768984849,1.140368359,6,164,700,39686,RASGRF1
16Spos_tumor / 16Sneg_tumor,0.067506182,1.835462752,11,164,862,39686,RASGRF2
16Spos_tumor / 16Sneg_tumor,0.782821585,0.887384893,6,164,882,39686,RASGRP1
16Spos_tumor / 16Sneg_tumor,0.344957617,1.393950254,11,164,1022,39686,RASGRP3
16Spos_tumor / 16Sneg_tumor,0.530189926,0.726690118,4,164,658,39686,RASGRP4
16Spos_tumor / 16Sneg_tumor,0.700498985,0.843610508,6,164,885,39686,RASIP1
16Spos_tumor / 16Sneg_tumor,0.436777121,1.231619352,18,164,1800,39686,RASSF5
16Spos_tumor / 16Sneg_tumor,0.245212926,0.576724253,5,164,1229,39686,RASSF6
16Spos_tumor / 16Sneg_tumor,0.412792745,1.26311766,15,164,1535,39686,RB1
16Spos_tumor / 16Sneg_tumor,0.41133551,1.165189552,36,164,3058,39686,RB1CC1
16Spos_tumor / 16Sneg_tumor,0.602303902,0.873380373,17,164,1951,39686,RBBP4
16Spos_tumor / 16Sneg_tumor,0.589140192,0.835297432,10,164,1442,39686,RBBP5
16Spos_tumor / 16Sneg_tumor,0.726609511,1.091764675,20,164,1539,39686,RBBP6
16Spos_tumor / 16Sneg_tumor,0.956224365,0.986349084,17,164,1653,39686,RBBP7
16Spos_tumor / 16Sneg_tumor,0.517826113,1.121795249,47,164,3479,39686,RBBP8
16Spos_tumor / 16Sneg_tumor,0.143616541,1.247688949,56,164,8205,39686,RBCK1
16Spos_tumor / 16Sneg_tumor,0.731413918,0.870692139,7,164,1057,39686,RBFOX3
16Spos_tumor / 16Sneg_tumor,0.114929303,1.45408836,24,164,1957,39686,RBL1
16Spos_tumor / 16Sneg_tumor,0.882528875,1.034742453,22,164,2584,39686,RBL2
16Spos_tumor / 16Sneg_tumor,0.070914918,1.6236056,18,164,1192,39686,RBM12B
16Spos_tumor / 16Sneg_tumor,0.134155974,1.554816393,14,164,1151,39686,RBM14
16Spos_tumor / 16Sneg_tumor,0.899348836,1.018653105,64,164,5277,39686,RBM17
16Spos_tumor / 16Sneg_tumor,0.468181754,1.237657268,13,164,1348,39686,RBM22
16Spos_tumor / 16Sneg_tumor,0.282333632,1.264682343,25,164,1928,39686,RBM25
16Spos_tumor / 16Sneg_tumor,0.732507967,0.945981413,49,164,6666,39686,RBM4
16Spos_tumor / 16Sneg_tumor,0.287969797,1.253224721,26,164,3027,39686,RBM47
16Spos_tumor / 16Sneg_tumor,0.215649176,1.282175931,30,164,2323,39686,RBM5
16Spos_tumor / 16Sneg_tumor,0.120748541,1.251912709,57,164,5932,39686,RBM8A
16Spos_tumor / 16Sneg_tumor,0.261498307,0.661390961,8,164,1321,39686,RBMS1
16Spos_tumor / 16Sneg_tumor,0.886868189,0.974831805,38,164,4997,39686,RBMX
16Spos_tumor / 16Sneg_tumor,0.98918316,4.43E-08,0,164,738,39686,RBP4
16Spos_tumor / 16Sneg_tumor,0.33432682,0.730567229,11,164,1917,39686,RBPJ
16Spos_tumor / 16Sneg_tumor,0.921439351,0.974504684,18,164,2273,39686,RBSN
16Spos_tumor / 16Sneg_tumor,0.037218194,0.584667862,16,164,3794,39686,RBX1
16Spos_tumor / 16Sneg_tumor,0.710577496,1.14089472,10,164,914,39686,RCAN2
16Spos_tumor / 16Sneg_tumor,0.963919665,1.012698875,16,164,1736,39686,RCC1
16Spos_tumor / 16Sneg_tumor,0.472610062,1.126373826,46,164,5185,39686,RCC2
16Spos_tumor / 16Sneg_tumor,0.629154644,1.177319546,10,164,1012,39686,RCHY1
16Spos_tumor / 16Sneg_tumor,0.808982702,0.94337353,21,164,2492,39686,RCOR1
16Spos_tumor / 16Sneg_tumor,0.140043641,1.289922075,44,164,4493,39686,RDH11
16Spos_tumor / 16Sneg_tumor,0.083537407,0.528285391,8,164,1906,39686,RDH14
16Spos_tumor / 16Sneg_tumor,0.799743137,0.931041853,16,164,1664,39686,REC8
16Spos_tumor / 16Sneg_tumor,0.850842583,0.908081547,4,164,535,39686,RECQL
16Spos_tumor / 16Sneg_tumor,0.950188572,1.016634122,16,164,2023,39686,REEP5
16Spos_tumor / 16Sneg_tumor,0.934171988,0.968671314,8,164,1054,39686,REL
16Spos_tumor / 16Sneg_tumor,0.297667898,0.774120489,18,164,3236,39686,RELA
16Spos_tumor / 16Sneg_tumor,0.857839324,0.931456338,7,164,1000,39686,RELB
16Spos_tumor / 16Sneg_tumor,0.802234237,0.922635152,13,164,1012,39686,RELN
16Spos_tumor / 16Sneg_tumor,0.979433053,0.991336067,10,164,1440,39686,RELT
16Spos_tumor / 16Sneg_tumor,0.401428584,0.708725161,7,164,1207,39686,REN
16Spos_tumor / 16Sneg_tumor,0.679008342,0.916370528,30,164,3793,39686,REPS1
16Spos_tumor / 16Sneg_tumor,0.273768108,0.653846009,8,164,1180,39686,REPS2
16Spos_tumor / 16Sneg_tumor,0.764659683,1.041018416,75,164,7548,39686,RERE
16Spos_tumor / 16Sneg_tumor,0.657428363,1.132199589,14,164,1381,39686,REST
16Spos_tumor / 16Sneg_tumor,0.818094693,1.117696371,5,164,546,39686,RET
16Spos_tumor / 16Sneg_tumor,0.516343278,0.753237053,6,164,1111,39686,RETN
16Spos_tumor / 16Sneg_tumor,0.237816778,1.324553642,23,164,1919,39686,REV3L
16Spos_tumor / 16Sneg_tumor,0.665176486,0.887569885,15,164,2056,39686,RFC1
16Spos_tumor / 16Sneg_tumor,0.512140653,1.166503834,21,164,2075,39686,RFC2
16Spos_tumor / 16Sneg_tumor,0.898742467,0.952099163,8,164,1003,39686,RFC3
16Spos_tumor / 16Sneg_tumor,0.738805597,0.900765215,12,164,1512,39686,RFC4
16Spos_tumor / 16Sneg_tumor,0.03649178,1.55188964,35,164,2230,39686,RFC5
16Spos_tumor / 16Sneg_tumor,0.125382558,0.605741678,11,164,2242,39686,RFX1
16Spos_tumor / 16Sneg_tumor,0.735302218,0.854514067,5,164,774,39686,RFX2
16Spos_tumor / 16Sneg_tumor,0.147980874,0.508284688,5,164,981,39686,RFX3
16Spos_tumor / 16Sneg_tumor,0.761672354,1.11208406,9,164,980,39686,RFX5
16Spos_tumor / 16Sneg_tumor,0.111756324,0.651679753,15,164,2824,39686,RFXANK
16Spos_tumor / 16Sneg_tumor,0.981979884,0.991230715,7,164,840,39686,RGMB
16Spos_tumor / 16Sneg_tumor,0.080363342,0.439130969,5,164,916,39686,RGN
16Spos_tumor / 16Sneg_tumor,0.607265923,1.108889132,31,164,2915,39686,RGPD5
16Spos_tumor / 16Sneg_tumor,0.697338399,0.899469081,15,164,1966,39686,RGS12
16Spos_tumor / 16Sneg_tumor,0.661557951,0.758681319,3,164,488,39686,RGS13
16Spos_tumor / 16Sneg_tumor,0.512025254,1.326431361,6,164,671,39686,RGS14
16Spos_tumor / 16Sneg_tumor,0.183047599,1.538948337,12,164,1027,39686,RGS16
16Spos_tumor / 16Sneg_tumor,0.187937306,1.322972419,34,164,3383,39686,RGS2
16Spos_tumor / 16Sneg_tumor,0.235488549,0.659566562,9,164,1684,39686,RGS4
16Spos_tumor / 16Sneg_tumor,0.556939159,0.784087108,7,164,1182,39686,RGS6
16Spos_tumor / 16Sneg_tumor,0.620587015,1.268017243,5,164,502,39686,RGS7
16Spos_tumor / 16Sneg_tumor,0.884824292,1.045025381,13,164,1476,39686,RHBDD1
16Spos_tumor / 16Sneg_tumor,0.377729693,0.818101516,22,164,3088,39686,RHBDD2
16Spos_tumor / 16Sneg_tumor,0.244627526,1.238002846,35,164,3432,39686,RHEB
16Spos_tumor / 16Sneg_tumor,0.263804851,0.687519083,10,164,1775,39686,RHNO1
16Spos_tumor / 16Sneg_tumor,0.210160106,1.688546917,7,164,561,39686,RHO
16Spos_tumor / 16Sneg_tumor,0.414384709,0.87602937,49,164,6276,39686,RHOA
16Spos_tumor / 16Sneg_tumor,0.107075638,0.746557551,46,164,8376,39686,RHOB
16Spos_tumor / 16Sneg_tumor,0.444105747,0.632487347,3,164,673,39686,RHOBTB1
16Spos_tumor / 16Sneg_tumor,0.830258389,0.89396086,4,164,616,39686,RHOBTB3
16Spos_tumor / 16Sneg_tumor,0.688431275,0.948554271,71,164,8764,39686,RHOC
16Spos_tumor / 16Sneg_tumor,0.713878038,1.107150269,15,164,1964,39686,RHOF
16Spos_tumor / 16Sneg_tumor,0.796059176,1.080588896,14,164,1713,39686,RHOH
16Spos_tumor / 16Sneg_tumor,0.682983622,0.888702809,14,164,1973,39686,RHOQ
16Spos_tumor / 16Sneg_tumor,0.650544229,0.810137407,5,164,738,39686,RICTOR
16Spos_tumor / 16Sneg_tumor,0.107020848,1.536025288,17,164,1179,39686,RIF1
16Spos_tumor / 16Sneg_tumor,0.631645769,1.156174203,13,164,1429,39686,RILP
16Spos_tumor / 16Sneg_tumor,0.786468911,1.082518934,14,164,1610,39686,RIMKLA
16Spos_tumor / 16Sneg_tumor,0.041616463,1.553942258,26,164,1649,39686,RIMKLB
16Spos_tumor / 16Sneg_tumor,0.945283962,1.050889615,2,164,247,39686,RIMS1
16Spos_tumor / 16Sneg_tumor,0.07532254,1.657719894,15,164,1001,39686,RIMS2
16Spos_tumor / 16Sneg_tumor,0.51691798,1.201284273,15,164,1688,39686,RIN1
16Spos_tumor / 16Sneg_tumor,0.454989948,1.144506607,35,164,3388,39686,RING1
16Spos_tumor / 16Sneg_tumor,0.163999867,0.664890061,13,164,1942,39686,RIOK3
16Spos_tumor / 16Sneg_tumor,0.296964284,1.3421915,16,164,1466,39686,RIPK1
16Spos_tumor / 16Sneg_tumor,0.67507224,0.779238554,3,164,532,39686,RIPK2
16Spos_tumor / 16Sneg_tumor,0.447385586,1.320970715,9,164,905,39686,RIPK3
16Spos_tumor / 16Sneg_tumor,0.238124828,0.541966348,4,164,937,39686,RIT2
16Spos_tumor / 16Sneg_tumor,0.295825976,1.358391147,14,164,1130,39686,RLF
16Spos_tumor / 16Sneg_tumor,0.595821242,0.884092933,23,164,2715,39686,RLIM
16Spos_tumor / 16Sneg_tumor,0.117609199,0.392032303,3,164,958,39686,RLN3
16Spos_tumor / 16Sneg_tumor,0.683477489,1.111442505,17,164,1687,39686,RNF111
16Spos_tumor / 16Sneg_tumor,0.840009604,0.963038407,34,164,4382,39686,RNF114
16Spos_tumor / 16Sneg_tumor,0.339611175,0.778591946,17,164,2586,39686,RNF115
16Spos_tumor / 16Sneg_tumor,0.172812474,1.43199772,17,164,1806,39686,RNF121
16Spos_tumor / 16Sneg_tumor,0.881404049,1.046432776,12,164,1387,39686,RNF123
16Spos_tumor / 16Sneg_tumor,0.898165412,1.056324984,8,164,594,39686,RNF125
16Spos_tumor / 16Sneg_tumor,0.410697407,0.87085952,43,164,7215,39686,RNF126
16Spos_tumor / 16Sneg_tumor,0.64904586,1.15993207,11,164,1227,39686,RNF135
16Spos_tumor / 16Sneg_tumor,0.773734386,1.085319697,16,164,1501,39686,RNF138
16Spos_tumor / 16Sneg_tumor,0.614349188,0.852611894,11,164,1484,39686,RNF14
16Spos_tumor / 16Sneg_tumor,0.441433584,1.31253334,9,164,824,39686,RNF144A
16Spos_tumor / 16Sneg_tumor,0.804070059,0.936528351,18,164,2216,39686,RNF144B
16Spos_tumor / 16Sneg_tumor,0.794948621,0.92324976,12,164,1481,39686,RNF168
16Spos_tumor / 16Sneg_tumor,0.330987931,1.467559236,8,164,670,39686,RNF175
16Spos_tumor / 16Sneg_tumor,0.759771266,1.081212482,19,164,2018,39686,RNF185
16Spos_tumor / 16Sneg_tumor,0.196595157,0.743147974,23,164,3031,39686,RNF19A
16Spos_tumor / 16Sneg_tumor,0.782661612,1.085997223,13,164,1225,39686,RNF19B
16Spos_tumor / 16Sneg_tumor,0.138091388,1.587006121,12,164,943,39686,RNF2
16Spos_tumor / 16Sneg_tumor,0.72715728,0.896057228,12,164,1624,39686,RNF214
16Spos_tumor / 16Sneg_tumor,0.419079193,1.224314465,19,164,2358,39686,RNF216
16Spos_tumor / 16Sneg_tumor,0.534525251,1.222294199,12,164,1001,39686,RNF217
16Spos_tumor / 16Sneg_tumor,0.48513323,0.876467598,33,164,4350,39686,RNF220
16Spos_tumor / 16Sneg_tumor,0.127363316,1.487881788,18,164,1507,39686,RNF25
16Spos_tumor / 16Sneg_tumor,0.284252377,1.322077905,17,164,1469,39686,RNF31
16Spos_tumor / 16Sneg_tumor,0.091416269,0.648971855,17,164,3088,39686,RNF34
16Spos_tumor / 16Sneg_tumor,0.938630661,0.984781467,28,164,3245,39686,RNF4
16Spos_tumor / 16Sneg_tumor,0.009490388,1.70670205,30,164,2208,39686,RNF41
16Spos_tumor / 16Sneg_tumor,0.238806101,1.33419259,22,164,1643,39686,RNF43
16Spos_tumor / 16Sneg_tumor,0.186118693,0.573914659,6,164,1359,39686,RNF5
16Spos_tumor / 16Sneg_tumor,0.665255086,0.875594044,13,164,1836,39686,RNF6
16Spos_tumor / 16Sneg_tumor,0.488742722,0.904654477,64,164,9126,39686,RNF7
16Spos_tumor / 16Sneg_tumor,0.293937234,0.655527931,7,164,1572,39686,RNF8
16Spos_tumor / 16Sneg_tumor,0.685755956,0.896310494,17,164,2247,39686,RNGTT
16Spos_tumor / 16Sneg_tumor,0.6086351,0.75960812,4,164,629,39686,RNLS
16Spos_tumor / 16Sneg_tumor,0.046459779,1.767085377,15,164,900,39686,ROBO1
16Spos_tumor / 16Sneg_tumor,0.374209312,0.584674656,3,164,657,39686,ROBO2
16Spos_tumor / 16Sneg_tumor,0.347770918,1.476923952,7,164,608,39686,ROBO4
16Spos_tumor / 16Sneg_tumor,0.292856568,0.662186714,7,164,1220,39686,ROCK1
16Spos_tumor / 16Sneg_tumor,0.079905024,1.54089191,19,164,1438,39686,ROCK2
16Spos_tumor / 16Sneg_tumor,0.787894077,0.964510692,68,164,9793,39686,ROMO1
16Spos_tumor / 16Sneg_tumor,0.928031399,0.971190286,11,164,1459,39686,ROPN1
16Spos_tumor / 16Sneg_tumor,0.434866156,1.273563562,13,164,1140,39686,ROR1
16Spos_tumor / 16Sneg_tumor,0.496841079,0.664702327,3,164,560,39686,ROR2
16Spos_tumor / 16Sneg_tumor,0.864253479,1.064066017,9,164,1102,39686,RORC
16Spos_tumor / 16Sneg_tumor,0.056762311,0.327340407,3,164,1198,39686,RP9
16Spos_tumor / 16Sneg_tumor,0.367156717,1.240580094,21,164,2099,39686,RPA1
16Spos_tumor / 16Sneg_tumor,0.051220601,0.316346107,3,164,1000,39686,RPA2
16Spos_tumor / 16Sneg_tumor,0.986531599,0.99479508,12,164,1918,39686,RPA3
16Spos_tumor / 16Sneg_tumor,0.883445667,0.96954961,27,164,3615,39686,RPAIN
16Spos_tumor / 16Sneg_tumor,0.908287954,0.963968557,11,164,1588,39686,RPIA
16Spos_tumor / 16Sneg_tumor,0.995760924,0.999226397,55,164,6143,39686,RPN1
16Spos_tumor / 16Sneg_tumor,0.779613834,0.961697705,63,164,9140,39686,RPN2
16Spos_tumor / 16Sneg_tumor,0.059423892,1.325241587,69,164,4445,39686,RPTOR
16Spos_tumor / 16Sneg_tumor,0.709412515,0.871569536,10,164,1482,39686,RRAD
16Spos_tumor / 16Sneg_tumor,0.563475237,0.857642938,15,164,1743,39686,RRAGA
16Spos_tumor / 16Sneg_tumor,0.362985128,0.761039431,13,164,1857,39686,RRAGC
16Spos_tumor / 16Sneg_tumor,0.197549371,0.396135416,2,164,739,39686,RRAS
16Spos_tumor / 16Sneg_tumor,0.453843979,0.808124994,15,164,1952,39686,RRAS2
16Spos_tumor / 16Sneg_tumor,0.9626541,1.006369908,67,164,9226,39686,RRBP1
16Spos_tumor / 16Sneg_tumor,0.727241647,0.912031798,21,164,2490,39686,RRM2
16Spos_tumor / 16Sneg_tumor,0.224334898,0.419086026,2,164,657,39686,RRM2B
16Spos_tumor / 16Sneg_tumor,0.809220753,0.928171004,12,164,1601,39686,RSF1
16Spos_tumor / 16Sneg_tumor,0.365608396,1.292337389,16,164,1258,39686,RSPO1
16Spos_tumor / 16Sneg_tumor,0.476682429,0.651049044,3,164,611,39686,RSPO2
16Spos_tumor / 16Sneg_tumor,0.491742219,0.662374451,3,164,559,39686,RSPO3
16Spos_tumor / 16Sneg_tumor,0.518260735,0.728114049,5,164,833,39686,RTN1
16Spos_tumor / 16Sneg_tumor,0.242461182,0.633690973,7,164,1412,39686,RTN3
16Spos_tumor / 16Sneg_tumor,0.106218172,1.248831787,70,164,7692,39686,RTN4
16Spos_tumor / 16Sneg_tumor,0.698800515,1.132051499,12,164,1355,39686,RTN4R
16Spos_tumor / 16Sneg_tumor,0.325079569,1.498337173,8,164,645,39686,RTN4RL1
16Spos_tumor / 16Sneg_tumor,0.553060713,1.175827912,15,164,1591,39686,RUBCN
16Spos_tumor / 16Sneg_tumor,0.070529103,0.53128791,9,164,1988,39686,RUFY1
16Spos_tumor / 16Sneg_tumor,0.366150122,1.16605882,51,164,4929,39686,RUNX1
16Spos_tumor / 16Sneg_tumor,0.677496279,0.845547966,7,164,989,39686,RUNX1T1
16Spos_tumor / 16Sneg_tumor,0.138140409,1.423906424,25,164,2169,39686,RUNX3
16Spos_tumor / 16Sneg_tumor,0.498522179,0.722562799,5,164,760,39686,RUSC2
16Spos_tumor / 16Sneg_tumor,0.434518823,1.224916675,16,164,1557,39686,RUVBL1
16Spos_tumor / 16Sneg_tumor,0.404411847,1.177791971,30,164,3458,39686,RUVBL2
16Spos_tumor / 16Sneg_tumor,0.832142681,0.95548547,25,164,3371,39686,RWDD1
16Spos_tumor / 16Sneg_tumor,0.976015507,1.014707587,5,164,604,39686,RXFP4
16Spos_tumor / 16Sneg_tumor,0.492484235,1.184233384,20,164,2575,39686,RXRA
16Spos_tumor / 16Sneg_tumor,0.249601364,1.262448358,28,164,2423,39686,RXRB
16Spos_tumor / 16Sneg_tumor,0.792465372,1.118689478,6,164,701,39686,RXRG
16Spos_tumor / 16Sneg_tumor,0.603905084,1.215552981,8,164,832,39686,RYBP
16Spos_tumor / 16Sneg_tumor,0.121962466,1.484607136,18,164,1566,39686,RYK
16Spos_tumor / 16Sneg_tumor,0.25538402,0.554449239,4,164,884,39686,RYR2
16Spos_tumor / 16Sneg_tumor,0.326157197,0.37019779,1,164,352,39686,RYR3
16Spos_tumor / 16Sneg_tumor,0.676895781,0.86368037,10,164,1159,39686,S100A1
16Spos_tumor / 16Sneg_tumor,0.690095636,0.944768577,84,164,11504,39686,S100A10
16Spos_tumor / 16Sneg_tumor,0.330482998,1.430131436,10,164,929,39686,S100A12
16Spos_tumor / 16Sneg_tumor,0.764180263,0.967175317,194,164,26958,39686,S100A14
16Spos_tumor / 16Sneg_tumor,0.451146245,0.918165673,117,164,16268,39686,S100A16
16Spos_tumor / 16Sneg_tumor,0.708363622,1.142116895,11,164,1387,39686,S100A2
16Spos_tumor / 16Sneg_tumor,0.47884437,0.934748478,441,164,86057,39686,S100A6
16Spos_tumor / 16Sneg_tumor,0.849764619,0.912746132,5,164,685,39686,S100A7
16Spos_tumor / 16Sneg_tumor,0.358255446,1.484728701,7,164,560,39686,S100B
16Spos_tumor / 16Sneg_tumor,0.615018101,1.08955974,70,164,15256,39686,S100P
16Spos_tumor / 16Sneg_tumor,0.629480784,1.181875151,11,164,1163,39686,S1PR4
16Spos_tumor / 16Sneg_tumor,0.010234727,0.305819577,5,164,1535,39686,SACM1L
16Spos_tumor / 16Sneg_tumor,0.253882652,1.340893392,17,164,1779,39686,SAE1
16Spos_tumor / 16Sneg_tumor,0.040061293,1.942096367,12,164,823,39686,SALL1
16Spos_tumor / 16Sneg_tumor,0.44025329,1.369024402,7,164,676,39686,SALL3
16Spos_tumor / 16Sneg_tumor,0.309718251,0.615739638,5,164,1065,39686,SALL4
16Spos_tumor / 16Sneg_tumor,0.971264495,0.993614965,41,164,5645,39686,SAMD1
16Spos_tumor / 16Sneg_tumor,0.43715259,1.350040216,8,164,796,39686,SAMD4A
16Spos_tumor / 16Sneg_tumor,0.000439847,2.270523851,24,164,1290,39686,SAMD8
16Spos_tumor / 16Sneg_tumor,0.035159545,0.376906465,5,164,1279,39686,SAMD9
16Spos_tumor / 16Sneg_tumor,0.116741644,0.542145703,7,164,1493,39686,SAP130
16Spos_tumor / 16Sneg_tumor,0.848960633,1.03764797,33,164,3672,39686,SAR1A
16Spos_tumor / 16Sneg_tumor,0.424551005,0.730368993,7,164,1219,39686,SAR1B
16Spos_tumor / 16Sneg_tumor,0.992670287,0.997963014,23,164,2925,39686,SART1
16Spos_tumor / 16Sneg_tumor,0.197768313,1.426082552,15,164,1467,39686,SASH1
16Spos_tumor / 16Sneg_tumor,0.180176579,0.667884311,12,164,2324,39686,SAV1
16Spos_tumor / 16Sneg_tumor,0.140447152,1.623171605,11,164,829,39686,SBF2
16Spos_tumor / 16Sneg_tumor,0.521363173,0.880189643,29,164,4492,39686,SBNO2
16Spos_tumor / 16Sneg_tumor,0.276952804,0.520108939,3,164,649,39686,SC5D
16Spos_tumor / 16Sneg_tumor,0.785567693,0.925784692,14,164,1871,39686,SCAMP1
16Spos_tumor / 16Sneg_tumor,0.438627338,1.246147756,15,164,1525,39686,SCAMP5
16Spos_tumor / 16Sneg_tumor,0.233057832,0.706822311,13,164,2402,39686,SCAP
16Spos_tumor / 16Sneg_tumor,0.537101648,0.535491973,1,164,255,39686,SCARA5
16Spos_tumor / 16Sneg_tumor,0.275090189,1.302835127,21,164,2241,39686,SCARB1
16Spos_tumor / 16Sneg_tumor,0.069712362,0.631884725,17,164,2824,39686,SCARB2
16Spos_tumor / 16Sneg_tumor,0.635879305,1.138147688,15,164,1435,39686,SCCPDH
16Spos_tumor / 16Sneg_tumor,0.516185399,1.155864703,30,164,3360,39686,SCD
16Spos_tumor / 16Sneg_tumor,0.524474343,0.821068792,12,164,1939,39686,SCD5
16Spos_tumor / 16Sneg_tumor,0.835566301,0.912545267,6,164,884,39686,SCG2
16Spos_tumor / 16Sneg_tumor,0.124047903,0.21072814,1,164,784,39686,SCG5
16Spos_tumor / 16Sneg_tumor,0.189290241,1.427737353,60,164,3604,39686,SCGB1A1
16Spos_tumor / 16Sneg_tumor,0.72893517,1.114751696,13,164,1301,39686,SCGB2A1
16Spos_tumor / 16Sneg_tumor,0.642852878,0.777739885,4,164,678,39686,SCGB2A2
16Spos_tumor / 16Sneg_tumor,0.364965708,1.342287084,15,164,1240,39686,SCGB3A1
16Spos_tumor / 16Sneg_tumor,0.569943343,1.262509215,7,164,710,39686,SCN2A
16Spos_tumor / 16Sneg_tumor,0.691714686,0.785197672,3,164,466,39686,SCN5A
16Spos_tumor / 16Sneg_tumor,0.814083952,1.079196508,11,164,1262,39686,SCN8A
16Spos_tumor / 16Sneg_tumor,0.90073784,1.017750383,64,164,7696,39686,SCP2
16Spos_tumor / 16Sneg_tumor,0.400245168,0.845960845,30,164,4802,39686,SCRIB
16Spos_tumor / 16Sneg_tumor,0.358117683,0.649785057,5,164,860,39686,SCUBE2
16Spos_tumor / 16Sneg_tumor,0.162098886,0.863187181,140,164,21381,39686,SDC1
16Spos_tumor / 16Sneg_tumor,0.382980086,0.845745154,33,164,4097,39686,SDCBP
16Spos_tumor / 16Sneg_tumor,0.230915992,1.315709778,23,164,1956,39686,SDCCAG8
16Spos_tumor / 16Sneg_tumor,0.189752613,0.722617475,19,164,3342,39686,SDF2L1
16Spos_tumor / 16Sneg_tumor,0.479420629,1.094708073,84,164,10363,39686,SDHA
16Spos_tumor / 16Sneg_tumor,0.716368543,1.12328238,11,164,1227,39686,SDHAF2
16Spos_tumor / 16Sneg_tumor,0.080305182,1.492267432,22,164,1856,39686,SDHB
16Spos_tumor / 16Sneg_tumor,0.958686369,1.009119251,37,164,4859,39686,SDHC
16Spos_tumor / 16Sneg_tumor,0.997994985,0.999178883,10,164,1217,39686,SDHD
16Spos_tumor / 16Sneg_tumor,0.991762722,1.00765747,2,164,252,39686,SDK1
16Spos_tumor / 16Sneg_tumor,0.616331105,1.218749325,8,164,830,39686,SDS
16Spos_tumor / 16Sneg_tumor,0.853285932,0.960581357,25,164,2935,39686,SEC11A
16Spos_tumor / 16Sneg_tumor,0.273407476,0.744714885,16,164,2568,39686,SEC11C
16Spos_tumor / 16Sneg_tumor,0.56821584,0.924844369,63,164,8402,39686,SEC13
16Spos_tumor / 16Sneg_tumor,0.674304419,0.90790056,21,164,2844,39686,SEC22B
16Spos_tumor / 16Sneg_tumor,0.393833986,1.186894781,33,164,3367,39686,SEC23A
16Spos_tumor / 16Sneg_tumor,0.313492306,0.762085703,15,164,2966,39686,SEC23B
16Spos_tumor / 16Sneg_tumor,0.744640276,1.080335772,22,164,2463,39686,SEC24A
16Spos_tumor / 16Sneg_tumor,0.082139111,0.445962572,5,164,1298,39686,SEC24B
16Spos_tumor / 16Sneg_tumor,0.11199129,0.606494419,11,164,2307,39686,SEC24C
16Spos_tumor / 16Sneg_tumor,0.944050949,0.978536745,12,164,1568,39686,SEC24D
16Spos_tumor / 16Sneg_tumor,0.167371831,0.743479764,25,164,3744,39686,SEC31A
16Spos_tumor / 16Sneg_tumor,0.537710898,1.094777812,61,164,6864,39686,SEC61A1
16Spos_tumor / 16Sneg_tumor,0.74004896,0.906089869,14,164,1436,39686,SEC61A2
16Spos_tumor / 16Sneg_tumor,0.998873553,0.999853805,153,164,18590,39686,SEC61G
16Spos_tumor / 16Sneg_tumor,0.101263426,1.289308032,54,164,4916,39686,SEC63
16Spos_tumor / 16Sneg_tumor,0.21770451,0.708373076,14,164,2827,39686,SEH1L
16Spos_tumor / 16Sneg_tumor,0.945388227,1.015609683,24,164,3430,39686,SEL1L
16Spos_tumor / 16Sneg_tumor,0.982135365,0.991756478,8,164,1130,39686,SELE
16Spos_tumor / 16Sneg_tumor,0.5024099,0.865735481,26,164,3722,39686,SELENBP1
16Spos_tumor / 16Sneg_tumor,0.088853775,1.395687332,34,164,3077,39686,SELENOI
16Spos_tumor / 16Sneg_tumor,0.507055073,1.22265729,12,164,1046,39686,SELENOK
16Spos_tumor / 16Sneg_tumor,0.19027541,0.81071666,47,164,7662,39686,SELENOS
16Spos_tumor / 16Sneg_tumor,0.748622233,0.95458603,69,164,12464,39686,SELENOW
16Spos_tumor / 16Sneg_tumor,0.842292145,1.077117486,8,164,907,39686,SELL
16Spos_tumor / 16Sneg_tumor,0.524542975,0.904427322,49,164,6059,39686,SEM1
16Spos_tumor / 16Sneg_tumor,0.981695752,0.990056428,6,164,760,39686,SEMA3A
16Spos_tumor / 16Sneg_tumor,0.587216112,1.183653504,12,164,1343,39686,SEMA3C
16Spos_tumor / 16Sneg_tumor,0.078847968,1.633314313,16,164,1303,39686,SEMA3E
16Spos_tumor / 16Sneg_tumor,0.974355744,0.991901884,19,164,2679,39686,SEMA4B
16Spos_tumor / 16Sneg_tumor,0.314651535,1.265384426,20,164,1942,39686,SEMA4D
16Spos_tumor / 16Sneg_tumor,0.630998167,0.811723477,6,164,886,39686,SEMA5A
16Spos_tumor / 16Sneg_tumor,0.336015666,0.637875707,5,164,926,39686,SEMA6A
16Spos_tumor / 16Sneg_tumor,0.820915515,1.10026769,7,164,695,39686,SEMA6D
16Spos_tumor / 16Sneg_tumor,0.067999656,2.65924078,4,164,196,39686,SEMG1
16Spos_tumor / 16Sneg_tumor,0.695762323,0.894158155,14,164,1869,39686,SENP2
16Spos_tumor / 16Sneg_tumor,0.564624137,1.158778937,18,164,1613,39686,SENP7
16Spos_tumor / 16Sneg_tumor,0.899424228,0.972419224,24,164,2689,39686,SERINC1
16Spos_tumor / 16Sneg_tumor,0.66453943,0.872930765,11,164,1813,39686,SERINC2
16Spos_tumor / 16Sneg_tumor,0.278267768,0.729963616,13,164,2260,39686,SERINC3
16Spos_tumor / 16Sneg_tumor,0.629393855,0.892805699,22,164,2914,39686,SERINC5
16Spos_tumor / 16Sneg_tumor,0.974162719,1.010035665,12,164,1504,39686,SERP2
16Spos_tumor / 16Sneg_tumor,0.66349776,0.893485347,25,164,9189,39686,SERPINA1
16Spos_tumor / 16Sneg_tumor,0.284161467,0.627586068,7,164,3338,39686,SERPINA3
16Spos_tumor / 16Sneg_tumor,0.628666128,1.109092217,26,164,3210,39686,SERPINB1
16Spos_tumor / 16Sneg_tumor,0.995239311,1.002610229,6,164,755,39686,SERPINB2
16Spos_tumor / 16Sneg_tumor,0.361565649,0.782483524,16,164,2420,39686,SERPINB5
16Spos_tumor / 16Sneg_tumor,0.877617089,0.9736669,40,164,5102,39686,SERPINB6
16Spos_tumor / 16Sneg_tumor,0.15912535,0.632779694,11,164,2033,39686,SERPINB8
16Spos_tumor / 16Sneg_tumor,0.678765423,0.867062316,9,164,1299,39686,SERPINC1
16Spos_tumor / 16Sneg_tumor,0.824911386,1.087797401,8,164,932,39686,SERPINE2
16Spos_tumor / 16Sneg_tumor,0.385275024,0.859522581,45,164,7412,39686,SERPINH1
16Spos_tumor / 16Sneg_tumor,0.396623294,0.689661096,6,164,1138,39686,SERPINI1
16Spos_tumor / 16Sneg_tumor,0.250264992,0.585763883,5,164,1017,39686,SESN1
16Spos_tumor / 16Sneg_tumor,0.03646874,2.068926583,9,164,507,39686,SESN2
16Spos_tumor / 16Sneg_tumor,0.280120725,1.435215841,11,164,974,39686,SESN3
16Spos_tumor / 16Sneg_tumor,0.625264003,0.869019612,14,164,2182,39686,SESTD1
16Spos_tumor / 16Sneg_tumor,0.53307714,1.130891736,28,164,3489,39686,SETBP1
16Spos_tumor / 16Sneg_tumor,0.061829179,1.809292537,11,164,593,39686,SETD2
16Spos_tumor / 16Sneg_tumor,0.903284283,1.028220969,23,164,2535,39686,SETD3
16Spos_tumor / 16Sneg_tumor,0.088750324,1.246665853,94,164,7942,39686,SETD5
16Spos_tumor / 16Sneg_tumor,0.410134382,1.203223345,25,164,2667,39686,SETD7
16Spos_tumor / 16Sneg_tumor,0.533912615,1.171080237,18,164,1896,39686,SETDB1
16Spos_tumor / 16Sneg_tumor,0.931598866,1.042521844,5,164,670,39686,SETDB2
16Spos_tumor / 16Sneg_tumor,0.867569949,0.947693861,11,164,1266,39686,SETX
16Spos_tumor / 16Sneg_tumor,0.431990207,0.788849957,12,164,1753,39686,SF3A3
16Spos_tumor / 16Sneg_tumor,0.265177105,1.168930899,67,164,5684,39686,SF3B1
16Spos_tumor / 16Sneg_tumor,0.397621265,1.143769181,49,164,5524,39686,SF3B2
16Spos_tumor / 16Sneg_tumor,0.48176808,0.873614409,31,164,4699,39686,SF3B3
16Spos_tumor / 16Sneg_tumor,0.495030382,1.138496152,38,164,2601,39686,SFI1
16Spos_tumor / 16Sneg_tumor,0.245693192,0.709656188,13,164,2410,39686,SFN
16Spos_tumor / 16Sneg_tumor,0.97759788,0.997114324,135,164,13504,39686,SFPQ
16Spos_tumor / 16Sneg_tumor,0.972188831,0.981575602,4,164,514,39686,SFRP1
16Spos_tumor / 16Sneg_tumor,0.40336762,1.283263421,12,164,1035,39686,SFSWAP
16Spos_tumor / 16Sneg_tumor,0.645765769,0.75963632,3,164,544,39686,SFTPD
16Spos_tumor / 16Sneg_tumor,0.848601724,0.948311805,15,164,1889,39686,SFXN1
16Spos_tumor / 16Sneg_tumor,0.342481916,0.572678437,3,164,646,39686,SGCB
16Spos_tumor / 16Sneg_tumor,0.551464758,1.366042889,4,164,369,39686,SGCG
16Spos_tumor / 16Sneg_tumor,0.083547607,0.547586205,10,164,1920,39686,SGF29
16Spos_tumor / 16Sneg_tumor,0.705086309,1.111814061,17,164,3249,39686,SGK2
16Spos_tumor / 16Sneg_tumor,0.805501852,1.082868377,11,164,1183,39686,SGMS1
16Spos_tumor / 16Sneg_tumor,0.446424902,0.867588944,36,164,5697,39686,SGTA
16Spos_tumor / 16Sneg_tumor,0.222888888,1.420246586,16,164,1186,39686,SH2B2
16Spos_tumor / 16Sneg_tumor,0.607373779,1.230030044,7,164,712,39686,SH2D1A
16Spos_tumor / 16Sneg_tumor,0.870715749,0.930093417,6,164,785,39686,SH2D1B
16Spos_tumor / 16Sneg_tumor,0.10956975,0.441680216,4,164,1153,39686,SH3BGRL
16Spos_tumor / 16Sneg_tumor,0.22852723,1.401338601,15,164,1566,39686,SH3BP2
16Spos_tumor / 16Sneg_tumor,0.032267624,0.376151941,5,164,1464,39686,SH3BP5
16Spos_tumor / 16Sneg_tumor,0.894074521,0.973235565,28,164,4418,39686,SH3GL1
16Spos_tumor / 16Sneg_tumor,0.346324641,1.594020269,5,164,391,39686,SH3GL2
16Spos_tumor / 16Sneg_tumor,0.990509626,1.002450962,29,164,2979,39686,SH3GLB1
16Spos_tumor / 16Sneg_tumor,0.071041516,1.345506616,51,164,5614,39686,SH3GLB2
16Spos_tumor / 16Sneg_tumor,0.287368353,1.549923304,6,164,504,39686,SH3KBP1
16Spos_tumor / 16Sneg_tumor,0.851502342,1.03557594,36,164,3951,39686,SH3PXD2A
16Spos_tumor / 16Sneg_tumor,0.366194095,0.756916659,12,164,2124,39686,SH3RF1
16Spos_tumor / 16Sneg_tumor,0.912883312,1.060148933,4,164,573,39686,SH3TC1
16Spos_tumor / 16Sneg_tumor,0.806224469,0.921159666,11,164,1530,39686,SH3TC2
16Spos_tumor / 16Sneg_tumor,0.216928012,1.292893278,30,164,2927,39686,SH3YL1
16Spos_tumor / 16Sneg_tumor,0.208225856,1.304032135,39,164,3308,39686,SHANK2
16Spos_tumor / 16Sneg_tumor,0.099540266,1.574008652,15,164,1316,39686,SHARPIN
16Spos_tumor / 16Sneg_tumor,0.569159578,0.709912372,3,164,526,39686,SHBG
16Spos_tumor / 16Sneg_tumor,0.259471444,1.212291813,40,164,4134,39686,SHC1
16Spos_tumor / 16Sneg_tumor,0.960520307,0.981513393,8,164,1192,39686,SHC2
16Spos_tumor / 16Sneg_tumor,0.693623672,0.847074685,6,164,969,39686,SHC3
16Spos_tumor / 16Sneg_tumor,0.946083932,0.972487083,7,164,956,39686,SHC4
16Spos_tumor / 16Sneg_tumor,0.746487307,0.874871712,7,164,1223,39686,SHH
16Spos_tumor / 16Sneg_tumor,0.922738848,0.979117502,24,164,2496,39686,SHISA5
16Spos_tumor / 16Sneg_tumor,0.734037069,1.080403351,24,164,2855,39686,SHMT2
16Spos_tumor / 16Sneg_tumor,0.231973451,1.445614939,12,164,1092,39686,SHOC2
16Spos_tumor / 16Sneg_tumor,0.332207683,0.700040256,8,164,1522,39686,SHTN1
16Spos_tumor / 16Sneg_tumor,0.963397485,1.011854475,18,164,2228,39686,SIAH1
16Spos_tumor / 16Sneg_tumor,0.954274468,0.986345451,20,164,2517,39686,SIAH2
16Spos_tumor / 16Sneg_tumor,0.829018245,1.056272173,18,164,2435,39686,SIGIRR
16Spos_tumor / 16Sneg_tumor,0.156792409,1.229702092,61,164,6060,39686,SIGMAR1
16Spos_tumor / 16Sneg_tumor,0.167119424,1.318824181,28,164,2535,39686,SIKE1
16Spos_tumor / 16Sneg_tumor,0.168621581,0.49852137,4,164,988,39686,SIL1
16Spos_tumor / 16Sneg_tumor,0.379874472,1.252241589,18,164,1564,39686,SIN3A
16Spos_tumor / 16Sneg_tumor,0.132078389,0.576460687,8,164,1554,39686,SIPA1L1
16Spos_tumor / 16Sneg_tumor,0.582985201,0.781113517,6,164,973,39686,SIRPB2
16Spos_tumor / 16Sneg_tumor,0.52179876,0.790131509,9,164,1445,39686,SIRT1
16Spos_tumor / 16Sneg_tumor,0.698586638,0.924780521,31,164,3337,39686,SIRT2
16Spos_tumor / 16Sneg_tumor,0.556738398,1.20715121,13,164,1285,39686,SIRT3
16Spos_tumor / 16Sneg_tumor,0.223501148,1.694887333,6,164,460,39686,SIRT4
16Spos_tumor / 16Sneg_tumor,0.890924123,1.048079314,11,164,1176,39686,SIRT5
16Spos_tumor / 16Sneg_tumor,0.602347036,1.139423467,18,164,2265,39686,SIRT6
16Spos_tumor / 16Sneg_tumor,0.747743692,0.938949029,32,164,4684,39686,SIRT7
16Spos_tumor / 16Sneg_tumor,0.96107131,0.992810255,60,164,6405,39686,SIVA1
16Spos_tumor / 16Sneg_tumor,0.544249929,0.847309529,16,164,1984,39686,SIX1
16Spos_tumor / 16Sneg_tumor,0.537362954,1.235241189,11,164,1254,39686,SIX2
16Spos_tumor / 16Sneg_tumor,0.766089987,0.913506409,13,164,1337,39686,SKA2
16Spos_tumor / 16Sneg_tumor,0.035079758,0.288745684,3,164,1505,39686,SKAP2
16Spos_tumor / 16Sneg_tumor,0.365008634,0.858447708,41,164,5835,39686,SKI
16Spos_tumor / 16Sneg_tumor,0.731634843,0.897756467,11,164,1584,39686,SKIC8
16Spos_tumor / 16Sneg_tumor,0.160567747,1.320175216,34,164,3594,39686,SKIL
16Spos_tumor / 16Sneg_tumor,0.914530378,1.022438639,27,164,3133,39686,SKP1
16Spos_tumor / 16Sneg_tumor,0.214984397,1.409024448,15,164,1371,39686,SKP2
16Spos_tumor / 16Sneg_tumor,0.294743093,1.485219695,9,164,802,39686,SLAMF6
16Spos_tumor / 16Sneg_tumor,0.626682997,0.77484451,4,164,702,39686,SLAMF7
16Spos_tumor / 16Sneg_tumor,0.377060662,0.682070874,6,164,1129,39686,SLC10A6
16Spos_tumor / 16Sneg_tumor,0.901094559,1.040797113,11,164,1240,39686,SLC11A2
16Spos_tumor / 16Sneg_tumor,0.144006945,1.265550356,69,164,6659,39686,SLC12A2
16Spos_tumor / 16Sneg_tumor,0.256101402,0.437916284,2,164,578,39686,SLC12A3
16Spos_tumor / 16Sneg_tumor,0.646536858,0.790833768,4,164,607,39686,SLC13A3
16Spos_tumor / 16Sneg_tumor,0.244934581,0.717150694,14,164,2232,39686,SLC15A4
16Spos_tumor / 16Sneg_tumor,0.366056307,0.697377511,7,164,1006,39686,SLC16A1
16Spos_tumor / 16Sneg_tumor,0.408481708,1.429596039,6,164,462,39686,SLC16A2
16Spos_tumor / 16Sneg_tumor,0.745791687,1.094173093,15,164,1756,39686,SLC17A5
16Spos_tumor / 16Sneg_tumor,0.87431157,1.073888297,6,164,646,39686,SLC17A7
16Spos_tumor / 16Sneg_tumor,0.67394849,1.289047658,3,164,310,39686,SLC18A2
16Spos_tumor / 16Sneg_tumor,0.775394298,0.812199865,2,164,318,39686,SLC18A3
16Spos_tumor / 16Sneg_tumor,0.762733382,0.886413163,7,164,1197,39686,SLC1A1
16Spos_tumor / 16Sneg_tumor,0.563240723,0.552789137,1,164,236,39686,SLC1A2
16Spos_tumor / 16Sneg_tumor,0.791878076,1.057615884,26,164,3459,39686,SLC1A5
16Spos_tumor / 16Sneg_tumor,0.898249384,1.04710186,10,164,1719,39686,SLC22A3
16Spos_tumor / 16Sneg_tumor,0.024054106,0.313054972,4,164,1644,39686,SLC23A2
16Spos_tumor / 16Sneg_tumor,0.381823589,1.133992938,66,164,7508,39686,SLC25A1
16Spos_tumor / 16Sneg_tumor,0.085265324,1.308303036,51,164,5629,39686,SLC25A10
16Spos_tumor / 16Sneg_tumor,0.992867559,0.997650628,17,164,2121,39686,SLC25A11
16Spos_tumor / 16Sneg_tumor,0.987822806,0.995040643,11,164,1354,39686,SLC25A12
16Spos_tumor / 16Sneg_tumor,0.265881343,0.684109297,10,164,1808,39686,SLC25A17
16Spos_tumor / 16Sneg_tumor,0.727171569,1.224969567,3,164,329,39686,SLC25A20
16Spos_tumor / 16Sneg_tumor,0.702864771,0.886324551,11,164,1360,39686,SLC25A24
16Spos_tumor / 16Sneg_tumor,0.88485326,0.948964453,9,164,714,39686,SLC25A27
16Spos_tumor / 16Sneg_tumor,0.86282658,1.040707176,25,164,3131,39686,SLC25A37
16Spos_tumor / 16Sneg_tumor,0.285967109,0.768330486,19,164,2999,39686,SLC25A4
16Spos_tumor / 16Sneg_tumor,0.022757143,0.73139326,67,164,9786,39686,SLC25A6
16Spos_tumor / 16Sneg_tumor,0.815518233,0.924061062,10,164,1246,39686,SLC26A2
16Spos_tumor / 16Sneg_tumor,0.357244481,0.654813389,5,164,974,39686,SLC27A1
16Spos_tumor / 16Sneg_tumor,0.919719653,0.970469414,14,164,1587,39686,SLC27A3
16Spos_tumor / 16Sneg_tumor,0.623052046,1.134826477,19,164,2319,39686,SLC27A4
16Spos_tumor / 16Sneg_tumor,0.669200285,1.162095197,10,164,1112,39686,SLC27A5
16Spos_tumor / 16Sneg_tumor,0.250346333,0.862901709,104,164,13696,39686,SLC2A1
16Spos_tumor / 16Sneg_tumor,0.267660915,0.322283865,1,164,414,39686,SLC2A12
16Spos_tumor / 16Sneg_tumor,0.710103623,0.882626133,10,164,1489,39686,SLC2A13
16Spos_tumor / 16Sneg_tumor,0.596042939,1.1869793,12,164,1319,39686,SLC2A2
16Spos_tumor / 16Sneg_tumor,0.007848743,2.552793801,10,164,433,39686,SLC2A4
16Spos_tumor / 16Sneg_tumor,0.090509469,0.458623636,5,164,1582,39686,SLC2A6
16Spos_tumor / 16Sneg_tumor,0.852982619,0.944683151,13,164,1600,39686,SLC2A9
16Spos_tumor / 16Sneg_tumor,0.500749098,1.436747855,4,164,375,39686,SLC32A1
16Spos_tumor / 16Sneg_tumor,0.595924594,1.178700827,13,164,1271,39686,SLC35E3
16Spos_tumor / 16Sneg_tumor,0.78710715,1.030750812,141,164,16001,39686,SLC38A1
16Spos_tumor / 16Sneg_tumor,0.903093345,1.01552043,112,164,11765,39686,SLC38A2
16Spos_tumor / 16Sneg_tumor,0.162377811,0.438278751,3,164,830,39686,SLC38A9
16Spos_tumor / 16Sneg_tumor,0.711574923,1.074851953,32,164,3894,39686,SLC39A11
16Spos_tumor / 16Sneg_tumor,0.504777094,1.156548285,24,164,2698,39686,SLC39A6
16Spos_tumor / 16Sneg_tumor,0.870454683,0.932185665,6,164,802,39686,SLC39A8
16Spos_tumor / 16Sneg_tumor,0.726586591,1.052672064,64,164,7477,39686,SLC3A2
16Spos_tumor / 16Sneg_tumor,0.789155618,0.915682748,10,164,1288,39686,SLC44A1
16Spos_tumor / 16Sneg_tumor,0.769616363,1.075541779,17,164,2492,39686,SLC44A2
16Spos_tumor / 16Sneg_tumor,0.262939611,1.33432241,19,164,2084,39686,SLC44A5
16Spos_tumor / 16Sneg_tumor,0.449958522,0.576158207,2,164,402,39686,SLC4A10
16Spos_tumor / 16Sneg_tumor,0.89926791,0.936848032,4,164,937,39686,SLC4A4
16Spos_tumor / 16Sneg_tumor,0.535496308,0.746040753,5,164,731,39686,SLC4A8
16Spos_tumor / 16Sneg_tumor,0.204087682,1.545555511,10,164,727,39686,SLC5A11
16Spos_tumor / 16Sneg_tumor,0.369764963,1.435040195,7,164,634,39686,SLC5A7
16Spos_tumor / 16Sneg_tumor,0.951922358,1.024893653,7,164,812,39686,SLC6A11
16Spos_tumor / 16Sneg_tumor,0.946208675,0.977507405,12,164,1241,39686,SLC6A15
16Spos_tumor / 16Sneg_tumor,0.40802667,0.679099362,5,164,926,39686,SLC6A3
16Spos_tumor / 16Sneg_tumor,0.737142823,0.923573134,31,164,2746,39686,SLC7A11
16Spos_tumor / 16Sneg_tumor,0.21715211,1.311842575,29,164,2959,39686,SLC7A5
16Spos_tumor / 16Sneg_tumor,0.077621159,2.045757813,7,164,459,39686,SLC8A1
16Spos_tumor / 16Sneg_tumor,0.200286589,0.844657169,72,164,11036,39686,SLC9A3R1
16Spos_tumor / 16Sneg_tumor,0.347397259,0.647906006,5,164,951,39686,SLCO1A2
16Spos_tumor / 16Sneg_tumor,0.079039788,0.468905858,6,164,1016,39686,SLCO3A1
16Spos_tumor / 16Sneg_tumor,0.617157869,1.213099118,8,164,757,39686,SLIT2
16Spos_tumor / 16Sneg_tumor,0.454474023,1.231854614,16,164,1618,39686,SLMAP
16Spos_tumor / 16Sneg_tumor,0.345208817,0.836251398,43,164,5825,39686,SLPI
16Spos_tumor / 16Sneg_tumor,0.097811297,0.468154169,5,164,1178,39686,SLU7
16Spos_tumor / 16Sneg_tumor,0.988789402,0.997751376,45,164,5575,39686,SMAD2
16Spos_tumor / 16Sneg_tumor,0.539972726,1.153462446,26,164,3266,39686,SMAD3
16Spos_tumor / 16Sneg_tumor,0.827632675,0.948945183,20,164,2238,39686,SMAD4
16Spos_tumor / 16Sneg_tumor,0.563278795,0.846121365,13,164,1784,39686,SMAD5
16Spos_tumor / 16Sneg_tumor,0.330447239,0.561638682,3,164,720,39686,SMAD7
16Spos_tumor / 16Sneg_tumor,0.7995347,1.118716373,6,164,635,39686,SMAD9
16Spos_tumor / 16Sneg_tumor,0.797535161,0.949534513,29,164,3625,39686,SMAP1
16Spos_tumor / 16Sneg_tumor,0.385785144,0.6930254,6,164,953,39686,SMARCA2
16Spos_tumor / 16Sneg_tumor,0.343454572,1.160922793,46,164,5030,39686,SMARCA4
16Spos_tumor / 16Sneg_tumor,0.82004989,1.054983637,21,164,2168,39686,SMARCA5
16Spos_tumor / 16Sneg_tumor,0.425000903,1.381115419,7,164,644,39686,SMARCAD1
16Spos_tumor / 16Sneg_tumor,0.897127794,1.022991848,39,164,3953,39686,SMARCB1
16Spos_tumor / 16Sneg_tumor,0.008815077,1.443459521,64,164,4930,39686,SMARCC1
16Spos_tumor / 16Sneg_tumor,0.092135068,1.336145882,45,164,3897,39686,SMARCC2
16Spos_tumor / 16Sneg_tumor,0.734778867,1.055766533,52,164,5418,39686,SMARCD1
16Spos_tumor / 16Sneg_tumor,0.23676662,0.822221253,42,164,6513,39686,SMARCD2
16Spos_tumor / 16Sneg_tumor,0.235560875,0.634882896,8,164,1085,39686,SMARCD3
16Spos_tumor / 16Sneg_tumor,0.439683391,0.881620211,46,164,6144,39686,SMARCE1
16Spos_tumor / 16Sneg_tumor,0.899982403,0.9698068,19,164,1880,39686,SMC1A
16Spos_tumor / 16Sneg_tumor,0.689039036,1.142335088,11,164,1212,39686,SMC3
16Spos_tumor / 16Sneg_tumor,0.017509888,1.589679067,40,164,2964,39686,SMC4
16Spos_tumor / 16Sneg_tumor,0.969492817,0.989503008,16,164,1924,39686,SMIM24
16Spos_tumor / 16Sneg_tumor,0.314490612,1.257264349,24,164,2157,39686,SMN1/2
16Spos_tumor / 16Sneg_tumor,0.470154495,1.354279174,6,164,600,39686,SMNDC1
16Spos_tumor / 16Sneg_tumor,0.992336031,0.996507878,9,164,1191,39686,SMPD1
16Spos_tumor / 16Sneg_tumor,0.662169285,1.094495696,30,164,3414,39686,SMPD2
16Spos_tumor / 16Sneg_tumor,0.376566015,1.419112219,8,164,692,39686,SMPD3
16Spos_tumor / 16Sneg_tumor,0.643101863,0.816313761,6,164,954,39686,SMTNL2
16Spos_tumor / 16Sneg_tumor,0.252393989,1.386210355,14,164,1512,39686,SMUG1
16Spos_tumor / 16Sneg_tumor,0.54311921,1.151222204,21,164,1947,39686,SMURF1
16Spos_tumor / 16Sneg_tumor,0.141505255,1.489085289,17,164,1334,39686,SMURF2
16Spos_tumor / 16Sneg_tumor,0.902777547,1.031386955,19,164,2105,39686,SMYD2
16Spos_tumor / 16Sneg_tumor,0.656468688,1.229314525,5,164,529,39686,SMYD3
16Spos_tumor / 16Sneg_tumor,0.195412955,0.464932545,3,164,848,39686,SNAI1
16Spos_tumor / 16Sneg_tumor,0.842169035,1.08106781,7,164,907,39686,SNAP23
16Spos_tumor / 16Sneg_tumor,0.209650204,0.27941296,1,164,429,39686,SNAP25
16Spos_tumor / 16Sneg_tumor,0.182065974,0.537691444,5,164,1173,39686,SNAP29
16Spos_tumor / 16Sneg_tumor,0.705808597,1.209576384,5,164,553,39686,SNCA
16Spos_tumor / 16Sneg_tumor,0.342033801,1.539509663,6,164,470,39686,SNCB
16Spos_tumor / 16Sneg_tumor,0.800911085,0.932896798,16,164,1812,39686,SNCG
16Spos_tumor / 16Sneg_tumor,0.406633315,0.773737484,12,164,2229,39686,SNF8
16Spos_tumor / 16Sneg_tumor,0.541334224,0.696437028,3,164,539,39686,SNHG11
16Spos_tumor / 16Sneg_tumor,0.692948388,0.891836347,13,164,1728,39686,SNN
16Spos_tumor / 16Sneg_tumor,0.806033593,1.041269595,43,164,4713,39686,SNRNP200
16Spos_tumor / 16Sneg_tumor,0.394664824,1.316979414,10,164,927,39686,SNRNP40
16Spos_tumor / 16Sneg_tumor,0.631957386,0.94843817,120,164,14824,39686,SNRNP70
16Spos_tumor / 16Sneg_tumor,0.531991423,0.90538626,76,164,10206,39686,SNRPA1
16Spos_tumor / 16Sneg_tumor,0.27499855,0.741244493,15,164,2517,39686,SNRPB2
16Spos_tumor / 16Sneg_tumor,0.195419483,1.094756423,599,164,59334,39686,SNRPD1
16Spos_tumor / 16Sneg_tumor,0.550982389,0.81496616,9,164,1303,39686,SNRPD3
16Spos_tumor / 16Sneg_tumor,0.799011003,0.961489114,54,164,6623,39686,SNRPF
16Spos_tumor / 16Sneg_tumor,0.53876583,0.693728858,3,164,560,39686,SNRPN
16Spos_tumor / 16Sneg_tumor,0.197616703,0.553742003,5,164,1381,39686,SNTB1
16Spos_tumor / 16Sneg_tumor,0.037160156,1.368349726,56,164,6235,39686,SNU13
16Spos_tumor / 16Sneg_tumor,0.79054003,1.073140124,17,164,1717,39686,SNW1
16Spos_tumor / 16Sneg_tumor,0.961084597,1.022886866,5,164,612,39686,SNX2
16Spos_tumor / 16Sneg_tumor,0.312372462,0.735953331,12,164,1780,39686,SNX4
16Spos_tumor / 16Sneg_tumor,0.43591257,0.799895598,14,164,2209,39686,SNX5
16Spos_tumor / 16Sneg_tumor,0.694685904,0.941345384,51,164,6222,39686,SNX6
16Spos_tumor / 16Sneg_tumor,0.678539034,1.10506058,20,164,2357,39686,SNX9
16Spos_tumor / 16Sneg_tumor,0.368447016,0.582316715,3,164,645,39686,SOCS2
16Spos_tumor / 16Sneg_tumor,0.236434878,0.633994739,8,164,1499,39686,SOCS3
16Spos_tumor / 16Sneg_tumor,0.300909016,0.70261909,9,164,1698,39686,SOCS5
16Spos_tumor / 16Sneg_tumor,0.838291683,1.066786087,11,164,1352,39686,SOCS6
16Spos_tumor / 16Sneg_tumor,0.065560457,0.783662105,73,164,9915,39686,SOD1
16Spos_tumor / 16Sneg_tumor,0.717298812,1.0664956,49,164,4371,39686,SOD2
16Spos_tumor / 16Sneg_tumor,0.150277717,0.478033808,4,164,1052,39686,SORL1
16Spos_tumor / 16Sneg_tumor,0.508900514,0.888622188,40,164,3628,39686,SORT1
16Spos_tumor / 16Sneg_tumor,0.837093812,0.946170746,16,164,1655,39686,SOS1
16Spos_tumor / 16Sneg_tumor,0.237600892,0.631293247,7,164,1352,39686,SOS2
16Spos_tumor / 16Sneg_tumor,0.978342151,1.010787677,8,164,1019,39686,SOST
16Spos_tumor / 16Sneg_tumor,0.226225982,0.520614777,4,164,1043,39686,SOSTDC1
16Spos_tumor / 16Sneg_tumor,0.229071223,1.549764292,10,164,876,39686,SOX10
16Spos_tumor / 16Sneg_tumor,0.834009336,1.094615469,6,164,726,39686,SOX11
16Spos_tumor / 16Sneg_tumor,0.86921395,1.062119186,9,164,620,39686,SOX17
16Spos_tumor / 16Sneg_tumor,0.271461416,1.209660697,50,164,5223,39686,SOX2
16Spos_tumor / 16Sneg_tumor,0.57170789,1.101158909,51,164,5271,39686,SOX4
16Spos_tumor / 16Sneg_tumor,0.497252766,1.313232176,7,164,642,39686,SOX5
16Spos_tumor / 16Sneg_tumor,0.039681978,0.45021999,8,164,1610,39686,SOX6
16Spos_tumor / 16Sneg_tumor,0.137292738,0.751339095,35,164,6876,39686,SOX9
16Spos_tumor / 16Sneg_tumor,0.259971929,1.211868733,44,164,4136,39686,SP1
16Spos_tumor / 16Sneg_tumor,0.218332777,0.686989371,12,164,1632,39686,SP100
16Spos_tumor / 16Sneg_tumor,0.636119739,0.842807567,9,164,1325,39686,SPA17
16Spos_tumor / 16Sneg_tumor,0.558496673,0.773350573,6,164,985,39686,SPACA3
16Spos_tumor / 16Sneg_tumor,0.913467373,0.969619721,14,164,1873,39686,SPAG9
16Spos_tumor / 16Sneg_tumor,0.722812791,1.168115304,6,164,693,39686,SPANXB1
16Spos_tumor / 16Sneg_tumor,0.676288629,0.802720476,4,164,590,39686,SPART
16Spos_tumor / 16Sneg_tumor,0.040955499,1.694497101,17,164,1242,39686,SPAST
16Spos_tumor / 16Sneg_tumor,0.254762499,1.27669488,31,164,3013,39686,SPC24
16Spos_tumor / 16Sneg_tumor,0.879814952,0.981139739,86,164,9845,39686,SPDEF
16Spos_tumor / 16Sneg_tumor,0.481126846,1.219049394,15,164,1465,39686,SPECC1
16Spos_tumor / 16Sneg_tumor,0.080967085,1.525200997,23,164,1676,39686,SPG11
16Spos_tumor / 16Sneg_tumor,0.741012025,0.89734777,10,164,1624,39686,SPG21
16Spos_tumor / 16Sneg_tumor,0.128813958,0.677858725,18,164,3011,39686,SPHK1
16Spos_tumor / 16Sneg_tumor,0.627747703,1.215935336,7,164,664,39686,SPHK2
16Spos_tumor / 16Sneg_tumor,0.949572935,0.978964973,14,164,2027,39686,SPIB
16Spos_tumor / 16Sneg_tumor,0.135659677,1.31231584,38,164,3148,39686,SPIDR
16Spos_tumor / 16Sneg_tumor,0.739602596,1.064007971,114,164,29587,39686,SPINK1
16Spos_tumor / 16Sneg_tumor,0.573122968,0.797840805,7,164,1239,39686,SPINK5
16Spos_tumor / 16Sneg_tumor,0.646722093,0.96255261,248,164,28784,39686,SPINT2
16Spos_tumor / 16Sneg_tumor,0.263774748,1.468673196,11,164,903,39686,SPO11
16Spos_tumor / 16Sneg_tumor,0.416954278,0.432341998,1,164,320,39686,SPOCK1
16Spos_tumor / 16Sneg_tumor,0.308169912,0.694228909,9,164,1424,39686,SPOCK2
16Spos_tumor / 16Sneg_tumor,0.296528591,0.800609799,39,164,2694,39686,SPON1
16Spos_tumor / 16Sneg_tumor,0.77928213,1.071319561,20,164,2571,39686,SPON2
16Spos_tumor / 16Sneg_tumor,0.808460981,1.081086818,11,164,1371,39686,SPOP
16Spos_tumor / 16Sneg_tumor,0.855454213,0.953140202,17,164,2157,39686,SPOPL
16Spos_tumor / 16Sneg_tumor,0.824054604,0.904844638,6,164,791,39686,SPP2
16Spos_tumor / 16Sneg_tumor,0.48524163,1.182360144,20,164,1800,39686,SPPL2A
16Spos_tumor / 16Sneg_tumor,0.791320004,1.059699945,25,164,3235,39686,SPPL2B
16Spos_tumor / 16Sneg_tumor,0.363374268,0.692050677,7,164,1297,39686,SPR
16Spos_tumor / 16Sneg_tumor,0.782148512,1.062758323,26,164,3229,39686,SPRED2
16Spos_tumor / 16Sneg_tumor,0.686311804,1.144397644,13,164,1359,39686,SPRR2A
16Spos_tumor / 16Sneg_tumor,0.40260887,0.626468227,4,164,737,39686,SPRR3
16Spos_tumor / 16Sneg_tumor,0.718909816,1.118764709,13,164,1427,39686,SPRY1
16Spos_tumor / 16Sneg_tumor,0.420687038,0.719475025,7,164,1226,39686,SPRY2
16Spos_tumor / 16Sneg_tumor,0.255553216,0.720493585,15,164,2136,39686,SPSB1
16Spos_tumor / 16Sneg_tumor,0.417671773,0.647984097,4,164,831,39686,SPTA1
16Spos_tumor / 16Sneg_tumor,0.775911312,1.049846356,41,164,5198,39686,SPTAN1
16Spos_tumor / 16Sneg_tumor,0.381423081,1.125159039,81,164,12401,39686,SPTBN1
16Spos_tumor / 16Sneg_tumor,0.091269297,1.565784,21,164,994,39686,SPTBN4
16Spos_tumor / 16Sneg_tumor,0.46350075,0.865397446,30,164,4331,39686,SPTLC1
16Spos_tumor / 16Sneg_tumor,0.211732205,1.372533176,21,164,1833,39686,SPTSSA
16Spos_tumor / 16Sneg_tumor,0.435422982,1.426564661,6,164,533,39686,SPX
16Spos_tumor / 16Sneg_tumor,0.482328242,0.858596064,26,164,4159,39686,SQLE
16Spos_tumor / 16Sneg_tumor,0.878484,0.982987512,126,164,16812,39686,SQSTM1
16Spos_tumor / 16Sneg_tumor,0.037951536,1.410280224,45,164,4950,39686,SRC
16Spos_tumor / 16Sneg_tumor,0.896476986,0.952472005,8,164,1071,39686,SRD5A1
16Spos_tumor / 16Sneg_tumor,0.344807398,0.572439832,3,164,697,39686,SRD5A2
16Spos_tumor / 16Sneg_tumor,0.428477813,0.745603035,8,164,1420,39686,SRD5A3
16Spos_tumor / 16Sneg_tumor,0.857828863,0.968797842,41,164,5051,39686,SREBF1
16Spos_tumor / 16Sneg_tumor,0.493681051,0.846843118,19,164,3010,39686,SREBF2
16Spos_tumor / 16Sneg_tumor,0.357057119,1.169606994,45,164,3994,39686,SRF
16Spos_tumor / 16Sneg_tumor,0.099410517,1.381748333,34,164,2692,39686,SRGAP1
16Spos_tumor / 16Sneg_tumor,0.335861899,0.808684363,25,164,3627,39686,SRI
16Spos_tumor / 16Sneg_tumor,0.630844739,0.922662979,41,164,5318,39686,SRP54
16Spos_tumor / 16Sneg_tumor,0.109014856,1.461213056,19,164,1791,39686,SRPK1
16Spos_tumor / 16Sneg_tumor,0.749834135,1.078559052,22,164,2058,39686,SRPK2
16Spos_tumor / 16Sneg_tumor,0.944511344,0.985917016,27,164,3600,39686,SRPRB
16Spos_tumor / 16Sneg_tumor,0.380819414,0.591671248,3,164,700,39686,SRPX
16Spos_tumor / 16Sneg_tumor,0.193197941,0.263964734,1,164,489,39686,SRR
16Spos_tumor / 16Sneg_tumor,0.164494165,0.744533849,26,164,3848,39686,SRSF10
16Spos_tumor / 16Sneg_tumor,0.210858218,0.90923645,319,164,36479,39686,SRSF2
16Spos_tumor / 16Sneg_tumor,0.79734011,1.049903778,33,164,2947,39686,SRSF4
16Spos_tumor / 16Sneg_tumor,0.599862238,1.074591447,69,164,7221,39686,SRSF5
16Spos_tumor / 16Sneg_tumor,0.535318471,1.09162012,67,164,8395,39686,SRSF6
16Spos_tumor / 16Sneg_tumor,0.20587347,1.229286003,48,164,5033,39686,SRSF7
16Spos_tumor / 16Sneg_tumor,0.966520166,0.992276632,34,164,4324,39686,SRSF8
16Spos_tumor / 16Sneg_tumor,0.406992374,0.875135053,44,164,6336,39686,SRSF9
16Spos_tumor / 16Sneg_tumor,0.264255209,0.851377168,70,164,5496,39686,SS18
16Spos_tumor / 16Sneg_tumor,0.61226557,0.920178751,44,164,5475,39686,SSBP1
16Spos_tumor / 16Sneg_tumor,0.361821671,0.739548098,10,164,1505,39686,SSBP3
16Spos_tumor / 16Sneg_tumor,0.792450107,0.923622828,13,164,1907,39686,SSH2
16Spos_tumor / 16Sneg_tumor,0.527203605,0.915718877,62,164,8594,39686,SSNA1
16Spos_tumor / 16Sneg_tumor,0.933936208,1.010290909,91,164,11234,39686,SSR1
16Spos_tumor / 16Sneg_tumor,0.117919347,0.781257838,47,164,7167,39686,SSR2
16Spos_tumor / 16Sneg_tumor,0.807643461,0.91901465,9,164,1583,39686,SSR3
16Spos_tumor / 16Sneg_tumor,0.337131015,0.6401109,5,164,965,39686,SST
16Spos_tumor / 16Sneg_tumor,0.92257678,1.038103679,8,164,1009,39686,SSTR1
16Spos_tumor / 16Sneg_tumor,0.806150715,0.906559846,7,164,976,39686,SSTR2
16Spos_tumor / 16Sneg_tumor,0.67277646,0.778716532,3,164,525,39686,SSTR3
16Spos_tumor / 16Sneg_tumor,0.730348898,1.127756097,10,164,1216,39686,SSTR4
16Spos_tumor / 16Sneg_tumor,0.617648649,0.827540329,8,164,1379,39686,SSTR5
16Spos_tumor / 16Sneg_tumor,0.754795389,0.798561961,2,164,312,39686,SSX4
16Spos_tumor / 16Sneg_tumor,0.862968026,1.112464208,3,164,400,39686,ST18
16Spos_tumor / 16Sneg_tumor,0.617060728,0.832889785,9,164,1093,39686,ST3GAL6
16Spos_tumor / 16Sneg_tumor,0.856446751,0.910466676,4,164,516,39686,ST6GAL1
16Spos_tumor / 16Sneg_tumor,0.652481036,0.788188232,4,164,596,39686,ST6GAL2
16Spos_tumor / 16Sneg_tumor,0.871917601,0.938132586,8,164,986,39686,ST6GALNAC3
16Spos_tumor / 16Sneg_tumor,0.049291779,0.30991255,3,164,1069,39686,ST8SIA1
16Spos_tumor / 16Sneg_tumor,0.414558299,1.237874261,19,164,1459,39686,STAG1
16Spos_tumor / 16Sneg_tumor,0.050361246,1.482710272,31,164,2140,39686,STAG2
16Spos_tumor / 16Sneg_tumor,0.119482017,0.659313857,16,164,2915,39686,STAM
16Spos_tumor / 16Sneg_tumor,0.324756536,1.287722864,18,164,1624,39686,STAM2
16Spos_tumor / 16Sneg_tumor,0.415805141,0.782605717,12,164,1903,39686,STAMBP
16Spos_tumor / 16Sneg_tumor,0.88614068,0.946719097,8,164,1046,39686,STAMBPL1
16Spos_tumor / 16Sneg_tumor,0.002764288,1.682474979,40,164,4096,39686,STARD10
16Spos_tumor / 16Sneg_tumor,0.79449836,1.055903949,32,164,4803,39686,STARD3
16Spos_tumor / 16Sneg_tumor,0.660268205,1.124735297,16,164,1649,39686,STARD3NL
16Spos_tumor / 16Sneg_tumor,0.219539367,0.703089083,13,164,2304,39686,STARD7
16Spos_tumor / 16Sneg_tumor,0.332900818,1.204250215,38,164,3173,39686,STAT1
16Spos_tumor / 16Sneg_tumor,0.84975885,0.966558625,36,164,4704,39686,STAT3
16Spos_tumor / 16Sneg_tumor,0.630311096,1.190235071,10,164,1172,39686,STAT4
16Spos_tumor / 16Sneg_tumor,0.986875443,0.993508356,7,164,980,39686,STAT5A
16Spos_tumor / 16Sneg_tumor,0.25672589,1.331205772,20,164,1962,39686,STAT5B
16Spos_tumor / 16Sneg_tumor,0.466035621,0.833654289,18,164,2872,39686,STAT6
16Spos_tumor / 16Sneg_tumor,0.262446207,1.141721143,100,164,10252,39686,STAU1
16Spos_tumor / 16Sneg_tumor,0.34364005,0.806048836,22,164,3875,39686,STK11
16Spos_tumor / 16Sneg_tumor,0.547761884,1.356305985,4,164,527,39686,STK17A
16Spos_tumor / 16Sneg_tumor,0.050341967,0.671558998,26,164,5298,39686,STK24
16Spos_tumor / 16Sneg_tumor,0.896089471,1.021288537,50,164,5592,39686,STK25
16Spos_tumor / 16Sneg_tumor,0.907091701,1.062083381,4,164,580,39686,STK26
16Spos_tumor / 16Sneg_tumor,0.995321355,0.998490042,18,164,1784,39686,STK3
16Spos_tumor / 16Sneg_tumor,0.45439895,1.171250685,28,164,3016,39686,STK39
16Spos_tumor / 16Sneg_tumor,0.749406148,1.135022887,7,164,774,39686,STK4
16Spos_tumor / 16Sneg_tumor,0.571047259,1.062596466,138,164,14029,39686,STMN1
16Spos_tumor / 16Sneg_tumor,0.186740974,0.256820152,1,164,518,39686,STMN2
16Spos_tumor / 16Sneg_tumor,0.49484392,1.327019322,7,164,677,39686,STMN3
16Spos_tumor / 16Sneg_tumor,0.293008548,0.757668645,18,164,2502,39686,STON2
16Spos_tumor / 16Sneg_tumor,0.181732104,1.228076925,51,164,4610,39686,STRAP
16Spos_tumor / 16Sneg_tumor,0.36663267,1.159970617,50,164,4892,39686,STRN3
16Spos_tumor / 16Sneg_tumor,0.139719341,0.756741442,32,164,6003,39686,STT3A
16Spos_tumor / 16Sneg_tumor,0.932111026,1.022466879,17,164,1764,39686,STT3B
16Spos_tumor / 16Sneg_tumor,0.274822661,0.81082514,31,164,5362,39686,STUB1
16Spos_tumor / 16Sneg_tumor,0.212403638,1.414270781,15,164,1205,39686,STX12
16Spos_tumor / 16Sneg_tumor,0.43727164,1.151322103,38,164,3915,39686,STX18
16Spos_tumor / 16Sneg_tumor,0.327554328,0.820783603,29,164,4778,39686,STX4
16Spos_tumor / 16Sneg_tumor,0.619142117,1.113508855,25,164,2903,39686,STX7
16Spos_tumor / 16Sneg_tumor,0.997658125,0.998560331,5,164,572,39686,STXBP1
16Spos_tumor / 16Sneg_tumor,0.7822078,1.062203714,23,164,3576,39686,STXBP2
16Spos_tumor / 16Sneg_tumor,0.885762892,1.051070015,9,164,945,39686,STXBP3
16Spos_tumor / 16Sneg_tumor,0.076882124,0.502895006,7,164,1688,39686,SUCLA2
16Spos_tumor / 16Sneg_tumor,0.946833612,1.013693369,29,164,3711,39686,SUCLG1
16Spos_tumor / 16Sneg_tumor,0.192873028,0.394753297,2,164,702,39686,SUCLG2
16Spos_tumor / 16Sneg_tumor,0.519385403,0.885814568,33,164,3959,39686,SUCO
16Spos_tumor / 16Sneg_tumor,0.928255388,1.01897343,28,164,3172,39686,SUDS3
16Spos_tumor / 16Sneg_tumor,0.113430361,1.739839983,9,164,658,39686,SUGT1
16Spos_tumor / 16Sneg_tumor,0.020632569,1.639255356,27,164,2709,39686,SULF2
16Spos_tumor / 16Sneg_tumor,0.290013725,1.241258879,32,164,2964,39686,SUMF1
16Spos_tumor / 16Sneg_tumor,0.149619666,1.172572106,114,164,12402,39686,SUMF2
16Spos_tumor / 16Sneg_tumor,0.943418251,0.969643962,6,164,861,39686,SUMO1
16Spos_tumor / 16Sneg_tumor,0.182501801,0.752345443,25,164,4995,39686,SUMO3
16Spos_tumor / 16Sneg_tumor,0.568638782,0.895212274,31,164,4720,39686,SUN1
16Spos_tumor / 16Sneg_tumor,0.992283955,0.99788408,25,164,3714,39686,SUN2
16Spos_tumor / 16Sneg_tumor,0.331538052,1.306659127,16,164,1410,39686,SUPT20H
16Spos_tumor / 16Sneg_tumor,0.510803813,1.20561239,14,164,1299,39686,SUPT3H
16Spos_tumor / 16Sneg_tumor,0.253144882,1.197855818,51,164,4808,39686,SUPT4H1
16Spos_tumor / 16Sneg_tumor,0.901931645,0.952723388,7,164,790,39686,SUPT7L
16Spos_tumor / 16Sneg_tumor,0.927184148,0.979763666,23,164,3427,39686,SURF4
16Spos_tumor / 16Sneg_tumor,0.608598114,1.174015325,12,164,1130,39686,SUV39H2
16Spos_tumor / 16Sneg_tumor,0.657021167,1.114007651,20,164,2400,39686,SUZ12
16Spos_tumor / 16Sneg_tumor,0.704068538,0.816374633,4,164,600,39686,SV2B
16Spos_tumor / 16Sneg_tumor,0.504178223,0.731102125,5,164,819,39686,SV2C
16Spos_tumor / 16Sneg_tumor,0.038451674,1.454336349,38,164,3151,39686,SVIL
16Spos_tumor / 16Sneg_tumor,0.531214378,1.300488548,7,164,630,39686,SVIP
16Spos_tumor / 16Sneg_tumor,0.718734748,0.918070196,20,164,2224,39686,SYF2
16Spos_tumor / 16Sneg_tumor,0.879929849,0.957404977,14,164,1655,39686,SYK
16Spos_tumor / 16Sneg_tumor,0.926259132,0.952902621,4,164,549,39686,SYN2
16Spos_tumor / 16Sneg_tumor,0.048141586,1.894479145,16,164,711,39686,SYN3
16Spos_tumor / 16Sneg_tumor,0.627722834,0.816359973,7,164,884,39686,SYNDIG1
16Spos_tumor / 16Sneg_tumor,0.465478594,0.680151246,4,164,806,39686,SYNE1
16Spos_tumor / 16Sneg_tumor,0.701471202,1.080251298,30,164,3149,39686,SYNE2
16Spos_tumor / 16Sneg_tumor,0.016076913,1.817252804,21,164,1215,39686,SYNGR1
16Spos_tumor / 16Sneg_tumor,0.110316971,0.4368089,4,164,1136,39686,SYNJ1
16Spos_tumor / 16Sneg_tumor,0.620822105,0.868335513,14,164,2440,39686,SYNJ2
16Spos_tumor / 16Sneg_tumor,0.618114078,1.322052458,4,164,473,39686,SYNPO2
16Spos_tumor / 16Sneg_tumor,0.509732385,0.756158485,7,164,1045,39686,SYP
16Spos_tumor / 16Sneg_tumor,0.221857422,0.743243255,19,164,3008,39686,SYPL1
16Spos_tumor / 16Sneg_tumor,0.378024774,0.529416587,2,164,454,39686,SYT10
16Spos_tumor / 16Sneg_tumor,0.029111778,2.274414825,10,164,628,39686,SYT14
16Spos_tumor / 16Sneg_tumor,0.149036879,1.426943097,21,164,1753,39686,SYT17
16Spos_tumor / 16Sneg_tumor,0.578787332,0.847032778,14,164,2154,39686,SYTL3
16Spos_tumor / 16Sneg_tumor,0.82967471,0.960146576,33,164,4691,39686,SYVN1
16Spos_tumor / 16Sneg_tumor,0.305269582,1.258102627,23,164,2070,39686,SZT2
16Spos_tumor / 16Sneg_tumor,0.856212138,1.049376049,18,164,1964,39686,TAB1
16Spos_tumor / 16Sneg_tumor,0.335542445,1.266053546,20,164,1905,39686,TAB2
16Spos_tumor / 16Sneg_tumor,0.366436194,0.683080741,6,164,977,39686,TAB3
16Spos_tumor / 16Sneg_tumor,0.387865878,1.407689124,8,164,643,39686,TAC1
16Spos_tumor / 16Sneg_tumor,0.871131427,1.063580915,8,164,978,39686,TAC4
16Spos_tumor / 16Sneg_tumor,0.488359104,1.215148575,15,164,1447,39686,TACC1
16Spos_tumor / 16Sneg_tumor,0.147131383,1.344860037,37,164,3441,39686,TACC3
16Spos_tumor / 16Sneg_tumor,0.550138968,0.647155595,2,164,382,39686,TACR1
16Spos_tumor / 16Sneg_tumor,0.655471018,0.789649552,4,164,650,39686,TACR3
16Spos_tumor / 16Sneg_tumor,0.065386992,0.79563487,127,164,18315,39686,TACSTD2
16Spos_tumor / 16Sneg_tumor,0.548699289,1.188997638,14,164,1457,39686,TADA2A
16Spos_tumor / 16Sneg_tumor,0.987371277,0.996583356,24,164,3053,39686,TADA3
16Spos_tumor / 16Sneg_tumor,0.586475799,1.147364687,19,164,1535,39686,TAF1
16Spos_tumor / 16Sneg_tumor,0.10834375,1.359021129,32,164,3005,39686,TAF10
16Spos_tumor / 16Sneg_tumor,0.277199986,0.634954529,6,164,1129,39686,TAF11
16Spos_tumor / 16Sneg_tumor,0.354273334,0.714063725,9,164,1347,39686,TAF12
16Spos_tumor / 16Sneg_tumor,0.795503451,1.03993444,53,164,6488,39686,TAF15
16Spos_tumor / 16Sneg_tumor,0.337678575,1.252832437,22,164,1914,39686,TAF2
16Spos_tumor / 16Sneg_tumor,0.17177878,0.447943139,3,164,818,39686,TAF3
16Spos_tumor / 16Sneg_tumor,0.45266033,1.233181781,15,164,1530,39686,TAF4
16Spos_tumor / 16Sneg_tumor,0.288310987,0.677189097,9,164,1122,39686,TAF4B
16Spos_tumor / 16Sneg_tumor,0.061218189,0.374988335,4,164,1307,39686,TAF5
16Spos_tumor / 16Sneg_tumor,0.437232217,1.24506047,15,164,1535,39686,TAF5L
16Spos_tumor / 16Sneg_tumor,0.984539897,1.0065374,10,164,1245,39686,TAF6L
16Spos_tumor / 16Sneg_tumor,0.647593644,0.899367463,21,164,2626,39686,TAF7
16Spos_tumor / 16Sneg_tumor,0.428601525,0.86721116,41,164,3284,39686,TAF8
16Spos_tumor / 16Sneg_tumor,0.132336524,0.555046164,7,164,1570,39686,TAF9
16Spos_tumor / 16Sneg_tumor,0.985189813,0.99259035,7,164,851,39686,TAL1
16Spos_tumor / 16Sneg_tumor,0.833551623,0.953467765,21,164,2864,39686,TALDO1
16Spos_tumor / 16Sneg_tumor,0.270141361,1.391608293,13,164,1089,39686,TANC2
16Spos_tumor / 16Sneg_tumor,0.201634416,1.494157309,12,164,966,39686,TAOK1
16Spos_tumor / 16Sneg_tumor,0.550496119,0.549496516,1,164,225,39686,TAOK3
16Spos_tumor / 16Sneg_tumor,0.418132345,0.809409671,17,164,1930,39686,TAP1
16Spos_tumor / 16Sneg_tumor,0.970373617,1.011184776,13,164,1203,39686,TAP2
16Spos_tumor / 16Sneg_tumor,0.30170466,0.862918534,65,164,7956,39686,TAPBP
16Spos_tumor / 16Sneg_tumor,0.85458768,1.044892173,21,164,2071,39686,TAPBPL
16Spos_tumor / 16Sneg_tumor,0.190782733,1.2081345,72,164,6438,39686,TARDBP
16Spos_tumor / 16Sneg_tumor,0.787978891,0.877938694,5,164,749,39686,TARP
16Spos_tumor / 16Sneg_tumor,0.88992495,0.970516079,25,164,3155,39686,TAX1BP1
16Spos_tumor / 16Sneg_tumor,0.508191517,1.207197791,15,164,1578,39686,TBC1D1
16Spos_tumor / 16Sneg_tumor,0.455168728,1.23488992,15,164,1785,39686,TBC1D4
16Spos_tumor / 16Sneg_tumor,0.423537515,1.243116168,16,164,1299,39686,TBC1D5
16Spos_tumor / 16Sneg_tumor,0.16069395,1.261814166,53,164,5866,39686,TBC1D8
16Spos_tumor / 16Sneg_tumor,0.380613942,0.704392376,7,164,1200,39686,TBCE
16Spos_tumor / 16Sneg_tumor,0.264806319,0.673352696,9,164,1583,39686,TBK1
16Spos_tumor / 16Sneg_tumor,0.352888624,1.272596303,18,164,1529,39686,TBL1X
16Spos_tumor / 16Sneg_tumor,0.421021482,1.182735549,29,164,2830,39686,TBL1XR1
16Spos_tumor / 16Sneg_tumor,0.997289893,0.998866394,11,164,1378,39686,TBPL1
16Spos_tumor / 16Sneg_tumor,0.359105338,1.357837767,11,164,1017,39686,TBX21
16Spos_tumor / 16Sneg_tumor,0.651067662,0.763223193,3,164,531,39686,TBX3
16Spos_tumor / 16Sneg_tumor,0.291441468,1.414279506,12,164,1058,39686,TBXA2R
16Spos_tumor / 16Sneg_tumor,0.383294379,1.257722753,29,164,6257,39686,TCAP
16Spos_tumor / 16Sneg_tumor,0.258574025,1.256685454,31,164,2965,39686,TCEA1
16Spos_tumor / 16Sneg_tumor,0.771714704,0.939290656,27,164,3478,39686,TCERG1
16Spos_tumor / 16Sneg_tumor,0.493073511,1.176954341,21,164,1842,39686,TCF12
16Spos_tumor / 16Sneg_tumor,0.250546907,1.096633569,313,164,37199,39686,TCF3
16Spos_tumor / 16Sneg_tumor,0.992711251,1.004317696,5,164,580,39686,TCF7
16Spos_tumor / 16Sneg_tumor,0.641124087,1.173411497,10,164,992,39686,TCF7L1
16Spos_tumor / 16Sneg_tumor,0.401321939,0.788052088,15,164,2721,39686,TCF7L2
16Spos_tumor / 16Sneg_tumor,0.235568461,0.764432287,25,164,5730,39686,TCIRG1
16Spos_tumor / 16Sneg_tumor,0.318532723,1.338108318,14,164,1412,39686,TCL1A
16Spos_tumor / 16Sneg_tumor,0.535632097,0.713962517,4,164,727,39686,TCL1B
16Spos_tumor / 16Sneg_tumor,0.31378026,0.784534675,19,164,2754,39686,TDG
16Spos_tumor / 16Sneg_tumor,0.665566659,0.764552195,3,164,518,39686,TDO2
16Spos_tumor / 16Sneg_tumor,0.257114965,1.289774367,23,164,2296,39686,TDP2
16Spos_tumor / 16Sneg_tumor,0.810900349,1.052773639,26,164,2423,39686,TEAD1
16Spos_tumor / 16Sneg_tumor,0.383432587,1.237159974,20,164,1830,39686,TEAD2
16Spos_tumor / 16Sneg_tumor,0.157302583,1.383891223,23,164,2153,39686,TEAD3
16Spos_tumor / 16Sneg_tumor,0.370619558,1.181806782,34,164,4273,39686,TECR
16Spos_tumor / 16Sneg_tumor,0.452012698,1.342505743,8,164,749,39686,TENM2
16Spos_tumor / 16Sneg_tumor,0.615672444,1.220142357,8,164,865,39686,TENM3
16Spos_tumor / 16Sneg_tumor,0.213264881,1.545158733,10,164,848,39686,TENM4
16Spos_tumor / 16Sneg_tumor,0.285315499,0.774567245,20,164,2622,39686,TERF1
16Spos_tumor / 16Sneg_tumor,0.205570429,1.232847839,51,164,4709,39686,TERF2IP
16Spos_tumor / 16Sneg_tumor,0.580145152,0.713110402,3,164,574,39686,TERT
16Spos_tumor / 16Sneg_tumor,0.472363239,1.164798576,28,164,3008,39686,TES
16Spos_tumor / 16Sneg_tumor,0.925819838,0.959952224,6,164,799,39686,TESPA1
16Spos_tumor / 16Sneg_tumor,0.458482017,0.64126,3,164,570,39686,TET1
16Spos_tumor / 16Sneg_tumor,0.263189281,0.325679515,1,164,363,39686,TET2
16Spos_tumor / 16Sneg_tumor,0.929687783,0.981912756,29,164,3258,39686,TEX264
16Spos_tumor / 16Sneg_tumor,0.00804706,1.777403494,24,164,1724,39686,TFB1M
16Spos_tumor / 16Sneg_tumor,0.750412661,0.905044477,11,164,1698,39686,TFDP1
16Spos_tumor / 16Sneg_tumor,0.270508866,1.28409727,24,164,2004,39686,TFDP2
16Spos_tumor / 16Sneg_tumor,0.994183245,1.0018628,19,164,1668,39686,TFEB
16Spos_tumor / 16Sneg_tumor,0.549680117,1.16321951,32,164,5220,39686,TFF1
16Spos_tumor / 16Sneg_tumor,0.606127876,0.815457244,13,164,4968,39686,TFF2
16Spos_tumor / 16Sneg_tumor,0.35678235,0.867395271,161,164,41327,39686,TFF3
16Spos_tumor / 16Sneg_tumor,0.732337889,1.069432434,75,164,6126,39686,TFPI
16Spos_tumor / 16Sneg_tumor,0.369255825,1.223389325,22,164,2400,39686,TFPT
16Spos_tumor / 16Sneg_tumor,0.772300743,0.892767322,7,164,1020,39686,TFR2
16Spos_tumor / 16Sneg_tumor,0.409996791,1.145028985,46,164,5424,39686,TFRC
16Spos_tumor / 16Sneg_tumor,0.645859258,1.231368117,5,164,499,39686,TGFB2
16Spos_tumor / 16Sneg_tumor,0.598892292,0.880821247,25,164,1910,39686,TGFBR3
16Spos_tumor / 16Sneg_tumor,0.089404982,1.534821949,21,164,1846,39686,TGIF1
16Spos_tumor / 16Sneg_tumor,0.826434968,0.935863302,13,164,1672,39686,TGIF2
16Spos_tumor / 16Sneg_tumor,0.616800975,1.083647717,49,164,5572,39686,TGOLN2
16Spos_tumor / 16Sneg_tumor,0.265597307,0.730913747,14,164,1983,39686,TGS1
16Spos_tumor / 16Sneg_tumor,0.503022009,1.434014611,4,164,361,39686,THBS4
16Spos_tumor / 16Sneg_tumor,0.216658902,1.376006179,17,164,1809,39686,THEM4
16Spos_tumor / 16Sneg_tumor,0.055586876,1.868437357,11,164,855,39686,THOC1
16Spos_tumor / 16Sneg_tumor,0.679735091,0.900359673,18,164,2165,39686,THOC2
16Spos_tumor / 16Sneg_tumor,0.397451008,0.819907705,21,164,3722,39686,THOP1
16Spos_tumor / 16Sneg_tumor,0.064395805,1.632885423,17,164,1445,39686,THRA
16Spos_tumor / 16Sneg_tumor,0.996174875,1.00089931,34,164,3599,39686,THRAP3
16Spos_tumor / 16Sneg_tumor,0.730450237,1.113055247,13,164,1453,39686,THRB
16Spos_tumor / 16Sneg_tumor,0.255601385,0.786010606,48,164,3025,39686,THSD4
16Spos_tumor / 16Sneg_tumor,0.323624031,1.261470443,21,164,2170,39686,TIAL1
16Spos_tumor / 16Sneg_tumor,0.557602983,0.761743859,5,164,770,39686,TIAM1
16Spos_tumor / 16Sneg_tumor,0.573779389,0.665342481,2,164,399,39686,TIAM2
16Spos_tumor / 16Sneg_tumor,0.29376921,0.348997484,1,164,400,39686,TICAM1
16Spos_tumor / 16Sneg_tumor,0.207958411,1.538699831,10,164,830,39686,TICAM2
16Spos_tumor / 16Sneg_tumor,0.847562759,1.087650346,6,164,691,39686,TIFA
16Spos_tumor / 16Sneg_tumor,0.370948147,1.187487162,31,164,3110,39686,TIMMDC1
16Spos_tumor / 16Sneg_tumor,0.148483883,1.427787956,19,164,1562,39686,TINF2
16Spos_tumor / 16Sneg_tumor,0.560186555,0.779315638,6,164,975,39686,TIRAP
16Spos_tumor / 16Sneg_tumor,0.119922082,1.537350235,16,164,1149,39686,TJP1
16Spos_tumor / 16Sneg_tumor,0.719775552,0.903340745,14,164,1785,39686,TJP2
16Spos_tumor / 16Sneg_tumor,0.55073235,1.119190463,39,164,4500,39686,TK1
16Spos_tumor / 16Sneg_tumor,0.867399013,1.058994277,9,164,1169,39686,TKFC
16Spos_tumor / 16Sneg_tumor,0.932554755,1.013981807,45,164,5963,39686,TKT
16Spos_tumor / 16Sneg_tumor,0.238881749,1.448794408,12,164,1081,39686,TLDC2
16Spos_tumor / 16Sneg_tumor,0.852100633,0.952449063,18,164,2075,39686,TLE1
16Spos_tumor / 16Sneg_tumor,0.737972128,1.074650329,28,164,3227,39686,TLE3
16Spos_tumor / 16Sneg_tumor,0.2260844,0.665798372,10,164,1894,39686,TLE4
16Spos_tumor / 16Sneg_tumor,0.787157462,0.97368009,184,164,26172,39686,TLE5
16Spos_tumor / 16Sneg_tumor,0.386354486,0.843321804,34,164,3155,39686,TLK2
16Spos_tumor / 16Sneg_tumor,0.579671387,0.792733621,6,164,991,39686,TLN1
16Spos_tumor / 16Sneg_tumor,0.578264246,1.281370585,6,164,673,39686,TLR10
16Spos_tumor / 16Sneg_tumor,0.877971368,0.93596495,6,164,809,39686,TLR3
16Spos_tumor / 16Sneg_tumor,0.178843246,0.256544161,1,164,477,39686,TLR5
16Spos_tumor / 16Sneg_tumor,0.430284677,0.693411304,5,164,928,39686,TLR6
16Spos_tumor / 16Sneg_tumor,0.187234837,0.49374842,4,164,969,39686,TLR7
16Spos_tumor / 16Sneg_tumor,0.95811857,0.975839592,5,164,611,39686,TLR8
16Spos_tumor / 16Sneg_tumor,0.365554756,0.648305467,5,164,926,39686,TLR9
16Spos_tumor / 16Sneg_tumor,0.8169513,0.883739158,4,164,558,39686,TLX1
16Spos_tumor / 16Sneg_tumor,0.616798993,0.928934806,65,164,10961,39686,TM4SF1
16Spos_tumor / 16Sneg_tumor,0.593349754,1.196029082,11,164,1144,39686,TM7SF2
16Spos_tumor / 16Sneg_tumor,0.610504183,0.891763041,23,164,3402,39686,TM7SF3
16Spos_tumor / 16Sneg_tumor,0.578217104,1.148536836,19,164,2414,39686,TMBIM1
16Spos_tumor / 16Sneg_tumor,0.839338551,1.039918921,35,164,5717,39686,TMC6
16Spos_tumor / 16Sneg_tumor,0.353258531,0.69160629,7,164,1286,39686,TMC7
16Spos_tumor / 16Sneg_tumor,0.304050788,1.626748871,5,164,360,39686,TMCC1
16Spos_tumor / 16Sneg_tumor,0.854327747,0.975342435,74,164,8768,39686,TMED2
16Spos_tumor / 16Sneg_tumor,0.670329027,0.890910505,16,164,2105,39686,TMED5
16Spos_tumor / 16Sneg_tumor,0.306639116,0.471167771,2,164,530,39686,TMEFF2
16Spos_tumor / 16Sneg_tumor,0.303637769,0.544092996,3,164,679,39686,TMEM108
16Spos_tumor / 16Sneg_tumor,0.937055641,0.970173062,8,164,1002,39686,TMEM119
16Spos_tumor / 16Sneg_tumor,0.779278316,0.907545975,10,164,1299,39686,TMEM135
16Spos_tumor / 16Sneg_tumor,0.488529306,1.198721194,17,164,1776,39686,TMEM161A
16Spos_tumor / 16Sneg_tumor,0.066610072,1.61543122,17,164,1449,39686,TMEM163
16Spos_tumor / 16Sneg_tumor,0.067049052,1.451313692,29,164,2559,39686,TMEM179B
16Spos_tumor / 16Sneg_tumor,0.179726372,1.402170443,20,164,1446,39686,TMEM192
16Spos_tumor / 16Sneg_tumor,0.971085377,1.014534051,7,164,791,39686,TMEM25
16Spos_tumor / 16Sneg_tumor,0.300876358,1.263396757,24,164,2450,39686,TMEM30A
16Spos_tumor / 16Sneg_tumor,0.895393424,0.965328804,18,164,2391,39686,TMEM37
16Spos_tumor / 16Sneg_tumor,0.083330969,0.507122133,7,164,2099,39686,TMEM45B
16Spos_tumor / 16Sneg_tumor,0.207367642,1.21870405,60,164,6219,39686,TMEM63A
16Spos_tumor / 16Sneg_tumor,0.248805194,0.438221361,2,164,890,39686,TMPRSS2
16Spos_tumor / 16Sneg_tumor,0.571365299,0.952176006,406,164,57952,39686,TMSB10
16Spos_tumor / 16Sneg_tumor,0.267450788,0.443472346,2,164,582,39686,TMSB4Y
16Spos_tumor / 16Sneg_tumor,0.267101711,0.685271648,10,164,1722,39686,TMTC4
16Spos_tumor / 16Sneg_tumor,0.661288331,1.229325743,5,164,507,39686,TMX3
16Spos_tumor / 16Sneg_tumor,0.383482337,0.661580911,5,164,849,39686,TNF
16Spos_tumor / 16Sneg_tumor,0.09269494,0.367856367,3,164,879,39686,TNFAIP6
16Spos_tumor / 16Sneg_tumor,0.333669423,0.562221153,3,164,626,39686,TNFAIP8
16Spos_tumor / 16Sneg_tumor,0.907064618,0.955980956,8,164,1174,39686,TNFAIP8L1
16Spos_tumor / 16Sneg_tumor,0.237615197,0.69735998,12,164,2235,39686,TNFRSF10A
16Spos_tumor / 16Sneg_tumor,0.299145939,1.244736033,27,164,2999,39686,TNFRSF10B
16Spos_tumor / 16Sneg_tumor,0.724176,0.877126655,8,164,1180,39686,TNFRSF10C
16Spos_tumor / 16Sneg_tumor,0.571570157,0.766760068,5,164,952,39686,TNFRSF10D
16Spos_tumor / 16Sneg_tumor,0.58029827,0.790591621,6,164,1229,39686,TNFRSF11A
16Spos_tumor / 16Sneg_tumor,0.595248066,1.187422866,15,164,1120,39686,TNFRSF11B
16Spos_tumor / 16Sneg_tumor,0.325352709,1.15277454,72,164,7568,39686,TNFRSF12A
16Spos_tumor / 16Sneg_tumor,0.865113606,0.901871528,3,164,443,39686,TNFRSF13B
16Spos_tumor / 16Sneg_tumor,0.543257758,0.724707114,4,164,717,39686,TNFRSF13C
16Spos_tumor / 16Sneg_tumor,0.917108804,1.023476135,25,164,3580,39686,TNFRSF14
16Spos_tumor / 16Sneg_tumor,0.635026375,1.198362998,8,164,850,39686,TNFRSF17
16Spos_tumor / 16Sneg_tumor,0.927345482,1.045844278,5,164,612,39686,TNFRSF19
16Spos_tumor / 16Sneg_tumor,0.695609809,1.061457926,53,164,5434,39686,TNFRSF1A
16Spos_tumor / 16Sneg_tumor,0.768298452,0.917588213,13,164,2476,39686,TNFRSF21
16Spos_tumor / 16Sneg_tumor,0.560869732,1.182791943,15,164,1508,39686,TNFRSF25
16Spos_tumor / 16Sneg_tumor,0.008623122,2.189378793,18,164,1110,39686,TNFRSF4
16Spos_tumor / 16Sneg_tumor,0.650468615,0.855892219,10,164,1389,39686,TNFRSF8
16Spos_tumor / 16Sneg_tumor,0.978128965,1.010035008,9,164,1084,39686,TNFRSF9
16Spos_tumor / 16Sneg_tumor,0.624371105,1.083147496,51,164,5778,39686,TNFSF10
16Spos_tumor / 16Sneg_tumor,0.738676269,1.158986394,6,164,763,39686,TNFSF13B
16Spos_tumor / 16Sneg_tumor,0.702595181,0.792211086,3,164,468,39686,TNFSF14
16Spos_tumor / 16Sneg_tumor,0.881572533,1.055398521,9,164,1079,39686,TNFSF15
16Spos_tumor / 16Sneg_tumor,0.854055471,1.115118226,3,164,346,39686,TNFSF18
16Spos_tumor / 16Sneg_tumor,0.767846674,0.802799121,2,164,316,39686,TNFSF4
16Spos_tumor / 16Sneg_tumor,0.459712984,0.639283931,3,164,575,39686,TNFSF8
16Spos_tumor / 16Sneg_tumor,0.507589134,0.795599216,9,164,1662,39686,TNFSF9
16Spos_tumor / 16Sneg_tumor,0.19914193,0.513170895,4,164,1453,39686,TNIK
16Spos_tumor / 16Sneg_tumor,0.143515049,0.605712115,9,164,2106,39686,TNIP1
16Spos_tumor / 16Sneg_tumor,0.888986826,0.970071682,23,164,3172,39686,TNIP2
16Spos_tumor / 16Sneg_tumor,0.500593193,0.673570828,3,164,423,39686,TNKS
16Spos_tumor / 16Sneg_tumor,0.438629753,1.211699836,19,164,1692,39686,TNKS2
16Spos_tumor / 16Sneg_tumor,0.627600877,1.213387357,8,164,842,39686,TNN
16Spos_tumor / 16Sneg_tumor,0.919318201,0.961407373,8,164,991,39686,TNNC1
16Spos_tumor / 16Sneg_tumor,0.382477425,1.330918431,13,164,1214,39686,TNNC2
16Spos_tumor / 16Sneg_tumor,0.412079427,0.73526412,9,164,1520,39686,TNNT2
16Spos_tumor / 16Sneg_tumor,0.2563397,1.336047135,18,164,1586,39686,TNPO1
16Spos_tumor / 16Sneg_tumor,0.671283769,1.091966048,31,164,2270,39686,TNRC6A
16Spos_tumor / 16Sneg_tumor,0.231845261,1.374449654,17,164,1547,39686,TNRC6B
16Spos_tumor / 16Sneg_tumor,0.870718663,0.94795179,11,164,1369,39686,TNRC6C
16Spos_tumor / 16Sneg_tumor,0.088641181,0.487373799,6,164,2230,39686,TNS3
16Spos_tumor / 16Sneg_tumor,0.288732907,1.710234205,5,164,334,39686,TNXA/B
16Spos_tumor / 16Sneg_tumor,0.310956617,0.691778903,8,164,1481,39686,TOLLIP
16Spos_tumor / 16Sneg_tumor,0.485338594,1.12380744,44,164,5458,39686,TOMM22
16Spos_tumor / 16Sneg_tumor,0.134674523,1.424779081,20,164,1914,39686,TOMM40
16Spos_tumor / 16Sneg_tumor,0.682077703,0.930659118,40,164,6434,39686,TOMM5
16Spos_tumor / 16Sneg_tumor,0.266716834,1.472635457,9,164,749,39686,TOMM70
16Spos_tumor / 16Sneg_tumor,0.584083987,0.851080562,17,164,2920,39686,TOP2A
16Spos_tumor / 16Sneg_tumor,0.506005398,0.810265459,11,164,1677,39686,TOPBP1
16Spos_tumor / 16Sneg_tumor,0.899941186,1.037233221,14,164,1710,39686,TOR1A
16Spos_tumor / 16Sneg_tumor,0.188106946,0.537961085,5,164,1060,39686,TOX
16Spos_tumor / 16Sneg_tumor,0.223525858,0.672960695,11,164,2443,39686,TOX3
16Spos_tumor / 16Sneg_tumor,0.672507258,1.104004446,21,164,2826,39686,TP53
16Spos_tumor / 16Sneg_tumor,0.725589446,1.094765515,17,164,1831,39686,TP53BP1
16Spos_tumor / 16Sneg_tumor,0.734140026,1.098027334,15,164,1771,39686,TP53BP2
16Spos_tumor / 16Sneg_tumor,0.416180375,1.26730795,15,164,1128,39686,TP53I3
16Spos_tumor / 16Sneg_tumor,0.82103384,1.057935366,21,164,1973,39686,TP53INP1
16Spos_tumor / 16Sneg_tumor,0.042333253,0.232056622,2,164,1038,39686,TP73
16Spos_tumor / 16Sneg_tumor,0.718224322,1.07921492,31,164,3073,39686,TPCN1
16Spos_tumor / 16Sneg_tumor,0.010177664,1.5130777,75,164,6277,39686,TPCN2
16Spos_tumor / 16Sneg_tumor,0.993839722,1.001292961,48,164,5958,39686,TPD52
16Spos_tumor / 16Sneg_tumor,0.333368189,1.491756108,7,164,636,39686,TPH2
16Spos_tumor / 16Sneg_tumor,0.779017126,1.031063572,123,164,16316,39686,TPI1
16Spos_tumor / 16Sneg_tumor,0.902314305,1.053586836,7,164,799,39686,TPK1
16Spos_tumor / 16Sneg_tumor,0.158118148,1.215532193,87,164,12178,39686,TPM1
16Spos_tumor / 16Sneg_tumor,0.021290442,0.59719184,22,164,4472,39686,TPM2
16Spos_tumor / 16Sneg_tumor,0.320147077,0.362923929,1,164,348,39686,TPO
16Spos_tumor / 16Sneg_tumor,0.310404401,0.66986988,7,164,1370,39686,TPP2
16Spos_tumor / 16Sneg_tumor,0.027889803,1.778605376,19,164,1408,39686,TPPP
16Spos_tumor / 16Sneg_tumor,0.710264484,1.089979832,21,164,1814,39686,TPR
16Spos_tumor / 16Sneg_tumor,0.455849286,0.738567167,7,164,1170,39686,TPSAB1/2
16Spos_tumor / 16Sneg_tumor,0.547891486,1.16357329,19,164,1664,39686,TPST1
16Spos_tumor / 16Sneg_tumor,0.08800972,0.3568181,3,164,1061,39686,TPTE
16Spos_tumor / 16Sneg_tumor,0.502262532,1.155850256,30,164,2449,39686,TPX2
16Spos_tumor / 16Sneg_tumor,0.099130247,1.310617074,58,164,5398,39686,TRA2A
16Spos_tumor / 16Sneg_tumor,0.638807057,1.073899987,54,164,5435,39686,TRA2B
16Spos_tumor / 16Sneg_tumor,0.958349584,1.021213678,7,164,906,39686,TRABD2A
16Spos_tumor / 16Sneg_tumor,0.341712631,0.679707779,7,164,1252,39686,TRAC
16Spos_tumor / 16Sneg_tumor,0.351059187,1.241470415,22,164,2722,39686,TRADD
16Spos_tumor / 16Sneg_tumor,0.872505225,0.945986048,10,164,1269,39686,TRAF1
16Spos_tumor / 16Sneg_tumor,0.894350599,0.979829984,55,164,7615,39686,TRAF2
16Spos_tumor / 16Sneg_tumor,0.443091143,0.819658244,18,164,2631,39686,TRAF3
16Spos_tumor / 16Sneg_tumor,0.579122692,0.827716566,10,164,1248,39686,TRAF5
16Spos_tumor / 16Sneg_tumor,0.045826261,1.762121723,17,164,1107,39686,TRAF6
16Spos_tumor / 16Sneg_tumor,0.758750416,0.937839808,25,164,3839,39686,TRAF7
16Spos_tumor / 16Sneg_tumor,0.666508655,0.865554505,10,164,1363,39686,TRAFD1
16Spos_tumor / 16Sneg_tumor,0.688718898,0.862545419,8,164,1320,39686,TRAK2
16Spos_tumor / 16Sneg_tumor,0.377692073,0.890920616,94,164,11260,39686,TRAM1
16Spos_tumor / 16Sneg_tumor,0.938781425,0.987302877,46,164,6341,39686,TRAP1
16Spos_tumor / 16Sneg_tumor,0.644931859,0.886744387,17,164,2691,39686,TRAPPC1
16Spos_tumor / 16Sneg_tumor,0.724328029,1.19431241,5,164,524,39686,TRAT1
16Spos_tumor / 16Sneg_tumor,0.279732783,1.573998221,7,164,658,39686,TRAV19
16Spos_tumor / 16Sneg_tumor,0.721435131,0.807019652,3,164,471,39686,TRAV29DV5
16Spos_tumor / 16Sneg_tumor,0.362060877,0.622107913,4,164,789,39686,TRAV8-4
16Spos_tumor / 16Sneg_tumor,0.646859448,1.194758932,8,164,814,39686,TRBV12-3
16Spos_tumor / 16Sneg_tumor,0.178770995,0.553630857,6,164,1256,39686,TRBV7-9
16Spos_tumor / 16Sneg_tumor,0.983933228,8.50E-08,0,164,869,39686,TRDC
16Spos_tumor / 16Sneg_tumor,0.74865944,1.116331783,12,164,1221,39686,TREML1
16Spos_tumor / 16Sneg_tumor,0.296313234,0.571529302,4,164,821,39686,TRGC1/2
16Spos_tumor / 16Sneg_tumor,0.329758343,1.30998978,17,164,2634,39686,TRIB3
16Spos_tumor / 16Sneg_tumor,0.703570697,1.077441799,32,164,3912,39686,TRIM11
16Spos_tumor / 16Sneg_tumor,0.152428028,1.551316979,12,164,979,39686,TRIM13
16Spos_tumor / 16Sneg_tumor,0.140940628,1.361039775,31,164,2115,39686,TRIM14
16Spos_tumor / 16Sneg_tumor,0.55282505,1.308341429,5,164,615,39686,TRIM2
16Spos_tumor / 16Sneg_tumor,0.000513688,2.404813067,21,164,894,39686,TRIM21
16Spos_tumor / 16Sneg_tumor,0.922643826,0.959510421,6,164,719,39686,TRIM23
16Spos_tumor / 16Sneg_tumor,0.574992435,1.159931953,17,164,1700,39686,TRIM24
16Spos_tumor / 16Sneg_tumor,0.669882555,0.916696838,29,164,3667,39686,TRIM25
16Spos_tumor / 16Sneg_tumor,0.722948616,1.066202289,35,164,3404,39686,TRIM26
16Spos_tumor / 16Sneg_tumor,0.008136284,1.482515765,65,164,5093,39686,TRIM27
16Spos_tumor / 16Sneg_tumor,0.230068055,0.824580306,49,164,7228,39686,TRIM28
16Spos_tumor / 16Sneg_tumor,0.998427812,1.000386391,33,164,2250,39686,TRIM37
16Spos_tumor / 16Sneg_tumor,0.34723282,1.37120867,10,164,1044,39686,TRIM38
16Spos_tumor / 16Sneg_tumor,0.19801729,0.667159995,11,164,1906,39686,TRIM39
16Spos_tumor / 16Sneg_tumor,0.688407572,0.872789288,10,164,1413,39686,TRIM4
16Spos_tumor / 16Sneg_tumor,0.620835879,0.869999982,14,164,2107,39686,TRIM41
16Spos_tumor / 16Sneg_tumor,0.196282989,0.618791907,8,164,1317,39686,TRIM5
16Spos_tumor / 16Sneg_tumor,0.917640027,1.03273609,11,164,1327,39686,TRIM56
16Spos_tumor / 16Sneg_tumor,0.647436671,0.898424145,21,164,2972,39686,TRIM65
16Spos_tumor / 16Sneg_tumor,0.599365458,1.378947091,3,164,289,39686,TRIM69
16Spos_tumor / 16Sneg_tumor,0.22873675,0.730998117,16,164,2925,39686,TRIM8
16Spos_tumor / 16Sneg_tumor,0.870455186,1.048962978,14,164,1837,39686,TRIM9
16Spos_tumor / 16Sneg_tumor,0.003436351,1.703841746,41,164,2871,39686,TRIO
16Spos_tumor / 16Sneg_tumor,0.519028455,1.112296239,45,164,4955,39686,TRIP12
16Spos_tumor / 16Sneg_tumor,0.94742954,1.011700532,41,164,5264,39686,TRIP6
16Spos_tumor / 16Sneg_tumor,0.659952124,0.924237518,42,164,3571,39686,TRMT1
16Spos_tumor / 16Sneg_tumor,0.062895402,0.650637766,20,164,3966,39686,TRMT112
16Spos_tumor / 16Sneg_tumor,0.762348113,1.112053949,9,164,981,39686,TRPC6
16Spos_tumor / 16Sneg_tumor,0.13777472,0.640425205,12,164,2438,39686,TRPM3
16Spos_tumor / 16Sneg_tumor,0.764593322,1.077988184,20,164,1564,39686,TRPM7
16Spos_tumor / 16Sneg_tumor,0.549931739,1.175518542,17,164,1833,39686,TRPV1
16Spos_tumor / 16Sneg_tumor,0.325152923,0.494169527,2,164,538,39686,TRPV5
16Spos_tumor / 16Sneg_tumor,0.720840929,1.078658894,28,164,2590,39686,TRRAP
16Spos_tumor / 16Sneg_tumor,0.775176689,1.103650562,9,164,1066,39686,TSC1
16Spos_tumor / 16Sneg_tumor,0.136501639,1.344143644,32,164,3099,39686,TSC2
16Spos_tumor / 16Sneg_tumor,0.591974287,1.149574024,16,164,1610,39686,TSG101
16Spos_tumor / 16Sneg_tumor,0.405828355,0.605565025,3,164,636,39686,TSHR
16Spos_tumor / 16Sneg_tumor,0.905113167,1.043464855,10,164,1226,39686,TSHZ2
16Spos_tumor / 16Sneg_tumor,0.165520955,1.761137767,7,164,519,39686,TSLP
16Spos_tumor / 16Sneg_tumor,0.524036649,0.890798383,37,164,4831,39686,TSPAN1
16Spos_tumor / 16Sneg_tumor,0.160788988,0.809482229,60,164,11800,39686,TSPAN3
16Spos_tumor / 16Sneg_tumor,0.594906271,0.581683587,1,164,223,39686,TSPAN32
16Spos_tumor / 16Sneg_tumor,0.053385378,0.460344537,7,164,1963,39686,TSPAN5
16Spos_tumor / 16Sneg_tumor,0.224996518,0.290648132,1,164,422,39686,TSPAN7
16Spos_tumor / 16Sneg_tumor,0.242288228,0.768248858,22,164,4965,39686,TSPO
16Spos_tumor / 16Sneg_tumor,0.925680625,1.033194768,10,164,1185,39686,TSPO2
16Spos_tumor / 16Sneg_tumor,0.71059654,0.885364474,11,164,1433,39686,TSPYL2
16Spos_tumor / 16Sneg_tumor,0.727002164,1.084496567,25,164,2836,39686,TTC14
16Spos_tumor / 16Sneg_tumor,0.608309943,0.844287746,11,164,1439,39686,TTC21B
16Spos_tumor / 16Sneg_tumor,0.972707709,0.992118932,22,164,2513,39686,TTC3
16Spos_tumor / 16Sneg_tumor,0.170476054,1.38218498,23,164,1900,39686,TTC30A
16Spos_tumor / 16Sneg_tumor,0.215604923,1.520580062,11,164,872,39686,TTK
16Spos_tumor / 16Sneg_tumor,0.65847131,1.187224898,7,164,785,39686,TTN
16Spos_tumor / 16Sneg_tumor,0.404085962,0.672595192,5,164,867,39686,TTPA
16Spos_tumor / 16Sneg_tumor,0.705064823,0.847080399,6,164,828,39686,TTR
16Spos_tumor / 16Sneg_tumor,0.919946848,1.012895309,106,164,14377,39686,TUBA1B
16Spos_tumor / 16Sneg_tumor,0.048162289,1.2930814,90,164,8519,39686,TUBA1C
16Spos_tumor / 16Sneg_tumor,0.268451521,1.541836883,7,164,620,39686,TUBA3C
16Spos_tumor / 16Sneg_tumor,0.63631802,1.113549564,23,164,3159,39686,TUBA4A
16Spos_tumor / 16Sneg_tumor,0.528300095,0.936331177,141,164,15558,39686,TUBB
16Spos_tumor / 16Sneg_tumor,0.920125909,0.968236169,11,164,1387,39686,TUBB1
16Spos_tumor / 16Sneg_tumor,0.186282097,0.593995483,7,164,1553,39686,TUBB2A
16Spos_tumor / 16Sneg_tumor,0.354514572,0.8272003,28,164,3919,39686,TUBB4B
16Spos_tumor / 16Sneg_tumor,0.375218211,1.215681853,25,164,2555,39686,TUBB6
16Spos_tumor / 16Sneg_tumor,0.978857946,1.006821224,21,164,2067,39686,TUBD1
16Spos_tumor / 16Sneg_tumor,0.151323138,0.657074516,13,164,2772,39686,TUBG1
16Spos_tumor / 16Sneg_tumor,0.85133839,1.053787459,16,164,1886,39686,TUBGCP2
16Spos_tumor / 16Sneg_tumor,0.419170577,0.751044472,9,164,1536,39686,TUBGCP3
16Spos_tumor / 16Sneg_tumor,0.556536958,1.179803523,15,164,1406,39686,TUBGCP5
16Spos_tumor / 16Sneg_tumor,0.479188685,1.245251066,11,164,1011,39686,TULP3
16Spos_tumor / 16Sneg_tumor,0.566462471,0.782580107,6,164,620,39686,TUSC3
16Spos_tumor / 16Sneg_tumor,0.086310459,1.487157781,26,164,1693,39686,TUT4
16Spos_tumor / 16Sneg_tumor,0.874343549,0.962928147,20,164,2795,39686,TWF1
16Spos_tumor / 16Sneg_tumor,0.999969039,1.000013138,11,164,1364,39686,TWIST2
16Spos_tumor / 16Sneg_tumor,0.517461384,0.711535839,4,164,771,39686,TXK
16Spos_tumor / 16Sneg_tumor,0.595794524,1.103188671,35,164,3312,39686,TXLNA
16Spos_tumor / 16Sneg_tumor,0.110473414,1.521952858,17,164,1462,39686,TXN2
16Spos_tumor / 16Sneg_tumor,0.787350306,1.096044349,9,164,1352,39686,TXNL4A
16Spos_tumor / 16Sneg_tumor,0.315486059,1.25839293,25,164,2325,39686,TXNRD1
16Spos_tumor / 16Sneg_tumor,0.009413215,1.884528377,21,164,1423,39686,TXNRD2
16Spos_tumor / 16Sneg_tumor,0.887426906,0.968198111,22,164,3594,39686,TYK2
16Spos_tumor / 16Sneg_tumor,0.755363579,1.0791067,24,164,3012,39686,TYMS
16Spos_tumor / 16Sneg_tumor,0.747584388,1.079566452,21,164,2277,39686,TYW3
16Spos_tumor / 16Sneg_tumor,0.354903814,0.761154302,12,164,2007,39686,U2AF1
16Spos_tumor / 16Sneg_tumor,0.609990616,1.067252554,75,164,8405,39686,U2AF2
16Spos_tumor / 16Sneg_tumor,0.04372925,1.426897811,42,164,3037,39686,U2SURP
16Spos_tumor / 16Sneg_tumor,0.183249089,1.226867294,57,164,4325,39686,UBA1
16Spos_tumor / 16Sneg_tumor,0.853924635,1.042189211,22,164,3518,39686,UBA2
16Spos_tumor / 16Sneg_tumor,0.274218515,1.275991101,24,164,2291,39686,UBA3
16Spos_tumor / 16Sneg_tumor,0.804526284,0.927181687,12,164,1537,39686,UBA5
16Spos_tumor / 16Sneg_tumor,0.174141864,1.356782522,24,164,1976,39686,UBA6
16Spos_tumor / 16Sneg_tumor,0.422055917,0.754587973,9,164,1627,39686,UBAC1
16Spos_tumor / 16Sneg_tumor,0.289641995,0.701791146,10,164,1862,39686,UBAP1
16Spos_tumor / 16Sneg_tumor,0.696258812,1.033084306,411,164,61239,39686,UBB
16Spos_tumor / 16Sneg_tumor,0.136858021,0.606134637,10,164,1951,39686,UBE2A
16Spos_tumor / 16Sneg_tumor,0.773626225,0.908809594,10,164,1304,39686,UBE2B
16Spos_tumor / 16Sneg_tumor,0.335111033,1.222592754,33,164,3791,39686,UBE2C
16Spos_tumor / 16Sneg_tumor,0.321745555,1.360008054,12,164,1120,39686,UBE2D1
16Spos_tumor / 16Sneg_tumor,0.611351257,0.870212339,15,164,1925,39686,UBE2D2
16Spos_tumor / 16Sneg_tumor,0.57193606,0.841585856,12,164,2062,39686,UBE2D4
16Spos_tumor / 16Sneg_tumor,0.319794072,0.733006435,12,164,1801,39686,UBE2E1
16Spos_tumor / 16Sneg_tumor,0.796775326,1.064659993,24,164,1990,39686,UBE2E2
16Spos_tumor / 16Sneg_tumor,0.998725285,0.999617154,20,164,2831,39686,UBE2E3
16Spos_tumor / 16Sneg_tumor,0.848305224,1.125112205,3,164,317,39686,UBE2F
16Spos_tumor / 16Sneg_tumor,0.934861707,0.965120682,6,164,720,39686,UBE2G1
16Spos_tumor / 16Sneg_tumor,0.475890295,1.168736371,25,164,2588,39686,UBE2G2
16Spos_tumor / 16Sneg_tumor,0.206748816,0.773421427,29,164,3654,39686,UBE2H
16Spos_tumor / 16Sneg_tumor,0.278917244,0.855227148,61,164,8795,39686,UBE2I
16Spos_tumor / 16Sneg_tumor,0.496409332,0.809554605,11,164,1643,39686,UBE2J1
16Spos_tumor / 16Sneg_tumor,0.399724601,1.215330502,20,164,1928,39686,UBE2J2
16Spos_tumor / 16Sneg_tumor,0.458752711,1.234641619,14,164,1422,39686,UBE2K
16Spos_tumor / 16Sneg_tumor,0.264855095,0.679573561,9,164,1623,39686,UBE2L3
16Spos_tumor / 16Sneg_tumor,0.506972194,0.835340511,18,164,2262,39686,UBE2L6
16Spos_tumor / 16Sneg_tumor,0.369104052,0.782775759,15,164,2647,39686,UBE2M
16Spos_tumor / 16Sneg_tumor,0.516181449,0.860418026,20,164,2685,39686,UBE2O
16Spos_tumor / 16Sneg_tumor,0.612078148,1.165758619,12,164,1434,39686,UBE2Q1
16Spos_tumor / 16Sneg_tumor,0.035483644,1.499597034,34,164,2675,39686,UBE2Q2
16Spos_tumor / 16Sneg_tumor,0.029861233,0.497204811,10,164,2733,39686,UBE2R2
16Spos_tumor / 16Sneg_tumor,0.98510759,0.996722874,48,164,6997,39686,UBE2S
16Spos_tumor / 16Sneg_tumor,0.48836577,1.211472393,15,164,1517,39686,UBE2T
16Spos_tumor / 16Sneg_tumor,0.262342716,1.186713054,51,164,5252,39686,UBE2V1
16Spos_tumor / 16Sneg_tumor,0.019315733,1.494335615,44,164,3182,39686,UBE2V2
16Spos_tumor / 16Sneg_tumor,0.165449822,0.492077941,4,164,993,39686,UBE2W
16Spos_tumor / 16Sneg_tumor,0.665247788,0.906085684,22,164,3047,39686,UBE2Z
16Spos_tumor / 16Sneg_tumor,0.407091446,1.178525703,31,164,3321,39686,UBE3A
16Spos_tumor / 16Sneg_tumor,0.111724025,1.425968781,24,164,1964,39686,UBE3B
16Spos_tumor / 16Sneg_tumor,0.015713871,1.706200868,26,164,1688,39686,UBE3C
16Spos_tumor / 16Sneg_tumor,0.005576207,2.117964856,20,164,1220,39686,UBE3D
16Spos_tumor / 16Sneg_tumor,0.828939545,1.065444227,13,164,1435,39686,UBE4A
16Spos_tumor / 16Sneg_tumor,0.828110329,0.953364103,23,164,2674,39686,UBE4B
16Spos_tumor / 16Sneg_tumor,0.775852059,1.06988455,20,164,2941,39686,UBL4A
16Spos_tumor / 16Sneg_tumor,0.031349044,0.5401097,13,164,2625,39686,UBQLN1
16Spos_tumor / 16Sneg_tumor,0.104069843,1.498084007,20,164,1516,39686,UBQLN2
16Spos_tumor / 16Sneg_tumor,0.263006247,1.402754616,12,164,1035,39686,UBR1
16Spos_tumor / 16Sneg_tumor,0.496800645,1.16162145,27,164,2162,39686,UBR2
16Spos_tumor / 16Sneg_tumor,0.233271391,1.259294562,33,164,3158,39686,UBR4
16Spos_tumor / 16Sneg_tumor,0.516951034,0.866687752,24,164,3344,39686,UBR5
16Spos_tumor / 16Sneg_tumor,0.978326813,0.99521072,36,164,4413,39686,UBXN4
16Spos_tumor / 16Sneg_tumor,0.96647505,0.993066429,46,164,6029,39686,UBXN6
16Spos_tumor / 16Sneg_tumor,0.600584583,0.863814309,14,164,2339,39686,UCHL3
16Spos_tumor / 16Sneg_tumor,0.147864192,0.513524225,5,164,1162,39686,UCHL5
16Spos_tumor / 16Sneg_tumor,0.326864652,0.602048817,4,164,758,39686,UCN3
16Spos_tumor / 16Sneg_tumor,0.482181414,1.162743812,27,164,3289,39686,UCP2
16Spos_tumor / 16Sneg_tumor,0.332539313,0.725162245,10,164,1642,39686,UFD1
16Spos_tumor / 16Sneg_tumor,0.794383782,0.923571318,12,164,1592,39686,UFL1
16Spos_tumor / 16Sneg_tumor,0.299981698,0.660431528,7,164,1320,39686,UFM1
16Spos_tumor / 16Sneg_tumor,0.553377955,0.818368455,11,164,1428,39686,UGCG
16Spos_tumor / 16Sneg_tumor,0.491310564,1.136044117,37,164,4117,39686,UGGT1
16Spos_tumor / 16Sneg_tumor,0.571553472,0.786890925,6,164,1042,39686,UGGT2
16Spos_tumor / 16Sneg_tumor,0.326146357,0.608181195,4,164,826,39686,UGP2
16Spos_tumor / 16Sneg_tumor,0.313154748,1.427426913,10,164,941,39686,UGT8
16Spos_tumor / 16Sneg_tumor,0.510584348,0.826793456,14,164,1998,39686,UIMC1
16Spos_tumor / 16Sneg_tumor,0.476099877,1.267896887,11,164,1125,39686,ULBP1
16Spos_tumor / 16Sneg_tumor,0.923491572,0.960582811,7,164,972,39686,ULBP2
16Spos_tumor / 16Sneg_tumor,0.119846556,1.480310546,21,164,1901,39686,ULBP3
16Spos_tumor / 16Sneg_tumor,0.93226036,0.983305253,34,164,3796,39686,ULK1
16Spos_tumor / 16Sneg_tumor,0.700420602,1.130922515,12,164,1192,39686,ULK2
16Spos_tumor / 16Sneg_tumor,0.423662396,0.614985789,3,164,629,39686,UMODL1
16Spos_tumor / 16Sneg_tumor,0.961274974,1.017056215,9,164,1108,39686,UNC13C
16Spos_tumor / 16Sneg_tumor,0.852664275,0.929201548,7,164,1287,39686,UNC13D
16Spos_tumor / 16Sneg_tumor,0.948684162,1.047336294,2,164,234,39686,UNC5C
16Spos_tumor / 16Sneg_tumor,0.806277887,0.839670919,2,164,288,39686,UNC5D
16Spos_tumor / 16Sneg_tumor,0.93977062,1.009247169,100,164,11899,39686,UNC93B1
16Spos_tumor / 16Sneg_tumor,0.276334752,1.138757221,98,164,12808,39686,UNKL
16Spos_tumor / 16Sneg_tumor,0.695046263,1.192616537,6,164,685,39686,UPK3A
16Spos_tumor / 16Sneg_tumor,0.968744435,0.985741863,9,164,2313,39686,UPP1
16Spos_tumor / 16Sneg_tumor,0.092533151,0.519817585,7,164,1751,39686,UQCR10
16Spos_tumor / 16Sneg_tumor,0.026559049,1.556052054,30,164,2869,39686,UQCR11
16Spos_tumor / 16Sneg_tumor,0.068732339,0.663494311,22,164,4343,39686,UQCRC1
16Spos_tumor / 16Sneg_tumor,0.006987331,0.521412629,19,164,4811,39686,UQCRC2
16Spos_tumor / 16Sneg_tumor,0.939215888,0.98725045,42,164,5327,39686,UQCRFS1
16Spos_tumor / 16Sneg_tumor,0.124406891,0.727633648,27,164,4783,39686,UQCRQ
16Spos_tumor / 16Sneg_tumor,0.418494921,0.608273709,3,164,671,39686,URAD
16Spos_tumor / 16Sneg_tumor,0.03047064,0.709189868,46,164,10358,39686,USF2
16Spos_tumor / 16Sneg_tumor,0.772311655,1.065179493,27,164,2670,39686,USO1
16Spos_tumor / 16Sneg_tumor,0.555787437,0.859914564,19,164,1987,39686,USP1
16Spos_tumor / 16Sneg_tumor,0.92040554,0.973791899,16,164,1788,39686,USP10
16Spos_tumor / 16Sneg_tumor,0.812032303,1.078734098,11,164,1170,39686,USP15
16Spos_tumor / 16Sneg_tumor,0.230982245,1.321148866,24,164,1619,39686,USP18
16Spos_tumor / 16Sneg_tumor,0.326282478,0.7522208,13,164,2120,39686,USP21
16Spos_tumor / 16Sneg_tumor,0.266204819,1.190230324,49,164,4938,39686,USP22
16Spos_tumor / 16Sneg_tumor,0.090869741,1.417898592,28,164,2435,39686,USP3
16Spos_tumor / 16Sneg_tumor,0.339716484,1.197182961,34,164,3024,39686,USP34
16Spos_tumor / 16Sneg_tumor,0.364372882,0.802165401,19,164,2762,39686,USP39
16Spos_tumor / 16Sneg_tumor,0.644097988,1.111830404,23,164,2236,39686,USP4
16Spos_tumor / 16Sneg_tumor,0.941419158,0.978845305,13,164,1737,39686,USP5
16Spos_tumor / 16Sneg_tumor,0.844120405,0.944618377,13,164,1684,39686,USP7
16Spos_tumor / 16Sneg_tumor,0.318532198,1.313706658,16,164,1291,39686,USP8
16Spos_tumor / 16Sneg_tumor,0.441832251,0.774268643,10,164,1214,39686,USP9X
16Spos_tumor / 16Sneg_tumor,0.309226134,0.541444464,3,164,684,39686,UTF1
16Spos_tumor / 16Sneg_tumor,0.509015184,0.793779557,9,164,1298,39686,UTRN
16Spos_tumor / 16Sneg_tumor,0.595353899,0.759219864,4,164,656,39686,UTY
16Spos_tumor / 16Sneg_tumor,0.411612508,1.281076511,13,164,1155,39686,UVRAG
16Spos_tumor / 16Sneg_tumor,0.199021704,1.298619017,30,164,2956,39686,VAC14
16Spos_tumor / 16Sneg_tumor,0.790538133,0.94217313,24,164,3265,39686,VAMP2
16Spos_tumor / 16Sneg_tumor,0.641545197,0.852201416,9,164,1331,39686,VAMP3
16Spos_tumor / 16Sneg_tumor,0.585899274,0.827378624,10,164,1505,39686,VAMP5
16Spos_tumor / 16Sneg_tumor,0.452753218,0.80592857,14,164,2416,39686,VAMP7
16Spos_tumor / 16Sneg_tumor,0.200443397,1.242260704,43,164,5262,39686,VAMP8
16Spos_tumor / 16Sneg_tumor,0.82308871,0.945250369,19,164,2341,39686,VAPB
16Spos_tumor / 16Sneg_tumor,0.864743068,1.027594798,50,164,7353,39686,VASP
16Spos_tumor / 16Sneg_tumor,0.8889759,0.967340202,21,164,3223,39686,VAT1
16Spos_tumor / 16Sneg_tumor,0.986347667,1.38E-07,0,164,480,39686,VAV1
16Spos_tumor / 16Sneg_tumor,0.59077784,0.89395162,35,164,4660,39686,VAV3
16Spos_tumor / 16Sneg_tumor,0.427958953,0.654016694,4,164,774,39686,VCAM1
16Spos_tumor / 16Sneg_tumor,0.865315699,1.034657333,28,164,3167,39686,VCL
16Spos_tumor / 16Sneg_tumor,0.000631937,1.622210548,66,164,4730,39686,VCP
16Spos_tumor / 16Sneg_tumor,0.466416074,0.868852066,30,164,4163,39686,VDAC1
16Spos_tumor / 16Sneg_tumor,0.49261669,0.839816428,17,164,2699,39686,VDAC2
16Spos_tumor / 16Sneg_tumor,0.514629892,0.911053932,61,164,6625,39686,VDAC3
16Spos_tumor / 16Sneg_tumor,0.550799248,1.076984218,189,164,29131,39686,VEGFA
16Spos_tumor / 16Sneg_tumor,0.415963346,1.13991687,50,164,6002,39686,VEGFB
16Spos_tumor / 16Sneg_tumor,0.326135761,0.631030815,5,164,999,39686,VEGFC
16Spos_tumor / 16Sneg_tumor,0.368109688,1.606832837,4,164,298,39686,VEGFD
16Spos_tumor / 16Sneg_tumor,0.918862343,1.049603906,5,164,581,39686,VGLL3
16Spos_tumor / 16Sneg_tumor,0.66974779,0.911639031,25,164,3430,39686,VHL
16Spos_tumor / 16Sneg_tumor,0.580772384,1.336490436,4,164,397,39686,VIP
16Spos_tumor / 16Sneg_tumor,0.058772165,0.253567402,2,164,1006,39686,VIPR1
16Spos_tumor / 16Sneg_tumor,0.136831491,1.61850642,13,164,981,39686,VIPR2
16Spos_tumor / 16Sneg_tumor,0.067762498,0.582919033,12,164,3034,39686,VKORC1
16Spos_tumor / 16Sneg_tumor,0.138168334,0.464810683,4,164,1017,39686,VKORC1L1
16Spos_tumor / 16Sneg_tumor,0.685915337,1.069115783,55,164,5960,39686,VMP1
16Spos_tumor / 16Sneg_tumor,0.500959282,1.282976664,9,164,784,39686,VPREB3
16Spos_tumor / 16Sneg_tumor,0.713293998,0.922613984,26,164,3832,39686,VPS25
16Spos_tumor / 16Sneg_tumor,0.717898589,1.105207006,14,164,1508,39686,VPS26A
16Spos_tumor / 16Sneg_tumor,0.940362244,0.980429965,16,164,2212,39686,VPS26B
16Spos_tumor / 16Sneg_tumor,0.223655734,1.196110458,59,164,5736,39686,VPS28
16Spos_tumor / 16Sneg_tumor,0.002031704,1.240786174,613,164,55878,39686,VPS29
16Spos_tumor / 16Sneg_tumor,0.064954815,0.428878032,5,164,1516,39686,VPS35
16Spos_tumor / 16Sneg_tumor,0.699371776,0.883669937,11,164,1548,39686,VPS35L
16Spos_tumor / 16Sneg_tumor,0.272066399,1.341981407,17,164,1501,39686,VPS36
16Spos_tumor / 16Sneg_tumor,0.797374266,0.910836419,9,164,1212,39686,VPS37A
16Spos_tumor / 16Sneg_tumor,0.90400065,1.025185865,29,164,3726,39686,VPS37B
16Spos_tumor / 16Sneg_tumor,0.832297374,1.063111221,16,164,1873,39686,VPS37D
16Spos_tumor / 16Sneg_tumor,0.45670308,0.848680978,23,164,3118,39686,VPS4A
16Spos_tumor / 16Sneg_tumor,0.542655683,1.194770642,13,164,1403,39686,VPS4B
16Spos_tumor / 16Sneg_tumor,0.098362005,1.373657865,33,164,2702,39686,VPS72
16Spos_tumor / 16Sneg_tumor,0.351023524,0.750904933,12,164,1995,39686,VRK1
16Spos_tumor / 16Sneg_tumor,0.358258124,0.676344125,6,164,1121,39686,VRK2
16Spos_tumor / 16Sneg_tumor,0.743184695,0.91276106,15,164,2103,39686,VRK3
16Spos_tumor / 16Sneg_tumor,0.238504123,1.606284555,8,164,593,39686,VSNL1
16Spos_tumor / 16Sneg_tumor,0.537046685,0.842639505,14,164,2105,39686,VTA1
16Spos_tumor / 16Sneg_tumor,0.174813747,0.642875303,11,164,1790,39686,VTCN1
16Spos_tumor / 16Sneg_tumor,0.948428119,0.986246822,25,164,3055,39686,VTI1B
16Spos_tumor / 16Sneg_tumor,0.655633545,0.821353483,6,164,893,39686,VTN
16Spos_tumor / 16Sneg_tumor,0.343081032,0.836973669,33,164,6466,39686,VWA1
16Spos_tumor / 16Sneg_tumor,0.15051416,0.762788531,31,164,4426,39686,WAC
16Spos_tumor / 16Sneg_tumor,0.049128988,1.649969459,19,164,1408,39686,WAPL
16Spos_tumor / 16Sneg_tumor,0.962365322,1.008434378,45,164,4094,39686,WARS1
16Spos_tumor / 16Sneg_tumor,0.500076454,1.25481281,10,164,1003,39686,WASF1
16Spos_tumor / 16Sneg_tumor,0.746483327,0.948333638,46,164,4500,39686,WASF2
16Spos_tumor / 16Sneg_tumor,0.230712009,0.627274693,7,164,1348,39686,WASF3
16Spos_tumor / 16Sneg_tumor,0.965134254,1.01159225,16,164,1682,39686,WASHC3
16Spos_tumor / 16Sneg_tumor,0.324007667,0.677452243,7,164,1112,39686,WASHC4
16Spos_tumor / 16Sneg_tumor,0.379005606,0.787766327,16,164,2764,39686,WASHC5
16Spos_tumor / 16Sneg_tumor,0.050359657,1.517091595,25,164,1880,39686,WASL
16Spos_tumor / 16Sneg_tumor,0.64004724,1.087084929,40,164,3910,39686,WBP11
16Spos_tumor / 16Sneg_tumor,0.903137161,1.023335182,33,164,3586,39686,WBP2
16Spos_tumor / 16Sneg_tumor,0.490653512,0.806431765,12,164,1745,39686,WDPCP
16Spos_tumor / 16Sneg_tumor,0.327850472,1.109628675,131,164,14067,39686,WDR1
16Spos_tumor / 16Sneg_tumor,0.292247616,1.286058374,22,164,1751,39686,WDR19
16Spos_tumor / 16Sneg_tumor,0.853275673,0.929548514,7,164,921,39686,WDR41
16Spos_tumor / 16Sneg_tumor,0.436140168,1.176678181,32,164,2562,39686,WDR45
16Spos_tumor / 16Sneg_tumor,0.456307957,1.11787889,57,164,6575,39686,WDR45B
16Spos_tumor / 16Sneg_tumor,0.782992137,1.072593405,18,164,2176,39686,WDR5
16Spos_tumor / 16Sneg_tumor,0.307620811,1.379613243,11,164,943,39686,WDR59
16Spos_tumor / 16Sneg_tumor,0.935814519,1.022142603,17,164,2059,39686,WDR70
16Spos_tumor / 16Sneg_tumor,0.869935713,1.052435309,13,164,1376,39686,WDR76
16Spos_tumor / 16Sneg_tumor,0.230057888,0.750257164,20,164,3234,39686,WDR77
16Spos_tumor / 16Sneg_tumor,0.775120615,1.087305308,13,164,1392,39686,WDR82
16Spos_tumor / 16Sneg_tumor,0.74539467,1.14442603,6,164,646,39686,WDTC1
16Spos_tumor / 16Sneg_tumor,0.973770708,0.99076358,15,164,1346,39686,WEE1
16Spos_tumor / 16Sneg_tumor,0.50232158,0.811970388,12,164,1855,39686,WFS1
16Spos_tumor / 16Sneg_tumor,0.142095034,1.576986653,13,164,1019,39686,WIF1
16Spos_tumor / 16Sneg_tumor,0.140796502,1.516344501,15,164,1293,39686,WIPF2
16Spos_tumor / 16Sneg_tumor,0.271608081,0.565858968,4,164,827,39686,WIPF3
16Spos_tumor / 16Sneg_tumor,0.983620402,1.003519747,45,164,4650,39686,WIPI1
16Spos_tumor / 16Sneg_tumor,0.238066001,1.280571438,27,164,2937,39686,WIPI2
16Spos_tumor / 16Sneg_tumor,0.353403296,1.380813569,10,164,898,39686,WNT10A
16Spos_tumor / 16Sneg_tumor,0.445859198,1.39839839,6,164,544,39686,WNT10B
16Spos_tumor / 16Sneg_tumor,0.143694453,1.596332635,11,164,831,39686,WNT11
16Spos_tumor / 16Sneg_tumor,0.569866035,0.659964882,2,164,390,39686,WNT16
16Spos_tumor / 16Sneg_tumor,0.763155639,1.123787765,8,164,844,39686,WNT2
16Spos_tumor / 16Sneg_tumor,0.494820706,1.289458443,8,164,789,39686,WNT2B
16Spos_tumor / 16Sneg_tumor,0.166861717,0.522248854,5,164,1206,39686,WNT3
16Spos_tumor / 16Sneg_tumor,0.562926315,0.778245264,6,164,895,39686,WNT3A
16Spos_tumor / 16Sneg_tumor,0.910703222,1.035462347,13,164,2018,39686,WNT4
16Spos_tumor / 16Sneg_tumor,0.258377618,0.512650663,3,164,667,39686,WNT5A
16Spos_tumor / 16Sneg_tumor,0.770291566,1.123044317,8,164,913,39686,WNT6
16Spos_tumor / 16Sneg_tumor,0.950467738,1.024082626,8,164,1019,39686,WNT7A
16Spos_tumor / 16Sneg_tumor,0.36357225,1.309936888,13,164,1776,39686,WNT7B
16Spos_tumor / 16Sneg_tumor,0.824261137,0.911960695,7,164,901,39686,WNT9A
16Spos_tumor / 16Sneg_tumor,0.708208242,0.845018255,6,164,801,39686,WRN
16Spos_tumor / 16Sneg_tumor,0.936246982,1.016187518,38,164,2921,39686,WSB1
16Spos_tumor / 16Sneg_tumor,0.625722757,1.303161827,4,164,334,39686,WSCD1
16Spos_tumor / 16Sneg_tumor,0.041139198,0.502842349,11,164,1451,39686,WT1
16Spos_tumor / 16Sneg_tumor,0.792347044,0.942933359,28,164,2987,39686,WWOX
16Spos_tumor / 16Sneg_tumor,0.262419097,0.768563198,20,164,3095,39686,WWP1
16Spos_tumor / 16Sneg_tumor,0.200104235,1.335464969,23,164,2056,39686,WWP2
16Spos_tumor / 16Sneg_tumor,0.784715826,0.916946281,11,164,1479,39686,WWTR1
16Spos_tumor / 16Sneg_tumor,0.339582505,1.110071909,142,164,13593,39686,XBP1
16Spos_tumor / 16Sneg_tumor,0.996765701,0.998317267,7,164,839,39686,XCL1/2
16Spos_tumor / 16Sneg_tumor,0.998022961,0.998826174,5,164,646,39686,XCR1
16Spos_tumor / 16Sneg_tumor,0.262648385,0.626150226,6,164,1292,39686,XIAP
16Spos_tumor / 16Sneg_tumor,0.652990506,1.165855112,10,164,977,39686,XKR4
16Spos_tumor / 16Sneg_tumor,0.898934921,0.969408508,21,164,2402,39686,XKR6
16Spos_tumor / 16Sneg_tumor,0.896811447,1.026401548,33,164,3924,39686,XPA
16Spos_tumor / 16Sneg_tumor,0.220349909,1.346356253,19,164,1703,39686,XPC
16Spos_tumor / 16Sneg_tumor,0.530607349,1.109686655,46,164,4345,39686,XPO1
16Spos_tumor / 16Sneg_tumor,0.235758087,1.357167844,17,164,1479,39686,XRCC1
16Spos_tumor / 16Sneg_tumor,0.641746086,1.155605697,12,164,1244,39686,XRCC4
16Spos_tumor / 16Sneg_tumor,0.042650628,1.356926774,57,164,5261,39686,XRCC5
16Spos_tumor / 16Sneg_tumor,0.985541477,0.996922611,44,164,5762,39686,XRCC6
16Spos_tumor / 16Sneg_tumor,0.043198483,1.66301413,18,164,1133,39686,XRN1
16Spos_tumor / 16Sneg_tumor,0.294837667,1.560100617,6,164,472,39686,XYLT1
16Spos_tumor / 16Sneg_tumor,0.791584707,1.061727711,23,164,2363,39686,YAP1
16Spos_tumor / 16Sneg_tumor,0.76969736,0.929436916,19,164,1933,39686,YARS1
16Spos_tumor / 16Sneg_tumor,0.867315066,0.987623839,532,164,57182,39686,YBX1
16Spos_tumor / 16Sneg_tumor,0.539938088,1.098320182,51,164,6542,39686,YBX3
16Spos_tumor / 16Sneg_tumor,0.39637328,1.27926127,14,164,1296,39686,YEATS2
16Spos_tumor / 16Sneg_tumor,0.702231654,0.875318145,9,164,1161,39686,YEATS4
16Spos_tumor / 16Sneg_tumor,0.499985019,1.171526204,20,164,2463,39686,YES1
16Spos_tumor / 16Sneg_tumor,0.992145498,1.001608734,45,164,6688,39686,YIF1A
16Spos_tumor / 16Sneg_tumor,0.466471681,1.128665585,53,164,3767,39686,YJU2B
16Spos_tumor / 16Sneg_tumor,0.097706771,1.593924765,14,164,1088,39686,YPEL5
16Spos_tumor / 16Sneg_tumor,0.46065728,1.203455269,19,164,1564,39686,YTHDF2
16Spos_tumor / 16Sneg_tumor,0.694090226,0.944384899,58,164,7460,39686,YWHAE
16Spos_tumor / 16Sneg_tumor,0.409682769,0.867695656,40,164,5760,39686,YWHAG
16Spos_tumor / 16Sneg_tumor,0.922482821,0.968488394,10,164,1410,39686,YWHAH
16Spos_tumor / 16Sneg_tumor,0.732657497,1.046836731,69,164,8327,39686,YWHAQ
16Spos_tumor / 16Sneg_tumor,0.182566328,0.882084109,197,164,31307,39686,YWHAZ
16Spos_tumor / 16Sneg_tumor,0.649880505,0.927696469,43,164,5603,39686,YY1
16Spos_tumor / 16Sneg_tumor,0.766984339,1.130239027,6,164,687,39686,ZAP70
16Spos_tumor / 16Sneg_tumor,0.905579931,1.050629714,7,164,909,39686,ZBP1
16Spos_tumor / 16Sneg_tumor,0.456204728,0.800540971,16,164,1709,39686,ZBTB16
16Spos_tumor / 16Sneg_tumor,0.556984084,1.169057345,16,164,1727,39686,ZBTB17
16Spos_tumor / 16Sneg_tumor,0.648003861,1.163325358,11,164,1010,39686,ZBTB20
16Spos_tumor / 16Sneg_tumor,0.944326608,0.959065038,3,164,397,39686,ZBTB32
16Spos_tumor / 16Sneg_tumor,0.968448907,1.010498354,17,164,1825,39686,ZBTB37
16Spos_tumor / 16Sneg_tumor,0.396161986,1.249968047,17,164,1724,39686,ZC3H12A
16Spos_tumor / 16Sneg_tumor,0.226119387,1.294296551,28,164,2267,39686,ZDHHC21
16Spos_tumor / 16Sneg_tumor,0.686949981,1.116662472,17,164,1828,39686,ZDHHC8
16Spos_tumor / 16Sneg_tumor,0.441974861,0.663633374,4,164,760,39686,ZEB1
16Spos_tumor / 16Sneg_tumor,0.391951314,1.200952139,28,164,2741,39686,ZFAND1
16Spos_tumor / 16Sneg_tumor,0.735074525,1.102704884,14,164,1503,39686,ZFHX3
16Spos_tumor / 16Sneg_tumor,0.281137447,0.452280747,2,164,503,39686,ZFHX4
16Spos_tumor / 16Sneg_tumor,0.019905798,0.65322814,40,164,7413,39686,ZFP36L2
16Spos_tumor / 16Sneg_tumor,0.56284974,0.738249045,4,164,702,39686,ZFPM2
16Spos_tumor / 16Sneg_tumor,0.728824778,1.08043575,22,164,2625,39686,ZFYVE27
16Spos_tumor / 16Sneg_tumor,0.500893842,0.814337464,13,164,2198,39686,ZG16B
16Spos_tumor / 16Sneg_tumor,0.411447545,1.382855661,7,164,651,39686,ZHX2
16Spos_tumor / 16Sneg_tumor,0.308829735,0.623580047,5,164,942,39686,ZIC2
16Spos_tumor / 16Sneg_tumor,0.097219202,0.459860717,5,164,1420,39686,ZIC3
16Spos_tumor / 16Sneg_tumor,0.34193927,1.254951736,21,164,1838,39686,ZNF205
16Spos_tumor / 16Sneg_tumor,0.89918633,1.040278482,12,164,1379,39686,ZNF277
16Spos_tumor / 16Sneg_tumor,0.768623965,1.097407039,12,164,1270,39686,ZNF296
16Spos_tumor / 16Sneg_tumor,0.151710362,1.540539598,14,164,1142,39686,ZNF304
16Spos_tumor / 16Sneg_tumor,0.508279665,0.695248803,4,164,651,39686,ZNF521
16Spos_tumor / 16Sneg_tumor,0.556073549,0.749674743,5,164,861,39686,ZNF536
16Spos_tumor / 16Sneg_tumor,0.765602437,1.111704131,9,164,1008,39686,ZNF580
16Spos_tumor / 16Sneg_tumor,0.007554744,1.704864111,33,164,2567,39686,ZNF598
16Spos_tumor / 16Sneg_tumor,0.923821961,0.956751258,5,164,736,39686,ZNF622
16Spos_tumor / 16Sneg_tumor,0.971456692,1.0060072,43,164,6248,39686,ZNF706
16Spos_tumor / 16Sneg_tumor,0.696248577,0.915564261,25,164,3049,39686,ZNF750
16Spos_tumor / 16Sneg_tumor,0.46038871,0.700711674,5,164,882,39686,ZNF804A
16Spos_tumor / 16Sneg_tumor,0.591035213,1.133388659,22,164,2649,39686,ZNRF1
16Spos_tumor / 16Sneg_tumor,0.423848724,1.274056191,13,164,1235,39686,ZNRF2
16Spos_tumor / 16Sneg_tumor,0.873769349,1.068912519,6,164,583,39686,ZNRF3
16Spos_tumor / 16Sneg_tumor,0.939483021,1.025079365,11,164,1234,39686,ZP3
16Spos_tumor / 16Sneg_tumor,0.466110475,0.732483045,6,164,1007,39686,ZSWIM6
16Spos_tumor / 16Sneg_tumor,0.694891799,1.098774286,23,164,2687,39686,ZWINT
16Spos_tumor / 16Sneg_tumor,0.245358745,1.327414568,22,164,1765,39686,ZYG11B
16Spos_tumor / 16Sneg_tumor,0.491948074,1.09723469,75,164,7734,39686,ZYX