contrast,p.value,fold_change,counts_1,ncells_1,counts_2,ncells_2,target
16S+ Neighborhood / 16S- Neighborhood,4.89E-26,1.631123776,12238,2093,18416,8134,A1BG
16S+ Neighborhood / 16S- Neighborhood,0.002069898,0.605572013,79,2093,352,8134,A2M
16S+ Neighborhood / 16S- Neighborhood,0.605321881,0.934597132,115,2093,224,8134,AAAS
16S+ Neighborhood / 16S- Neighborhood,0.517155486,1.129516237,52,2093,121,8134,AAK1
16S+ Neighborhood / 16S- Neighborhood,0.054489264,1.182995705,255,2093,628,8134,AAMP
16S+ Neighborhood / 16S- Neighborhood,0.152784754,1.111857233,379,2093,701,8134,AARS1
16S+ Neighborhood / 16S- Neighborhood,0.523131257,0.885553567,45,2093,125,8134,AASS
16S+ Neighborhood / 16S- Neighborhood,0.430522235,0.898662952,87,2093,202,8134,AATK
16S+ Neighborhood / 16S- Neighborhood,0.969842233,1.005720702,80,2093,160,8134,ABAT
16S+ Neighborhood / 16S- Neighborhood,0.430048922,0.847427891,35,2093,104,8134,ABCA1
16S+ Neighborhood / 16S- Neighborhood,0.672902146,1.06545266,81,2093,204,8134,ABCA2
16S+ Neighborhood / 16S- Neighborhood,0.705064855,0.934997946,57,2093,154,8134,ABCA5
16S+ Neighborhood / 16S- Neighborhood,0.03742605,0.773668828,132,2093,350,8134,ABCB1
16S+ Neighborhood / 16S- Neighborhood,0.754607923,1.040667678,125,2093,253,8134,ABCB10
16S+ Neighborhood / 16S- Neighborhood,0.902412538,1.021063,52,2093,106,8134,ABCB7
16S+ Neighborhood / 16S- Neighborhood,0.069039656,0.769528511,78,2093,206,8134,ABCB8
16S+ Neighborhood / 16S- Neighborhood,0.760618174,1.060337891,41,2093,81,8134,ABCB9
16S+ Neighborhood / 16S- Neighborhood,0.058137671,1.354844398,72,2093,105,8134,ABCC1
16S+ Neighborhood / 16S- Neighborhood,0.000289599,0.738779058,276,2093,1069,8134,ABCC3
16S+ Neighborhood / 16S- Neighborhood,0.675787769,1.065127218,79,2093,256,8134,ABCC4
16S+ Neighborhood / 16S- Neighborhood,0.254188857,0.815251381,54,2093,156,8134,ABCC8
16S+ Neighborhood / 16S- Neighborhood,0.006652278,0.553516868,32,2093,132,8134,ABCC9
16S+ Neighborhood / 16S- Neighborhood,0.245463966,0.882611815,147,2093,535,8134,ABCD1
16S+ Neighborhood / 16S- Neighborhood,0.528375595,1.069466215,160,2093,317,8134,ABCE1
16S+ Neighborhood / 16S- Neighborhood,0.107270292,0.794975598,78,2093,205,8134,ABCG1
16S+ Neighborhood / 16S- Neighborhood,0.736328584,1.036748173,171,2093,339,8134,ABHD12
16S+ Neighborhood / 16S- Neighborhood,0.475326329,0.953559808,417,2093,1646,8134,ABHD2
16S+ Neighborhood / 16S- Neighborhood,0.718020792,0.955094225,109,2093,360,8134,ABHD3
16S+ Neighborhood / 16S- Neighborhood,0.141897137,0.82496857,92,2093,237,8134,ABHD5
16S+ Neighborhood / 16S- Neighborhood,0.328321136,0.854174611,66,2093,216,8134,ABHD6
16S+ Neighborhood / 16S- Neighborhood,0.425984485,1.081720354,218,2093,357,8134,ABI1
16S+ Neighborhood / 16S- Neighborhood,0.358711995,0.890797595,118,2093,263,8134,ABI2
16S+ Neighborhood / 16S- Neighborhood,0.001398941,0.512361424,34,2093,162,8134,ABI3BP
16S+ Neighborhood / 16S- Neighborhood,0.943234308,1.007232311,189,2093,396,8134,ABL1
16S+ Neighborhood / 16S- Neighborhood,0.934021875,0.988841522,95,2093,230,8134,ABL2
16S+ Neighborhood / 16S- Neighborhood,0.162453764,1.13045845,271,2093,520,8134,ABLIM1
16S+ Neighborhood / 16S- Neighborhood,2.63E-05,1.311313606,648,2093,694,8134,ABR
16S+ Neighborhood / 16S- Neighborhood,0.168059787,0.797517082,67,2093,172,8134,ABRAXAS1
16S+ Neighborhood / 16S- Neighborhood,0.779146443,0.956914055,66,2093,149,8134,ABRAXAS2
16S+ Neighborhood / 16S- Neighborhood,0.905087986,1.01557385,106,2093,232,8134,ACAA1
16S+ Neighborhood / 16S- Neighborhood,0.759763085,0.921209465,21,2093,77,8134,ACAA2
16S+ Neighborhood / 16S- Neighborhood,0.501698008,1.067971976,235,2093,524,8134,ACACA
16S+ Neighborhood / 16S- Neighborhood,0.833729285,1.039258541,56,2093,114,8134,ACACB
16S+ Neighborhood / 16S- Neighborhood,0.000201668,1.412809493,285,2093,369,8134,ACAD9
16S+ Neighborhood / 16S- Neighborhood,0.52451757,1.078816032,160,2093,237,8134,ACADM
16S+ Neighborhood / 16S- Neighborhood,0.098956626,0.791197826,87,2093,221,8134,ACADS
16S+ Neighborhood / 16S- Neighborhood,0.016374926,1.173203099,539,2093,975,8134,ACADVL
16S+ Neighborhood / 16S- Neighborhood,0.169116921,1.16624093,164,2093,262,8134,ACAP2
16S+ Neighborhood / 16S- Neighborhood,0.097011318,0.813218921,124,2093,304,8134,ACAP3
16S+ Neighborhood / 16S- Neighborhood,0.957478642,0.992420236,90,2093,221,8134,ACAT1
16S+ Neighborhood / 16S- Neighborhood,0.102283749,1.275779515,92,2093,137,8134,ACAT2
16S+ Neighborhood / 16S- Neighborhood,0.56362869,1.083139659,86,2093,162,8134,ACBD5
16S+ Neighborhood / 16S- Neighborhood,0.233269868,1.140799248,159,2093,292,8134,ACBD6
16S+ Neighborhood / 16S- Neighborhood,0.596744329,0.942345893,152,2093,313,8134,ACD
16S+ Neighborhood / 16S- Neighborhood,0.920442051,0.985761943,93,2093,212,8134,ACE
16S+ Neighborhood / 16S- Neighborhood,0.019717476,0.716592753,81,2093,241,8134,ACE2
16S+ Neighborhood / 16S- Neighborhood,0.00074779,0.508386154,34,2093,154,8134,ACER2
16S+ Neighborhood / 16S- Neighborhood,0.763341281,1.041129079,101,2093,206,8134,ACER3
16S+ Neighborhood / 16S- Neighborhood,0.053031569,0.622861222,26,2093,88,8134,ACHE
16S+ Neighborhood / 16S- Neighborhood,0.072176509,1.071257317,2491,2093,2976,8134,ACIN1
16S+ Neighborhood / 16S- Neighborhood,0.574106642,0.875555637,35,2093,82,8134,ACKR1
16S+ Neighborhood / 16S- Neighborhood,0.004030024,0.617851491,60,2093,213,8134,ACKR3
16S+ Neighborhood / 16S- Neighborhood,0.585760106,0.890412488,40,2093,75,8134,ACKR4
16S+ Neighborhood / 16S- Neighborhood,0.024620962,1.162832599,562,2093,799,8134,ACLY
16S+ Neighborhood / 16S- Neighborhood,0.982958323,0.997761464,154,2093,331,8134,ACO2
16S+ Neighborhood / 16S- Neighborhood,0.096398043,0.754085902,56,2093,185,8134,ACOT11
16S+ Neighborhood / 16S- Neighborhood,0.138841459,0.713700323,34,2093,105,8134,ACOT12
16S+ Neighborhood / 16S- Neighborhood,0.194570083,0.873892666,181,2093,366,8134,ACOT13
16S+ Neighborhood / 16S- Neighborhood,0.630114159,1.04114955,341,2093,492,8134,ACOT7
16S+ Neighborhood / 16S- Neighborhood,0.197446595,1.249650357,63,2093,133,8134,ACOT8
16S+ Neighborhood / 16S- Neighborhood,0.302294916,0.754904448,22,2093,70,8134,ACOT9
16S+ Neighborhood / 16S- Neighborhood,0.907034811,0.987079599,165,2093,244,8134,ACOX1
16S+ Neighborhood / 16S- Neighborhood,0.040469225,0.697799319,59,2093,179,8134,ACOX2
16S+ Neighborhood / 16S- Neighborhood,0.213568211,1.196461317,100,2093,155,8134,ACOX3
16S+ Neighborhood / 16S- Neighborhood,0.035578513,0.610223002,33,2093,90,8134,ACP3
16S+ Neighborhood / 16S- Neighborhood,0.1380547,0.805706734,84,2093,275,8134,ACP5
16S+ Neighborhood / 16S- Neighborhood,0.879093659,0.969086649,43,2093,117,8134,ACSBG1
16S+ Neighborhood / 16S- Neighborhood,0.062560407,1.250251521,138,2093,234,8134,ACSF3
16S+ Neighborhood / 16S- Neighborhood,0.010557046,0.691112296,73,2093,226,8134,ACSL1
16S+ Neighborhood / 16S- Neighborhood,0.8865542,1.011780125,290,2093,594,8134,ACSL3
16S+ Neighborhood / 16S- Neighborhood,0.727014955,1.050905002,87,2093,198,8134,ACSL4
16S+ Neighborhood / 16S- Neighborhood,0.006812171,1.361802712,131,2093,451,8134,ACSL5
16S+ Neighborhood / 16S- Neighborhood,0.003432152,0.511407951,28,2093,133,8134,ACSM2A
16S+ Neighborhood / 16S- Neighborhood,0.341939927,0.885289968,112,2093,299,8134,ACSM3
16S+ Neighborhood / 16S- Neighborhood,0.483644724,1.080430793,158,2093,401,8134,ACSS1
16S+ Neighborhood / 16S- Neighborhood,0.021710055,0.727264702,84,2093,266,8134,ACSS2
16S+ Neighborhood / 16S- Neighborhood,0.470809941,1.181501722,34,2093,63,8134,ACSS3
16S+ Neighborhood / 16S- Neighborhood,0.008046207,0.71194367,141,2093,640,8134,ACTA2
16S+ Neighborhood / 16S- Neighborhood,0.135803663,0.745834855,44,2093,131,8134,ACTG2
16S+ Neighborhood / 16S- Neighborhood,0.169359534,1.139722824,230,2093,369,8134,ACTL6A
16S+ Neighborhood / 16S- Neighborhood,0.12422372,0.847237301,152,2093,529,8134,ACTN1
16S+ Neighborhood / 16S- Neighborhood,0.204098228,1.081800142,653,2093,974,8134,ACTN4
16S+ Neighborhood / 16S- Neighborhood,0.036173199,1.286164788,121,2093,202,8134,ACTR10
16S+ Neighborhood / 16S- Neighborhood,0.672543381,1.046627137,170,2093,328,8134,ACTR1A
16S+ Neighborhood / 16S- Neighborhood,0.605017877,1.040403675,325,2093,826,8134,ACTR1B
16S+ Neighborhood / 16S- Neighborhood,0.304689663,1.079145792,392,2093,703,8134,ACTR2
16S+ Neighborhood / 16S- Neighborhood,0.021354617,1.210945825,307,2093,472,8134,ACTR3
16S+ Neighborhood / 16S- Neighborhood,0.57064906,0.908871933,60,2093,142,8134,ACTR3B
16S+ Neighborhood / 16S- Neighborhood,0.000617063,0.694151027,174,2093,531,8134,ACVR1
16S+ Neighborhood / 16S- Neighborhood,0.113809613,1.107186308,698,2093,717,8134,ACVR1B
16S+ Neighborhood / 16S- Neighborhood,0.505676521,0.903818415,80,2093,199,8134,ACVR1C
16S+ Neighborhood / 16S- Neighborhood,0.744169224,0.953115627,79,2093,172,8134,ACVR2A
16S+ Neighborhood / 16S- Neighborhood,0.492949023,0.87875123,58,2093,143,8134,ACVR2B
16S+ Neighborhood / 16S- Neighborhood,0.012460334,0.656270849,66,2093,187,8134,ACVRL1
16S+ Neighborhood / 16S- Neighborhood,0.943123212,1.009305999,105,2093,276,8134,ACY1
16S+ Neighborhood / 16S- Neighborhood,0.115922334,0.685672886,26,2093,78,8134,ADA
16S+ Neighborhood / 16S- Neighborhood,0.060302448,0.712854437,59,2093,178,8134,ADA2
16S+ Neighborhood / 16S- Neighborhood,0.698288017,0.958385775,158,2093,394,8134,ADAM10
16S+ Neighborhood / 16S- Neighborhood,0.82003957,0.952391157,37,2093,84,8134,ADAM12
16S+ Neighborhood / 16S- Neighborhood,0.414899437,1.088759602,190,2093,310,8134,ADAM15
16S+ Neighborhood / 16S- Neighborhood,0.847654198,1.028176535,91,2093,205,8134,ADAM17
16S+ Neighborhood / 16S- Neighborhood,0.037074013,0.528924595,15,2093,64,8134,ADAM19
16S+ Neighborhood / 16S- Neighborhood,0.110562851,0.715110494,37,2093,132,8134,ADAM22
16S+ Neighborhood / 16S- Neighborhood,0.000126754,0.530941046,53,2093,278,8134,ADAM28
16S+ Neighborhood / 16S- Neighborhood,0.254211356,0.881331243,148,2093,602,8134,ADAM8
16S+ Neighborhood / 16S- Neighborhood,0.06436044,1.166200052,278,2093,718,8134,ADAM9
16S+ Neighborhood / 16S- Neighborhood,0.642580833,0.942383503,136,2093,322,8134,ADAMTS17
16S+ Neighborhood / 16S- Neighborhood,0.004359953,0.600253529,50,2093,190,8134,ADAMTS5
16S+ Neighborhood / 16S- Neighborhood,0.00313573,0.542199776,36,2093,161,8134,ADAMTS9
16S+ Neighborhood / 16S- Neighborhood,0.884355333,0.97908395,82,2093,180,8134,ADAR
16S+ Neighborhood / 16S- Neighborhood,0.132419526,0.730381959,35,2093,146,8134,ADCY1
16S+ Neighborhood / 16S- Neighborhood,0.011490746,0.57671486,33,2093,120,8134,ADCY2
16S+ Neighborhood / 16S- Neighborhood,0.016160562,0.676667688,63,2093,262,8134,ADCY3
16S+ Neighborhood / 16S- Neighborhood,0.894115773,0.971630711,33,2093,140,8134,ADCY5
16S+ Neighborhood / 16S- Neighborhood,0.818133182,0.964740998,72,2093,260,8134,ADCY7
16S+ Neighborhood / 16S- Neighborhood,0.114186748,0.624102556,15,2093,54,8134,ADCY8
16S+ Neighborhood / 16S- Neighborhood,0.71962608,0.938705028,62,2093,126,8134,ADCY9
16S+ Neighborhood / 16S- Neighborhood,0.126126704,1.148178983,275,2093,427,8134,ADD1
16S+ Neighborhood / 16S- Neighborhood,0.001660554,0.500036517,27,2093,108,8134,ADD2
16S+ Neighborhood / 16S- Neighborhood,0.486841964,0.911725408,95,2093,327,8134,ADD3
16S+ Neighborhood / 16S- Neighborhood,0.176994756,0.681102548,18,2093,64,8134,ADGRA2
16S+ Neighborhood / 16S- Neighborhood,0.118752035,1.204589423,146,2093,289,8134,ADGRA3
16S+ Neighborhood / 16S- Neighborhood,0.04035637,0.660540395,36,2093,109,8134,ADGRE1
16S+ Neighborhood / 16S- Neighborhood,0.501336393,0.912933668,94,2093,320,8134,ADGRE2
16S+ Neighborhood / 16S- Neighborhood,0.036888838,0.754169948,79,2093,392,8134,ADGRE5
16S+ Neighborhood / 16S- Neighborhood,0.972038041,0.99285847,44,2093,104,8134,ADGRF1
16S+ Neighborhood / 16S- Neighborhood,0.070121075,0.734660117,60,2093,172,8134,ADGRF3
16S+ Neighborhood / 16S- Neighborhood,0.008502317,0.585473934,34,2093,129,8134,ADGRF5
16S+ Neighborhood / 16S- Neighborhood,0.004756625,1.230228948,418,2093,733,8134,ADGRG1
16S+ Neighborhood / 16S- Neighborhood,0.000666491,0.56539849,51,2093,196,8134,ADGRG3
16S+ Neighborhood / 16S- Neighborhood,0.056391743,0.677093191,38,2093,154,8134,ADGRG5
16S+ Neighborhood / 16S- Neighborhood,0.03253607,0.801895922,156,2093,553,8134,ADGRG6
16S+ Neighborhood / 16S- Neighborhood,0.301422895,0.861467195,76,2093,318,8134,ADGRL1
16S+ Neighborhood / 16S- Neighborhood,0.000266437,1.424692078,327,2093,312,8134,ADGRL2
16S+ Neighborhood / 16S- Neighborhood,0.026175947,0.676608897,49,2093,151,8134,ADGRL3
16S+ Neighborhood / 16S- Neighborhood,0.079455378,0.604019746,17,2093,60,8134,ADGRL4
16S+ Neighborhood / 16S- Neighborhood,0.112728412,0.768526407,56,2093,153,8134,ADGRV1
16S+ Neighborhood / 16S- Neighborhood,0.265303968,0.801531981,38,2093,98,8134,ADH1A
16S+ Neighborhood / 16S- Neighborhood,0.394290247,0.843173526,35,2093,91,8134,ADH1B
16S+ Neighborhood / 16S- Neighborhood,0.011075181,0.685073751,70,2093,215,8134,ADH1C
16S+ Neighborhood / 16S- Neighborhood,0.290902821,0.712532614,13,2093,39,8134,ADH4
16S+ Neighborhood / 16S- Neighborhood,0.027397216,1.200133624,412,2093,401,8134,ADH5
16S+ Neighborhood / 16S- Neighborhood,0.003822982,0.428936666,15,2093,74,8134,ADH6
16S+ Neighborhood / 16S- Neighborhood,0.337610128,0.78564551,29,2093,76,8134,ADIPOQ
16S+ Neighborhood / 16S- Neighborhood,0.001325331,1.49760513,139,2093,173,8134,ADIPOR1
16S+ Neighborhood / 16S- Neighborhood,0.249731959,0.825280319,62,2093,162,8134,ADIPOR2
16S+ Neighborhood / 16S- Neighborhood,0.81121067,0.985618052,802,2093,865,8134,ADIRF
16S+ Neighborhood / 16S- Neighborhood,0.791364705,1.035875635,108,2093,356,8134,ADM
16S+ Neighborhood / 16S- Neighborhood,0.000283915,0.615059309,86,2093,283,8134,ADM2
16S+ Neighborhood / 16S- Neighborhood,0.484430891,1.078037663,189,2093,413,8134,ADNP2
16S+ Neighborhood / 16S- Neighborhood,0.038662025,0.700239244,55,2093,197,8134,ADORA1
16S+ Neighborhood / 16S- Neighborhood,0.011832029,0.673479414,64,2093,209,8134,ADORA2A
16S+ Neighborhood / 16S- Neighborhood,0.017564517,0.700711128,72,2093,225,8134,ADORA2B
16S+ Neighborhood / 16S- Neighborhood,0.420257274,0.881556753,60,2093,146,8134,ADPGK
16S+ Neighborhood / 16S- Neighborhood,0.665630004,0.922018918,49,2093,124,8134,ADPRM
16S+ Neighborhood / 16S- Neighborhood,0.074030512,0.63698844,25,2093,94,8134,ADRA1A
16S+ Neighborhood / 16S- Neighborhood,0.695907334,0.929116647,50,2093,143,8134,ADRA1B
16S+ Neighborhood / 16S- Neighborhood,0.173986932,0.804699627,84,2093,220,8134,ADRA1D
16S+ Neighborhood / 16S- Neighborhood,0.138451434,0.747651825,42,2093,139,8134,ADRA2A
16S+ Neighborhood / 16S- Neighborhood,0.02856,0.770692303,122,2093,369,8134,ADRA2B
16S+ Neighborhood / 16S- Neighborhood,0.866057618,0.95489273,21,2093,61,8134,ADRA2C
16S+ Neighborhood / 16S- Neighborhood,0.575500913,1.070973928,158,2093,278,8134,ADRB1
16S+ Neighborhood / 16S- Neighborhood,0.890922762,0.977066893,77,2093,187,8134,ADRB2
16S+ Neighborhood / 16S- Neighborhood,0.587764999,1.169275929,20,2093,59,8134,ADRB3
16S+ Neighborhood / 16S- Neighborhood,0.635161148,1.028546575,639,2093,1041,8134,ADRM1
16S+ Neighborhood / 16S- Neighborhood,0.175366465,1.181328555,123,2093,236,8134,AEBP2
16S+ Neighborhood / 16S- Neighborhood,0.864706235,0.985414375,248,2093,518,8134,AFDN
16S+ Neighborhood / 16S- Neighborhood,0.81211805,1.024731676,203,2093,353,8134,AFF1
16S+ Neighborhood / 16S- Neighborhood,0.01167914,0.514373661,21,2093,86,8134,AFF2
16S+ Neighborhood / 16S- Neighborhood,0.105288675,0.736794188,53,2093,119,8134,AGA
16S+ Neighborhood / 16S- Neighborhood,0.524892505,1.065301029,203,2093,428,8134,AGAP3
16S+ Neighborhood / 16S- Neighborhood,0.237413655,0.840266308,77,2093,183,8134,AGBL4
16S+ Neighborhood / 16S- Neighborhood,0.068531144,0.69171274,39,2093,114,8134,AGER
16S+ Neighborhood / 16S- Neighborhood,0.726936057,0.969788564,266,2093,740,8134,AGFG1
16S+ Neighborhood / 16S- Neighborhood,0.720110131,0.946140432,71,2093,159,8134,AGK
16S+ Neighborhood / 16S- Neighborhood,0.129270792,0.780953674,67,2093,153,8134,AGL
16S+ Neighborhood / 16S- Neighborhood,0.464427182,0.826358806,23,2093,55,8134,AGMO
16S+ Neighborhood / 16S- Neighborhood,0.261434408,1.181246285,78,2093,146,8134,AGO2
16S+ Neighborhood / 16S- Neighborhood,0.268696275,0.852592101,86,2093,231,8134,AGO3
16S+ Neighborhood / 16S- Neighborhood,0.51327219,0.885479365,46,2093,110,8134,AGO4
16S+ Neighborhood / 16S- Neighborhood,0.639911406,1.038905728,302,2093,559,8134,AGPAT1
16S+ Neighborhood / 16S- Neighborhood,0.384361983,0.906081415,128,2093,503,8134,AGPAT2
16S+ Neighborhood / 16S- Neighborhood,0.040449724,1.22533245,175,2093,640,8134,AGPAT3
16S+ Neighborhood / 16S- Neighborhood,0.019394325,0.696744504,65,2093,198,8134,AGPAT4
16S+ Neighborhood / 16S- Neighborhood,0.674032111,1.067803195,68,2093,196,8134,AGPAT5
16S+ Neighborhood / 16S- Neighborhood,0.208599221,1.196847086,81,2093,143,8134,AGPS
16S+ Neighborhood / 16S- Neighborhood,0.002655571,1.157095254,1693,2093,4778,8134,AGR2
16S+ Neighborhood / 16S- Neighborhood,0.001329166,1.218927544,594,2093,1409,8134,AGRN
16S+ Neighborhood / 16S- Neighborhood,0.726338313,0.943475274,61,2093,170,8134,AGRP
16S+ Neighborhood / 16S- Neighborhood,6.51E-08,0.633830762,331,2093,1221,8134,AGT
16S+ Neighborhood / 16S- Neighborhood,0.928865982,0.987754747,82,2093,178,8134,AGTPBP1
16S+ Neighborhood / 16S- Neighborhood,0.003991946,0.596280691,51,2093,206,8134,AGTR1
16S+ Neighborhood / 16S- Neighborhood,0.336131812,0.794119405,28,2093,84,8134,AGTR2
16S+ Neighborhood / 16S- Neighborhood,0.006869915,0.751941917,140,2093,391,8134,AGTRAP
16S+ Neighborhood / 16S- Neighborhood,0.001139532,1.655926358,81,2093,103,8134,AHCTF1
16S+ Neighborhood / 16S- Neighborhood,0.352305106,1.101070142,197,2093,326,8134,AHCYL1
16S+ Neighborhood / 16S- Neighborhood,0.735442665,1.070833352,44,2093,79,8134,AHI1
16S+ Neighborhood / 16S- Neighborhood,0.313767003,0.911042714,189,2093,776,8134,AHR
16S+ Neighborhood / 16S- Neighborhood,0.2037879,0.759649254,36,2093,108,8134,AICDA
16S+ Neighborhood / 16S- Neighborhood,0.146626269,0.764536701,49,2093,144,8134,AIF1
16S+ Neighborhood / 16S- Neighborhood,0.46710846,0.871061277,46,2093,145,8134,AIFM1
16S+ Neighborhood / 16S- Neighborhood,0.603878385,0.94697565,149,2093,327,8134,AIFM2
16S+ Neighborhood / 16S- Neighborhood,0.663159526,1.046398415,157,2093,306,8134,AIG1
16S+ Neighborhood / 16S- Neighborhood,0.612235835,0.949917102,175,2093,444,8134,AIP
16S+ Neighborhood / 16S- Neighborhood,0.523602501,0.850859375,26,2093,93,8134,AIRE
16S+ Neighborhood / 16S- Neighborhood,0.206361219,0.693192972,17,2093,54,8134,AK1
16S+ Neighborhood / 16S- Neighborhood,0.513774454,0.938523562,200,2093,478,8134,AKAP1
16S+ Neighborhood / 16S- Neighborhood,0.506116342,0.915446873,95,2093,212,8134,AKAP10
16S+ Neighborhood / 16S- Neighborhood,0.579445187,0.909953,63,2093,213,8134,AKAP12
16S+ Neighborhood / 16S- Neighborhood,0.745115625,1.037672204,145,2093,325,8134,AKAP13
16S+ Neighborhood / 16S- Neighborhood,0.556851069,1.096832477,79,2093,134,8134,AKAP9
16S+ Neighborhood / 16S- Neighborhood,0.614162922,1.073466398,98,2093,165,8134,AKIRIN1
16S+ Neighborhood / 16S- Neighborhood,0.004955907,1.370969132,207,2093,240,8134,AKR1A1
16S+ Neighborhood / 16S- Neighborhood,0.929849093,1.00979789,141,2093,305,8134,AKR1B1
16S+ Neighborhood / 16S- Neighborhood,0.553038428,0.918005573,95,2093,225,8134,AKR1C1
16S+ Neighborhood / 16S- Neighborhood,0.489399891,0.904232973,89,2093,164,8134,AKR1C4
16S+ Neighborhood / 16S- Neighborhood,8.42E-06,1.236187462,1261,2093,1237,8134,AKT1
16S+ Neighborhood / 16S- Neighborhood,0.149271992,1.153670532,226,2093,311,8134,AKT1S1
16S+ Neighborhood / 16S- Neighborhood,0.070006244,1.134780144,420,2093,814,8134,AKT2
16S+ Neighborhood / 16S- Neighborhood,0.279114475,0.733359858,18,2093,58,8134,AKT3
16S+ Neighborhood / 16S- Neighborhood,0.584336203,1.07090701,123,2093,250,8134,ALAD
16S+ Neighborhood / 16S- Neighborhood,0.035533178,1.246680543,214,2093,256,8134,ALCAM
16S+ Neighborhood / 16S- Neighborhood,0.701116358,0.94818398,119,2093,189,8134,ALDH1A1
16S+ Neighborhood / 16S- Neighborhood,0.002516268,0.6194602,64,2093,227,8134,ALDH1A3
16S+ Neighborhood / 16S- Neighborhood,0.404090775,0.790306661,20,2093,73,8134,ALDH1L1
16S+ Neighborhood / 16S- Neighborhood,0.028786945,1.213203666,282,2093,459,8134,ALDH2
16S+ Neighborhood / 16S- Neighborhood,0.129098437,0.739637681,46,2093,128,8134,ALDH3A1
16S+ Neighborhood / 16S- Neighborhood,0.797682122,1.031791245,146,2093,261,8134,ALDH3A2
16S+ Neighborhood / 16S- Neighborhood,0.07740152,0.832273129,155,2093,381,8134,ALDH3B1
16S+ Neighborhood / 16S- Neighborhood,0.406943503,1.091219267,217,2093,288,8134,ALDH7A1
16S+ Neighborhood / 16S- Neighborhood,0.166316446,0.84976841,139,2093,281,8134,ALDH9A1
16S+ Neighborhood / 16S- Neighborhood,6.26E-06,1.154723898,3368,2093,5752,8134,ALDOA
16S+ Neighborhood / 16S- Neighborhood,0.122757099,0.580147931,11,2093,45,8134,ALDOB
16S+ Neighborhood / 16S- Neighborhood,0.684413576,1.067281036,80,2093,137,8134,ALDOC
16S+ Neighborhood / 16S- Neighborhood,0.662079446,0.942597787,98,2093,246,8134,ALG13
16S+ Neighborhood / 16S- Neighborhood,0.834892786,1.041116935,45,2093,88,8134,ALK
16S+ Neighborhood / 16S- Neighborhood,0.446323675,0.860577925,45,2093,117,8134,ALKAL2
16S+ Neighborhood / 16S- Neighborhood,0.174523186,1.127474673,301,2093,416,8134,ALKBH2
16S+ Neighborhood / 16S- Neighborhood,0.103582022,0.769086909,60,2093,163,8134,ALKBH3
16S+ Neighborhood / 16S- Neighborhood,0.005670226,1.428253119,146,2093,169,8134,ALKBH5
16S+ Neighborhood / 16S- Neighborhood,0.638534171,1.095062456,44,2093,84,8134,ALMS1
16S+ Neighborhood / 16S- Neighborhood,0.081843698,0.554451364,13,2093,59,8134,ALOX12
16S+ Neighborhood / 16S- Neighborhood,0.021410848,1.21686032,436,2093,373,8134,ALOX15B
16S+ Neighborhood / 16S- Neighborhood,0.070471937,0.79257815,97,2093,420,8134,ALOX5
16S+ Neighborhood / 16S- Neighborhood,1.09E-05,0.530027554,85,2093,409,8134,ALOX5AP
16S+ Neighborhood / 16S- Neighborhood,0.029674824,0.654609139,37,2093,116,8134,ALPK1
16S+ Neighborhood / 16S- Neighborhood,0.01218321,0.523284976,21,2093,85,8134,AMBP
16S+ Neighborhood / 16S- Neighborhood,0.211506664,1.162266055,147,2093,237,8134,AMBRA1
16S+ Neighborhood / 16S- Neighborhood,0.00037111,0.481384346,35,2093,147,8134,AMELX
16S+ Neighborhood / 16S- Neighborhood,0.434248959,0.870938991,57,2093,141,8134,AMER1
16S+ Neighborhood / 16S- Neighborhood,0.005971743,0.783556803,228,2093,620,8134,AMFR
16S+ Neighborhood / 16S- Neighborhood,0.356511122,0.894819713,118,2093,342,8134,AMH
16S+ Neighborhood / 16S- Neighborhood,0.251082227,0.837431502,75,2093,215,8134,AMHR2
16S+ Neighborhood / 16S- Neighborhood,0.546406995,0.890958886,42,2093,97,8134,AMOT
16S+ Neighborhood / 16S- Neighborhood,0.028836085,0.611861427,28,2093,109,8134,AMOTL2
16S+ Neighborhood / 16S- Neighborhood,0.202516907,0.750637707,30,2093,104,8134,AMPH
16S+ Neighborhood / 16S- Neighborhood,0.8097752,0.970353762,114,2093,283,8134,ANAPC1
16S+ Neighborhood / 16S- Neighborhood,0.249147819,0.792673701,44,2093,119,8134,ANAPC10
16S+ Neighborhood / 16S- Neighborhood,0.024039967,1.162271093,469,2093,946,8134,ANAPC11
16S+ Neighborhood / 16S- Neighborhood,0.968553652,0.995897365,198,2093,333,8134,ANAPC13
16S+ Neighborhood / 16S- Neighborhood,0.797420643,1.030302499,122,2093,246,8134,ANAPC15
16S+ Neighborhood / 16S- Neighborhood,0.650969069,0.946742631,122,2093,364,8134,ANAPC2
16S+ Neighborhood / 16S- Neighborhood,0.148258554,1.206629649,115,2093,237,8134,ANAPC4
16S+ Neighborhood / 16S- Neighborhood,0.294288372,1.122156491,172,2093,301,8134,ANAPC5
16S+ Neighborhood / 16S- Neighborhood,0.032636576,1.278541919,172,2093,260,8134,ANAPC7
16S+ Neighborhood / 16S- Neighborhood,0.049095736,0.720122478,72,2093,194,8134,ANG
16S+ Neighborhood / 16S- Neighborhood,0.061330334,0.744890114,58,2093,159,8134,ANGEL2
16S+ Neighborhood / 16S- Neighborhood,0.494131287,0.825844421,18,2093,44,8134,ANGPT1
16S+ Neighborhood / 16S- Neighborhood,0.025167064,0.590575909,33,2093,167,8134,ANGPT2
16S+ Neighborhood / 16S- Neighborhood,0.359809664,0.828515163,41,2093,122,8134,ANGPTL1
16S+ Neighborhood / 16S- Neighborhood,0.034215444,0.715182719,70,2093,231,8134,ANGPTL2
16S+ Neighborhood / 16S- Neighborhood,0.23585572,0.785450543,40,2093,106,8134,ANGPTL3
16S+ Neighborhood / 16S- Neighborhood,0.00465067,0.744167955,207,2093,934,8134,ANGPTL4
16S+ Neighborhood / 16S- Neighborhood,0.492085695,0.901517492,97,2093,183,8134,ANK1
16S+ Neighborhood / 16S- Neighborhood,0.100860067,0.78180949,75,2093,255,8134,ANKH
16S+ Neighborhood / 16S- Neighborhood,0.507415908,1.071229735,207,2093,318,8134,ANKLE2
16S+ Neighborhood / 16S- Neighborhood,0.05118068,0.6483627,34,2093,126,8134,ANKRD1
16S+ Neighborhood / 16S- Neighborhood,0.816906306,1.029357375,118,2093,251,8134,ANKRD22
16S+ Neighborhood / 16S- Neighborhood,0.005615528,1.411352642,173,2093,200,8134,ANKRD28
16S+ Neighborhood / 16S- Neighborhood,0.007637788,0.538095841,29,2093,113,8134,ANKRD30B
16S+ Neighborhood / 16S- Neighborhood,0.055284906,0.724407499,58,2093,178,8134,ANKRD6
16S+ Neighborhood / 16S- Neighborhood,0.008750504,0.656478605,62,2093,282,8134,ANLN
16S+ Neighborhood / 16S- Neighborhood,0.042663233,0.670085772,39,2093,121,8134,ANO4
16S+ Neighborhood / 16S- Neighborhood,0.925897223,1.012642263,101,2093,209,8134,ANO6
16S+ Neighborhood / 16S- Neighborhood,0.324699869,0.908253335,222,2093,485,8134,ANP32B
16S+ Neighborhood / 16S- Neighborhood,0.169883985,0.825900422,97,2093,297,8134,ANPEP
16S+ Neighborhood / 16S- Neighborhood,0.000234375,0.552390369,56,2093,241,8134,ANTXR2
16S+ Neighborhood / 16S- Neighborhood,0.075127421,0.840104003,223,2093,506,8134,ANXA1
16S+ Neighborhood / 16S- Neighborhood,1.54E-05,1.254796973,905,2093,1200,8134,ANXA2
16S+ Neighborhood / 16S- Neighborhood,0.407659622,0.943659704,386,2093,1380,8134,ANXA4
16S+ Neighborhood / 16S- Neighborhood,0.011038449,1.21488469,400,2093,577,8134,ANXA5
16S+ Neighborhood / 16S- Neighborhood,0.037906599,0.599964654,22,2093,77,8134,AOAH
16S+ Neighborhood / 16S- Neighborhood,0.839944751,1.020396464,193,2093,486,8134,AP1B1
16S+ Neighborhood / 16S- Neighborhood,0.517245713,1.079094453,150,2093,248,8134,AP1G1
16S+ Neighborhood / 16S- Neighborhood,0.034459861,1.148122251,655,2093,988,8134,AP1G2
16S+ Neighborhood / 16S- Neighborhood,0.240570241,1.157377313,117,2093,256,8134,AP1M1
16S+ Neighborhood / 16S- Neighborhood,0.866965109,0.986515703,303,2093,602,8134,AP1S1
16S+ Neighborhood / 16S- Neighborhood,0.019581843,0.650823809,47,2093,163,8134,AP1S2
16S+ Neighborhood / 16S- Neighborhood,0.074940899,0.663146981,26,2093,81,8134,AP1S3
16S+ Neighborhood / 16S- Neighborhood,0.29320084,1.086539215,357,2093,638,8134,AP2A1
16S+ Neighborhood / 16S- Neighborhood,0.34512069,0.886635918,111,2093,296,8134,AP2A2
16S+ Neighborhood / 16S- Neighborhood,1.96E-07,1.382650935,686,2093,902,8134,AP2B1
16S+ Neighborhood / 16S- Neighborhood,0.268022889,1.079073195,460,2093,734,8134,AP2M1
16S+ Neighborhood / 16S- Neighborhood,0.061769249,1.115045432,673,2093,1034,8134,AP2S1
16S+ Neighborhood / 16S- Neighborhood,0.594372944,1.102127507,58,2093,101,8134,AP3B1
16S+ Neighborhood / 16S- Neighborhood,0.404230085,0.849722884,45,2093,107,8134,AP3B2
16S+ Neighborhood / 16S- Neighborhood,0.033863388,1.169389122,387,2093,643,8134,AP3D1
16S+ Neighborhood / 16S- Neighborhood,0.357740865,0.889912902,100,2093,236,8134,AP3M1
16S+ Neighborhood / 16S- Neighborhood,0.666736969,1.043633593,284,2093,335,8134,AP3M2
16S+ Neighborhood / 16S- Neighborhood,0.067435579,0.802900058,139,2093,355,8134,AP3S1
16S+ Neighborhood / 16S- Neighborhood,0.652782852,1.054409888,127,2093,368,8134,AP3S2
16S+ Neighborhood / 16S- Neighborhood,0.910223337,0.98549633,117,2093,325,8134,AP4B1
16S+ Neighborhood / 16S- Neighborhood,0.368372464,0.843423063,43,2093,112,8134,AP4E1
16S+ Neighborhood / 16S- Neighborhood,0.01507424,0.736470277,126,2093,283,8134,AP4S1
16S+ Neighborhood / 16S- Neighborhood,0.135699884,0.768488989,47,2093,128,8134,APAF1
16S+ Neighborhood / 16S- Neighborhood,0.046996154,0.599892306,25,2093,87,8134,APBA1
16S+ Neighborhood / 16S- Neighborhood,0.151653199,0.74505731,39,2093,122,8134,APBB1IP
16S+ Neighborhood / 16S- Neighborhood,0.330587019,0.864882922,79,2093,230,8134,APBB2
16S+ Neighborhood / 16S- Neighborhood,0.075761397,0.680027761,35,2093,116,8134,APC
16S+ Neighborhood / 16S- Neighborhood,0.150917665,0.792888522,74,2093,226,8134,APCDD1
16S+ Neighborhood / 16S- Neighborhood,0.437403137,0.911464383,121,2093,316,8134,APEH
16S+ Neighborhood / 16S- Neighborhood,0.026796559,0.561197793,21,2093,78,8134,APELA
16S+ Neighborhood / 16S- Neighborhood,0.00089392,1.447989917,211,2093,202,8134,APEX1
16S+ Neighborhood / 16S- Neighborhood,0.054286798,1.172566938,297,2093,559,8134,APH1A
16S+ Neighborhood / 16S- Neighborhood,0.143060894,0.819251487,88,2093,306,8134,APH1B
16S+ Neighborhood / 16S- Neighborhood,0.384850295,1.115411648,131,2093,216,8134,API5
16S+ Neighborhood / 16S- Neighborhood,0.000134928,1.361938151,360,2093,717,8134,APIP
16S+ Neighborhood / 16S- Neighborhood,0.8151477,0.960774242,62,2093,162,8134,APLN
16S+ Neighborhood / 16S- Neighborhood,0.110223606,0.711566891,40,2093,112,8134,APLNR
16S+ Neighborhood / 16S- Neighborhood,0.004904844,0.681711821,86,2093,293,8134,APLP1
16S+ Neighborhood / 16S- Neighborhood,0.764206178,1.017389008,604,2093,1853,8134,APLP2
16S+ Neighborhood / 16S- Neighborhood,0.13751802,0.80609748,87,2093,216,8134,APOA1
16S+ Neighborhood / 16S- Neighborhood,0.867360942,1.036714799,39,2093,79,8134,APOA2
16S+ Neighborhood / 16S- Neighborhood,0.003820291,0.363137125,10,2093,55,8134,APOA4
16S+ Neighborhood / 16S- Neighborhood,0.102551542,0.700154212,34,2093,121,8134,APOB
16S+ Neighborhood / 16S- Neighborhood,0.046193499,0.781120383,128,2093,419,8134,APOC1
16S+ Neighborhood / 16S- Neighborhood,0.25877047,0.822252564,60,2093,158,8134,APOC3
16S+ Neighborhood / 16S- Neighborhood,0.040301832,0.729844987,87,2093,328,8134,APOD
16S+ Neighborhood / 16S- Neighborhood,2.23E-05,0.668873791,436,2093,1909,8134,APOE
16S+ Neighborhood / 16S- Neighborhood,1.15E-07,0.669675657,410,2093,1783,8134,APOL1
16S+ Neighborhood / 16S- Neighborhood,0.251132754,0.831722651,63,2093,248,8134,APOL6
16S+ Neighborhood / 16S- Neighborhood,0.025917166,0.780152132,160,2093,474,8134,APOLD1
16S+ Neighborhood / 16S- Neighborhood,0.839294129,0.959454425,44,2093,106,8134,APOM
16S+ Neighborhood / 16S- Neighborhood,0.186953429,0.809393466,76,2093,191,8134,APOO
16S+ Neighborhood / 16S- Neighborhood,0.352593723,0.824241404,36,2093,90,8134,APOOL
16S+ Neighborhood / 16S- Neighborhood,5.11E-10,1.332478504,1449,2093,1681,8134,APP
16S+ Neighborhood / 16S- Neighborhood,0.362990428,0.859826487,57,2093,136,8134,APPL1
16S+ Neighborhood / 16S- Neighborhood,0.058402639,0.808944402,129,2093,358,8134,APRT
16S+ Neighborhood / 16S- Neighborhood,0.040810952,0.728574121,66,2093,187,8134,APTX
16S+ Neighborhood / 16S- Neighborhood,0.111323608,0.754851953,54,2093,218,8134,AQP1
16S+ Neighborhood / 16S- Neighborhood,0.887615821,0.98613676,194,2093,423,8134,AQP3
16S+ Neighborhood / 16S- Neighborhood,0.405099595,0.856101815,48,2093,128,8134,AQP4
16S+ Neighborhood / 16S- Neighborhood,0.000798704,0.507302265,37,2093,149,8134,AQP7
16S+ Neighborhood / 16S- Neighborhood,0.132777083,0.698532821,30,2093,104,8134,AQP9
16S+ Neighborhood / 16S- Neighborhood,0.372590755,0.884493666,94,2093,285,8134,AQR
16S+ Neighborhood / 16S- Neighborhood,0.182055521,0.773491969,47,2093,133,8134,AR
16S+ Neighborhood / 16S- Neighborhood,0.205734427,0.853975886,105,2093,274,8134,ARAF
16S+ Neighborhood / 16S- Neighborhood,0.125079461,0.820449984,107,2093,291,8134,ARAP2
16S+ Neighborhood / 16S- Neighborhood,0.165333027,0.765851287,42,2093,126,8134,ARC
16S+ Neighborhood / 16S- Neighborhood,0.000276356,0.597722527,88,2093,340,8134,AREG
16S+ Neighborhood / 16S- Neighborhood,0.140235856,0.824238902,95,2093,258,8134,AREL1
16S+ Neighborhood / 16S- Neighborhood,0.505197741,1.033487192,972,2093,1575,8134,ARF1
16S+ Neighborhood / 16S- Neighborhood,0.720633933,0.981914562,725,2093,1549,8134,ARF3
16S+ Neighborhood / 16S- Neighborhood,0.062688033,1.174741747,267,2093,473,8134,ARF4
16S+ Neighborhood / 16S- Neighborhood,0.70456932,1.043999025,167,2093,267,8134,ARF5
16S+ Neighborhood / 16S- Neighborhood,0.018715473,1.154710325,736,2093,1143,8134,ARF6
16S+ Neighborhood / 16S- Neighborhood,1.21E-06,1.410853771,519,2093,686,8134,ARFGAP1
16S+ Neighborhood / 16S- Neighborhood,0.015879714,1.254183271,210,2093,348,8134,ARFGAP3
16S+ Neighborhood / 16S- Neighborhood,0.661965078,1.045289637,211,2093,377,8134,ARFGEF1
16S+ Neighborhood / 16S- Neighborhood,5.21E-06,1.568902969,311,2093,274,8134,ARFGEF3
16S+ Neighborhood / 16S- Neighborhood,0.51948433,0.895041019,50,2093,120,8134,ARG1
16S+ Neighborhood / 16S- Neighborhood,0.705846111,0.939819759,72,2093,174,8134,ARG2
16S+ Neighborhood / 16S- Neighborhood,0.012559149,0.678403449,69,2093,322,8134,ARHGAP10
16S+ Neighborhood / 16S- Neighborhood,0.765946925,1.034867048,145,2093,276,8134,ARHGAP12
16S+ Neighborhood / 16S- Neighborhood,0.207683061,0.702296955,20,2093,47,8134,ARHGAP15
16S+ Neighborhood / 16S- Neighborhood,0.61213038,0.877608461,26,2093,70,8134,ARHGAP22
16S+ Neighborhood / 16S- Neighborhood,0.167547497,0.79679344,67,2093,188,8134,ARHGAP42
16S+ Neighborhood / 16S- Neighborhood,0.509230921,1.121553028,60,2093,187,8134,ARHGAP45
16S+ Neighborhood / 16S- Neighborhood,3.85E-05,1.440410801,384,2093,373,8134,ARHGAP5
16S+ Neighborhood / 16S- Neighborhood,0.030541146,0.698493394,54,2093,221,8134,ARHGDIB
16S+ Neighborhood / 16S- Neighborhood,0.376975688,0.897185885,123,2093,346,8134,ARHGEF12
16S+ Neighborhood / 16S- Neighborhood,0.042948643,0.845125509,270,2093,749,8134,ARHGEF18
16S+ Neighborhood / 16S- Neighborhood,0.469199978,0.880428387,53,2093,162,8134,ARHGEF7
16S+ Neighborhood / 16S- Neighborhood,0.843049509,0.94893527,25,2093,61,8134,ARHGEF9
16S+ Neighborhood / 16S- Neighborhood,0.803345422,0.966063033,92,2093,190,8134,ARID1A
16S+ Neighborhood / 16S- Neighborhood,0.003120807,1.357470126,236,2093,326,8134,ARID1B
16S+ Neighborhood / 16S- Neighborhood,0.979117752,0.99699026,146,2093,246,8134,ARID2
16S+ Neighborhood / 16S- Neighborhood,0.047810467,0.702537385,47,2093,141,8134,ARID4A
16S+ Neighborhood / 16S- Neighborhood,0.62011966,0.9330336,105,2093,208,8134,ARID4B
16S+ Neighborhood / 16S- Neighborhood,0.591135954,0.907671084,53,2093,145,8134,ARID5B
16S+ Neighborhood / 16S- Neighborhood,0.08795233,1.259641192,98,2093,161,8134,ARIH1
16S+ Neighborhood / 16S- Neighborhood,0.117311147,0.791483748,68,2093,189,8134,ARIH2
16S+ Neighborhood / 16S- Neighborhood,0.650868065,0.921501632,61,2093,165,8134,ARL13B
16S+ Neighborhood / 16S- Neighborhood,0.12089773,1.290762251,81,2093,114,8134,ARL5B
16S+ Neighborhood / 16S- Neighborhood,0.781458942,0.97773437,257,2093,565,8134,ARL6IP5
16S+ Neighborhood / 16S- Neighborhood,0.558005632,1.08959351,75,2093,145,8134,ARMC8
16S+ Neighborhood / 16S- Neighborhood,0.430933106,0.883586399,72,2093,166,8134,ARMH1
16S+ Neighborhood / 16S- Neighborhood,0.328284403,0.873783842,94,2093,235,8134,ARNT
16S+ Neighborhood / 16S- Neighborhood,0.484869302,0.888216744,70,2093,167,8134,ARNT2
16S+ Neighborhood / 16S- Neighborhood,0.016631133,1.195568768,338,2093,575,8134,ARPC1A
16S+ Neighborhood / 16S- Neighborhood,0.089432468,1.216397174,133,2093,324,8134,ARPC1B
16S+ Neighborhood / 16S- Neighborhood,1.28E-11,1.476631788,786,2093,837,8134,ARPC4
16S+ Neighborhood / 16S- Neighborhood,0.769118533,1.029415091,199,2093,382,8134,ARPC5
16S+ Neighborhood / 16S- Neighborhood,0.14533153,1.108696035,397,2093,1118,8134,ARPC5L
16S+ Neighborhood / 16S- Neighborhood,0.069278902,1.311587504,89,2093,151,8134,ARPP19
16S+ Neighborhood / 16S- Neighborhood,0.166735587,0.814407733,74,2093,191,8134,ARPP21
16S+ Neighborhood / 16S- Neighborhood,0.160331019,1.228770489,85,2093,240,8134,ARRB1
16S+ Neighborhood / 16S- Neighborhood,0.015770856,0.760228483,134,2093,452,8134,ARRB2
16S+ Neighborhood / 16S- Neighborhood,0.079509854,0.760004953,73,2093,183,8134,ARRDC4
16S+ Neighborhood / 16S- Neighborhood,0.222378226,1.179877056,97,2093,176,8134,ARSA
16S+ Neighborhood / 16S- Neighborhood,0.061294881,0.64769694,25,2093,82,8134,ARSB
16S+ Neighborhood / 16S- Neighborhood,0.066340303,1.221794526,192,2093,318,8134,ARSG
16S+ Neighborhood / 16S- Neighborhood,0.525865442,1.112710333,84,2093,89,8134,ARTN
16S+ Neighborhood / 16S- Neighborhood,0.079515084,1.15714284,337,2093,639,8134,ARX
16S+ Neighborhood / 16S- Neighborhood,0.084947552,0.778433145,78,2093,250,8134,ASAH1
16S+ Neighborhood / 16S- Neighborhood,0.285796627,0.87859259,124,2093,342,8134,ASAP1
16S+ Neighborhood / 16S- Neighborhood,0.731480267,1.050944236,89,2093,229,8134,ASAP2
16S+ Neighborhood / 16S- Neighborhood,0.006981257,0.67897658,76,2093,282,8134,ASB3
16S+ Neighborhood / 16S- Neighborhood,0.731177123,1.056243751,73,2093,174,8134,ASB6
16S+ Neighborhood / 16S- Neighborhood,0.55087835,0.897189468,50,2093,136,8134,ASB7
16S+ Neighborhood / 16S- Neighborhood,0.375062866,0.870827465,70,2093,180,8134,ASB8
16S+ Neighborhood / 16S- Neighborhood,0.292286388,1.192592927,65,2093,118,8134,ASCL1
16S+ Neighborhood / 16S- Neighborhood,0.02311155,1.375540911,113,2093,155,8134,ASF1A
16S+ Neighborhood / 16S- Neighborhood,0.019126765,1.266108074,220,2093,317,8134,ASH1L
16S+ Neighborhood / 16S- Neighborhood,0.481422978,1.122773526,69,2093,144,8134,ASH2L
16S+ Neighborhood / 16S- Neighborhood,0.026349908,0.689459441,49,2093,153,8134,ASIC2
16S+ Neighborhood / 16S- Neighborhood,0.001158581,0.439494927,21,2093,97,8134,ASIP
16S+ Neighborhood / 16S- Neighborhood,0.140763303,0.838889436,115,2093,347,8134,ASL
16S+ Neighborhood / 16S- Neighborhood,0.195235407,0.80442219,58,2093,163,8134,ASNS
16S+ Neighborhood / 16S- Neighborhood,0.095586135,0.648883861,20,2093,66,8134,ASPA
16S+ Neighborhood / 16S- Neighborhood,0.050123498,0.676790036,40,2093,124,8134,ASPG
16S+ Neighborhood / 16S- Neighborhood,0.193663838,1.110625223,306,2093,721,8134,ASPSCR1
16S+ Neighborhood / 16S- Neighborhood,0.028853039,0.719419578,70,2093,280,8134,ASS1
16S+ Neighborhood / 16S- Neighborhood,0.00789815,0.475329686,17,2093,73,8134,ASTN2
16S+ Neighborhood / 16S- Neighborhood,0.908571099,1.023288533,40,2093,89,8134,ASXL1
16S+ Neighborhood / 16S- Neighborhood,0.169237692,0.731089977,33,2093,79,8134,ATF1
16S+ Neighborhood / 16S- Neighborhood,0.192972543,0.822785635,76,2093,200,8134,ATF2
16S+ Neighborhood / 16S- Neighborhood,0.046376884,0.647841815,38,2093,125,8134,ATF3
16S+ Neighborhood / 16S- Neighborhood,0.150860647,1.116395766,316,2093,584,8134,ATF4
16S+ Neighborhood / 16S- Neighborhood,0.49034431,0.914782409,99,2093,225,8134,ATF6
16S+ Neighborhood / 16S- Neighborhood,0.319374896,1.08457039,360,2093,550,8134,ATF6B
16S+ Neighborhood / 16S- Neighborhood,0.456006522,1.107377549,99,2093,182,8134,ATF7
16S+ Neighborhood / 16S- Neighborhood,0.01632469,1.23390022,320,2093,459,8134,ATF7IP
16S+ Neighborhood / 16S- Neighborhood,0.051012881,0.711864527,49,2093,146,8134,ATG10
16S+ Neighborhood / 16S- Neighborhood,0.046661493,0.6830394,41,2093,124,8134,ATG12
16S+ Neighborhood / 16S- Neighborhood,0.679249509,0.955695062,169,2093,305,8134,ATG13
16S+ Neighborhood / 16S- Neighborhood,0.496578488,1.137254962,46,2093,84,8134,ATG14
16S+ Neighborhood / 16S- Neighborhood,0.114023423,1.289035318,76,2093,134,8134,ATG16L1
16S+ Neighborhood / 16S- Neighborhood,0.24104235,0.833173945,71,2093,265,8134,ATG16L2
16S+ Neighborhood / 16S- Neighborhood,0.825815232,0.963864218,60,2093,167,8134,ATG2A
16S+ Neighborhood / 16S- Neighborhood,0.414040776,0.90199724,111,2093,274,8134,ATG2B
16S+ Neighborhood / 16S- Neighborhood,0.9449896,0.9891847,70,2093,170,8134,ATG3
16S+ Neighborhood / 16S- Neighborhood,0.398998419,1.133842104,88,2093,214,8134,ATG4A
16S+ Neighborhood / 16S- Neighborhood,0.510959128,1.051954401,333,2093,987,8134,ATG4B
16S+ Neighborhood / 16S- Neighborhood,0.43732511,0.846005848,36,2093,89,8134,ATG4C
16S+ Neighborhood / 16S- Neighborhood,0.051625809,0.790296186,115,2093,291,8134,ATG4D
16S+ Neighborhood / 16S- Neighborhood,0.022654888,1.315851651,146,2093,216,8134,ATG5
16S+ Neighborhood / 16S- Neighborhood,0.150327071,1.197560933,131,2093,204,8134,ATG7
16S+ Neighborhood / 16S- Neighborhood,0.7388494,0.934920542,44,2093,107,8134,ATM
16S+ Neighborhood / 16S- Neighborhood,0.346276612,0.818634545,35,2093,85,8134,ATOX1
16S+ Neighborhood / 16S- Neighborhood,0.928977504,1.010744774,127,2093,263,8134,ATP11B
16S+ Neighborhood / 16S- Neighborhood,0.651786714,1.067766747,93,2093,207,8134,ATP11C
16S+ Neighborhood / 16S- Neighborhood,0.001216757,0.831084028,735,2093,1807,8134,ATP1A1
16S+ Neighborhood / 16S- Neighborhood,0.022507222,0.575758481,26,2093,108,8134,ATP1A2
16S+ Neighborhood / 16S- Neighborhood,0.215475374,0.767692248,39,2093,113,8134,ATP1A3
16S+ Neighborhood / 16S- Neighborhood,5.76E-05,0.459448529,42,2093,201,8134,ATP1A4
16S+ Neighborhood / 16S- Neighborhood,0.773214769,0.986756855,2243,2093,5136,8134,ATP1B1
16S+ Neighborhood / 16S- Neighborhood,0.610407914,1.035956375,478,2093,766,8134,ATP1B3
16S+ Neighborhood / 16S- Neighborhood,0.021688767,1.14618103,686,2093,846,8134,ATP2A2
16S+ Neighborhood / 16S- Neighborhood,0.987255318,0.998610515,279,2093,579,8134,ATP2A3
16S+ Neighborhood / 16S- Neighborhood,0.102547462,1.211165991,151,2093,225,8134,ATP2B1
16S+ Neighborhood / 16S- Neighborhood,0.399579189,0.861295633,51,2093,134,8134,ATP2B2
16S+ Neighborhood / 16S- Neighborhood,0.189648101,0.824669861,84,2093,206,8134,ATP2B4
16S+ Neighborhood / 16S- Neighborhood,0.00049919,1.306995777,393,2093,527,8134,ATP5F1B
16S+ Neighborhood / 16S- Neighborhood,0.165955131,1.162470332,182,2093,266,8134,ATP5F1C
16S+ Neighborhood / 16S- Neighborhood,0.000264032,1.23210866,662,2093,1410,8134,ATP5F1D
16S+ Neighborhood / 16S- Neighborhood,0.570223833,1.09420287,81,2093,148,8134,ATP5F1E
16S+ Neighborhood / 16S- Neighborhood,0.576276497,1.032002034,613,2093,1276,8134,ATP5IF1
16S+ Neighborhood / 16S- Neighborhood,0.028289845,1.108380635,1169,2093,2593,8134,ATP5ME
16S+ Neighborhood / 16S- Neighborhood,0.744126578,1.041465487,141,2093,229,8134,ATP5MJ
16S+ Neighborhood / 16S- Neighborhood,0.246620336,0.900942762,218,2093,635,8134,ATP6AP1
16S+ Neighborhood / 16S- Neighborhood,0.471761637,1.073354425,216,2093,356,8134,ATP6AP2
16S+ Neighborhood / 16S- Neighborhood,0.736728428,0.965255882,156,2093,332,8134,ATP6V0A1
16S+ Neighborhood / 16S- Neighborhood,0.450114428,1.140939264,58,2093,104,8134,ATP6V0A2
16S+ Neighborhood / 16S- Neighborhood,3.01E-12,1.791058947,462,2093,302,8134,ATP6V0B
16S+ Neighborhood / 16S- Neighborhood,0.352914662,0.94863422,721,2093,1157,8134,ATP6V0C
16S+ Neighborhood / 16S- Neighborhood,0.804881134,1.019828261,259,2093,542,8134,ATP6V0D1
16S+ Neighborhood / 16S- Neighborhood,0.467471299,0.908654738,112,2093,273,8134,ATP6V0E2
16S+ Neighborhood / 16S- Neighborhood,0.176651282,1.257707589,81,2093,109,8134,ATP6V1A
16S+ Neighborhood / 16S- Neighborhood,0.105322302,0.831763605,129,2093,414,8134,ATP6V1B2
16S+ Neighborhood / 16S- Neighborhood,0.501471991,1.07981423,133,2093,252,8134,ATP6V1C1
16S+ Neighborhood / 16S- Neighborhood,0.174504142,1.310041375,57,2093,63,8134,ATP6V1D
16S+ Neighborhood / 16S- Neighborhood,0.046034412,0.816665576,174,2093,430,8134,ATP6V1E1
16S+ Neighborhood / 16S- Neighborhood,0.580068593,1.072905115,125,2093,215,8134,ATP6V1F
16S+ Neighborhood / 16S- Neighborhood,0.30137083,1.107068668,228,2093,338,8134,ATP6V1H
16S+ Neighborhood / 16S- Neighborhood,0.050329102,0.687731823,42,2093,147,8134,ATP7A
16S+ Neighborhood / 16S- Neighborhood,0.633237131,0.918494974,61,2093,120,8134,ATP8A1
16S+ Neighborhood / 16S- Neighborhood,0.839512984,0.963254647,51,2093,138,8134,ATP8A2
16S+ Neighborhood / 16S- Neighborhood,0.991826865,0.998968379,227,2093,323,8134,ATP9A
16S+ Neighborhood / 16S- Neighborhood,0.400288613,1.105968013,150,2093,221,8134,ATR
16S+ Neighborhood / 16S- Neighborhood,0.374290728,0.869755742,71,2093,174,8134,ATRIP
16S+ Neighborhood / 16S- Neighborhood,0.673215575,1.044789302,187,2093,406,8134,ATRN
16S+ Neighborhood / 16S- Neighborhood,0.756406467,1.057181365,47,2093,94,8134,ATRX
16S+ Neighborhood / 16S- Neighborhood,0.92060867,1.01388357,99,2093,172,8134,ATXN1
16S+ Neighborhood / 16S- Neighborhood,0.956073384,0.992346275,102,2093,187,8134,ATXN1L
16S+ Neighborhood / 16S- Neighborhood,0.010974919,1.286017958,220,2093,328,8134,ATXN2
16S+ Neighborhood / 16S- Neighborhood,0.68937251,0.947761874,97,2093,217,8134,ATXN3
16S+ Neighborhood / 16S- Neighborhood,0.298082888,0.864028628,77,2093,184,8134,ATXN7
16S+ Neighborhood / 16S- Neighborhood,0.116633991,0.852450841,172,2093,452,8134,AURKA
16S+ Neighborhood / 16S- Neighborhood,0.496059798,1.090311371,123,2093,229,8134,AURKB
16S+ Neighborhood / 16S- Neighborhood,0.644048303,0.874055661,18,2093,47,8134,AUTS2
16S+ Neighborhood / 16S- Neighborhood,0.256431722,0.844404651,82,2093,225,8134,AVEN
16S+ Neighborhood / 16S- Neighborhood,0.907552915,1.025892858,35,2093,73,8134,AVP
16S+ Neighborhood / 16S- Neighborhood,0.084642313,0.711587421,43,2093,136,8134,AVPR1A
16S+ Neighborhood / 16S- Neighborhood,0.47492588,0.84705362,33,2093,90,8134,AVPR1B
16S+ Neighborhood / 16S- Neighborhood,0.737540287,0.91788237,26,2093,79,8134,AVPR2
16S+ Neighborhood / 16S- Neighborhood,1.59E-06,1.636238407,275,2093,235,8134,AXIN1
16S+ Neighborhood / 16S- Neighborhood,0.151997801,0.812605578,105,2093,226,8134,AXIN2
16S+ Neighborhood / 16S- Neighborhood,0.08834892,0.747356943,61,2093,195,8134,AXL
16S+ Neighborhood / 16S- Neighborhood,0.84966949,0.977474193,158,2093,244,8134,AZGP1
16S+ Neighborhood / 16S- Neighborhood,0.676691899,0.940692242,78,2093,190,8134,AZI2
16S+ Neighborhood / 16S- Neighborhood,0.420186465,0.819862954,29,2093,75,8134,AZU1
16S+ Neighborhood / 16S- Neighborhood,1.39E-09,0.760587314,1277,2093,7395,8134,B2M
16S+ Neighborhood / 16S- Neighborhood,0.000206945,1.521958551,222,2093,193,8134,B3GALNT1
16S+ Neighborhood / 16S- Neighborhood,0.284988733,0.882410753,120,2093,273,8134,B3GNT5
16S+ Neighborhood / 16S- Neighborhood,0.014196143,1.196758505,600,2093,620,8134,B3GNT7
16S+ Neighborhood / 16S- Neighborhood,0.218662074,0.900849157,277,2093,680,8134,B4GALT1
16S+ Neighborhood / 16S- Neighborhood,0.224346349,0.795519471,45,2093,144,8134,B4GALT6
16S+ Neighborhood / 16S- Neighborhood,0.646056569,0.963414912,310,2093,881,8134,B9D2
16S+ Neighborhood / 16S- Neighborhood,0.086896127,1.160443412,259,2093,610,8134,BABAM1
16S+ Neighborhood / 16S- Neighborhood,0.171071692,0.855809121,134,2093,338,8134,BABAM2
16S+ Neighborhood / 16S- Neighborhood,0.029767603,0.63527725,35,2093,119,8134,BACE1
16S+ Neighborhood / 16S- Neighborhood,0.835370136,1.018625786,194,2093,967,8134,BACE2
16S+ Neighborhood / 16S- Neighborhood,0.027393783,0.661638774,48,2093,154,8134,BACH2
16S+ Neighborhood / 16S- Neighborhood,0.14074704,0.890611756,300,2093,715,8134,BAD
16S+ Neighborhood / 16S- Neighborhood,0.343695223,1.112031122,153,2093,283,8134,BAG1
16S+ Neighborhood / 16S- Neighborhood,0.70674205,0.953714377,134,2093,286,8134,BAG3
16S+ Neighborhood / 16S- Neighborhood,0.268663119,0.854775592,95,2093,185,8134,BAG5
16S+ Neighborhood / 16S- Neighborhood,0.564357513,0.950762693,259,2093,538,8134,BAG6
16S+ Neighborhood / 16S- Neighborhood,0.539326358,0.914967419,85,2093,182,8134,BAGE
16S+ Neighborhood / 16S- Neighborhood,0.977504316,1.005407362,48,2093,124,8134,BAIAP3
16S+ Neighborhood / 16S- Neighborhood,0.308587293,1.123882932,146,2093,261,8134,BAK1
16S+ Neighborhood / 16S- Neighborhood,0.685679711,0.950638554,154,2093,246,8134,BAMBI
16S+ Neighborhood / 16S- Neighborhood,0.161370583,1.098388175,578,2093,959,8134,BANF1
16S+ Neighborhood / 16S- Neighborhood,0.024711723,0.591977526,29,2093,109,8134,BANK1
16S+ Neighborhood / 16S- Neighborhood,0.071794067,0.796136362,91,2093,237,8134,BAP1
16S+ Neighborhood / 16S- Neighborhood,0.063058602,0.775307595,91,2093,255,8134,BARD1
16S+ Neighborhood / 16S- Neighborhood,0.517094862,0.925063611,127,2093,258,8134,BASP1
16S+ Neighborhood / 16S- Neighborhood,0.083977085,0.71308144,42,2093,180,8134,BATF
16S+ Neighborhood / 16S- Neighborhood,0.174464485,0.693803931,20,2093,71,8134,BATF3
16S+ Neighborhood / 16S- Neighborhood,0.827671392,0.980906206,269,2093,566,8134,BAX
16S+ Neighborhood / 16S- Neighborhood,0.310380822,1.265704958,30,2093,50,8134,BBC3
16S+ Neighborhood / 16S- Neighborhood,0.712236651,0.971956858,315,2093,1183,8134,BBLN
16S+ Neighborhood / 16S- Neighborhood,0.055800006,0.78228971,87,2093,224,8134,BBS1
16S+ Neighborhood / 16S- Neighborhood,0.537483211,0.910476472,76,2093,178,8134,BBS9
16S+ Neighborhood / 16S- Neighborhood,0.000151981,0.598923068,86,2093,323,8134,BCAM
16S+ Neighborhood / 16S- Neighborhood,0.50366179,1.11632341,74,2093,144,8134,BCAN
16S+ Neighborhood / 16S- Neighborhood,0.130125002,1.087292604,665,2093,1712,8134,BCAP31
16S+ Neighborhood / 16S- Neighborhood,0.45188088,0.957108725,625,2093,1467,8134,BCAR1
16S+ Neighborhood / 16S- Neighborhood,0.581475953,0.922537383,88,2093,195,8134,BCAR3
16S+ Neighborhood / 16S- Neighborhood,0.851949459,0.973755931,102,2093,238,8134,BCAS1
16S+ Neighborhood / 16S- Neighborhood,0.690616594,1.043828333,179,2093,373,8134,BCAS2
16S+ Neighborhood / 16S- Neighborhood,0.010954182,0.587376647,34,2093,126,8134,BCAT1
16S+ Neighborhood / 16S- Neighborhood,0.430864924,0.878967802,68,2093,152,8134,BCCIP
16S+ Neighborhood / 16S- Neighborhood,0.025396161,0.684168057,56,2093,171,8134,BCHE
16S+ Neighborhood / 16S- Neighborhood,0.923972524,1.009428902,212,2093,468,8134,BCKDK
16S+ Neighborhood / 16S- Neighborhood,0.01619115,0.659003012,49,2093,162,8134,BCL10
16S+ Neighborhood / 16S- Neighborhood,1.92E-06,0.388002184,39,2093,216,8134,BCL11A
16S+ Neighborhood / 16S- Neighborhood,0.650879315,0.929275748,70,2093,143,8134,BCL11B
16S+ Neighborhood / 16S- Neighborhood,0.021966723,0.693556677,69,2093,201,8134,BCL2
16S+ Neighborhood / 16S- Neighborhood,0.080449468,0.699431614,38,2093,131,8134,BCL2A1
16S+ Neighborhood / 16S- Neighborhood,0.458624268,1.058838598,335,2093,924,8134,BCL2L1
16S+ Neighborhood / 16S- Neighborhood,0.003842595,0.759124671,196,2093,562,8134,BCL2L11
16S+ Neighborhood / 16S- Neighborhood,1.73E-06,1.391246119,709,2093,735,8134,BCL2L2
16S+ Neighborhood / 16S- Neighborhood,0.186562186,0.865359016,161,2093,324,8134,BCL3
16S+ Neighborhood / 16S- Neighborhood,0.134659516,1.166740609,184,2093,323,8134,BCL6
16S+ Neighborhood / 16S- Neighborhood,0.743541898,0.955423354,92,2093,222,8134,BCL6B
16S+ Neighborhood / 16S- Neighborhood,0.863102509,1.0229276,124,2093,187,8134,BCL7A
16S+ Neighborhood / 16S- Neighborhood,0.460687792,1.140467128,63,2093,93,8134,BCOR
16S+ Neighborhood / 16S- Neighborhood,0.792859322,0.97382954,207,2093,378,8134,BCR
16S+ Neighborhood / 16S- Neighborhood,0.300423623,1.086932568,398,2093,542,8134,BDH1
16S+ Neighborhood / 16S- Neighborhood,0.850008451,1.022706594,165,2093,284,8134,BDH2
16S+ Neighborhood / 16S- Neighborhood,0.420791991,0.78778752,17,2093,59,8134,BDNF
16S+ Neighborhood / 16S- Neighborhood,0.863017474,1.014227152,254,2093,514,8134,BECN1
16S+ Neighborhood / 16S- Neighborhood,0.024431785,0.674169214,50,2093,159,8134,BEST1
16S+ Neighborhood / 16S- Neighborhood,0.010156004,0.575544204,34,2093,127,8134,BEX1
16S+ Neighborhood / 16S- Neighborhood,0.01418755,0.658893608,57,2093,200,8134,BEX2
16S+ Neighborhood / 16S- Neighborhood,0.000942545,1.269629207,459,2093,712,8134,BEX3
16S+ Neighborhood / 16S- Neighborhood,0.007557777,0.686412079,111,2093,688,8134,BGN
16S+ Neighborhood / 16S- Neighborhood,0.340328121,0.914551613,200,2093,463,8134,BHLHE40
16S+ Neighborhood / 16S- Neighborhood,0.003508454,0.567807541,40,2093,193,8134,BID
16S+ Neighborhood / 16S- Neighborhood,0.764637278,1.033494594,137,2093,598,8134,BIN1
16S+ Neighborhood / 16S- Neighborhood,0.338476552,0.830038608,48,2093,121,8134,BIN2
16S+ Neighborhood / 16S- Neighborhood,0.25687318,0.872442412,131,2093,311,8134,BIRC2
16S+ Neighborhood / 16S- Neighborhood,0.157442975,0.799599529,64,2093,211,8134,BIRC3
16S+ Neighborhood / 16S- Neighborhood,0.526316341,0.94136322,226,2093,508,8134,BIRC5
16S+ Neighborhood / 16S- Neighborhood,0.739434047,0.9687873,216,2093,492,8134,BIRC6
16S+ Neighborhood / 16S- Neighborhood,0.106891284,0.741442619,49,2093,149,8134,BIRC7
16S+ Neighborhood / 16S- Neighborhood,0.863983592,0.966364367,45,2093,103,8134,BLK
16S+ Neighborhood / 16S- Neighborhood,0.058696825,0.747786574,72,2093,286,8134,BLM
16S+ Neighborhood / 16S- Neighborhood,0.420412847,0.90758949,122,2093,267,8134,BLMH
16S+ Neighborhood / 16S- Neighborhood,0.00055237,0.556524129,54,2093,217,8134,BLNK
16S+ Neighborhood / 16S- Neighborhood,0.774863124,1.048044415,70,2093,193,8134,BLVRA
16S+ Neighborhood / 16S- Neighborhood,0.039525326,0.757951465,96,2093,290,8134,BLVRB
16S+ Neighborhood / 16S- Neighborhood,0.303911875,0.866983473,96,2093,232,8134,BLZF1
16S+ Neighborhood / 16S- Neighborhood,0.004630912,0.636232022,57,2093,199,8134,BMI1
16S+ Neighborhood / 16S- Neighborhood,0.024657193,0.741269717,90,2093,320,8134,BMP1
16S+ Neighborhood / 16S- Neighborhood,0.004613205,0.504016025,26,2093,119,8134,BMP2
16S+ Neighborhood / 16S- Neighborhood,0.412021114,1.098853378,151,2093,288,8134,BMP2K
16S+ Neighborhood / 16S- Neighborhood,0.073127881,1.733104119,24,2093,30,8134,BMP3
16S+ Neighborhood / 16S- Neighborhood,0.002443918,0.597105603,60,2093,229,8134,BMP4
16S+ Neighborhood / 16S- Neighborhood,0.000895899,0.528630835,42,2093,166,8134,BMP5
16S+ Neighborhood / 16S- Neighborhood,0.001508438,0.538704941,37,2093,143,8134,BMP6
16S+ Neighborhood / 16S- Neighborhood,6.85E-09,1.526456908,580,2093,377,8134,BMP7
16S+ Neighborhood / 16S- Neighborhood,0.513009546,1.129056318,65,2093,89,8134,BMP8A
16S+ Neighborhood / 16S- Neighborhood,0.463792388,0.883218626,54,2093,130,8134,BMP8B
16S+ Neighborhood / 16S- Neighborhood,0.022518403,0.645912017,47,2093,161,8134,BMPR1A
16S+ Neighborhood / 16S- Neighborhood,0.681956709,0.9549142,142,2093,345,8134,BMPR1B
16S+ Neighborhood / 16S- Neighborhood,0.001178755,0.677941682,102,2093,318,8134,BMPR2
16S+ Neighborhood / 16S- Neighborhood,0.042612604,0.622936102,26,2093,89,8134,BNC1
16S+ Neighborhood / 16S- Neighborhood,0.581785533,1.076478476,109,2093,217,8134,BNIP3
16S+ Neighborhood / 16S- Neighborhood,0.180880666,1.14882255,187,2093,348,8134,BNIP3L
16S+ Neighborhood / 16S- Neighborhood,0.298395364,0.839358934,56,2093,139,8134,BOC
16S+ Neighborhood / 16S- Neighborhood,0.295644764,1.124793505,152,2093,396,8134,BOK
16S+ Neighborhood / 16S- Neighborhood,0.000266932,1.171819329,1305,2093,2706,8134,BOLA2
16S+ Neighborhood / 16S- Neighborhood,0.088117352,0.747186232,63,2093,160,8134,BPGM
16S+ Neighborhood / 16S- Neighborhood,0.275853926,1.130120738,144,2093,269,8134,BRAF
16S+ Neighborhood / 16S- Neighborhood,0.235443709,1.122234233,197,2093,601,8134,BRAT1
16S+ Neighborhood / 16S- Neighborhood,0.073131709,1.287707518,107,2093,170,8134,BRCA1
16S+ Neighborhood / 16S- Neighborhood,0.706738073,1.075655362,46,2093,90,8134,BRCA2
16S+ Neighborhood / 16S- Neighborhood,0.660824874,1.053496042,139,2093,318,8134,BRCC3
16S+ Neighborhood / 16S- Neighborhood,0.74853249,1.030155086,232,2093,457,8134,BRD1
16S+ Neighborhood / 16S- Neighborhood,0.051884277,1.157393984,421,2093,598,8134,BRD2
16S+ Neighborhood / 16S- Neighborhood,0.343162467,0.884722568,117,2093,304,8134,BRD3
16S+ Neighborhood / 16S- Neighborhood,0.999848726,0.99998284,238,2093,457,8134,BRD4
16S+ Neighborhood / 16S- Neighborhood,0.548257624,1.085585086,85,2093,162,8134,BRD7
16S+ Neighborhood / 16S- Neighborhood,0.818710602,0.969262558,93,2093,198,8134,BRD8
16S+ Neighborhood / 16S- Neighborhood,0.096334542,0.75698386,61,2093,188,8134,BRF2
16S+ Neighborhood / 16S- Neighborhood,0.836774078,0.977750074,150,2093,397,8134,BRI3
16S+ Neighborhood / 16S- Neighborhood,0.627645808,0.896106175,32,2093,75,8134,BRINP1
16S+ Neighborhood / 16S- Neighborhood,0.014073086,0.588397672,33,2093,121,8134,BRINP3
16S+ Neighborhood / 16S- Neighborhood,0.442616866,0.894118854,82,2093,189,8134,BRIP1
16S+ Neighborhood / 16S- Neighborhood,0.840149145,0.981900819,202,2093,438,8134,BRMS1
16S+ Neighborhood / 16S- Neighborhood,0.890831956,1.020026867,86,2093,237,8134,BRWD1
16S+ Neighborhood / 16S- Neighborhood,0.092427029,1.082407201,1014,2093,2035,8134,BSG
16S+ Neighborhood / 16S- Neighborhood,0.039761728,0.689302373,45,2093,144,8134,BST1
16S+ Neighborhood / 16S- Neighborhood,0.0575784,0.818298495,123,2093,775,8134,BST2
16S+ Neighborhood / 16S- Neighborhood,0.936579406,0.989472681,100,2093,250,8134,BTBD1
16S+ Neighborhood / 16S- Neighborhood,0.353199378,1.131111022,119,2093,224,8134,BTBD3
16S+ Neighborhood / 16S- Neighborhood,0.06663359,0.708895412,41,2093,122,8134,BTC
16S+ Neighborhood / 16S- Neighborhood,0.161228226,1.103823334,458,2093,745,8134,BTF3
16S+ Neighborhood / 16S- Neighborhood,5.26E-08,1.563747798,541,2093,396,8134,BTG1
16S+ Neighborhood / 16S- Neighborhood,0.192125477,1.141832179,227,2093,369,8134,BTG2
16S+ Neighborhood / 16S- Neighborhood,0.877238267,1.024924003,67,2093,176,8134,BTK
16S+ Neighborhood / 16S- Neighborhood,0.440892097,0.79277776,16,2093,43,8134,BTLA
16S+ Neighborhood / 16S- Neighborhood,0.409496276,0.913421987,156,2093,376,8134,BTN3A1
16S+ Neighborhood / 16S- Neighborhood,0.11230599,0.777687775,72,2093,179,8134,BTRC
16S+ Neighborhood / 16S- Neighborhood,0.041372585,1.280924094,144,2093,249,8134,BUB3
16S+ Neighborhood / 16S- Neighborhood,0.609423295,0.936596688,103,2093,277,8134,C11orf96
16S+ Neighborhood / 16S- Neighborhood,0.226127664,0.816059599,66,2093,203,8134,C19orf12
16S+ Neighborhood / 16S- Neighborhood,0.081246946,0.778822685,129,2093,599,8134,C1QA
16S+ Neighborhood / 16S- Neighborhood,0.000875164,0.546355436,69,2093,463,8134,C1QB
16S+ Neighborhood / 16S- Neighborhood,0.076910323,1.158196405,343,2093,569,8134,C1QBP
16S+ Neighborhood / 16S- Neighborhood,5.65E-07,0.487341704,125,2093,908,8134,C1QC
16S+ Neighborhood / 16S- Neighborhood,0.200792096,0.8523091,111,2093,305,8134,C1QTNF1
16S+ Neighborhood / 16S- Neighborhood,1.93E-05,0.473845972,46,2093,209,8134,C1QTNF7
16S+ Neighborhood / 16S- Neighborhood,0.436040567,0.882171226,71,2093,222,8134,C1R
16S+ Neighborhood / 16S- Neighborhood,0.217132525,0.824966759,77,2093,281,8134,C1S
16S+ Neighborhood / 16S- Neighborhood,0.541765629,1.057754791,259,2093,401,8134,C1orf35
16S+ Neighborhood / 16S- Neighborhood,0.007670253,0.615608355,48,2093,185,8134,C2
16S+ Neighborhood / 16S- Neighborhood,1.68E-06,0.568953429,120,2093,517,8134,C3
16S+ Neighborhood / 16S- Neighborhood,0.000303683,0.485490871,39,2093,178,8134,C3AR1
16S+ Neighborhood / 16S- Neighborhood,0.005416382,1.342103274,145,2093,748,8134,C4BPA
16S+ Neighborhood / 16S- Neighborhood,0.113996135,0.733185504,41,2093,130,8134,C5
16S+ Neighborhood / 16S- Neighborhood,0.895096831,1.023326968,55,2093,125,8134,C5AR1
16S+ Neighborhood / 16S- Neighborhood,0.447463819,0.892911198,77,2093,206,8134,C5AR2
16S+ Neighborhood / 16S- Neighborhood,0.057151115,0.678934244,41,2093,142,8134,C6
16S+ Neighborhood / 16S- Neighborhood,0.356916321,0.838778172,52,2093,176,8134,C7
16S+ Neighborhood / 16S- Neighborhood,0.035504924,0.647512035,37,2093,151,8134,C8A
16S+ Neighborhood / 16S- Neighborhood,0.004232676,0.565146654,38,2093,146,8134,C8B
16S+ Neighborhood / 16S- Neighborhood,0.82426936,1.029234224,111,2093,293,8134,C8G
16S+ Neighborhood / 16S- Neighborhood,0.059707056,0.64966713,26,2093,79,8134,C9
16S+ Neighborhood / 16S- Neighborhood,0.010693997,0.677363017,66,2093,210,8134,C9orf72
16S+ Neighborhood / 16S- Neighborhood,0.288293049,0.854409044,92,2093,251,8134,CA2
16S+ Neighborhood / 16S- Neighborhood,0.359619506,0.840845413,48,2093,122,8134,CA3
16S+ Neighborhood / 16S- Neighborhood,0.824397917,0.966678929,87,2093,166,8134,CA8
16S+ Neighborhood / 16S- Neighborhood,0.216565805,1.141759338,153,2093,278,8134,CAB39
16S+ Neighborhood / 16S- Neighborhood,0.05456048,0.716442762,52,2093,158,8134,CAB39L
16S+ Neighborhood / 16S- Neighborhood,0.37808512,0.885109697,84,2093,217,8134,CABLES1
16S+ Neighborhood / 16S- Neighborhood,0.218456092,0.807868622,50,2093,141,8134,CACNA1A
16S+ Neighborhood / 16S- Neighborhood,9.20E-05,0.476848313,37,2093,166,8134,CACNA1B
16S+ Neighborhood / 16S- Neighborhood,0.930343614,1.016834848,47,2093,105,8134,CACNA1C
16S+ Neighborhood / 16S- Neighborhood,0.558592386,1.146111496,29,2093,53,8134,CACNA1D
16S+ Neighborhood / 16S- Neighborhood,0.094030743,0.621252217,21,2093,76,8134,CACNA1E
16S+ Neighborhood / 16S- Neighborhood,0.576062373,0.902741332,51,2093,140,8134,CACNA1G
16S+ Neighborhood / 16S- Neighborhood,0.005503105,0.608824159,48,2093,171,8134,CACNA1H
16S+ Neighborhood / 16S- Neighborhood,0.01985633,0.623495365,35,2093,115,8134,CACNA1I
16S+ Neighborhood / 16S- Neighborhood,0.324197007,0.820808559,44,2093,120,8134,CACNA1S
16S+ Neighborhood / 16S- Neighborhood,0.203347122,0.783927936,43,2093,148,8134,CACNA2D1
16S+ Neighborhood / 16S- Neighborhood,0.890770936,0.975438446,55,2093,130,8134,CACNA2D2
16S+ Neighborhood / 16S- Neighborhood,0.662665905,0.925203915,57,2093,141,8134,CACNA2D3
16S+ Neighborhood / 16S- Neighborhood,0.039689831,0.672520819,45,2093,145,8134,CACNA2D4
16S+ Neighborhood / 16S- Neighborhood,0.538066488,0.883704736,42,2093,108,8134,CACNB2
16S+ Neighborhood / 16S- Neighborhood,0.8245651,0.97131287,117,2093,213,8134,CACNB3
16S+ Neighborhood / 16S- Neighborhood,0.857097999,0.976356457,107,2093,226,8134,CACNB4
16S+ Neighborhood / 16S- Neighborhood,0.085856955,0.728576791,40,2093,114,8134,CACNG1
16S+ Neighborhood / 16S- Neighborhood,0.148960944,0.768878259,51,2093,141,8134,CACNG3
16S+ Neighborhood / 16S- Neighborhood,0.094384701,0.583891395,14,2093,59,8134,CACNG4
16S+ Neighborhood / 16S- Neighborhood,0.023011725,0.626711315,38,2093,136,8134,CACNG6
16S+ Neighborhood / 16S- Neighborhood,0.01597103,1.300637451,202,2093,233,8134,CACYBP
16S+ Neighborhood / 16S- Neighborhood,0.045322155,0.784035097,132,2093,293,8134,CADM1
16S+ Neighborhood / 16S- Neighborhood,0.278741479,1.112835419,225,2093,315,8134,CADM4
16S+ Neighborhood / 16S- Neighborhood,0.024686056,0.619646473,36,2093,142,8134,CADPS
16S+ Neighborhood / 16S- Neighborhood,0.000388468,0.370663191,18,2093,95,8134,CALB1
16S+ Neighborhood / 16S- Neighborhood,0.698752568,1.086430156,42,2093,97,8134,CALCB
16S+ Neighborhood / 16S- Neighborhood,0.614309797,0.931061187,81,2093,207,8134,CALCOCO2
16S+ Neighborhood / 16S- Neighborhood,0.282342764,0.795589555,36,2093,115,8134,CALCR
16S+ Neighborhood / 16S- Neighborhood,0.003412594,0.497272439,28,2093,135,8134,CALCRL
16S+ Neighborhood / 16S- Neighborhood,0.05704448,0.726723787,70,2093,266,8134,CALD1
16S+ Neighborhood / 16S- Neighborhood,0.179781517,0.780832917,48,2093,124,8134,CALHM6
16S+ Neighborhood / 16S- Neighborhood,0.015861964,1.191915561,503,2093,584,8134,CALM1
16S+ Neighborhood / 16S- Neighborhood,1.21E-07,1.272915471,1313,2093,2396,8134,CALM2
16S+ Neighborhood / 16S- Neighborhood,0.261045028,1.089736704,416,2093,632,8134,CALM3
16S+ Neighborhood / 16S- Neighborhood,1.05E-09,1.342833781,2059,2093,1425,8134,CALML3
16S+ Neighborhood / 16S- Neighborhood,0.210539109,0.763203671,33,2093,109,8134,CALML4
16S+ Neighborhood / 16S- Neighborhood,0.022241833,1.134995997,1183,2093,971,8134,CALML5
16S+ Neighborhood / 16S- Neighborhood,0.00872709,0.66460194,58,2093,182,8134,CALML6
16S+ Neighborhood / 16S- Neighborhood,0.017470984,1.167593116,551,2093,938,8134,CALU
16S+ Neighborhood / 16S- Neighborhood,0.062803201,0.577467414,15,2093,54,8134,CAMK1
16S+ Neighborhood / 16S- Neighborhood,0.130943337,0.785242474,66,2093,223,8134,CAMK1D
16S+ Neighborhood / 16S- Neighborhood,0.84064528,0.948069372,25,2093,64,8134,CAMK2A
16S+ Neighborhood / 16S- Neighborhood,0.826104045,0.960783701,54,2093,162,8134,CAMK2B
16S+ Neighborhood / 16S- Neighborhood,0.517839195,0.936427264,178,2093,420,8134,CAMK2D
16S+ Neighborhood / 16S- Neighborhood,0.829103107,0.976983391,171,2093,396,8134,CAMK2G
16S+ Neighborhood / 16S- Neighborhood,0.117694039,0.772766571,60,2093,207,8134,CAMK2N1
16S+ Neighborhood / 16S- Neighborhood,0.090990841,0.644010804,22,2093,70,8134,CAMK4
16S+ Neighborhood / 16S- Neighborhood,0.196199133,0.79865877,56,2093,176,8134,CAMKK1
16S+ Neighborhood / 16S- Neighborhood,0.151636345,1.174094843,178,2093,265,8134,CAMKK2
16S+ Neighborhood / 16S- Neighborhood,0.160446468,0.637839251,15,2093,53,8134,CAMP
16S+ Neighborhood / 16S- Neighborhood,0.000745151,0.516686172,45,2093,146,8134,CAMTA1
16S+ Neighborhood / 16S- Neighborhood,0.007805697,1.346135437,175,2093,225,8134,CAND1
16S+ Neighborhood / 16S- Neighborhood,0.016898029,1.149127313,731,2093,1069,8134,CANT1
16S+ Neighborhood / 16S- Neighborhood,0.434681204,0.949766037,499,2093,1086,8134,CANX
16S+ Neighborhood / 16S- Neighborhood,0.021043144,1.144125016,819,2093,988,8134,CAP1
16S+ Neighborhood / 16S- Neighborhood,0.118205779,0.68538554,25,2093,73,8134,CAP2
16S+ Neighborhood / 16S- Neighborhood,0.068786211,0.807849062,130,2093,390,8134,CAPG
16S+ Neighborhood / 16S- Neighborhood,0.337917206,1.053625537,713,2093,2030,8134,CAPN1
16S+ Neighborhood / 16S- Neighborhood,0.000254814,1.212013599,980,2093,1616,8134,CAPN2
16S+ Neighborhood / 16S- Neighborhood,0.07683204,1.245722576,143,2093,212,8134,CAPN7
16S+ Neighborhood / 16S- Neighborhood,0.939702273,1.00621773,329,2093,479,8134,CAPNS1
16S+ Neighborhood / 16S- Neighborhood,0.970900363,1.003032172,294,2093,486,8134,CAPZA1
16S+ Neighborhood / 16S- Neighborhood,0.190293179,1.157539051,162,2093,275,8134,CAPZA2
16S+ Neighborhood / 16S- Neighborhood,0.003039073,1.200268039,628,2093,934,8134,CAPZB
16S+ Neighborhood / 16S- Neighborhood,0.343081629,0.851646304,59,2093,188,8134,CARD11
16S+ Neighborhood / 16S- Neighborhood,0.915598088,0.981274097,52,2093,117,8134,CARD8
16S+ Neighborhood / 16S- Neighborhood,0.804178311,0.971943547,133,2093,617,8134,CARD9
16S+ Neighborhood / 16S- Neighborhood,0.972685516,0.995648947,124,2093,183,8134,CARHSP1
16S+ Neighborhood / 16S- Neighborhood,0.013673222,0.772437647,144,2093,385,8134,CARM1
16S+ Neighborhood / 16S- Neighborhood,0.194508712,0.865495135,166,2093,336,8134,CARMIL1
16S+ Neighborhood / 16S- Neighborhood,0.004106322,0.595251536,60,2093,231,8134,CARMN
16S+ Neighborhood / 16S- Neighborhood,0.284412344,0.856576084,81,2093,220,8134,CARTPT
16S+ Neighborhood / 16S- Neighborhood,0.03987563,0.618083245,25,2093,83,8134,CASP1
16S+ Neighborhood / 16S- Neighborhood,0.069478201,0.737427679,61,2093,221,8134,CASP10
16S+ Neighborhood / 16S- Neighborhood,0.972373436,0.996165714,185,2093,311,8134,CASP3
16S+ Neighborhood / 16S- Neighborhood,0.900807307,0.982641653,87,2093,214,8134,CASP4
16S+ Neighborhood / 16S- Neighborhood,0.163392816,1.259858714,73,2093,174,8134,CASP7
16S+ Neighborhood / 16S- Neighborhood,0.422896131,0.890067891,85,2093,193,8134,CASP8
16S+ Neighborhood / 16S- Neighborhood,0.772075411,1.043834257,78,2093,161,8134,CASP9
16S+ Neighborhood / 16S- Neighborhood,0.04547733,0.684993292,42,2093,136,8134,CASR
16S+ Neighborhood / 16S- Neighborhood,0.73586681,1.033882972,214,2093,422,8134,CAST
16S+ Neighborhood / 16S- Neighborhood,0.367814035,1.093723373,211,2093,355,8134,CAT
16S+ Neighborhood / 16S- Neighborhood,0.743850566,0.947774959,67,2093,154,8134,CAV1
16S+ Neighborhood / 16S- Neighborhood,0.142388664,0.724275703,32,2093,106,8134,CAV2
16S+ Neighborhood / 16S- Neighborhood,0.019539595,0.437552417,11,2093,55,8134,CAVIN2
16S+ Neighborhood / 16S- Neighborhood,0.114477058,0.799792085,75,2093,197,8134,CBFB
16S+ Neighborhood / 16S- Neighborhood,0.024005023,0.690317699,61,2093,202,8134,CBL
16S+ Neighborhood / 16S- Neighborhood,0.215988831,0.826954103,69,2093,187,8134,CBLB
16S+ Neighborhood / 16S- Neighborhood,0.019209217,0.708923322,70,2093,281,8134,CBLC
16S+ Neighborhood / 16S- Neighborhood,0.177290127,0.797762022,64,2093,192,8134,CBLN2
16S+ Neighborhood / 16S- Neighborhood,0.375868899,1.082204923,272,2093,618,8134,CBR1
16S+ Neighborhood / 16S- Neighborhood,0.863713672,1.01855196,181,2093,411,8134,CBR4
16S+ Neighborhood / 16S- Neighborhood,0.039449272,0.579420461,20,2093,83,8134,CCBE1
16S+ Neighborhood / 16S- Neighborhood,0.09346195,0.83251559,146,2093,403,8134,CCDC12
16S+ Neighborhood / 16S- Neighborhood,0.909574814,0.964982964,16,2093,41,8134,CCDC122
16S+ Neighborhood / 16S- Neighborhood,0.564104439,0.943264932,195,2093,404,8134,CCDC50
16S+ Neighborhood / 16S- Neighborhood,0.832798681,1.028714908,109,2093,222,8134,CCDC59
16S+ Neighborhood / 16S- Neighborhood,0.205710472,0.782425916,45,2093,177,8134,CCDC80
16S+ Neighborhood / 16S- Neighborhood,0.127839836,0.717684573,32,2093,129,8134,CCDC88A
16S+ Neighborhood / 16S- Neighborhood,0.0104828,1.345263188,191,2093,258,8134,CCDC88C
16S+ Neighborhood / 16S- Neighborhood,0.635937968,1.09373959,44,2093,89,8134,CCDC92
16S+ Neighborhood / 16S- Neighborhood,0.222430463,0.701333495,17,2093,48,8134,CCK
16S+ Neighborhood / 16S- Neighborhood,0.020440064,0.504280596,17,2093,73,8134,CCKAR
16S+ Neighborhood / 16S- Neighborhood,0.121989399,0.725406919,36,2093,107,8134,CCKBR
16S+ Neighborhood / 16S- Neighborhood,0.375055786,0.766256366,17,2093,48,8134,CCL1
16S+ Neighborhood / 16S- Neighborhood,0.786507911,0.943507168,38,2093,102,8134,CCL11
16S+ Neighborhood / 16S- Neighborhood,0.121402012,0.72713763,38,2093,127,8134,CCL13
16S+ Neighborhood / 16S- Neighborhood,0.073752068,0.682072903,33,2093,100,8134,CCL14
16S+ Neighborhood / 16S- Neighborhood,0.012339741,0.612063405,39,2093,146,8134,CCL15
16S+ Neighborhood / 16S- Neighborhood,0.024881772,0.479996142,12,2093,51,8134,CCL16
16S+ Neighborhood / 16S- Neighborhood,0.873793584,0.977338381,82,2093,177,8134,CCL17
16S+ Neighborhood / 16S- Neighborhood,0.13774509,0.736901291,49,2093,231,8134,CCL18
16S+ Neighborhood / 16S- Neighborhood,0.31875368,0.851322197,64,2093,160,8134,CCL19
16S+ Neighborhood / 16S- Neighborhood,0.025202109,0.63086286,41,2093,171,8134,CCL2
16S+ Neighborhood / 16S- Neighborhood,0.498776431,0.899823945,75,2093,291,8134,CCL20
16S+ Neighborhood / 16S- Neighborhood,0.255645253,0.7020437,16,2093,58,8134,CCL21
16S+ Neighborhood / 16S- Neighborhood,0.015541887,0.547941785,24,2093,112,8134,CCL22
16S+ Neighborhood / 16S- Neighborhood,0.974649324,1.00734544,34,2093,86,8134,CCL23
16S+ Neighborhood / 16S- Neighborhood,0.009365428,0.615875486,39,2093,131,8134,CCL24
16S+ Neighborhood / 16S- Neighborhood,0.654537778,0.947645013,133,2093,340,8134,CCL25
16S+ Neighborhood / 16S- Neighborhood,0.252243051,0.682373036,14,2093,46,8134,CCL26
16S+ Neighborhood / 16S- Neighborhood,0.372463281,0.829792161,45,2093,121,8134,CCL27
16S+ Neighborhood / 16S- Neighborhood,0.81275353,1.064207667,24,2093,60,8134,CCL28
16S+ Neighborhood / 16S- Neighborhood,0.387946862,0.867359072,91,2093,262,8134,CCL3
16S+ Neighborhood / 16S- Neighborhood,0.002140226,0.556825474,43,2093,187,8134,CCL4
16S+ Neighborhood / 16S- Neighborhood,0.035827504,0.724778494,82,2093,269,8134,CCL5
16S+ Neighborhood / 16S- Neighborhood,0.776795284,0.934628089,26,2093,65,8134,CCL7
16S+ Neighborhood / 16S- Neighborhood,0.912931933,0.974125675,33,2093,93,8134,CCL8
16S+ Neighborhood / 16S- Neighborhood,0.037659289,0.771741709,131,2093,479,8134,CCN1
16S+ Neighborhood / 16S- Neighborhood,0.016642647,0.748538483,186,2093,770,8134,CCN2
16S+ Neighborhood / 16S- Neighborhood,0.082023608,0.566854241,13,2093,52,8134,CCNA1
16S+ Neighborhood / 16S- Neighborhood,0.695856495,0.93340218,52,2093,123,8134,CCNA2
16S+ Neighborhood / 16S- Neighborhood,0.560260225,1.088916108,92,2093,181,8134,CCNB1
16S+ Neighborhood / 16S- Neighborhood,0.003474343,0.659528706,73,2093,230,8134,CCNB2
16S+ Neighborhood / 16S- Neighborhood,0.040873931,0.470462652,10,2093,47,8134,CCNB3
16S+ Neighborhood / 16S- Neighborhood,0.104670767,1.196263609,191,2093,287,8134,CCNC
16S+ Neighborhood / 16S- Neighborhood,0.029787607,0.891963697,888,2093,1231,8134,CCND1
16S+ Neighborhood / 16S- Neighborhood,0.117857406,0.850706453,181,2093,391,8134,CCND2
16S+ Neighborhood / 16S- Neighborhood,0.964812884,1.004942011,142,2093,447,8134,CCND3
16S+ Neighborhood / 16S- Neighborhood,0.264382501,0.87124546,115,2093,489,8134,CCNE1
16S+ Neighborhood / 16S- Neighborhood,0.042856389,0.706469855,60,2093,148,8134,CCNE2
16S+ Neighborhood / 16S- Neighborhood,0.808606572,0.971683358,141,2093,289,8134,CCNG1
16S+ Neighborhood / 16S- Neighborhood,0.687079486,0.959291136,169,2093,378,8134,CCNG2
16S+ Neighborhood / 16S- Neighborhood,0.820940685,1.029428126,125,2093,284,8134,CCNH
16S+ Neighborhood / 16S- Neighborhood,0.10307912,1.198692323,172,2093,236,8134,CCNK
16S+ Neighborhood / 16S- Neighborhood,0.478319306,0.902419435,77,2093,179,8134,CCNO
16S+ Neighborhood / 16S- Neighborhood,0.440840426,1.114265891,108,2093,223,8134,CCNT1
16S+ Neighborhood / 16S- Neighborhood,0.15773576,1.217729507,108,2093,197,8134,CCNT2
16S+ Neighborhood / 16S- Neighborhood,0.837486012,0.971736334,91,2093,191,8134,CCP110
16S+ Neighborhood / 16S- Neighborhood,0.105998411,0.741072892,49,2093,158,8134,CCR1
16S+ Neighborhood / 16S- Neighborhood,0.355449057,0.866220702,74,2093,207,8134,CCR10
16S+ Neighborhood / 16S- Neighborhood,0.127885954,0.753300149,48,2093,131,8134,CCR2
16S+ Neighborhood / 16S- Neighborhood,0.06604944,0.742975982,61,2093,174,8134,CCR3
16S+ Neighborhood / 16S- Neighborhood,0.277889903,0.801932972,42,2093,123,8134,CCR4
16S+ Neighborhood / 16S- Neighborhood,0.860802115,1.04443403,32,2093,83,8134,CCR5
16S+ Neighborhood / 16S- Neighborhood,0.968701196,1.006227762,68,2093,139,8134,CCR7
16S+ Neighborhood / 16S- Neighborhood,0.010797265,0.435971428,14,2093,65,8134,CCR9
16S+ Neighborhood / 16S- Neighborhood,0.176789862,0.753813749,36,2093,135,8134,CCRL2
16S+ Neighborhood / 16S- Neighborhood,0.09304821,1.15884743,246,2093,438,8134,CCS
16S+ Neighborhood / 16S- Neighborhood,0.000511167,1.556019425,150,2093,172,8134,CCT2
16S+ Neighborhood / 16S- Neighborhood,1.42E-05,1.195481457,1777,2093,2080,8134,CCT6A
16S+ Neighborhood / 16S- Neighborhood,0.016425979,1.292200371,194,2093,262,8134,CCT8
16S+ Neighborhood / 16S- Neighborhood,0.108538873,1.157209031,298,2093,377,8134,CD109
16S+ Neighborhood / 16S- Neighborhood,2.84E-06,0.432066051,53,2093,298,8134,CD14
16S+ Neighborhood / 16S- Neighborhood,0.062140486,0.891024517,599,2093,1095,8134,CD151
16S+ Neighborhood / 16S- Neighborhood,0.079550731,0.592771078,17,2093,58,8134,CD160
16S+ Neighborhood / 16S- Neighborhood,0.004018724,0.623408506,82,2093,376,8134,CD163
16S+ Neighborhood / 16S- Neighborhood,1.31E-07,1.611696721,357,2093,311,8134,CD164
16S+ Neighborhood / 16S- Neighborhood,0.070331426,0.719183441,56,2093,180,8134,CD180
16S+ Neighborhood / 16S- Neighborhood,0.244702023,0.83290556,68,2093,169,8134,CD19
16S+ Neighborhood / 16S- Neighborhood,0.233460504,0.833246021,75,2093,234,8134,CD1A
16S+ Neighborhood / 16S- Neighborhood,0.903918808,0.975356017,41,2093,102,8134,CD1B
16S+ Neighborhood / 16S- Neighborhood,0.001458321,0.395805294,16,2093,80,8134,CD1C
16S+ Neighborhood / 16S- Neighborhood,0.009110187,0.648349789,56,2093,199,8134,CD1D
16S+ Neighborhood / 16S- Neighborhood,0.160694605,0.728359241,29,2093,84,8134,CD1E
16S+ Neighborhood / 16S- Neighborhood,0.010006581,0.623046818,44,2093,153,8134,CD2
16S+ Neighborhood / 16S- Neighborhood,0.258154589,0.676722179,12,2093,45,8134,CD200
16S+ Neighborhood / 16S- Neighborhood,0.540357296,0.854877872,26,2093,82,8134,CD207
16S+ Neighborhood / 16S- Neighborhood,0.000385636,0.349664854,14,2093,83,8134,CD209
16S+ Neighborhood / 16S- Neighborhood,0.508128303,1.201118815,24,2093,50,8134,CD22
16S+ Neighborhood / 16S- Neighborhood,0.10074698,0.724608875,39,2093,115,8134,CD226
16S+ Neighborhood / 16S- Neighborhood,7.90E-07,1.355157929,771,2093,752,8134,CD24
16S+ Neighborhood / 16S- Neighborhood,0.049555956,0.758497796,88,2093,252,8134,CD244
16S+ Neighborhood / 16S- Neighborhood,0.996019938,0.999010477,46,2093,100,8134,CD247
16S+ Neighborhood / 16S- Neighborhood,0.449582462,0.879502628,62,2093,166,8134,CD27
16S+ Neighborhood / 16S- Neighborhood,0.26316075,1.271744992,40,2093,82,8134,CD274
16S+ Neighborhood / 16S- Neighborhood,0.349717528,0.844371233,48,2093,125,8134,CD276
16S+ Neighborhood / 16S- Neighborhood,0.036622979,0.697164866,56,2093,183,8134,CD28
16S+ Neighborhood / 16S- Neighborhood,0.100428209,0.727495342,40,2093,129,8134,CD300A
16S+ Neighborhood / 16S- Neighborhood,0.605442102,0.902671715,41,2093,91,8134,CD300E
16S+ Neighborhood / 16S- Neighborhood,0.029600149,0.677905227,52,2093,190,8134,CD300LF
16S+ Neighborhood / 16S- Neighborhood,0.737699816,0.959474263,112,2093,453,8134,CD320
16S+ Neighborhood / 16S- Neighborhood,0.029819338,0.548557617,19,2093,73,8134,CD33
16S+ Neighborhood / 16S- Neighborhood,0.015875085,0.618087239,43,2093,152,8134,CD34
16S+ Neighborhood / 16S- Neighborhood,0.00155556,0.524812325,40,2093,155,8134,CD36
16S+ Neighborhood / 16S- Neighborhood,0.076501836,0.735600451,60,2093,209,8134,CD37
16S+ Neighborhood / 16S- Neighborhood,0.013117573,0.630987158,48,2093,178,8134,CD38
16S+ Neighborhood / 16S- Neighborhood,0.061974069,0.738109572,68,2093,216,8134,CD3D
16S+ Neighborhood / 16S- Neighborhood,0.424476232,0.818734066,26,2093,92,8134,CD3E
16S+ Neighborhood / 16S- Neighborhood,0.639000298,0.90470012,33,2093,76,8134,CD3G
16S+ Neighborhood / 16S- Neighborhood,0.21393173,0.784223225,44,2093,139,8134,CD4
16S+ Neighborhood / 16S- Neighborhood,0.034275078,0.68762736,50,2093,193,8134,CD40
16S+ Neighborhood / 16S- Neighborhood,0.610742498,0.878442329,27,2093,82,8134,CD40LG
16S+ Neighborhood / 16S- Neighborhood,0.206570896,1.071095138,720,2093,1732,8134,CD44
16S+ Neighborhood / 16S- Neighborhood,0.033981868,1.243532072,193,2093,327,8134,CD46
16S+ Neighborhood / 16S- Neighborhood,0.125381076,1.193393219,135,2093,362,8134,CD47
16S+ Neighborhood / 16S- Neighborhood,0.000411018,0.516017865,45,2093,185,8134,CD48
16S+ Neighborhood / 16S- Neighborhood,0.008490664,0.685343548,76,2093,237,8134,CD5
16S+ Neighborhood / 16S- Neighborhood,0.409591227,0.855624378,48,2093,115,8134,CD52
16S+ Neighborhood / 16S- Neighborhood,0.019221768,0.703773544,70,2093,218,8134,CD53
16S+ Neighborhood / 16S- Neighborhood,0.658308373,0.94100111,91,2093,325,8134,CD55
16S+ Neighborhood / 16S- Neighborhood,0.164387798,0.84626473,120,2093,308,8134,CD58
16S+ Neighborhood / 16S- Neighborhood,0.02128902,0.843514767,345,2093,1031,8134,CD59
16S+ Neighborhood / 16S- Neighborhood,0.409459212,0.877867723,69,2093,183,8134,CD5L
16S+ Neighborhood / 16S- Neighborhood,0.007538438,0.52621394,25,2093,107,8134,CD6
16S+ Neighborhood / 16S- Neighborhood,0.35526456,1.053523888,661,2093,1446,8134,CD63
16S+ Neighborhood / 16S- Neighborhood,6.59E-05,0.626794536,142,2093,511,8134,CD68
16S+ Neighborhood / 16S- Neighborhood,0.813934633,0.945661489,26,2093,57,8134,CD69
16S+ Neighborhood / 16S- Neighborhood,0.015078242,0.71746729,94,2093,286,8134,CD7
16S+ Neighborhood / 16S- Neighborhood,0.326310005,0.863984174,75,2093,282,8134,CD70
16S+ Neighborhood / 16S- Neighborhood,0.138951788,0.775650224,63,2093,209,8134,CD72
16S+ Neighborhood / 16S- Neighborhood,1.76E-08,0.620899105,417,2093,2721,8134,CD74
16S+ Neighborhood / 16S- Neighborhood,0.099311845,0.668411174,25,2093,92,8134,CD79A
16S+ Neighborhood / 16S- Neighborhood,0.885332743,0.976543882,73,2093,182,8134,CD79B
16S+ Neighborhood / 16S- Neighborhood,0.501521368,0.862119545,30,2093,76,8134,CD80
16S+ Neighborhood / 16S- Neighborhood,0.890867654,0.991315516,509,2093,1251,8134,CD81
16S+ Neighborhood / 16S- Neighborhood,0.63106965,0.937113664,114,2093,181,8134,CD82
16S+ Neighborhood / 16S- Neighborhood,0.004419686,0.521332125,28,2093,111,8134,CD83
16S+ Neighborhood / 16S- Neighborhood,0.12728612,0.775153377,64,2093,198,8134,CD84
16S+ Neighborhood / 16S- Neighborhood,0.004877389,0.535069929,30,2093,115,8134,CD86
16S+ Neighborhood / 16S- Neighborhood,0.003338904,0.477518845,22,2093,102,8134,CD8A
16S+ Neighborhood / 16S- Neighborhood,0.020008001,0.621622845,37,2093,130,8134,CD8B
16S+ Neighborhood / 16S- Neighborhood,8.09E-06,1.290057198,1010,2093,1058,8134,CD9
16S+ Neighborhood / 16S- Neighborhood,0.014346182,0.690260694,80,2093,322,8134,CD93
16S+ Neighborhood / 16S- Neighborhood,0.157241968,0.753610975,45,2093,135,8134,CD96
16S+ Neighborhood / 16S- Neighborhood,0.096841578,1.119211829,543,2093,830,8134,CD99
16S+ Neighborhood / 16S- Neighborhood,0.029723336,0.710002141,61,2093,176,8134,CD99L2
16S+ Neighborhood / 16S- Neighborhood,0.065831323,0.736984184,62,2093,186,8134,CDA
16S+ Neighborhood / 16S- Neighborhood,0.11664014,0.765426372,54,2093,148,8134,CDC14A
16S+ Neighborhood / 16S- Neighborhood,0.011855743,0.749505181,133,2093,347,8134,CDC14B
16S+ Neighborhood / 16S- Neighborhood,0.037561213,1.238955478,201,2093,447,8134,CDC16
16S+ Neighborhood / 16S- Neighborhood,0.600380782,1.065837477,192,2093,238,8134,CDC20
16S+ Neighborhood / 16S- Neighborhood,0.103945496,0.754628674,56,2093,155,8134,CDC20B
16S+ Neighborhood / 16S- Neighborhood,0.100701602,0.777857401,78,2093,199,8134,CDC23
16S+ Neighborhood / 16S- Neighborhood,0.11402471,0.770738719,59,2093,158,8134,CDC25A
16S+ Neighborhood / 16S- Neighborhood,0.391204382,0.920384069,206,2093,635,8134,CDC25B
16S+ Neighborhood / 16S- Neighborhood,0.269522012,0.778863039,33,2093,98,8134,CDC25C
16S+ Neighborhood / 16S- Neighborhood,0.404367569,0.841219155,37,2093,84,8134,CDC26
16S+ Neighborhood / 16S- Neighborhood,0.108238253,0.818739509,109,2093,276,8134,CDC27
16S+ Neighborhood / 16S- Neighborhood,0.783847793,0.97801049,253,2093,532,8134,CDC34
16S+ Neighborhood / 16S- Neighborhood,0.27360737,1.068293711,538,2093,1195,8134,CDC37
16S+ Neighborhood / 16S- Neighborhood,0.902607402,1.019682566,73,2093,151,8134,CDC37L1
16S+ Neighborhood / 16S- Neighborhood,0.991273688,0.998301673,68,2093,143,8134,CDC40
16S+ Neighborhood / 16S- Neighborhood,0.577938165,0.949604334,247,2093,462,8134,CDC42BPB
16S+ Neighborhood / 16S- Neighborhood,0.007880654,0.547721571,25,2093,97,8134,CDC42EP3
16S+ Neighborhood / 16S- Neighborhood,0.953693019,0.993635198,144,2093,305,8134,CDC5L
16S+ Neighborhood / 16S- Neighborhood,0.402388102,0.908121347,151,2093,335,8134,CDC6
16S+ Neighborhood / 16S- Neighborhood,0.808623359,1.04242871,68,2093,142,8134,CDC7
16S+ Neighborhood / 16S- Neighborhood,0.01299088,1.260727926,256,2093,385,8134,CDC73
16S+ Neighborhood / 16S- Neighborhood,2.49E-05,1.265757616,947,2093,1008,8134,CDH1
16S+ Neighborhood / 16S- Neighborhood,0.009876743,0.541768086,27,2093,113,8134,CDH10
16S+ Neighborhood / 16S- Neighborhood,0.606795023,0.858622942,18,2093,55,8134,CDH11
16S+ Neighborhood / 16S- Neighborhood,0.205569079,0.704714757,20,2093,60,8134,CDH12
16S+ Neighborhood / 16S- Neighborhood,0.06516611,0.674548377,36,2093,112,8134,CDH13
16S+ Neighborhood / 16S- Neighborhood,0.502237641,0.856975686,33,2093,87,8134,CDH18
16S+ Neighborhood / 16S- Neighborhood,0.712869257,1.1100526,19,2093,36,8134,CDH19
16S+ Neighborhood / 16S- Neighborhood,0.224933255,0.722249145,22,2093,78,8134,CDH2
16S+ Neighborhood / 16S- Neighborhood,0.097287995,1.261980717,108,2093,162,8134,CDH3
16S+ Neighborhood / 16S- Neighborhood,0.000150556,0.31590982,14,2093,110,8134,CDH5
16S+ Neighborhood / 16S- Neighborhood,0.41454904,1.193400504,39,2093,70,8134,CDH8
16S+ Neighborhood / 16S- Neighborhood,0.322372615,0.803204806,32,2093,87,8134,CDH9
16S+ Neighborhood / 16S- Neighborhood,0.865428566,0.981224528,136,2093,290,8134,CDIPT
16S+ Neighborhood / 16S- Neighborhood,0.272707314,0.85623289,87,2093,211,8134,CDK1
16S+ Neighborhood / 16S- Neighborhood,0.009885781,1.289207958,203,2093,547,8134,CDK10
16S+ Neighborhood / 16S- Neighborhood,0.429527335,1.078662466,236,2093,498,8134,CDK11A
16S+ Neighborhood / 16S- Neighborhood,0.228669796,1.137346617,169,2093,389,8134,CDK11B
16S+ Neighborhood / 16S- Neighborhood,0.188467584,1.131613005,283,2093,383,8134,CDK12
16S+ Neighborhood / 16S- Neighborhood,0.61890702,0.944033813,148,2093,367,8134,CDK13
16S+ Neighborhood / 16S- Neighborhood,0.751615944,0.967925458,164,2093,378,8134,CDK16
16S+ Neighborhood / 16S- Neighborhood,0.307296376,1.19711696,77,2093,103,8134,CDK17
16S+ Neighborhood / 16S- Neighborhood,0.443771158,0.891452715,72,2093,169,8134,CDK19
16S+ Neighborhood / 16S- Neighborhood,0.028393195,0.701114566,66,2093,195,8134,CDK2
16S+ Neighborhood / 16S- Neighborhood,0.011593272,1.293333512,184,2093,283,8134,CDK4
16S+ Neighborhood / 16S- Neighborhood,0.957168821,1.006974568,106,2093,226,8134,CDK5
16S+ Neighborhood / 16S- Neighborhood,0.014344217,0.823210904,293,2093,706,8134,CDK5RAP2
16S+ Neighborhood / 16S- Neighborhood,0.570312889,0.960664574,429,2093,1183,8134,CDK5RAP3
16S+ Neighborhood / 16S- Neighborhood,0.067380078,0.756498435,65,2093,274,8134,CDK6
16S+ Neighborhood / 16S- Neighborhood,0.278056278,0.83014518,56,2093,127,8134,CDK7
16S+ Neighborhood / 16S- Neighborhood,0.433330582,1.13315469,63,2093,122,8134,CDK8
16S+ Neighborhood / 16S- Neighborhood,0.371693762,0.921922701,229,2093,571,8134,CDK9
16S+ Neighborhood / 16S- Neighborhood,0.733376716,1.025002015,486,2093,812,8134,CDKN1A
16S+ Neighborhood / 16S- Neighborhood,0.911715374,0.988351658,192,2093,328,8134,CDKN1B
16S+ Neighborhood / 16S- Neighborhood,0.011175283,0.636098854,56,2093,187,8134,CDKN1C
16S+ Neighborhood / 16S- Neighborhood,0.024414851,0.764823164,104,2093,718,8134,CDKN2A
16S+ Neighborhood / 16S- Neighborhood,0.138709349,0.668750887,19,2093,73,8134,CDKN2B
16S+ Neighborhood / 16S- Neighborhood,0.002243867,0.660816,88,2093,296,8134,CDKN2C
16S+ Neighborhood / 16S- Neighborhood,0.097666465,0.810319782,111,2093,321,8134,CDKN2D
16S+ Neighborhood / 16S- Neighborhood,0.366733281,0.877811821,84,2093,201,8134,CDKN3
16S+ Neighborhood / 16S- Neighborhood,0.797253786,1.028733714,138,2093,284,8134,CDON
16S+ Neighborhood / 16S- Neighborhood,0.066947513,0.794950084,102,2093,289,8134,CDS2
16S+ Neighborhood / 16S- Neighborhood,0.024948249,1.363386364,111,2093,163,8134,CDT1
16S+ Neighborhood / 16S- Neighborhood,0.537606518,0.874009492,35,2093,97,8134,CDX2
16S+ Neighborhood / 16S- Neighborhood,0.311241322,0.908762232,203,2093,480,8134,CEACAM1
16S+ Neighborhood / 16S- Neighborhood,0.01838033,0.869531093,659,2093,3094,8134,CEACAM6
16S+ Neighborhood / 16S- Neighborhood,0.008850918,0.673079209,66,2093,264,8134,CEACAM8
16S+ Neighborhood / 16S- Neighborhood,0.781865789,1.027240241,237,2093,677,8134,CEBPA
16S+ Neighborhood / 16S- Neighborhood,0.030970193,0.754690516,103,2093,315,8134,CEBPB
16S+ Neighborhood / 16S- Neighborhood,0.000160455,0.608538622,87,2093,309,8134,CEBPD
16S+ Neighborhood / 16S- Neighborhood,0.074212227,0.785207636,94,2093,242,8134,CEBPE
16S+ Neighborhood / 16S- Neighborhood,0.70842003,1.031623713,257,2093,853,8134,CEBPG
16S+ Neighborhood / 16S- Neighborhood,0.385878599,0.88658277,86,2093,236,8134,CEBPZ
16S+ Neighborhood / 16S- Neighborhood,0.418112527,0.916353733,148,2093,333,8134,CELSR1
16S+ Neighborhood / 16S- Neighborhood,0.064500013,1.298068658,122,2093,117,8134,CELSR2
16S+ Neighborhood / 16S- Neighborhood,0.318800862,0.876430273,96,2093,307,8134,CEMIP2
16S+ Neighborhood / 16S- Neighborhood,0.525806083,0.909681531,73,2093,166,8134,CENPC
16S+ Neighborhood / 16S- Neighborhood,0.36037167,0.84200898,45,2093,111,8134,CENPE
16S+ Neighborhood / 16S- Neighborhood,0.029977311,1.32214305,139,2093,239,8134,CENPF
16S+ Neighborhood / 16S- Neighborhood,0.443353424,0.843544359,32,2093,78,8134,CENPH
16S+ Neighborhood / 16S- Neighborhood,0.630772033,0.91365577,47,2093,122,8134,CENPK
16S+ Neighborhood / 16S- Neighborhood,0.191839074,0.845136983,95,2093,237,8134,CENPM
16S+ Neighborhood / 16S- Neighborhood,0.933967363,0.98976451,131,2093,307,8134,CENPN
16S+ Neighborhood / 16S- Neighborhood,0.627230676,1.091056699,58,2093,111,8134,CENPP
16S+ Neighborhood / 16S- Neighborhood,0.968282123,0.995611079,156,2093,346,8134,CENPT
16S+ Neighborhood / 16S- Neighborhood,0.827815381,0.975703846,172,2093,275,8134,CENPU
16S+ Neighborhood / 16S- Neighborhood,0.271909253,0.881329041,148,2093,419,8134,CENPW
16S+ Neighborhood / 16S- Neighborhood,0.010112764,1.174532439,563,2093,950,8134,CENPX
16S+ Neighborhood / 16S- Neighborhood,0.461774884,1.119185053,90,2093,179,8134,CEP135
16S+ Neighborhood / 16S- Neighborhood,0.844216438,1.044823821,38,2093,94,8134,CEP164
16S+ Neighborhood / 16S- Neighborhood,0.906778085,1.013563645,140,2093,284,8134,CEP192
16S+ Neighborhood / 16S- Neighborhood,0.566594786,0.888255432,40,2093,90,8134,CEP290
16S+ Neighborhood / 16S- Neighborhood,0.21218986,0.796578734,51,2093,140,8134,CEP55
16S+ Neighborhood / 16S- Neighborhood,0.053363697,0.679821259,40,2093,115,8134,CEP57
16S+ Neighborhood / 16S- Neighborhood,0.737192551,0.956316723,117,2093,229,8134,CEP63
16S+ Neighborhood / 16S- Neighborhood,0.005109761,0.674457257,83,2093,248,8134,CEP70
16S+ Neighborhood / 16S- Neighborhood,0.881064123,1.023398579,74,2093,165,8134,CEP78
16S+ Neighborhood / 16S- Neighborhood,0.602602108,1.087691943,60,2093,122,8134,CEPT1
16S+ Neighborhood / 16S- Neighborhood,0.371804228,0.81893065,33,2093,88,8134,CER1
16S+ Neighborhood / 16S- Neighborhood,0.01787817,0.81419146,236,2093,704,8134,CERS2
16S+ Neighborhood / 16S- Neighborhood,0.500426805,0.867127345,33,2093,80,8134,CERS4
16S+ Neighborhood / 16S- Neighborhood,0.134471227,0.818210798,95,2093,215,8134,CERS5
16S+ Neighborhood / 16S- Neighborhood,0.512543431,1.104162095,84,2093,140,8134,CERS6
16S+ Neighborhood / 16S- Neighborhood,0.175074359,1.183161248,116,2093,218,8134,CERT1
16S+ Neighborhood / 16S- Neighborhood,0.087410503,0.794681045,87,2093,416,8134,CES3
16S+ Neighborhood / 16S- Neighborhood,0.713942482,0.948292678,88,2093,182,8134,CETN2
16S+ Neighborhood / 16S- Neighborhood,0.907154693,1.020212771,60,2093,144,8134,CETP
16S+ Neighborhood / 16S- Neighborhood,0.23798594,0.763346727,31,2093,94,8134,CFB
16S+ Neighborhood / 16S- Neighborhood,0.11896045,0.705157526,34,2093,105,8134,CFD
16S+ Neighborhood / 16S- Neighborhood,0.047035242,0.786373792,128,2093,376,8134,CFH
16S+ Neighborhood / 16S- Neighborhood,0.239755976,0.793693586,40,2093,145,8134,CFI
16S+ Neighborhood / 16S- Neighborhood,0.212512349,0.868086907,152,2093,324,8134,CFL2
16S+ Neighborhood / 16S- Neighborhood,0.337767337,0.885255071,117,2093,284,8134,CFLAR
16S+ Neighborhood / 16S- Neighborhood,0.109908066,0.743381043,49,2093,131,8134,CFP
16S+ Neighborhood / 16S- Neighborhood,0.952967465,0.991769062,92,2093,267,8134,CGAS
16S+ Neighborhood / 16S- Neighborhood,0.181051444,0.785050201,56,2093,162,8134,CH25H
16S+ Neighborhood / 16S- Neighborhood,0.028763093,0.684442653,58,2093,192,8134,CHAD
16S+ Neighborhood / 16S- Neighborhood,0.452838959,0.855139559,48,2093,117,8134,CHAT
16S+ Neighborhood / 16S- Neighborhood,0.930296641,0.990503964,173,2093,344,8134,CHCHD10
16S+ Neighborhood / 16S- Neighborhood,0.053394417,1.211614688,209,2093,348,8134,CHCHD3
16S+ Neighborhood / 16S- Neighborhood,0.237618448,0.842501036,85,2093,207,8134,CHCHD6
16S+ Neighborhood / 16S- Neighborhood,0.269015361,1.10939181,257,2093,409,8134,CHD3
16S+ Neighborhood / 16S- Neighborhood,0.598255503,1.058938031,168,2093,297,8134,CHD4
16S+ Neighborhood / 16S- Neighborhood,0.002095809,1.323805716,292,2093,377,8134,CHD6
16S+ Neighborhood / 16S- Neighborhood,0.744254543,0.937993181,48,2093,97,8134,CHD9
16S+ Neighborhood / 16S- Neighborhood,0.859217169,1.023503942,107,2093,278,8134,CHEK1
16S+ Neighborhood / 16S- Neighborhood,0.115460707,0.783816651,65,2093,172,8134,CHEK2
16S+ Neighborhood / 16S- Neighborhood,0.975805412,1.008145578,26,2093,67,8134,CHGA
16S+ Neighborhood / 16S- Neighborhood,0.009241618,1.770527001,103,2093,99,8134,CHI3L1
16S+ Neighborhood / 16S- Neighborhood,0.506068141,0.916194382,98,2093,253,8134,CHID1
16S+ Neighborhood / 16S- Neighborhood,0.000408685,0.56479343,64,2093,223,8134,CHIT1
16S+ Neighborhood / 16S- Neighborhood,0.187219928,0.830587624,79,2093,195,8134,CHKA
16S+ Neighborhood / 16S- Neighborhood,0.226689965,0.756729289,30,2093,105,8134,CHL1
16S+ Neighborhood / 16S- Neighborhood,0.784216882,1.024577637,252,2093,619,8134,CHMP1A
16S+ Neighborhood / 16S- Neighborhood,0.967912396,1.003351777,267,2093,582,8134,CHMP1B
16S+ Neighborhood / 16S- Neighborhood,0.071246069,1.137357131,450,2093,745,8134,CHMP2A
16S+ Neighborhood / 16S- Neighborhood,0.452314616,1.124263242,75,2093,153,8134,CHMP2B
16S+ Neighborhood / 16S- Neighborhood,0.000289272,1.145779252,1870,2093,3917,8134,CHMP3
16S+ Neighborhood / 16S- Neighborhood,0.019990937,1.288644136,204,2093,229,8134,CHMP4A
16S+ Neighborhood / 16S- Neighborhood,3.60E-05,1.314777457,556,2093,827,8134,CHMP4B
16S+ Neighborhood / 16S- Neighborhood,0.747791024,0.961770991,109,2093,240,8134,CHMP5
16S+ Neighborhood / 16S- Neighborhood,0.088649474,1.167348424,240,2093,423,8134,CHMP6
16S+ Neighborhood / 16S- Neighborhood,0.18057208,1.22197574,86,2093,139,8134,CHMP7
16S+ Neighborhood / 16S- Neighborhood,0.659532883,1.070791349,83,2093,214,8134,CHORDC1
16S+ Neighborhood / 16S- Neighborhood,0.250338383,0.819283771,54,2093,135,8134,CHPT1
16S+ Neighborhood / 16S- Neighborhood,0.130531896,0.729102479,34,2093,98,8134,CHRM2
16S+ Neighborhood / 16S- Neighborhood,0.191786288,0.750884197,34,2093,84,8134,CHRM3
16S+ Neighborhood / 16S- Neighborhood,0.012195135,0.530164724,21,2093,88,8134,CHRM5
16S+ Neighborhood / 16S- Neighborhood,0.012716064,0.677055597,70,2093,236,8134,CHRNA4
16S+ Neighborhood / 16S- Neighborhood,0.144476651,0.772951954,56,2093,146,8134,CHRNA7
16S+ Neighborhood / 16S- Neighborhood,0.032563323,0.706110592,57,2093,214,8134,CHST11
16S+ Neighborhood / 16S- Neighborhood,0.480145763,0.914526663,132,2093,252,8134,CHST9
16S+ Neighborhood / 16S- Neighborhood,0.997822433,0.999710089,163,2093,335,8134,CHTF8
16S+ Neighborhood / 16S- Neighborhood,0.4973173,0.887943377,47,2093,110,8134,CHUK
16S+ Neighborhood / 16S- Neighborhood,0.679255757,1.025077085,544,2093,1548,8134,CIB1
16S+ Neighborhood / 16S- Neighborhood,0.820174021,1.02507883,187,2093,309,8134,CIB2
16S+ Neighborhood / 16S- Neighborhood,0.552631132,1.057217665,222,2093,401,8134,CIC
16S+ Neighborhood / 16S- Neighborhood,0.001003018,0.500357544,33,2093,142,8134,CIDEA
16S+ Neighborhood / 16S- Neighborhood,0.420032051,0.844628484,40,2093,126,8134,CIITA
16S+ Neighborhood / 16S- Neighborhood,0.343881743,0.860172434,73,2093,166,8134,CIR1
16S+ Neighborhood / 16S- Neighborhood,0.721476946,1.088979209,29,2093,55,8134,CISH
16S+ Neighborhood / 16S- Neighborhood,0.227334188,0.884981363,177,2093,434,8134,CITED2
16S+ Neighborhood / 16S- Neighborhood,0.943725018,1.00574476,346,2093,563,8134,CKAP4
16S+ Neighborhood / 16S- Neighborhood,0.466584873,1.075360652,207,2093,373,8134,CKAP5
16S+ Neighborhood / 16S- Neighborhood,0.003426768,1.227388096,610,2093,692,8134,CKB
16S+ Neighborhood / 16S- Neighborhood,0.934356161,1.005676318,395,2093,1526,8134,CKLF
16S+ Neighborhood / 16S- Neighborhood,0.875695328,1.012669352,325,2093,673,8134,CKS1B
16S+ Neighborhood / 16S- Neighborhood,0.222083015,0.882356181,170,2093,428,8134,CLASP1
16S+ Neighborhood / 16S- Neighborhood,0.102624311,0.77128477,60,2093,172,8134,CLASP2
16S+ Neighborhood / 16S- Neighborhood,0.151737466,0.841734736,125,2093,289,8134,CLCF1
16S+ Neighborhood / 16S- Neighborhood,0.000166341,0.661730499,146,2093,451,8134,CLDN1
16S+ Neighborhood / 16S- Neighborhood,0.090683372,1.163619735,293,2093,476,8134,CLDN3
16S+ Neighborhood / 16S- Neighborhood,0.69738425,0.970147944,356,2093,847,8134,CLDN4
16S+ Neighborhood / 16S- Neighborhood,0.029285248,0.6114609,35,2093,136,8134,CLDN5
16S+ Neighborhood / 16S- Neighborhood,0.90270075,1.010400512,293,2093,503,8134,CLDN7
16S+ Neighborhood / 16S- Neighborhood,0.002293862,0.593870236,49,2093,173,8134,CLEC10A
16S+ Neighborhood / 16S- Neighborhood,0.042936106,0.52823236,14,2093,61,8134,CLEC11A
16S+ Neighborhood / 16S- Neighborhood,0.049298026,0.731307353,58,2093,165,8134,CLEC12A
16S+ Neighborhood / 16S- Neighborhood,0.008578789,0.630689284,68,2093,166,8134,CLEC14A
16S+ Neighborhood / 16S- Neighborhood,0.833779529,0.963991065,57,2093,151,8134,CLEC1A
16S+ Neighborhood / 16S- Neighborhood,0.409610699,0.799947724,19,2093,50,8134,CLEC1B
16S+ Neighborhood / 16S- Neighborhood,0.316599204,1.210318387,44,2093,77,8134,CLEC2B
16S+ Neighborhood / 16S- Neighborhood,0.008969023,0.670911593,65,2093,205,8134,CLEC2D
16S+ Neighborhood / 16S- Neighborhood,0.114746166,0.57799401,12,2093,40,8134,CLEC3A
16S+ Neighborhood / 16S- Neighborhood,0.003140451,0.603394919,52,2093,207,8134,CLEC4A
16S+ Neighborhood / 16S- Neighborhood,0.096479394,0.593183427,13,2093,46,8134,CLEC4C
16S+ Neighborhood / 16S- Neighborhood,0.914028225,1.034968508,16,2093,36,8134,CLEC4D
16S+ Neighborhood / 16S- Neighborhood,0.010475487,0.611157388,45,2093,158,8134,CLEC4E
16S+ Neighborhood / 16S- Neighborhood,0.283328623,0.807408908,49,2093,150,8134,CLEC5A
16S+ Neighborhood / 16S- Neighborhood,0.460835167,0.851930716,39,2093,101,8134,CLEC6A
16S+ Neighborhood / 16S- Neighborhood,0.001735011,0.543304286,38,2093,155,8134,CLEC7A
16S+ Neighborhood / 16S- Neighborhood,0.0596692,0.692246479,43,2093,142,8134,CLEC9A
16S+ Neighborhood / 16S- Neighborhood,0.002948407,0.579356735,47,2093,183,8134,CLECL1P
16S+ Neighborhood / 16S- Neighborhood,0.280651828,0.868506732,113,2093,252,8134,CLIC4
16S+ Neighborhood / 16S- Neighborhood,0.456387027,0.931728886,258,2093,434,8134,CLIP1
16S+ Neighborhood / 16S- Neighborhood,0.051681061,0.724547159,60,2093,205,8134,CLMN
16S+ Neighborhood / 16S- Neighborhood,0.478186108,0.868975371,44,2093,129,8134,CLMP
16S+ Neighborhood / 16S- Neighborhood,0.077309447,1.214333808,148,2093,260,8134,CLN3
16S+ Neighborhood / 16S- Neighborhood,0.029581533,0.646308663,35,2093,116,8134,CLN5
16S+ Neighborhood / 16S- Neighborhood,0.629078673,0.92197121,60,2093,129,8134,CLOCK
16S+ Neighborhood / 16S- Neighborhood,4.19E-16,1.480818114,1654,2093,1398,8134,CLSTN1
16S+ Neighborhood / 16S- Neighborhood,0.018513881,0.539672471,19,2093,73,8134,CLSTN2
16S+ Neighborhood / 16S- Neighborhood,0.348019729,1.07118984,399,2093,823,8134,CLTA
16S+ Neighborhood / 16S- Neighborhood,0.942517953,1.013899588,44,2093,99,8134,CLTB
16S+ Neighborhood / 16S- Neighborhood,0.238568376,1.103160698,295,2093,506,8134,CLTC
16S+ Neighborhood / 16S- Neighborhood,0.087466975,0.730711586,47,2093,135,8134,CLTCL1
16S+ Neighborhood / 16S- Neighborhood,0.681656622,0.952845596,212,2093,509,8134,CLU
16S+ Neighborhood / 16S- Neighborhood,0.010922175,0.544555354,25,2093,93,8134,CMA1
16S+ Neighborhood / 16S- Neighborhood,0.043872219,0.608610194,24,2093,91,8134,CMC1
16S+ Neighborhood / 16S- Neighborhood,0.253866563,1.114694512,234,2093,396,8134,CMIP
16S+ Neighborhood / 16S- Neighborhood,0.61476906,0.908333688,43,2093,116,8134,CMKLR1
16S+ Neighborhood / 16S- Neighborhood,0.954366774,1.004642718,297,2093,719,8134,CMTM4
16S+ Neighborhood / 16S- Neighborhood,0.00328498,0.645262701,60,2093,192,8134,CMTM6
16S+ Neighborhood / 16S- Neighborhood,0.676489138,0.898731633,27,2093,74,8134,CNGA2
16S+ Neighborhood / 16S- Neighborhood,0.514642411,1.097097258,97,2093,209,8134,CNIH4
16S+ Neighborhood / 16S- Neighborhood,0.883203647,0.970375552,42,2093,95,8134,CNKSR2
16S+ Neighborhood / 16S- Neighborhood,0.007715731,1.202912358,475,2093,668,8134,CNN2
16S+ Neighborhood / 16S- Neighborhood,0.20269077,0.863643425,132,2093,278,8134,CNOT2
16S+ Neighborhood / 16S- Neighborhood,0.337358922,0.853649239,62,2093,153,8134,CNOT6L
16S+ Neighborhood / 16S- Neighborhood,0.079761155,1.160824734,241,2093,455,8134,CNP
16S+ Neighborhood / 16S- Neighborhood,0.920436951,1.006895482,391,2093,1233,8134,CNPY3
16S+ Neighborhood / 16S- Neighborhood,0.854617101,1.053021267,21,2093,50,8134,CNR1
16S+ Neighborhood / 16S- Neighborhood,0.000109397,0.385091252,23,2093,118,8134,CNR2
16S+ Neighborhood / 16S- Neighborhood,0.443603219,0.916966715,160,2093,295,8134,CNST
16S+ Neighborhood / 16S- Neighborhood,0.58403558,0.872720493,27,2093,80,8134,CNTFR
16S+ Neighborhood / 16S- Neighborhood,0.289592682,0.785727209,38,2093,77,8134,CNTN1
16S+ Neighborhood / 16S- Neighborhood,0.088256771,0.684267046,33,2093,111,8134,CNTN2
16S+ Neighborhood / 16S- Neighborhood,0.020877743,0.531183861,18,2093,69,8134,CNTN4
16S+ Neighborhood / 16S- Neighborhood,0.038223752,0.642168976,35,2093,121,8134,CNTN5
16S+ Neighborhood / 16S- Neighborhood,0.107323729,0.759107424,56,2093,185,8134,CNTRL
16S+ Neighborhood / 16S- Neighborhood,0.840259696,0.97667521,144,2093,344,8134,COBL
16S+ Neighborhood / 16S- Neighborhood,0.033494737,0.74810459,85,2093,283,8134,COBLL1
16S+ Neighborhood / 16S- Neighborhood,0.148913,0.617628759,13,2093,60,8134,COL11A1
16S+ Neighborhood / 16S- Neighborhood,0.000336491,0.588983436,68,2093,235,8134,COL11A2
16S+ Neighborhood / 16S- Neighborhood,0.001646764,0.566414003,48,2093,195,8134,COL12A1
16S+ Neighborhood / 16S- Neighborhood,0.004701754,0.515348053,29,2093,119,8134,COL14A1
16S+ Neighborhood / 16S- Neighborhood,0.031059028,0.69440882,58,2093,165,8134,COL15A1
16S+ Neighborhood / 16S- Neighborhood,0.161692988,0.782988204,55,2093,244,8134,COL16A1
16S+ Neighborhood / 16S- Neighborhood,0.003776127,1.44425989,162,2093,164,8134,COL17A1
16S+ Neighborhood / 16S- Neighborhood,0.140202597,0.890862128,375,2093,1495,8134,COL18A1
16S+ Neighborhood / 16S- Neighborhood,0.192481374,0.895696312,663,2093,3424,8134,COL1A1
16S+ Neighborhood / 16S- Neighborhood,0.008373389,0.69882806,175,2093,1262,8134,COL1A2
16S+ Neighborhood / 16S- Neighborhood,0.175941364,0.712480085,23,2093,68,8134,COL21A1
16S+ Neighborhood / 16S- Neighborhood,0.301318288,0.83641751,65,2093,126,8134,COL24A1
16S+ Neighborhood / 16S- Neighborhood,0.010371491,0.688272304,75,2093,326,8134,COL27A1
16S+ Neighborhood / 16S- Neighborhood,0.361678672,0.836106847,45,2093,110,8134,COL2A1
16S+ Neighborhood / 16S- Neighborhood,0.584164378,0.927787816,190,2093,945,8134,COL3A1
16S+ Neighborhood / 16S- Neighborhood,0.004914836,0.662484236,123,2093,1113,8134,COL4A1
16S+ Neighborhood / 16S- Neighborhood,0.00012143,0.466578461,43,2093,422,8134,COL4A2
16S+ Neighborhood / 16S- Neighborhood,0.116562504,0.680769055,27,2093,96,8134,COL4A3
16S+ Neighborhood / 16S- Neighborhood,0.162713147,0.760018027,44,2093,133,8134,COL4A4
16S+ Neighborhood / 16S- Neighborhood,0.054704284,1.482512644,56,2093,60,8134,COL4A5
16S+ Neighborhood / 16S- Neighborhood,0.048088688,0.651934582,36,2093,113,8134,COL4A6
16S+ Neighborhood / 16S- Neighborhood,0.022007532,0.57735398,29,2093,156,8134,COL5A1
16S+ Neighborhood / 16S- Neighborhood,0.022300026,0.739045037,113,2093,500,8134,COL5A2
16S+ Neighborhood / 16S- Neighborhood,0.001189685,0.499549451,33,2093,147,8134,COL5A3
16S+ Neighborhood / 16S- Neighborhood,0.00255491,0.772132547,312,2093,1777,8134,COL6A1
16S+ Neighborhood / 16S- Neighborhood,0.000227238,0.58358733,103,2093,613,8134,COL6A2
16S+ Neighborhood / 16S- Neighborhood,0.105961179,0.707660963,42,2093,202,8134,COL6A3
16S+ Neighborhood / 16S- Neighborhood,0.006553412,0.579589906,36,2093,136,8134,COL6A6
16S+ Neighborhood / 16S- Neighborhood,0.761633653,1.02611821,520,2093,873,8134,COL7A1
16S+ Neighborhood / 16S- Neighborhood,0.095146622,0.734458366,47,2093,203,8134,COL9A2
16S+ Neighborhood / 16S- Neighborhood,0.242498678,0.858933074,103,2093,270,8134,COL9A3
16S+ Neighborhood / 16S- Neighborhood,0.129632645,0.799763234,78,2093,215,8134,COLEC12
16S+ Neighborhood / 16S- Neighborhood,0.384068168,1.125400339,111,2093,197,8134,COMMD3
16S+ Neighborhood / 16S- Neighborhood,0.35404172,0.893563534,111,2093,265,8134,COMMD9
16S+ Neighborhood / 16S- Neighborhood,0.056843991,0.70567362,52,2093,167,8134,COMP
16S+ Neighborhood / 16S- Neighborhood,0.934897118,0.994600015,511,2093,1063,8134,COMT
16S+ Neighborhood / 16S- Neighborhood,0.282224853,1.112752806,184,2093,345,8134,COP1
16S+ Neighborhood / 16S- Neighborhood,0.266253009,1.13124552,181,2093,294,8134,COPB1
16S+ Neighborhood / 16S- Neighborhood,0.622238687,0.954340669,198,2093,442,8134,COPRS
16S+ Neighborhood / 16S- Neighborhood,0.956604167,0.992322425,81,2093,169,8134,COPS2
16S+ Neighborhood / 16S- Neighborhood,0.308765803,1.123983606,145,2093,248,8134,COPS3
16S+ Neighborhood / 16S- Neighborhood,0.461631731,0.900834724,100,2093,216,8134,COPS4
16S+ Neighborhood / 16S- Neighborhood,0.459439865,1.056820735,347,2093,700,8134,COPS5
16S+ Neighborhood / 16S- Neighborhood,0.804375384,1.022930324,240,2093,450,8134,COPS6
16S+ Neighborhood / 16S- Neighborhood,0.442938848,0.914303806,125,2093,317,8134,COPS7A
16S+ Neighborhood / 16S- Neighborhood,0.784032042,0.972753819,185,2093,429,8134,COPS7B
16S+ Neighborhood / 16S- Neighborhood,0.375776753,1.112445785,120,2093,223,8134,COPS8
16S+ Neighborhood / 16S- Neighborhood,0.822345971,1.030509116,110,2093,280,8134,CORO1A
16S+ Neighborhood / 16S- Neighborhood,1.31E-05,1.256210521,1154,2093,1028,8134,CORO1C
16S+ Neighborhood / 16S- Neighborhood,0.082569877,0.792420908,94,2093,236,8134,CORT
16S+ Neighborhood / 16S- Neighborhood,0.007221256,0.764899668,167,2093,785,8134,COTL1
16S+ Neighborhood / 16S- Neighborhood,1.77E-06,0.888031725,49102,2093,105628,8134,COX1
16S+ Neighborhood / 16S- Neighborhood,0.010167154,1.822328234,35,2093,40,8134,COX10
16S+ Neighborhood / 16S- Neighborhood,0.32775913,0.90141243,157,2093,346,8134,COX14
16S+ Neighborhood / 16S- Neighborhood,0.077873499,1.14095685,438,2093,718,8134,COX17
16S+ Neighborhood / 16S- Neighborhood,0.019395952,1.056465234,58050,2093,134143,8134,COX2
16S+ Neighborhood / 16S- Neighborhood,0.423185129,0.945621877,426,2093,879,8134,COX20
16S+ Neighborhood / 16S- Neighborhood,0.004518733,1.150965525,999,2093,1918,8134,COX4I1
16S+ Neighborhood / 16S- Neighborhood,0.166869274,0.650077155,16,2093,53,8134,COX4I2
16S+ Neighborhood / 16S- Neighborhood,0.084191006,1.162036044,265,2093,559,8134,COX5A
16S+ Neighborhood / 16S- Neighborhood,0.629542404,1.027195028,682,2093,1657,8134,COX5B
16S+ Neighborhood / 16S- Neighborhood,0.006174912,1.207710668,523,2093,686,8134,COX6A1
16S+ Neighborhood / 16S- Neighborhood,0.767892853,0.981359596,560,2093,989,8134,COX6B1
16S+ Neighborhood / 16S- Neighborhood,0.000401672,1.247967437,634,2093,985,8134,COX6C
16S+ Neighborhood / 16S- Neighborhood,0.084808787,0.740737405,62,2093,175,8134,COX7A1
16S+ Neighborhood / 16S- Neighborhood,0.859158934,0.982317591,182,2093,459,8134,COX7A2L
16S+ Neighborhood / 16S- Neighborhood,0.042766988,1.164177775,351,2093,616,8134,COX7C
16S+ Neighborhood / 16S- Neighborhood,0.009297952,1.105269261,1936,2093,3749,8134,COX8A
16S+ Neighborhood / 16S- Neighborhood,0.225287439,0.712984548,19,2093,54,8134,CPA3
16S+ Neighborhood / 16S- Neighborhood,0.000240321,0.551393022,59,2093,228,8134,CPAMD8
16S+ Neighborhood / 16S- Neighborhood,3.01E-05,0.409760719,31,2093,158,8134,CPB1
16S+ Neighborhood / 16S- Neighborhood,0.000263449,0.496144484,36,2093,147,8134,CPB2
16S+ Neighborhood / 16S- Neighborhood,0.114659263,1.109143045,618,2093,1004,8134,CPD
16S+ Neighborhood / 16S- Neighborhood,0.006083381,1.336028221,250,2093,235,8134,CPE
16S+ Neighborhood / 16S- Neighborhood,0.103582536,0.777957471,81,2093,226,8134,CPEB2
16S+ Neighborhood / 16S- Neighborhood,0.0893314,0.739401371,46,2093,130,8134,CPEB4
16S+ Neighborhood / 16S- Neighborhood,0.773788201,0.960276979,91,2093,279,8134,CPLX1
16S+ Neighborhood / 16S- Neighborhood,0.752481547,0.970082122,175,2093,383,8134,CPNE1
16S+ Neighborhood / 16S- Neighborhood,0.0024082,1.516832449,139,2093,136,8134,CPNE3
16S+ Neighborhood / 16S- Neighborhood,0.056537817,0.706954629,51,2093,175,8134,CPNE8
16S+ Neighborhood / 16S- Neighborhood,0.512485276,0.925856888,125,2093,394,8134,CPPED1
16S+ Neighborhood / 16S- Neighborhood,0.622945152,1.044445881,236,2093,509,8134,CPSF7
16S+ Neighborhood / 16S- Neighborhood,3.40E-05,1.224658605,1742,2093,1429,8134,CPT1A
16S+ Neighborhood / 16S- Neighborhood,0.519354515,1.081023144,125,2093,374,8134,CPT1B
16S+ Neighborhood / 16S- Neighborhood,0.158308401,0.807544044,68,2093,178,8134,CPT2
16S+ Neighborhood / 16S- Neighborhood,0.859681314,1.018605383,176,2093,387,8134,CPTP
16S+ Neighborhood / 16S- Neighborhood,0.000711574,0.533266418,43,2093,251,8134,CPVL
16S+ Neighborhood / 16S- Neighborhood,0.018591926,0.558974991,25,2093,97,8134,CR1
16S+ Neighborhood / 16S- Neighborhood,0.021177614,0.613613174,35,2093,118,8134,CR1L
16S+ Neighborhood / 16S- Neighborhood,0.073734291,0.725679457,52,2093,158,8134,CR2
16S+ Neighborhood / 16S- Neighborhood,0.978577958,0.996486353,96,2093,367,8134,CRABP2
16S+ Neighborhood / 16S- Neighborhood,0.746546367,0.933936028,42,2093,121,8134,CRACR2A
16S+ Neighborhood / 16S- Neighborhood,0.077151961,0.748559097,61,2093,155,8134,CRADD
16S+ Neighborhood / 16S- Neighborhood,0.727156501,0.909240847,23,2093,58,8134,CRAT
16S+ Neighborhood / 16S- Neighborhood,0.344022159,0.840977543,51,2093,130,8134,CRB1
16S+ Neighborhood / 16S- Neighborhood,0.768479514,0.969658045,155,2093,337,8134,CRCP
16S+ Neighborhood / 16S- Neighborhood,0.296204947,0.872995435,107,2093,241,8134,CREB1
16S+ Neighborhood / 16S- Neighborhood,0.994912821,0.999055888,78,2093,164,8134,CREB3
16S+ Neighborhood / 16S- Neighborhood,3.98E-06,1.32007132,887,2093,729,8134,CREB3L1
16S+ Neighborhood / 16S- Neighborhood,0.86403711,0.979649825,133,2093,287,8134,CREB3L2
16S+ Neighborhood / 16S- Neighborhood,0.377699474,0.806496095,25,2093,65,8134,CREB3L3
16S+ Neighborhood / 16S- Neighborhood,0.569218811,1.067564253,189,2093,201,8134,CREB3L4
16S+ Neighborhood / 16S- Neighborhood,0.160651712,0.786198164,63,2093,167,8134,CREB5
16S+ Neighborhood / 16S- Neighborhood,0.177407502,1.164485142,166,2093,262,8134,CREBBP
16S+ Neighborhood / 16S- Neighborhood,0.076076513,0.749601603,69,2093,186,8134,CREBRF
16S+ Neighborhood / 16S- Neighborhood,0.034618146,0.801198363,160,2093,430,8134,CREG1
16S+ Neighborhood / 16S- Neighborhood,0.595691453,0.912894086,53,2093,120,8134,CREM
16S+ Neighborhood / 16S- Neighborhood,0.120260517,0.786142066,84,2093,210,8134,CRH
16S+ Neighborhood / 16S- Neighborhood,0.014382379,0.529287847,19,2093,70,8134,CRHR1
16S+ Neighborhood / 16S- Neighborhood,0.269270598,0.751296228,21,2093,58,8134,CRHR2
16S+ Neighborhood / 16S- Neighborhood,0.984098318,0.999015388,1656,2093,1864,8134,CRIP1
16S+ Neighborhood / 16S- Neighborhood,0.094906994,1.114867396,516,2093,909,8134,CRK
16S+ Neighborhood / 16S- Neighborhood,0.066803856,0.825921419,139,2093,355,8134,CRKL
16S+ Neighborhood / 16S- Neighborhood,0.552058437,0.901984534,58,2093,144,8134,CRLF1
16S+ Neighborhood / 16S- Neighborhood,0.011628218,0.448232417,14,2093,65,8134,CRLF2
16S+ Neighborhood / 16S- Neighborhood,0.828289378,0.96542346,64,2093,160,8134,CRLS1
16S+ Neighborhood / 16S- Neighborhood,0.191283825,1.1520503,161,2093,292,8134,CRNKL1
16S+ Neighborhood / 16S- Neighborhood,0.184400321,0.763140328,42,2093,84,8134,CROT
16S+ Neighborhood / 16S- Neighborhood,0.000139384,0.642060147,307,2093,1068,8134,CRP
16S+ Neighborhood / 16S- Neighborhood,0.003450708,0.481576532,24,2093,111,8134,CRTAM
16S+ Neighborhood / 16S- Neighborhood,0.425780497,1.084505231,179,2093,380,8134,CRTC1
16S+ Neighborhood / 16S- Neighborhood,0.019732677,0.687505771,62,2093,237,8134,CRTC3
16S+ Neighborhood / 16S- Neighborhood,0.082203478,1.288680899,149,2093,255,8134,CRYAB
16S+ Neighborhood / 16S- Neighborhood,0.010469359,0.60803627,36,2093,123,8134,CRYBG1
16S+ Neighborhood / 16S- Neighborhood,0.074553668,1.191698739,217,2093,366,8134,CS
16S+ Neighborhood / 16S- Neighborhood,0.0364167,0.70514564,67,2093,264,8134,CSF1
16S+ Neighborhood / 16S- Neighborhood,0.000717621,0.356254814,14,2093,90,8134,CSF1R
16S+ Neighborhood / 16S- Neighborhood,0.083038748,0.701200571,38,2093,128,8134,CSF2
16S+ Neighborhood / 16S- Neighborhood,0.188457985,0.823778985,86,2093,239,8134,CSF2RA
16S+ Neighborhood / 16S- Neighborhood,0.116895284,0.672118691,25,2093,86,8134,CSF2RB
16S+ Neighborhood / 16S- Neighborhood,0.178719314,0.798294038,62,2093,179,8134,CSF3
16S+ Neighborhood / 16S- Neighborhood,0.006549891,0.545774659,29,2093,117,8134,CSF3R
16S+ Neighborhood / 16S- Neighborhood,0.034478265,1.181922194,337,2093,798,8134,CSK
16S+ Neighborhood / 16S- Neighborhood,0.085758271,0.583271584,13,2093,49,8134,CSMD3
16S+ Neighborhood / 16S- Neighborhood,0.007647435,1.215880935,481,2093,635,8134,CSNK1A1
16S+ Neighborhood / 16S- Neighborhood,0.006540938,1.172027097,591,2093,1081,8134,CSNK1D
16S+ Neighborhood / 16S- Neighborhood,0.245207244,1.116360687,271,2093,393,8134,CSNK1E
16S+ Neighborhood / 16S- Neighborhood,0.941381838,1.004877905,406,2093,819,8134,CSNK1G2
16S+ Neighborhood / 16S- Neighborhood,0.119696228,0.726534847,35,2093,102,8134,CSNK1G3
16S+ Neighborhood / 16S- Neighborhood,0.723383576,0.934239548,51,2093,126,8134,CSNK2A1
16S+ Neighborhood / 16S- Neighborhood,0.870520078,0.98381001,185,2093,520,8134,CSNK2A2
16S+ Neighborhood / 16S- Neighborhood,0.064143691,1.145533924,421,2093,689,8134,CSNK2B
16S+ Neighborhood / 16S- Neighborhood,0.005659522,0.701974604,124,2093,429,8134,CSPG4
16S+ Neighborhood / 16S- Neighborhood,0.429305276,0.834895559,29,2093,76,8134,CSPG5
16S+ Neighborhood / 16S- Neighborhood,0.000338993,0.625681379,91,2093,694,8134,CST2
16S+ Neighborhood / 16S- Neighborhood,0.799506513,1.016616863,477,2093,1259,8134,CST3
16S+ Neighborhood / 16S- Neighborhood,0.011832378,0.484306264,17,2093,81,8134,CST7
16S+ Neighborhood / 16S- Neighborhood,0.465011352,1.082159912,234,2093,259,8134,CSTA
16S+ Neighborhood / 16S- Neighborhood,0.969298195,0.996275623,187,2093,883,8134,CSTB
16S+ Neighborhood / 16S- Neighborhood,0.049821575,0.748068164,81,2093,257,8134,CT45A
16S+ Neighborhood / 16S- Neighborhood,0.021169352,0.653946488,44,2093,193,8134,CTAG1A/B
16S+ Neighborhood / 16S- Neighborhood,0.190399226,0.79601485,52,2093,152,8134,CTAGE1
16S+ Neighborhood / 16S- Neighborhood,0.010026547,1.160129494,746,2093,1414,8134,CTBP1
16S+ Neighborhood / 16S- Neighborhood,0.813733058,1.018179516,353,2093,1013,8134,CTBP2
16S+ Neighborhood / 16S- Neighborhood,0.904018433,0.986319921,135,2093,281,8134,CTCF
16S+ Neighborhood / 16S- Neighborhood,0.188277948,0.726496146,27,2093,94,8134,CTCFL
16S+ Neighborhood / 16S- Neighborhood,0.03677046,1.181443016,325,2093,562,8134,CTDNEP1
16S+ Neighborhood / 16S- Neighborhood,0.442454151,0.935865493,281,2093,590,8134,CTDSP2
16S+ Neighborhood / 16S- Neighborhood,0.477985301,0.890357693,73,2093,185,8134,CTF1
16S+ Neighborhood / 16S- Neighborhood,0.004421852,0.487612381,21,2093,87,8134,CTLA4
16S+ Neighborhood / 16S- Neighborhood,0.055347748,1.153117614,428,2093,496,8134,CTNNA1
16S+ Neighborhood / 16S- Neighborhood,0.716763605,0.918833427,30,2093,77,8134,CTNNAL1
16S+ Neighborhood / 16S- Neighborhood,0.071962875,1.157899092,290,2093,541,8134,CTNNB1
16S+ Neighborhood / 16S- Neighborhood,0.001343611,1.25641943,503,2093,615,8134,CTNNBIP1
16S+ Neighborhood / 16S- Neighborhood,0.469359012,0.895923645,63,2093,153,8134,CTNNBL1
16S+ Neighborhood / 16S- Neighborhood,0.072416589,0.74877499,58,2093,161,8134,CTNND1
16S+ Neighborhood / 16S- Neighborhood,0.702620874,0.917842325,34,2093,91,8134,CTNND2
16S+ Neighborhood / 16S- Neighborhood,0.934412246,1.009187158,146,2093,337,8134,CTSA
16S+ Neighborhood / 16S- Neighborhood,0.029379204,0.834659691,380,2093,1464,8134,CTSB
16S+ Neighborhood / 16S- Neighborhood,9.59E-05,0.613373185,95,2093,373,8134,CTSC
16S+ Neighborhood / 16S- Neighborhood,9.36E-05,0.796940722,721,2093,3830,8134,CTSD
16S+ Neighborhood / 16S- Neighborhood,0.070969962,0.79478552,108,2093,373,8134,CTSF
16S+ Neighborhood / 16S- Neighborhood,0.36020831,0.85819114,62,2093,159,8134,CTSG
16S+ Neighborhood / 16S- Neighborhood,2.66E-05,0.73632292,315,2093,1794,8134,CTSH
16S+ Neighborhood / 16S- Neighborhood,0.055282387,0.703463877,47,2093,148,8134,CTSK
16S+ Neighborhood / 16S- Neighborhood,2.70E-06,0.56522421,155,2093,818,8134,CTSL
16S+ Neighborhood / 16S- Neighborhood,0.077773197,0.747730634,64,2093,174,8134,CTSO
16S+ Neighborhood / 16S- Neighborhood,0.004009203,0.714642159,122,2093,558,8134,CTSS
16S+ Neighborhood / 16S- Neighborhood,0.338799617,1.195194887,56,2093,102,8134,CTSW
16S+ Neighborhood / 16S- Neighborhood,0.236159995,0.880696265,148,2093,401,8134,CTSZ
16S+ Neighborhood / 16S- Neighborhood,3.20E-16,1.278320955,5752,2093,4853,8134,CTTN
16S+ Neighborhood / 16S- Neighborhood,0.020773566,1.186907386,502,2093,536,8134,CTXN1
16S+ Neighborhood / 16S- Neighborhood,0.691594299,1.056113226,102,2093,192,8134,CUL1
16S+ Neighborhood / 16S- Neighborhood,0.038779686,1.518644287,47,2093,65,8134,CUL2
16S+ Neighborhood / 16S- Neighborhood,0.975141705,1.00477432,67,2093,134,8134,CUL3
16S+ Neighborhood / 16S- Neighborhood,0.922610773,1.014304046,84,2093,224,8134,CUL4A
16S+ Neighborhood / 16S- Neighborhood,0.487318921,0.9036884,89,2093,200,8134,CUL5
16S+ Neighborhood / 16S- Neighborhood,0.750778194,1.04609756,101,2093,179,8134,CUX1
16S+ Neighborhood / 16S- Neighborhood,0.059005292,0.639559019,26,2093,98,8134,CUZD1
16S+ Neighborhood / 16S- Neighborhood,0.416653151,0.918446857,178,2093,418,8134,CWC15
16S+ Neighborhood / 16S- Neighborhood,0.629678577,1.085134111,63,2093,150,8134,CWF19L2
16S+ Neighborhood / 16S- Neighborhood,0.08087975,0.803377376,114,2093,365,8134,CX3CL1
16S+ Neighborhood / 16S- Neighborhood,0.090906846,0.675146186,28,2093,92,8134,CX3CR1
16S+ Neighborhood / 16S- Neighborhood,0.035739789,0.813676692,197,2093,514,8134,CXADR
16S+ Neighborhood / 16S- Neighborhood,0.557895892,0.854783392,21,2093,81,8134,CXCL1
16S+ Neighborhood / 16S- Neighborhood,0.034822077,0.46729978,10,2093,48,8134,CXCL10
16S+ Neighborhood / 16S- Neighborhood,0.102315087,1.366304353,58,2093,98,8134,CXCL11
16S+ Neighborhood / 16S- Neighborhood,0.000500105,0.548150177,55,2093,215,8134,CXCL12
16S+ Neighborhood / 16S- Neighborhood,0.504157019,0.878230376,54,2093,133,8134,CXCL13
16S+ Neighborhood / 16S- Neighborhood,0.879301614,1.030011548,54,2093,125,8134,CXCL14
16S+ Neighborhood / 16S- Neighborhood,0.920184646,1.018126813,52,2093,113,8134,CXCL16
16S+ Neighborhood / 16S- Neighborhood,0.148004941,0.875140693,278,2093,376,8134,CXCL17
16S+ Neighborhood / 16S- Neighborhood,0.004030898,0.374111643,12,2093,67,8134,CXCL2
16S+ Neighborhood / 16S- Neighborhood,0.006568426,0.57009435,38,2093,136,8134,CXCL3
16S+ Neighborhood / 16S- Neighborhood,0.305679611,0.719868478,15,2093,49,8134,CXCL5
16S+ Neighborhood / 16S- Neighborhood,0.539187126,0.899597308,60,2093,162,8134,CXCL6
16S+ Neighborhood / 16S- Neighborhood,0.023720849,0.633823356,52,2093,301,8134,CXCL8
16S+ Neighborhood / 16S- Neighborhood,0.035315912,0.635947236,35,2093,165,8134,CXCL9
16S+ Neighborhood / 16S- Neighborhood,0.018312609,0.523949777,17,2093,68,8134,CXCR2
16S+ Neighborhood / 16S- Neighborhood,0.729379949,0.945577755,74,2093,190,8134,CXCR3
16S+ Neighborhood / 16S- Neighborhood,0.001529092,0.505976287,34,2093,141,8134,CXCR4
16S+ Neighborhood / 16S- Neighborhood,0.012225251,0.646679848,51,2093,160,8134,CXCR5
16S+ Neighborhood / 16S- Neighborhood,0.034059148,0.683493683,49,2093,147,8134,CXCR6
16S+ Neighborhood / 16S- Neighborhood,0.383353289,0.926886018,231,2093,503,8134,CXXC1
16S+ Neighborhood / 16S- Neighborhood,0.21070305,0.784015479,43,2093,131,8134,CXXC4
16S+ Neighborhood / 16S- Neighborhood,0.05958597,0.769722013,86,2093,266,8134,CXXC5
16S+ Neighborhood / 16S- Neighborhood,0.002421572,1.263396501,308,2093,507,8134,CYB5B
16S+ Neighborhood / 16S- Neighborhood,0.636311987,0.942714702,114,2093,215,8134,CYB5R1
16S+ Neighborhood / 16S- Neighborhood,0.217368592,0.900545434,264,2093,576,8134,CYB5R3
16S+ Neighborhood / 16S- Neighborhood,0.426999264,0.914732441,129,2093,455,8134,CYBA
16S+ Neighborhood / 16S- Neighborhood,0.003407781,0.536861555,36,2093,156,8134,CYBB
16S+ Neighborhood / 16S- Neighborhood,0.040596234,1.179454642,361,2093,493,8134,CYC1
16S+ Neighborhood / 16S- Neighborhood,0.051004036,0.743758962,66,2093,178,8134,CYCS
16S+ Neighborhood / 16S- Neighborhood,0.473263819,1.092522204,127,2093,237,8134,CYFIP1
16S+ Neighborhood / 16S- Neighborhood,0.970973355,0.994705903,98,2093,165,8134,CYFIP2
16S+ Neighborhood / 16S- Neighborhood,0.312177745,1.179106179,79,2093,147,8134,CYGB
16S+ Neighborhood / 16S- Neighborhood,0.012122382,0.680499412,63,2093,198,8134,CYLD
16S+ Neighborhood / 16S- Neighborhood,0.575352691,1.118947521,50,2093,124,8134,CYP19A1
16S+ Neighborhood / 16S- Neighborhood,0.158494296,0.804025748,66,2093,190,8134,CYP1B1
16S+ Neighborhood / 16S- Neighborhood,0.000606408,0.581095039,66,2093,288,8134,CYP27A1
16S+ Neighborhood / 16S- Neighborhood,0.093712228,0.708256428,36,2093,103,8134,CYP2E1
16S+ Neighborhood / 16S- Neighborhood,0.140738729,0.797095737,63,2093,164,8134,CYP2R1
16S+ Neighborhood / 16S- Neighborhood,0.281644112,1.157523667,104,2093,217,8134,CYP2U1
16S+ Neighborhood / 16S- Neighborhood,0.727726603,0.926790489,36,2093,100,8134,CYP46A1
16S+ Neighborhood / 16S- Neighborhood,0.6634761,0.891420727,23,2093,54,8134,CYP4A11
16S+ Neighborhood / 16S- Neighborhood,0.141754031,0.785018748,68,2093,190,8134,CYP4A22
16S+ Neighborhood / 16S- Neighborhood,0.32530663,0.821646486,45,2093,125,8134,CYP4B1
16S+ Neighborhood / 16S- Neighborhood,0.047453365,0.763933229,106,2093,244,8134,CYP7B1
16S+ Neighborhood / 16S- Neighborhood,0.027448419,0.470486147,11,2093,49,8134,CYP8B1
16S+ Neighborhood / 16S- Neighborhood,0.021201716,0.582161182,26,2093,96,8134,CYSLTR2
16S+ Neighborhood / 16S- Neighborhood,0.457337418,0.90308079,90,2093,260,8134,CYSTM1
16S+ Neighborhood / 16S- Neighborhood,0.446018834,1.070295598,268,2093,454,8134,CYTH1
16S+ Neighborhood / 16S- Neighborhood,0.683516988,1.030094224,461,2093,781,8134,CYTH2
16S+ Neighborhood / 16S- Neighborhood,0.063835448,0.711600574,50,2093,183,8134,CYTH4
16S+ Neighborhood / 16S- Neighborhood,0.001220925,1.210251796,800,2093,1453,8134,D2HGDH
16S+ Neighborhood / 16S- Neighborhood,0.76066571,1.051944075,63,2093,128,8134,DAAM1
16S+ Neighborhood / 16S- Neighborhood,0.035072358,0.702443612,61,2093,195,8134,DAAM2
16S+ Neighborhood / 16S- Neighborhood,0.007947406,0.519865023,24,2093,94,8134,DAB1
16S+ Neighborhood / 16S- Neighborhood,0.035441294,0.669396853,44,2093,155,8134,DAB2
16S+ Neighborhood / 16S- Neighborhood,0.017547147,0.735397729,95,2093,388,8134,DAB2IP
16S+ Neighborhood / 16S- Neighborhood,0.728481609,1.060709902,64,2093,127,8134,DACH1
16S+ Neighborhood / 16S- Neighborhood,0.018049784,0.609818924,37,2093,133,8134,DACH2
16S+ Neighborhood / 16S- Neighborhood,4.76E-08,1.330955622,1010,2093,1111,8134,DAD1
16S+ Neighborhood / 16S- Neighborhood,0.35376903,0.880207811,89,2093,309,8134,DAPK1
16S+ Neighborhood / 16S- Neighborhood,0.05960595,0.673978546,36,2093,123,8134,DAPK2
16S+ Neighborhood / 16S- Neighborhood,0.738265713,1.030370308,224,2093,593,8134,DAPK3
16S+ Neighborhood / 16S- Neighborhood,0.034497875,0.675901109,44,2093,134,8134,DAPP1
16S+ Neighborhood / 16S- Neighborhood,0.125479409,1.237290595,92,2093,153,8134,DAXX
16S+ Neighborhood / 16S- Neighborhood,0.325303327,0.859772776,80,2093,200,8134,DBF4
16S+ Neighborhood / 16S- Neighborhood,1.38E-07,1.349411233,757,2093,1107,8134,DBI
16S+ Neighborhood / 16S- Neighborhood,0.831788863,1.047449708,35,2093,71,8134,DBP
16S+ Neighborhood / 16S- Neighborhood,0.350884832,0.87347856,88,2093,216,8134,DCAF1
16S+ Neighborhood / 16S- Neighborhood,0.632571381,0.935686889,86,2093,194,8134,DCAF12
16S+ Neighborhood / 16S- Neighborhood,0.133733242,0.624757608,15,2093,60,8134,DCC
16S+ Neighborhood / 16S- Neighborhood,0.012226439,0.587808668,32,2093,115,8134,DCLK1
16S+ Neighborhood / 16S- Neighborhood,0.00119969,0.621077782,108,2093,573,8134,DCN
16S+ Neighborhood / 16S- Neighborhood,0.267229531,0.813791897,44,2093,113,8134,DCP2
16S+ Neighborhood / 16S- Neighborhood,0.144327864,1.10667595,445,2093,733,8134,DCTN1
16S+ Neighborhood / 16S- Neighborhood,0.096479375,0.825119486,153,2093,319,8134,DCTN2
16S+ Neighborhood / 16S- Neighborhood,0.799418471,0.977236415,206,2093,445,8134,DCTN3
16S+ Neighborhood / 16S- Neighborhood,0.946530704,0.99097222,100,2093,228,8134,DCTN4
16S+ Neighborhood / 16S- Neighborhood,0.077318062,0.765960479,76,2093,204,8134,DCTN5
16S+ Neighborhood / 16S- Neighborhood,0.189211365,1.200032176,96,2093,212,8134,DCTN6
16S+ Neighborhood / 16S- Neighborhood,0.912784728,0.978191832,37,2093,79,8134,DCX
16S+ Neighborhood / 16S- Neighborhood,0.448428192,1.059658449,356,2093,687,8134,DCXR
16S+ Neighborhood / 16S- Neighborhood,0.002794247,0.630024799,60,2093,206,8134,DDAH1
16S+ Neighborhood / 16S- Neighborhood,0.059605796,1.350954988,78,2093,113,8134,DDAH2
16S+ Neighborhood / 16S- Neighborhood,0.979632789,1.001971879,385,2093,649,8134,DDB1
16S+ Neighborhood / 16S- Neighborhood,0.697532859,0.954832936,138,2093,270,8134,DDB2
16S+ Neighborhood / 16S- Neighborhood,0.192333578,0.831844357,96,2093,309,8134,DDC
16S+ Neighborhood / 16S- Neighborhood,0.041443409,0.721538749,64,2093,186,8134,DDHD1
16S+ Neighborhood / 16S- Neighborhood,0.059021361,0.759852096,77,2093,246,8134,DDHD2
16S+ Neighborhood / 16S- Neighborhood,0.079290057,1.260116369,104,2093,173,8134,DDIT3
16S+ Neighborhood / 16S- Neighborhood,0.000339107,0.768728349,427,2093,1396,8134,DDIT4
16S+ Neighborhood / 16S- Neighborhood,0.130548611,1.103166379,456,2093,1392,8134,DDOST
16S+ Neighborhood / 16S- Neighborhood,0.061146776,1.115240777,835,2093,1060,8134,DDR1
16S+ Neighborhood / 16S- Neighborhood,0.362960341,0.871385732,70,2093,170,8134,DDR2
16S+ Neighborhood / 16S- Neighborhood,0.449988555,1.095254625,122,2093,269,8134,DDRGK1
16S+ Neighborhood / 16S- Neighborhood,0.144344657,1.260921646,79,2093,134,8134,DDT
16S+ Neighborhood / 16S- Neighborhood,0.455003065,1.071853126,234,2093,437,8134,DDX23
16S+ Neighborhood / 16S- Neighborhood,0.222042796,1.134685645,207,2093,321,8134,DDX24
16S+ Neighborhood / 16S- Neighborhood,0.054915428,1.263742599,120,2093,306,8134,DDX39A
16S+ Neighborhood / 16S- Neighborhood,0.678942881,0.957693241,167,2093,352,8134,DDX3X
16S+ Neighborhood / 16S- Neighborhood,0.553185999,0.939252876,169,2093,372,8134,DDX41
16S+ Neighborhood / 16S- Neighborhood,0.219694415,1.10189439,346,2093,558,8134,DDX42
16S+ Neighborhood / 16S- Neighborhood,0.517606467,0.874493045,38,2093,88,8134,DDX43
16S+ Neighborhood / 16S- Neighborhood,0.954452952,1.008046565,98,2093,171,8134,DDX46
16S+ Neighborhood / 16S- Neighborhood,0.408865104,0.925851017,223,2093,424,8134,DDX6
16S+ Neighborhood / 16S- Neighborhood,0.346149848,0.88796126,106,2093,258,8134,DECR1
16S+ Neighborhood / 16S- Neighborhood,0.614136412,0.906949679,43,2093,101,8134,DECR2
16S+ Neighborhood / 16S- Neighborhood,0.340644823,0.834378987,54,2093,142,8134,DEFA4
16S+ Neighborhood / 16S- Neighborhood,0.00091746,0.634369743,81,2093,295,8134,DEFB1
16S+ Neighborhood / 16S- Neighborhood,0.364836366,0.835701718,42,2093,121,8134,DEFB134
16S+ Neighborhood / 16S- Neighborhood,0.957154773,1.008890493,61,2093,127,8134,DEGS1
16S+ Neighborhood / 16S- Neighborhood,0.246498962,0.844120608,78,2093,222,8134,DENND2D
16S+ Neighborhood / 16S- Neighborhood,0.032720944,0.727573042,78,2093,306,8134,DEPTOR
16S+ Neighborhood / 16S- Neighborhood,0.509684808,0.882279147,48,2093,99,8134,DERA
16S+ Neighborhood / 16S- Neighborhood,0.517703704,1.069348834,186,2093,341,8134,DERL1
16S+ Neighborhood / 16S- Neighborhood,0.01562686,0.661089218,54,2093,171,8134,DERL2
16S+ Neighborhood / 16S- Neighborhood,0.050544029,0.598587628,21,2093,74,8134,DERL3
16S+ Neighborhood / 16S- Neighborhood,0.269438001,1.223146683,57,2093,136,8134,DES
16S+ Neighborhood / 16S- Neighborhood,0.044239811,1.362914013,90,2093,127,8134,DFFA
16S+ Neighborhood / 16S- Neighborhood,0.405700101,1.076716416,299,2093,416,8134,DGKA
16S+ Neighborhood / 16S- Neighborhood,0.185807201,0.62715166,11,2093,67,8134,DGKB
16S+ Neighborhood / 16S- Neighborhood,0.932575608,1.010539725,127,2093,229,8134,DGKD
16S+ Neighborhood / 16S- Neighborhood,0.072041372,0.773059211,81,2093,261,8134,DGKE
16S+ Neighborhood / 16S- Neighborhood,0.19598135,0.84071576,83,2093,221,8134,DGKG
16S+ Neighborhood / 16S- Neighborhood,0.279169443,0.843811217,77,2093,185,8134,DGKH
16S+ Neighborhood / 16S- Neighborhood,0.000836313,0.543771056,42,2093,168,8134,DGKI
16S+ Neighborhood / 16S- Neighborhood,0.939027309,0.992013904,185,2093,348,8134,DGKQ
16S+ Neighborhood / 16S- Neighborhood,0.002505282,1.322584607,279,2093,374,8134,DGKZ
16S+ Neighborhood / 16S- Neighborhood,0.59099227,1.068444426,163,2093,261,8134,DGLUCY
16S+ Neighborhood / 16S- Neighborhood,0.007955433,1.141691116,1378,2093,1492,8134,DHCR24
16S+ Neighborhood / 16S- Neighborhood,0.350075777,1.140433351,100,2093,211,8134,DHFR
16S+ Neighborhood / 16S- Neighborhood,0.082002539,0.756006443,65,2093,196,8134,DHH
16S+ Neighborhood / 16S- Neighborhood,0.64398453,0.953514872,201,2093,408,8134,DHRS2
16S+ Neighborhood / 16S- Neighborhood,0.404118857,1.0507467,608,2093,1315,8134,DHRS3
16S+ Neighborhood / 16S- Neighborhood,0.187821189,0.894831773,308,2093,534,8134,DHRS4
16S+ Neighborhood / 16S- Neighborhood,0.381732814,0.905137774,136,2093,315,8134,DHRS7B
16S+ Neighborhood / 16S- Neighborhood,9.78E-07,1.383469156,660,2093,825,8134,DHX15
16S+ Neighborhood / 16S- Neighborhood,0.731334268,0.925536788,34,2093,86,8134,DHX29
16S+ Neighborhood / 16S- Neighborhood,0.702629565,0.965408615,286,2093,446,8134,DHX36
16S+ Neighborhood / 16S- Neighborhood,0.357563414,1.0837901,243,2093,469,8134,DHX38
16S+ Neighborhood / 16S- Neighborhood,0.596041664,0.94576969,156,2093,341,8134,DHX8
16S+ Neighborhood / 16S- Neighborhood,0.565043066,1.081196273,111,2093,187,8134,DHX9
16S+ Neighborhood / 16S- Neighborhood,0.290475262,1.115404367,201,2093,307,8134,DIABLO
16S+ Neighborhood / 16S- Neighborhood,0.097495736,0.826558531,142,2093,428,8134,DIAPH1
16S+ Neighborhood / 16S- Neighborhood,0.724794216,1.045269048,110,2093,215,8134,DICER1
16S+ Neighborhood / 16S- Neighborhood,0.10440825,1.117576349,569,2093,750,8134,DIDO1
16S+ Neighborhood / 16S- Neighborhood,0.001511944,0.319696703,10,2093,66,8134,DIPK2B
16S+ Neighborhood / 16S- Neighborhood,0.146509616,1.188726784,144,2093,293,8134,DIS3
16S+ Neighborhood / 16S- Neighborhood,0.419608327,0.929736087,236,2093,553,8134,DISC1
16S+ Neighborhood / 16S- Neighborhood,0.02145548,1.22119443,268,2093,644,8134,DKC1
16S+ Neighborhood / 16S- Neighborhood,0.603006518,0.94369477,159,2093,552,8134,DKK1
16S+ Neighborhood / 16S- Neighborhood,0.297832392,0.81380806,42,2093,125,8134,DKK2
16S+ Neighborhood / 16S- Neighborhood,0.092035354,0.794023462,108,2093,182,8134,DKK4
16S+ Neighborhood / 16S- Neighborhood,0.827897224,0.967619133,71,2093,155,8134,DLAT
16S+ Neighborhood / 16S- Neighborhood,0.184862867,1.170814683,145,2093,232,8134,DLD
16S+ Neighborhood / 16S- Neighborhood,5.02E-06,1.835245176,147,2093,158,8134,DLG1
16S+ Neighborhood / 16S- Neighborhood,0.29994321,0.860805,95,2093,197,8134,DLG3
16S+ Neighborhood / 16S- Neighborhood,0.016546033,0.597464304,30,2093,115,8134,DLG4
16S+ Neighborhood / 16S- Neighborhood,0.594982906,0.894700752,39,2093,102,8134,DLGAP2
16S+ Neighborhood / 16S- Neighborhood,0.70818847,1.059490039,74,2093,149,8134,DLGAP5
16S+ Neighborhood / 16S- Neighborhood,0.151923755,0.728163937,31,2093,92,8134,DLK1
16S+ Neighborhood / 16S- Neighborhood,0.121849972,0.789035092,70,2093,181,8134,DLL1
16S+ Neighborhood / 16S- Neighborhood,0.161598129,0.763858062,49,2093,154,8134,DLL3
16S+ Neighborhood / 16S- Neighborhood,0.171925247,0.74467312,33,2093,108,8134,DLL4
16S+ Neighborhood / 16S- Neighborhood,0.589413638,0.955089728,220,2093,492,8134,DLST
16S+ Neighborhood / 16S- Neighborhood,0.740826019,0.949778483,63,2093,139,8134,DLX1
16S+ Neighborhood / 16S- Neighborhood,0.1365196,0.747699037,38,2093,111,8134,DLX5
16S+ Neighborhood / 16S- Neighborhood,0.036445774,1.185779952,367,2093,407,8134,DMAP1
16S+ Neighborhood / 16S- Neighborhood,0.968997059,1.006972415,52,2093,270,8134,DMBT1
16S+ Neighborhood / 16S- Neighborhood,0.171810069,0.709454386,27,2093,86,8134,DMD
16S+ Neighborhood / 16S- Neighborhood,0.53346298,1.112197656,64,2093,138,8134,DNAH14
16S+ Neighborhood / 16S- Neighborhood,0.112892247,0.718041974,35,2093,113,8134,DNAH6
16S+ Neighborhood / 16S- Neighborhood,0.920708795,1.027252968,24,2093,55,8134,DNAH7
16S+ Neighborhood / 16S- Neighborhood,0.197944004,1.095823753,383,2093,755,8134,DNAJA1
16S+ Neighborhood / 16S- Neighborhood,0.267165266,1.164296341,97,2093,161,8134,DNAJA2
16S+ Neighborhood / 16S- Neighborhood,0.108970224,1.092531063,1032,2093,2691,8134,DNAJB1
16S+ Neighborhood / 16S- Neighborhood,3.28E-06,1.81831819,117,2093,135,8134,DNAJB11
16S+ Neighborhood / 16S- Neighborhood,0.977700692,0.996180162,93,2093,208,8134,DNAJB12
16S+ Neighborhood / 16S- Neighborhood,0.266819722,0.835324136,60,2093,174,8134,DNAJB2
16S+ Neighborhood / 16S- Neighborhood,0.996200936,1.000652701,96,2093,198,8134,DNAJC1
16S+ Neighborhood / 16S- Neighborhood,0.031981478,1.200267234,321,2093,545,8134,DNAJC10
16S+ Neighborhood / 16S- Neighborhood,0.013498648,1.237033215,294,2093,467,8134,DNAJC11
16S+ Neighborhood / 16S- Neighborhood,0.689943742,1.073914943,55,2093,95,8134,DNAJC13
16S+ Neighborhood / 16S- Neighborhood,0.259532506,0.832682409,55,2093,137,8134,DNAJC3
16S+ Neighborhood / 16S- Neighborhood,0.00242863,1.316662651,291,2093,398,8134,DNAJC5
16S+ Neighborhood / 16S- Neighborhood,0.005522585,1.344448943,162,2093,259,8134,DNAJC7
16S+ Neighborhood / 16S- Neighborhood,0.666856201,0.937558893,80,2093,226,8134,DNASE1L1
16S+ Neighborhood / 16S- Neighborhood,0.023372537,0.706525371,65,2093,250,8134,DNASE2
16S+ Neighborhood / 16S- Neighborhood,0.031991164,0.644682055,37,2093,113,8134,DNER
16S+ Neighborhood / 16S- Neighborhood,0.181134378,0.851611762,121,2093,456,8134,DNM1
16S+ Neighborhood / 16S- Neighborhood,0.141521072,0.845378424,139,2093,359,8134,DNM1L
16S+ Neighborhood / 16S- Neighborhood,0.160867521,0.906154296,350,2093,1261,8134,DNM2
16S+ Neighborhood / 16S- Neighborhood,0.467687475,0.853676354,37,2093,116,8134,DNM3
16S+ Neighborhood / 16S- Neighborhood,0.196915384,0.853170928,115,2093,302,8134,DNMT1
16S+ Neighborhood / 16S- Neighborhood,0.514045748,1.072731991,143,2093,280,8134,DNMT3A
16S+ Neighborhood / 16S- Neighborhood,0.939898677,1.012677935,76,2093,182,8134,DNMT3B
16S+ Neighborhood / 16S- Neighborhood,0.589849201,0.896815744,42,2093,137,8134,DNMT3L
16S+ Neighborhood / 16S- Neighborhood,0.587408818,0.887803219,36,2093,96,8134,DNTT
16S+ Neighborhood / 16S- Neighborhood,0.616999212,1.047558526,275,2093,471,8134,DOCK1
16S+ Neighborhood / 16S- Neighborhood,0.400024283,0.849297969,49,2093,138,8134,DOCK10
16S+ Neighborhood / 16S- Neighborhood,0.180910026,0.720599993,26,2093,91,8134,DOCK2
16S+ Neighborhood / 16S- Neighborhood,0.006296968,0.551958151,27,2093,102,8134,DOCK3
16S+ Neighborhood / 16S- Neighborhood,0.002910984,0.514500764,29,2093,114,8134,DOCK4
16S+ Neighborhood / 16S- Neighborhood,0.122380769,0.732568469,45,2093,147,8134,DOCK8
16S+ Neighborhood / 16S- Neighborhood,0.17028461,1.189671364,122,2093,228,8134,DOCK9
16S+ Neighborhood / 16S- Neighborhood,0.383034555,0.867952427,70,2093,193,8134,DOK3
16S+ Neighborhood / 16S- Neighborhood,0.055175768,0.707289082,45,2093,141,8134,DOK6
16S+ Neighborhood / 16S- Neighborhood,0.076659769,0.619915134,20,2093,76,8134,DPP4
16S+ Neighborhood / 16S- Neighborhood,0.662182147,0.964227821,258,2093,738,8134,DPP7
16S+ Neighborhood / 16S- Neighborhood,0.008969206,0.692401703,91,2093,266,8134,DPPA3
16S+ Neighborhood / 16S- Neighborhood,0.198682628,0.72288186,24,2093,72,8134,DPPA4
16S+ Neighborhood / 16S- Neighborhood,0.019267778,0.71365368,72,2093,212,8134,DPPA5
16S+ Neighborhood / 16S- Neighborhood,0.0959961,0.734855547,48,2093,156,8134,DPT
16S+ Neighborhood / 16S- Neighborhood,0.562035129,1.04234098,348,2093,696,8134,DPY30
16S+ Neighborhood / 16S- Neighborhood,0.01045133,0.66643914,69,2093,281,8134,DPYD
16S+ Neighborhood / 16S- Neighborhood,0.332259724,0.86087583,72,2093,194,8134,DPYSL2
16S+ Neighborhood / 16S- Neighborhood,0.646009213,1.061743954,118,2093,191,8134,DR1
16S+ Neighborhood / 16S- Neighborhood,0.377906783,0.853378466,48,2093,123,8134,DRAM1
16S+ Neighborhood / 16S- Neighborhood,0.114988676,1.126687003,417,2093,667,8134,DRAP1
16S+ Neighborhood / 16S- Neighborhood,0.017452128,0.654939137,55,2093,174,8134,DRAXIN
16S+ Neighborhood / 16S- Neighborhood,0.000563099,0.438162298,25,2093,127,8134,DRD1
16S+ Neighborhood / 16S- Neighborhood,0.308228294,0.789585807,29,2093,77,8134,DRD2
16S+ Neighborhood / 16S- Neighborhood,0.810007274,1.035131808,95,2093,213,8134,DRD4
16S+ Neighborhood / 16S- Neighborhood,0.881202051,0.98567223,246,2093,392,8134,DSC2
16S+ Neighborhood / 16S- Neighborhood,0.512704417,0.891764297,64,2093,107,8134,DSC3
16S+ Neighborhood / 16S- Neighborhood,0.020995719,0.608769425,28,2093,97,8134,DSCAM
16S+ Neighborhood / 16S- Neighborhood,0.525827932,1.112166308,66,2093,166,8134,DSCAML1
16S+ Neighborhood / 16S- Neighborhood,0.614267489,0.929922115,73,2093,175,8134,DSE
16S+ Neighborhood / 16S- Neighborhood,0.00043486,0.515635628,47,2093,153,8134,DSG3
16S+ Neighborhood / 16S- Neighborhood,5.63E-05,1.372054425,457,2093,334,8134,DSP
16S+ Neighborhood / 16S- Neighborhood,0.941173768,0.994205502,391,2093,624,8134,DST
16S+ Neighborhood / 16S- Neighborhood,0.956400525,0.986316804,24,2093,49,8134,DTL
16S+ Neighborhood / 16S- Neighborhood,0.565007536,1.093675712,80,2093,148,8134,DTNA
16S+ Neighborhood / 16S- Neighborhood,0.16118928,0.85153237,159,2093,320,8134,DTNBP1
16S+ Neighborhood / 16S- Neighborhood,0.001371047,0.556369629,50,2093,182,8134,DTX1
16S+ Neighborhood / 16S- Neighborhood,0.171185832,0.821692716,88,2093,223,8134,DTX3
16S+ Neighborhood / 16S- Neighborhood,0.207369061,1.214544585,74,2093,127,8134,DTX3L
16S+ Neighborhood / 16S- Neighborhood,0.000440221,0.546406616,53,2093,234,8134,DTX4
16S+ Neighborhood / 16S- Neighborhood,0.068465002,1.348113664,75,2093,123,8134,DUOX1
16S+ Neighborhood / 16S- Neighborhood,0.810507542,0.976983329,311,2093,810,8134,DUSP1
16S+ Neighborhood / 16S- Neighborhood,0.463968523,0.902727408,95,2093,221,8134,DUSP10
16S+ Neighborhood / 16S- Neighborhood,0.121558133,0.809878731,100,2093,218,8134,DUSP16
16S+ Neighborhood / 16S- Neighborhood,0.515624796,1.028500683,2072,2093,6556,8134,DUSP2
16S+ Neighborhood / 16S- Neighborhood,0.018999672,1.364267952,102,2093,162,8134,DUSP3
16S+ Neighborhood / 16S- Neighborhood,0.004905066,1.383772245,181,2093,236,8134,DUSP4
16S+ Neighborhood / 16S- Neighborhood,0.881451165,0.980165119,103,2093,399,8134,DUSP5
16S+ Neighborhood / 16S- Neighborhood,0.12349736,1.177729543,163,2093,283,8134,DUSP6
16S+ Neighborhood / 16S- Neighborhood,0.087639266,0.829801594,178,2093,372,8134,DUSP8
16S+ Neighborhood / 16S- Neighborhood,0.083288112,1.211280419,190,2093,268,8134,DVL2
16S+ Neighborhood / 16S- Neighborhood,0.111871793,1.117086097,448,2093,741,8134,DVL3
16S+ Neighborhood / 16S- Neighborhood,0.000517703,1.354512315,347,2093,426,8134,DYNC1H1
16S+ Neighborhood / 16S- Neighborhood,0.777738113,1.056967468,51,2093,97,8134,DYNC1I1
16S+ Neighborhood / 16S- Neighborhood,0.642295505,1.047300035,215,2093,367,8134,DYNC1I2
16S+ Neighborhood / 16S- Neighborhood,0.303373826,0.857879355,73,2093,182,8134,DYNC1LI1
16S+ Neighborhood / 16S- Neighborhood,0.001090748,1.267866876,427,2093,880,8134,DYNC1LI2
16S+ Neighborhood / 16S- Neighborhood,0.247227824,0.831814685,73,2093,187,8134,DYNC2H1
16S+ Neighborhood / 16S- Neighborhood,0.004438948,1.168927287,861,2093,1212,8134,DYNLL1
16S+ Neighborhood / 16S- Neighborhood,0.334141815,1.125289061,126,2093,255,8134,DYNLL2
16S+ Neighborhood / 16S- Neighborhood,0.812453506,1.016309186,508,2093,706,8134,DYNLT1
16S+ Neighborhood / 16S- Neighborhood,0.04064599,0.704281286,54,2093,201,8134,DYRK1A
16S+ Neighborhood / 16S- Neighborhood,0.001206336,0.476114982,27,2093,120,8134,DYSF
16S+ Neighborhood / 16S- Neighborhood,0.926872208,0.985720799,71,2093,146,8134,DZIP1
16S+ Neighborhood / 16S- Neighborhood,0.032384473,0.737649886,79,2093,257,8134,DZIP3
16S+ Neighborhood / 16S- Neighborhood,0.302038693,1.152947678,96,2093,167,8134,E2F1
16S+ Neighborhood / 16S- Neighborhood,0.174507029,1.145724168,240,2093,344,8134,E2F3
16S+ Neighborhood / 16S- Neighborhood,0.042445244,1.202312016,242,2093,605,8134,E2F4
16S+ Neighborhood / 16S- Neighborhood,0.527608731,0.878612307,36,2093,86,8134,E2F5
16S+ Neighborhood / 16S- Neighborhood,0.848322473,0.954869193,27,2093,58,8134,EBI3
16S+ Neighborhood / 16S- Neighborhood,0.027439695,0.748349363,94,2093,313,8134,EBP
16S+ Neighborhood / 16S- Neighborhood,0.671665821,1.045644144,181,2093,370,8134,ECHS1
16S+ Neighborhood / 16S- Neighborhood,0.326162657,1.083536682,345,2093,513,8134,ECI1
16S+ Neighborhood / 16S- Neighborhood,0.002152568,1.259302633,492,2093,453,8134,ECI2
16S+ Neighborhood / 16S- Neighborhood,0.422100659,0.917927561,160,2093,482,8134,ECSIT
16S+ Neighborhood / 16S- Neighborhood,0.794738397,0.96189608,79,2093,176,8134,EDA
16S+ Neighborhood / 16S- Neighborhood,0.007563896,1.417360936,137,2093,193,8134,EDEM1
16S+ Neighborhood / 16S- Neighborhood,0.069992799,0.825651122,147,2093,513,8134,EDEM2
16S+ Neighborhood / 16S- Neighborhood,0.711779236,1.070048831,48,2093,92,8134,EDEM3
16S+ Neighborhood / 16S- Neighborhood,0.005710806,0.55742691,32,2093,132,8134,EDIL3
16S+ Neighborhood / 16S- Neighborhood,0.288267606,0.838400228,66,2093,195,8134,EDN1
16S+ Neighborhood / 16S- Neighborhood,0.613187104,0.897921235,35,2093,84,8134,EDN3
16S+ Neighborhood / 16S- Neighborhood,0.035748001,0.684504355,44,2093,139,8134,EDNRA
16S+ Neighborhood / 16S- Neighborhood,0.000481407,0.570353645,56,2093,221,8134,EDNRB
16S+ Neighborhood / 16S- Neighborhood,0.088806056,1.239535345,133,2093,220,8134,EEA1
16S+ Neighborhood / 16S- Neighborhood,0.2416417,0.833658867,70,2093,219,8134,EED
16S+ Neighborhood / 16S- Neighborhood,0.608571723,1.062047327,152,2093,227,8134,EEF2K
16S+ Neighborhood / 16S- Neighborhood,0.159824351,0.758216334,41,2093,147,8134,EFEMP2
16S+ Neighborhood / 16S- Neighborhood,0.411705212,0.891406019,87,2093,260,8134,EFNA1
16S+ Neighborhood / 16S- Neighborhood,0.174379372,0.756163763,36,2093,99,8134,EFNA2
16S+ Neighborhood / 16S- Neighborhood,0.128046121,0.770604188,57,2093,156,8134,EFNA3
16S+ Neighborhood / 16S- Neighborhood,0.177372015,0.855432532,154,2093,320,8134,EFNA4
16S+ Neighborhood / 16S- Neighborhood,0.951316885,0.991491079,91,2093,193,8134,EFNA5
16S+ Neighborhood / 16S- Neighborhood,0.202912638,0.831154616,77,2093,243,8134,EFNB1
16S+ Neighborhood / 16S- Neighborhood,0.009491644,0.558172729,29,2093,135,8134,EFNB2
16S+ Neighborhood / 16S- Neighborhood,0.472306763,1.198419916,31,2093,72,8134,EFNB3
16S+ Neighborhood / 16S- Neighborhood,0.842813119,0.978323671,146,2093,343,8134,EFTUD2
16S+ Neighborhood / 16S- Neighborhood,0.323332743,0.815451672,34,2093,89,8134,EGF
16S+ Neighborhood / 16S- Neighborhood,0.439897867,1.05728602,465,2093,645,8134,EGFR
16S+ Neighborhood / 16S- Neighborhood,0.070354506,0.826264711,168,2093,421,8134,EGLN1
16S+ Neighborhood / 16S- Neighborhood,0.800399193,0.969779592,145,2093,360,8134,EGLN3
16S+ Neighborhood / 16S- Neighborhood,0.064854545,1.234233601,205,2093,496,8134,EGR1
16S+ Neighborhood / 16S- Neighborhood,0.109784118,0.602881872,15,2093,51,8134,EGR2
16S+ Neighborhood / 16S- Neighborhood,0.275565217,1.095298413,302,2093,742,8134,EHBP1L1
16S+ Neighborhood / 16S- Neighborhood,0.244623563,0.886235678,167,2093,496,8134,EHD1
16S+ Neighborhood / 16S- Neighborhood,0.168079627,0.817715679,84,2093,195,8134,EHD4
16S+ Neighborhood / 16S- Neighborhood,0.247592356,1.290368088,45,2093,62,8134,EHHADH
16S+ Neighborhood / 16S- Neighborhood,0.278806678,1.100643893,279,2093,564,8134,EHMT1
16S+ Neighborhood / 16S- Neighborhood,0.893915481,1.016568735,143,2093,218,8134,EHMT2
16S+ Neighborhood / 16S- Neighborhood,0.859672182,0.968126631,56,2093,104,8134,EIF1AY
16S+ Neighborhood / 16S- Neighborhood,0.851006923,0.966476276,57,2093,96,8134,EIF2A
16S+ Neighborhood / 16S- Neighborhood,0.398293513,1.066695917,319,2093,925,8134,EIF2AK1
16S+ Neighborhood / 16S- Neighborhood,0.276519772,1.109744364,215,2093,521,8134,EIF2AK2
16S+ Neighborhood / 16S- Neighborhood,0.018665373,1.300290608,208,2093,261,8134,EIF2AK3
16S+ Neighborhood / 16S- Neighborhood,0.822285858,1.058183192,26,2093,57,8134,EIF2AK4
16S+ Neighborhood / 16S- Neighborhood,0.894034113,1.013577483,184,2093,366,8134,EIF2B1
16S+ Neighborhood / 16S- Neighborhood,0.421208579,1.083742479,206,2093,400,8134,EIF2B4
16S+ Neighborhood / 16S- Neighborhood,0.326484721,1.122490726,142,2093,261,8134,EIF2B5
16S+ Neighborhood / 16S- Neighborhood,0.161578816,1.157277727,192,2093,321,8134,EIF2S1
16S+ Neighborhood / 16S- Neighborhood,0.012148151,1.177834933,424,2093,755,8134,EIF2S2
16S+ Neighborhood / 16S- Neighborhood,0.336363299,1.102732425,194,2093,381,8134,EIF2S3
16S+ Neighborhood / 16S- Neighborhood,0.741448871,0.960118239,121,2093,274,8134,EIF3A
16S+ Neighborhood / 16S- Neighborhood,9.75E-06,1.411186378,442,2093,475,8134,EIF3C
16S+ Neighborhood / 16S- Neighborhood,0.295597247,1.077076534,363,2093,703,8134,EIF3D
16S+ Neighborhood / 16S- Neighborhood,0.753249507,1.042423266,109,2093,202,8134,EIF3I
16S+ Neighborhood / 16S- Neighborhood,0.000801681,1.247737056,545,2093,860,8134,EIF3J
16S+ Neighborhood / 16S- Neighborhood,6.82E-07,1.257223003,1429,2093,1823,8134,EIF4A1
16S+ Neighborhood / 16S- Neighborhood,1.11E-12,1.44801749,1146,2093,1691,8134,EIF4A2
16S+ Neighborhood / 16S- Neighborhood,0.578362384,0.947418601,234,2093,406,8134,EIF4A3
16S+ Neighborhood / 16S- Neighborhood,0.013283472,1.501291889,87,2093,94,8134,EIF4E
16S+ Neighborhood / 16S- Neighborhood,0.041423678,1.232693266,175,2093,293,8134,EIF4E2
16S+ Neighborhood / 16S- Neighborhood,0.011526591,0.668229578,63,2093,221,8134,EIF4E3
16S+ Neighborhood / 16S- Neighborhood,0.532841705,0.920984512,94,2093,347,8134,EIF4EBP1
16S+ Neighborhood / 16S- Neighborhood,0.490423247,1.096415006,107,2093,203,8134,EIF4EBP2
16S+ Neighborhood / 16S- Neighborhood,0.02959471,0.695922355,57,2093,156,8134,EIF4EBP3
16S+ Neighborhood / 16S- Neighborhood,0.001829617,1.210445141,735,2093,1004,8134,EIF4G1
16S+ Neighborhood / 16S- Neighborhood,0.212806302,0.862306454,127,2093,401,8134,EIF4G3
16S+ Neighborhood / 16S- Neighborhood,0.145962598,1.106760018,463,2093,694,8134,EIF4H
16S+ Neighborhood / 16S- Neighborhood,0.001317752,1.176262104,891,2093,1550,8134,EIF5A
16S+ Neighborhood / 16S- Neighborhood,0.377591591,1.105843922,143,2093,259,8134,EIF5B
16S+ Neighborhood / 16S- Neighborhood,0.343203539,0.929936329,333,2093,948,8134,EIF6
16S+ Neighborhood / 16S- Neighborhood,0.863775718,1.025338178,96,2093,234,8134,ELANE
16S+ Neighborhood / 16S- Neighborhood,0.041793366,1.14504424,492,2093,799,8134,ELAVL1
16S+ Neighborhood / 16S- Neighborhood,0.910071219,1.02589414,33,2093,67,8134,ELAVL4
16S+ Neighborhood / 16S- Neighborhood,0.118955535,1.102022841,654,2093,1595,8134,ELF3
16S+ Neighborhood / 16S- Neighborhood,0.542995488,0.898373865,52,2093,158,8134,ELF4
16S+ Neighborhood / 16S- Neighborhood,0.540548588,1.098360412,80,2093,152,8134,ELK1
16S+ Neighborhood / 16S- Neighborhood,0.234223575,1.182587479,86,2093,152,8134,ELK4
16S+ Neighborhood / 16S- Neighborhood,0.123753647,0.822532289,107,2093,303,8134,ELL
16S+ Neighborhood / 16S- Neighborhood,0.15843348,0.856815714,163,2093,299,8134,ELL2
16S+ Neighborhood / 16S- Neighborhood,0.011100395,0.649906453,57,2093,211,8134,ELMO1
16S+ Neighborhood / 16S- Neighborhood,0.825853701,0.952980787,31,2093,70,8134,ELMO2
16S+ Neighborhood / 16S- Neighborhood,0.016139928,1.113263572,1420,2093,2163,8134,ELOB
16S+ Neighborhood / 16S- Neighborhood,0.345512746,1.089218736,279,2093,417,8134,ELOC
16S+ Neighborhood / 16S- Neighborhood,0.690366509,1.030097329,415,2093,556,8134,ELOVL1
16S+ Neighborhood / 16S- Neighborhood,0.052424403,1.271777359,147,2093,177,8134,ELOVL5
16S+ Neighborhood / 16S- Neighborhood,0.631253683,0.921376772,61,2093,163,8134,ELOVL6
16S+ Neighborhood / 16S- Neighborhood,0.149975055,0.814661289,84,2093,274,8134,ELOVL7
16S+ Neighborhood / 16S- Neighborhood,0.166283141,0.833632314,92,2093,238,8134,ELP1
16S+ Neighborhood / 16S- Neighborhood,0.777145792,0.949142495,49,2093,131,8134,ELP2
16S+ Neighborhood / 16S- Neighborhood,0.100717363,0.783900301,78,2093,256,8134,ELP3
16S+ Neighborhood / 16S- Neighborhood,0.02490241,0.667155503,45,2093,143,8134,ELP4
16S+ Neighborhood / 16S- Neighborhood,0.538442852,1.074042511,145,2093,323,8134,ELP5
16S+ Neighborhood / 16S- Neighborhood,0.970930896,0.995364108,118,2093,259,8134,ELP6
16S+ Neighborhood / 16S- Neighborhood,0.085882355,0.731890832,53,2093,171,8134,EMCN
16S+ Neighborhood / 16S- Neighborhood,0.820368389,0.975870099,157,2093,410,8134,EMD
16S+ Neighborhood / 16S- Neighborhood,0.138391746,1.160662274,171,2093,565,8134,EML4
16S+ Neighborhood / 16S- Neighborhood,0.006107304,0.722849031,128,2093,423,8134,EMP1
16S+ Neighborhood / 16S- Neighborhood,0.469333717,1.079023412,182,2093,317,8134,EMP2
16S+ Neighborhood / 16S- Neighborhood,0.400017513,0.853566041,45,2093,130,8134,EMP3
16S+ Neighborhood / 16S- Neighborhood,0.616125049,1.049268106,243,2093,342,8134,ENAH
16S+ Neighborhood / 16S- Neighborhood,0.268036206,0.865762211,112,2093,258,8134,ENDOD1
16S+ Neighborhood / 16S- Neighborhood,0.209560301,1.216696402,74,2093,141,8134,ENDOG
16S+ Neighborhood / 16S- Neighborhood,0.051180424,0.747987214,87,2093,371,8134,ENG
16S+ Neighborhood / 16S- Neighborhood,1.35E-30,1.546239853,5530,2093,4601,8134,ENO1
16S+ Neighborhood / 16S- Neighborhood,0.033798526,0.793708139,135,2093,355,8134,ENO2
16S+ Neighborhood / 16S- Neighborhood,0.200428062,1.334610187,36,2093,55,8134,ENO4
16S+ Neighborhood / 16S- Neighborhood,0.005324146,0.637512123,58,2093,202,8134,ENPP2
16S+ Neighborhood / 16S- Neighborhood,0.020570629,0.677181276,56,2093,230,8134,ENPP4
16S+ Neighborhood / 16S- Neighborhood,0.13424725,0.720451384,31,2093,91,8134,ENPP6
16S+ Neighborhood / 16S- Neighborhood,0.002174431,1.193659948,717,2093,968,8134,ENSA
16S+ Neighborhood / 16S- Neighborhood,0.000439188,0.40528055,19,2093,111,8134,ENTPD1
16S+ Neighborhood / 16S- Neighborhood,0.010422688,1.258792035,270,2093,578,8134,ENTPD2
16S+ Neighborhood / 16S- Neighborhood,0.752960882,0.962537858,127,2093,297,8134,ENTPD4
16S+ Neighborhood / 16S- Neighborhood,0.536115402,0.89026649,53,2093,145,8134,ENY2
16S+ Neighborhood / 16S- Neighborhood,0.01373368,0.575976109,27,2093,98,8134,EOMES
16S+ Neighborhood / 16S- Neighborhood,0.52087909,0.912123672,86,2093,178,8134,EP300
16S+ Neighborhood / 16S- Neighborhood,0.003182849,1.467752392,126,2093,167,8134,EP400
16S+ Neighborhood / 16S- Neighborhood,0.000209013,0.658184375,125,2093,651,8134,EPAS1
16S+ Neighborhood / 16S- Neighborhood,0.725881827,1.056972088,71,2093,158,8134,EPB41
16S+ Neighborhood / 16S- Neighborhood,0.844613585,1.025201679,102,2093,300,8134,EPB41L1
16S+ Neighborhood / 16S- Neighborhood,0.303241622,0.865853521,87,2093,246,8134,EPB41L2
16S+ Neighborhood / 16S- Neighborhood,0.069344906,0.643276102,26,2093,86,8134,EPB41L3
16S+ Neighborhood / 16S- Neighborhood,0.262199527,0.85643681,94,2093,234,8134,EPB41L4A
16S+ Neighborhood / 16S- Neighborhood,0.116636055,0.829348885,128,2093,371,8134,EPB41L5
16S+ Neighborhood / 16S- Neighborhood,0.557384872,0.925980328,96,2093,214,8134,EPC1
16S+ Neighborhood / 16S- Neighborhood,1.50E-05,1.349299917,421,2093,1097,8134,EPCAM
16S+ Neighborhood / 16S- Neighborhood,0.057969553,0.81426649,143,2093,574,8134,EPHA2
16S+ Neighborhood / 16S- Neighborhood,0.050689299,0.585661573,19,2093,85,8134,EPHA3
16S+ Neighborhood / 16S- Neighborhood,0.184270905,0.800828067,64,2093,188,8134,EPHA4
16S+ Neighborhood / 16S- Neighborhood,0.164529599,0.773925639,42,2093,117,8134,EPHA6
16S+ Neighborhood / 16S- Neighborhood,3.73E-09,2.393505201,187,2093,83,8134,EPHA7
16S+ Neighborhood / 16S- Neighborhood,0.027318758,0.673109949,48,2093,145,8134,EPHB1
16S+ Neighborhood / 16S- Neighborhood,0.488658755,1.098736946,88,2093,328,8134,EPHB2
16S+ Neighborhood / 16S- Neighborhood,0.186099096,0.78860798,55,2093,141,8134,EPHB3
16S+ Neighborhood / 16S- Neighborhood,0.003641033,1.277351212,342,2093,437,8134,EPHB4
16S+ Neighborhood / 16S- Neighborhood,0.486673481,0.906790259,103,2093,273,8134,EPHB6
16S+ Neighborhood / 16S- Neighborhood,0.016060647,0.682155111,65,2093,224,8134,EPHX2
16S+ Neighborhood / 16S- Neighborhood,0.763455823,1.042266664,101,2093,198,8134,EPM2AIP1
16S+ Neighborhood / 16S- Neighborhood,0.320975558,0.940718151,538,2093,1132,8134,EPN1
16S+ Neighborhood / 16S- Neighborhood,0.245406334,0.861408743,102,2093,239,8134,EPN2
16S+ Neighborhood / 16S- Neighborhood,0.198956373,0.785727179,52,2093,137,8134,EPO
16S+ Neighborhood / 16S- Neighborhood,0.025275706,0.742489824,96,2093,301,8134,EPOR
16S+ Neighborhood / 16S- Neighborhood,0.001810084,2.004472856,41,2093,49,8134,EPS15
16S+ Neighborhood / 16S- Neighborhood,0.641039007,0.955335994,203,2093,577,8134,EPS15L1
16S+ Neighborhood / 16S- Neighborhood,0.066505899,0.734286195,56,2093,221,8134,ERAP1
16S+ Neighborhood / 16S- Neighborhood,0.18097068,0.730335536,27,2093,89,8134,ERAP2
16S+ Neighborhood / 16S- Neighborhood,5.32E-13,1.305118564,3674,2093,14880,8134,ERBB2
16S+ Neighborhood / 16S- Neighborhood,0.034531578,0.840890564,287,2093,648,8134,ERBB3
16S+ Neighborhood / 16S- Neighborhood,0.144586366,1.191556104,154,2093,240,8134,ERBIN
16S+ Neighborhood / 16S- Neighborhood,0.842554271,0.981439259,188,2093,406,8134,ERC1
16S+ Neighborhood / 16S- Neighborhood,0.815330221,0.953599089,42,2093,97,8134,ERC2
16S+ Neighborhood / 16S- Neighborhood,0.086792195,0.81271055,119,2093,282,8134,ERCC1
16S+ Neighborhood / 16S- Neighborhood,0.364259576,0.890269654,106,2093,230,8134,ERCC2
16S+ Neighborhood / 16S- Neighborhood,0.168131446,1.194220339,104,2093,177,8134,ERCC3
16S+ Neighborhood / 16S- Neighborhood,0.897884577,0.974646581,42,2093,91,8134,ERCC6
16S+ Neighborhood / 16S- Neighborhood,0.928087342,1.014427289,67,2093,137,8134,ERCC6L2
16S+ Neighborhood / 16S- Neighborhood,0.108613269,0.810852884,96,2093,247,8134,ERCC8
16S+ Neighborhood / 16S- Neighborhood,0.290405568,0.753692238,19,2093,53,8134,EREG
16S+ Neighborhood / 16S- Neighborhood,0.13376848,0.724491051,34,2093,114,8134,ERG
16S+ Neighborhood / 16S- Neighborhood,0.534424426,0.911571069,79,2093,213,8134,ERG28
16S+ Neighborhood / 16S- Neighborhood,0.597112797,1.051371042,215,2093,562,8134,ERLEC1
16S+ Neighborhood / 16S- Neighborhood,0.646314153,0.944751292,114,2093,307,8134,ERMP1
16S+ Neighborhood / 16S- Neighborhood,0.830913491,0.975160658,133,2093,325,8134,ERN1
16S+ Neighborhood / 16S- Neighborhood,0.031825004,0.818726322,209,2093,685,8134,ERO1A
16S+ Neighborhood / 16S- Neighborhood,0.025803904,0.725947243,89,2093,244,8134,ERO1B
16S+ Neighborhood / 16S- Neighborhood,0.737636517,1.024493358,429,2093,692,8134,ERP29
16S+ Neighborhood / 16S- Neighborhood,0.987901141,1.002041204,92,2093,198,8134,ERP44
16S+ Neighborhood / 16S- Neighborhood,0.583657567,1.062891662,174,2093,512,8134,ERRFI1
16S+ Neighborhood / 16S- Neighborhood,0.150026014,0.769971357,54,2093,188,8134,ESAM
16S+ Neighborhood / 16S- Neighborhood,0.734721521,0.959277463,108,2093,230,8134,ESCO1
16S+ Neighborhood / 16S- Neighborhood,0.029412485,0.683873709,51,2093,153,8134,ESR1
16S+ Neighborhood / 16S- Neighborhood,0.015600738,0.553022621,22,2093,83,8134,ESR2
16S+ Neighborhood / 16S- Neighborhood,0.004082732,1.254043999,335,2093,741,8134,ESRRA
16S+ Neighborhood / 16S- Neighborhood,0.008019729,0.545222863,28,2093,110,8134,ESRRB
16S+ Neighborhood / 16S- Neighborhood,0.138548461,0.770267175,53,2093,124,8134,ESYT1
16S+ Neighborhood / 16S- Neighborhood,0.220401227,0.889781082,201,2093,473,8134,ESYT2
16S+ Neighborhood / 16S- Neighborhood,0.018418206,1.272024576,197,2093,302,8134,ETF1
16S+ Neighborhood / 16S- Neighborhood,0.361303674,0.91890734,222,2093,501,8134,ETFA
16S+ Neighborhood / 16S- Neighborhood,0.006670267,1.180274231,661,2093,1086,8134,ETFB
16S+ Neighborhood / 16S- Neighborhood,0.023701221,1.630916347,43,2093,53,8134,ETFDH
16S+ Neighborhood / 16S- Neighborhood,0.803832411,1.021247318,282,2093,692,8134,ETNK1
16S+ Neighborhood / 16S- Neighborhood,0.038785423,0.591316758,20,2093,75,8134,ETS1
16S+ Neighborhood / 16S- Neighborhood,0.697479748,1.044342703,159,2093,374,8134,ETS2
16S+ Neighborhood / 16S- Neighborhood,0.0573435,0.777846469,99,2093,309,8134,ETV1
16S+ Neighborhood / 16S- Neighborhood,0.91937861,0.986873931,107,2093,284,8134,ETV4
16S+ Neighborhood / 16S- Neighborhood,0.043659141,1.242425142,247,2093,329,8134,ETV5
16S+ Neighborhood / 16S- Neighborhood,0.601273836,0.940593338,142,2093,320,8134,ETV6
16S+ Neighborhood / 16S- Neighborhood,0.741917393,0.935884667,42,2093,133,8134,ETV7
16S+ Neighborhood / 16S- Neighborhood,0.639482084,1.071222752,86,2093,162,8134,EVI5
16S+ Neighborhood / 16S- Neighborhood,0.094171879,1.202714134,192,2093,240,8134,EVL
16S+ Neighborhood / 16S- Neighborhood,0.043598955,1.200481558,224,2093,364,8134,EWSR1
16S+ Neighborhood / 16S- Neighborhood,0.180431393,0.739654723,28,2093,79,8134,EXO1
16S+ Neighborhood / 16S- Neighborhood,0.443523478,1.070512929,263,2093,516,8134,EXOC4
16S+ Neighborhood / 16S- Neighborhood,0.137275469,1.359223147,40,2093,62,8134,EXOC6
16S+ Neighborhood / 16S- Neighborhood,0.111042984,1.107802764,574,2093,753,8134,EXOC7
16S+ Neighborhood / 16S- Neighborhood,0.019833719,0.648360676,43,2093,141,8134,EXOG
16S+ Neighborhood / 16S- Neighborhood,0.007382513,1.225374069,365,2093,682,8134,EXOSC1
16S+ Neighborhood / 16S- Neighborhood,0.67785449,0.939331586,72,2093,169,8134,EXOSC3
16S+ Neighborhood / 16S- Neighborhood,0.817555596,1.024559906,183,2093,329,8134,EXOSC4
16S+ Neighborhood / 16S- Neighborhood,0.396571208,0.901250754,113,2093,260,8134,EXOSC5
16S+ Neighborhood / 16S- Neighborhood,0.026973019,1.350180062,106,2093,186,8134,EXT1
16S+ Neighborhood / 16S- Neighborhood,0.404545089,1.122586567,95,2093,215,8134,EXTL3
16S+ Neighborhood / 16S- Neighborhood,0.178644397,0.780887361,45,2093,120,8134,EYA1
16S+ Neighborhood / 16S- Neighborhood,0.007129751,0.64613512,62,2093,246,8134,EYA4
16S+ Neighborhood / 16S- Neighborhood,0.839701932,0.964464324,48,2093,110,8134,EZH2
16S+ Neighborhood / 16S- Neighborhood,1.23E-05,1.237922906,1219,2093,1519,8134,EZR
16S+ Neighborhood / 16S- Neighborhood,0.906282185,0.976126417,41,2093,107,8134,F10
16S+ Neighborhood / 16S- Neighborhood,0.153076247,1.095279787,573,2093,740,8134,F11R
16S+ Neighborhood / 16S- Neighborhood,0.965065949,1.008105489,52,2093,141,8134,F12
16S+ Neighborhood / 16S- Neighborhood,0.137264654,0.595425807,13,2093,45,8134,F13A1
16S+ Neighborhood / 16S- Neighborhood,0.970532672,1.006205688,62,2093,141,8134,F2
16S+ Neighborhood / 16S- Neighborhood,0.989756939,1.001518375,169,2093,302,8134,F2R
16S+ Neighborhood / 16S- Neighborhood,0.684099147,0.919603153,43,2093,117,8134,F2RL1
16S+ Neighborhood / 16S- Neighborhood,0.002150138,0.738197292,200,2093,578,8134,F2RL3
16S+ Neighborhood / 16S- Neighborhood,0.003555366,0.675563958,96,2093,377,8134,F3
16S+ Neighborhood / 16S- Neighborhood,0.139431254,0.739671759,42,2093,136,8134,F8
16S+ Neighborhood / 16S- Neighborhood,0.506481755,0.926344584,123,2093,559,8134,FA2H
16S+ Neighborhood / 16S- Neighborhood,0.049921003,0.765446812,86,2093,230,8134,FAAH2
16S+ Neighborhood / 16S- Neighborhood,0.394585288,0.909021048,140,2093,315,8134,FAAP20
16S+ Neighborhood / 16S- Neighborhood,0.646683882,0.952983955,172,2093,555,8134,FAAP24
16S+ Neighborhood / 16S- Neighborhood,0.000169014,0.484642395,41,2093,190,8134,FABP1
16S+ Neighborhood / 16S- Neighborhood,0.231213879,0.802921659,53,2093,163,8134,FABP3
16S+ Neighborhood / 16S- Neighborhood,0.054297198,0.713540644,55,2093,155,8134,FABP4
16S+ Neighborhood / 16S- Neighborhood,0.613673421,0.948864249,188,2093,368,8134,FABP5
16S+ Neighborhood / 16S- Neighborhood,0.024171586,0.597168243,33,2093,121,8134,FABP7
16S+ Neighborhood / 16S- Neighborhood,0.394762806,1.050494741,843,2093,905,8134,FADD
16S+ Neighborhood / 16S- Neighborhood,0.009229341,0.722063206,116,2093,338,8134,FADS1
16S+ Neighborhood / 16S- Neighborhood,0.000128889,1.507261585,317,2093,286,8134,FADS2
16S+ Neighborhood / 16S- Neighborhood,0.944820015,0.989310227,71,2093,158,8134,FAF2
16S+ Neighborhood / 16S- Neighborhood,0.805146134,1.029179323,147,2093,258,8134,FAM120B
16S+ Neighborhood / 16S- Neighborhood,0.204791737,0.809342354,51,2093,138,8134,FAM124B
16S+ Neighborhood / 16S- Neighborhood,0.412870687,0.954753713,835,2093,1066,8134,FAM177A1
16S+ Neighborhood / 16S- Neighborhood,0.168773677,0.761806622,41,2093,113,8134,FAM30A
16S+ Neighborhood / 16S- Neighborhood,0.045738409,1.24269255,163,2093,353,8134,FAM3A
16S+ Neighborhood / 16S- Neighborhood,0.248849652,1.106625934,255,2093,576,8134,FAM3C
16S+ Neighborhood / 16S- Neighborhood,0.335124584,1.082776097,306,2093,678,8134,FAM91A1
16S+ Neighborhood / 16S- Neighborhood,0.866226537,0.97901378,136,2093,380,8134,FANCA
16S+ Neighborhood / 16S- Neighborhood,0.002165617,0.433611221,19,2093,90,8134,FANCB
16S+ Neighborhood / 16S- Neighborhood,0.109541804,0.769943489,67,2093,170,8134,FANCC
16S+ Neighborhood / 16S- Neighborhood,0.374608223,0.885904515,81,2093,188,8134,FANCE
16S+ Neighborhood / 16S- Neighborhood,0.200906405,0.826967977,79,2093,206,8134,FANCF
16S+ Neighborhood / 16S- Neighborhood,0.268710711,0.870834657,108,2093,252,8134,FANCG
16S+ Neighborhood / 16S- Neighborhood,0.57433436,0.936269727,141,2093,360,8134,FANCL
16S+ Neighborhood / 16S- Neighborhood,0.243458804,0.927428913,562,2093,1429,8134,FAP
16S+ Neighborhood / 16S- Neighborhood,0.879543769,0.981503294,131,2093,252,8134,FAR1
16S+ Neighborhood / 16S- Neighborhood,0.143793266,0.798746294,82,2093,244,8134,FAR2
16S+ Neighborhood / 16S- Neighborhood,0.008145276,0.58426365,39,2093,156,8134,FAS
16S+ Neighborhood / 16S- Neighborhood,0.178557121,0.77382347,52,2093,150,8134,FASLG
16S+ Neighborhood / 16S- Neighborhood,1.82E-16,1.611929157,1239,2093,1289,8134,FASN
16S+ Neighborhood / 16S- Neighborhood,0.45648277,0.778421576,15,2093,39,8134,FAT4
16S+ Neighborhood / 16S- Neighborhood,0.005901436,0.586403309,42,2093,198,8134,FBLN1
16S+ Neighborhood / 16S- Neighborhood,0.403866329,0.793654432,22,2093,59,8134,FBLN2
16S+ Neighborhood / 16S- Neighborhood,0.952184897,0.988998045,53,2093,122,8134,FBLN5
16S+ Neighborhood / 16S- Neighborhood,0.050496142,0.681343868,45,2093,170,8134,FBN1
16S+ Neighborhood / 16S- Neighborhood,0.133378521,0.801570781,79,2093,200,8134,FBN2
16S+ Neighborhood / 16S- Neighborhood,0.768775208,0.93769427,39,2093,113,8134,FBP1
16S+ Neighborhood / 16S- Neighborhood,0.366053939,0.913269969,172,2093,408,8134,FBXL12
16S+ Neighborhood / 16S- Neighborhood,0.637853045,0.908664614,43,2093,108,8134,FBXL13
16S+ Neighborhood / 16S- Neighborhood,0.304917754,0.882931204,107,2093,266,8134,FBXL15
16S+ Neighborhood / 16S- Neighborhood,0.062922094,1.179943432,224,2093,873,8134,FBXL18
16S+ Neighborhood / 16S- Neighborhood,0.908076585,1.014895518,144,2093,238,8134,FBXL20
16S+ Neighborhood / 16S- Neighborhood,0.133428171,0.752679775,40,2093,115,8134,FBXL3
16S+ Neighborhood / 16S- Neighborhood,0.43736899,1.117388066,118,2093,168,8134,FBXL4
16S+ Neighborhood / 16S- Neighborhood,0.114101051,1.139708572,279,2093,521,8134,FBXL5
16S+ Neighborhood / 16S- Neighborhood,0.087671387,0.713157408,47,2093,146,8134,FBXL7
16S+ Neighborhood / 16S- Neighborhood,0.046440908,1.264654727,131,2093,237,8134,FBXO11
16S+ Neighborhood / 16S- Neighborhood,0.468958348,0.83970792,26,2093,84,8134,FBXO2
16S+ Neighborhood / 16S- Neighborhood,0.075826143,1.251833952,146,2093,190,8134,FBXO21
16S+ Neighborhood / 16S- Neighborhood,0.726848828,0.954564429,100,2093,283,8134,FBXO22
16S+ Neighborhood / 16S- Neighborhood,0.006253257,0.598248521,43,2093,211,8134,FBXO25
16S+ Neighborhood / 16S- Neighborhood,0.014975345,1.380425037,145,2093,154,8134,FBXO27
16S+ Neighborhood / 16S- Neighborhood,0.233914119,0.862641297,121,2093,295,8134,FBXO3
16S+ Neighborhood / 16S- Neighborhood,0.169623253,1.213139702,93,2093,164,8134,FBXO31
16S+ Neighborhood / 16S- Neighborhood,0.699149227,1.046803864,174,2093,281,8134,FBXO32
16S+ Neighborhood / 16S- Neighborhood,0.257520923,0.900406243,247,2093,373,8134,FBXO33
16S+ Neighborhood / 16S- Neighborhood,0.086727197,0.767529847,72,2093,228,8134,FBXO4
16S+ Neighborhood / 16S- Neighborhood,0.004543053,0.695316173,99,2093,299,8134,FBXO44
16S+ Neighborhood / 16S- Neighborhood,0.873981029,0.979133763,94,2093,196,8134,FBXO5
16S+ Neighborhood / 16S- Neighborhood,0.335591245,1.147640102,95,2093,195,8134,FBXO6
16S+ Neighborhood / 16S- Neighborhood,0.878150841,0.981474438,111,2093,243,8134,FBXO7
16S+ Neighborhood / 16S- Neighborhood,0.000278673,1.613174169,139,2093,178,8134,FBXO9
16S+ Neighborhood / 16S- Neighborhood,0.278546418,0.88488525,160,2093,346,8134,FBXW11
16S+ Neighborhood / 16S- Neighborhood,0.363959778,0.901234119,140,2093,357,8134,FBXW2
16S+ Neighborhood / 16S- Neighborhood,0.151729731,1.158203419,208,2093,350,8134,FBXW4
16S+ Neighborhood / 16S- Neighborhood,0.416971653,0.924664795,181,2093,668,8134,FBXW5
16S+ Neighborhood / 16S- Neighborhood,0.365458592,0.888769523,105,2093,256,8134,FBXW7
16S+ Neighborhood / 16S- Neighborhood,0.81219122,0.958781366,51,2093,112,8134,FBXW8
16S+ Neighborhood / 16S- Neighborhood,0.049833119,0.765992789,86,2093,248,8134,FCAR
16S+ Neighborhood / 16S- Neighborhood,0.353277531,0.79721491,25,2093,80,8134,FCER1A
16S+ Neighborhood / 16S- Neighborhood,0.004555781,0.58826913,51,2093,230,8134,FCER1G
16S+ Neighborhood / 16S- Neighborhood,0.022505162,0.716854996,75,2093,220,8134,FCER2
16S+ Neighborhood / 16S- Neighborhood,0.035147132,0.71066501,68,2093,271,8134,FCGBP
16S+ Neighborhood / 16S- Neighborhood,0.684514273,1.054831186,111,2093,281,8134,FCGR1A/BP
16S+ Neighborhood / 16S- Neighborhood,0.058653381,0.759120292,90,2093,313,8134,FCGR2A
16S+ Neighborhood / 16S- Neighborhood,0.008608183,0.704341742,95,2093,293,8134,FCGR2B
16S+ Neighborhood / 16S- Neighborhood,0.000574062,0.479221284,32,2093,195,8134,FCGR3A
16S+ Neighborhood / 16S- Neighborhood,0.033949251,0.661897486,39,2093,146,8134,FCGRT
16S+ Neighborhood / 16S- Neighborhood,0.001192792,0.459303085,26,2093,125,8134,FCN1
16S+ Neighborhood / 16S- Neighborhood,0.006909113,0.578007287,39,2093,150,8134,FCRL2
16S+ Neighborhood / 16S- Neighborhood,0.031518989,0.615077317,32,2093,105,8134,FCRL4
16S+ Neighborhood / 16S- Neighborhood,0.000275444,0.449677859,28,2093,142,8134,FCRL5
16S+ Neighborhood / 16S- Neighborhood,0.352921992,0.809731481,31,2093,97,8134,FCRLA
16S+ Neighborhood / 16S- Neighborhood,0.590269445,1.051234383,227,2093,514,8134,FDFT1
16S+ Neighborhood / 16S- Neighborhood,0.00037572,1.383981374,251,2093,424,8134,FDPS
16S+ Neighborhood / 16S- Neighborhood,0.403697173,0.887832828,84,2093,198,8134,FDX1
16S+ Neighborhood / 16S- Neighborhood,0.923691346,1.012233072,101,2093,206,8134,FEN1
16S+ Neighborhood / 16S- Neighborhood,0.063582354,0.683072259,38,2093,126,8134,FER
16S+ Neighborhood / 16S- Neighborhood,0.007883299,0.674543353,79,2093,274,8134,FES
16S+ Neighborhood / 16S- Neighborhood,0.028423934,0.748915178,88,2093,246,8134,FEZ1
16S+ Neighborhood / 16S- Neighborhood,0.795527308,0.968957077,121,2093,268,8134,FEZ2
16S+ Neighborhood / 16S- Neighborhood,0.003066974,0.615801305,58,2093,196,8134,FFAR2
16S+ Neighborhood / 16S- Neighborhood,0.487876254,0.912726543,100,2093,314,8134,FFAR3
16S+ Neighborhood / 16S- Neighborhood,0.744465874,1.057207593,62,2093,161,8134,FFAR4
16S+ Neighborhood / 16S- Neighborhood,0.484413241,0.827372232,22,2093,70,8134,FGA
16S+ Neighborhood / 16S- Neighborhood,0.145787733,0.878670241,245,2093,508,8134,FGD4
16S+ Neighborhood / 16S- Neighborhood,0.015559692,0.581683613,30,2093,116,8134,FGF1
16S+ Neighborhood / 16S- Neighborhood,0.058266194,0.636027234,28,2093,102,8134,FGF10
16S+ Neighborhood / 16S- Neighborhood,0.269940131,0.798269515,40,2093,115,8134,FGF11
16S+ Neighborhood / 16S- Neighborhood,0.10323455,0.761454421,58,2093,166,8134,FGF12
16S+ Neighborhood / 16S- Neighborhood,0.154472843,0.760205265,42,2093,113,8134,FGF13
16S+ Neighborhood / 16S- Neighborhood,0.083844448,0.687588798,32,2093,111,8134,FGF14
16S+ Neighborhood / 16S- Neighborhood,0.932161868,1.017968715,39,2093,109,8134,FGF17
16S+ Neighborhood / 16S- Neighborhood,0.130170753,0.725339025,42,2093,124,8134,FGF18
16S+ Neighborhood / 16S- Neighborhood,0.028064306,0.681611085,58,2093,129,8134,FGF19
16S+ Neighborhood / 16S- Neighborhood,0.783498673,0.95578099,70,2093,170,8134,FGF2
16S+ Neighborhood / 16S- Neighborhood,0.266677341,0.786557782,37,2093,101,8134,FGF20
16S+ Neighborhood / 16S- Neighborhood,0.065143538,0.760457304,74,2093,206,8134,FGF21
16S+ Neighborhood / 16S- Neighborhood,0.251117542,0.830193473,63,2093,194,8134,FGF22
16S+ Neighborhood / 16S- Neighborhood,0.210510676,1.227197024,81,2093,153,8134,FGF23
16S+ Neighborhood / 16S- Neighborhood,0.903936249,1.017913121,99,2093,165,8134,FGF3
16S+ Neighborhood / 16S- Neighborhood,0.01604732,0.680474294,73,2093,177,8134,FGF4
16S+ Neighborhood / 16S- Neighborhood,0.017077418,0.61270869,35,2093,122,8134,FGF5
16S+ Neighborhood / 16S- Neighborhood,0.802550306,1.062734318,26,2093,50,8134,FGF6
16S+ Neighborhood / 16S- Neighborhood,0.228245117,0.792636301,45,2093,149,8134,FGF7
16S+ Neighborhood / 16S- Neighborhood,0.001106945,0.514965126,33,2093,132,8134,FGF8
16S+ Neighborhood / 16S- Neighborhood,0.016281127,0.667190046,58,2093,201,8134,FGF9
16S+ Neighborhood / 16S- Neighborhood,0.000499627,0.440511764,24,2093,107,8134,FGFBP2
16S+ Neighborhood / 16S- Neighborhood,0.478699043,0.874388651,51,2093,123,8134,FGFR1
16S+ Neighborhood / 16S- Neighborhood,0.012658015,1.536569116,85,2093,91,8134,FGFR2
16S+ Neighborhood / 16S- Neighborhood,1.10E-05,1.264023867,1777,2093,2019,8134,FGFR3
16S+ Neighborhood / 16S- Neighborhood,0.774057505,1.0735073,28,2093,55,8134,FGFR4
16S+ Neighborhood / 16S- Neighborhood,0.029971652,0.791465149,141,2093,387,8134,FGFRL1
16S+ Neighborhood / 16S- Neighborhood,0.658595468,0.908433636,41,2093,100,8134,FGG
16S+ Neighborhood / 16S- Neighborhood,0.378956153,0.846642939,48,2093,127,8134,FGL2
16S+ Neighborhood / 16S- Neighborhood,0.115989904,0.721412984,41,2093,151,8134,FGR
16S+ Neighborhood / 16S- Neighborhood,0.004086528,1.390051064,155,2093,256,8134,FH
16S+ Neighborhood / 16S- Neighborhood,0.028897869,0.524190349,15,2093,70,8134,FHIT
16S+ Neighborhood / 16S- Neighborhood,0.031192115,0.480083186,11,2093,48,8134,FHL1
16S+ Neighborhood / 16S- Neighborhood,0.687871505,1.04578497,154,2093,344,8134,FHL2
16S+ Neighborhood / 16S- Neighborhood,0.732783372,0.962974937,155,2093,496,8134,FHOD1
16S+ Neighborhood / 16S- Neighborhood,0.636332964,1.087637762,67,2093,125,8134,FIG4
16S+ Neighborhood / 16S- Neighborhood,0.637370923,1.06660683,105,2093,216,8134,FKBP11
16S+ Neighborhood / 16S- Neighborhood,0.801259158,1.032504862,120,2093,273,8134,FKBP14
16S+ Neighborhood / 16S- Neighborhood,0.713540692,0.969427987,257,2093,677,8134,FKBP1A/C
16S+ Neighborhood / 16S- Neighborhood,0.579478225,0.958925289,283,2093,603,8134,FKBP2
16S+ Neighborhood / 16S- Neighborhood,0.038560371,0.729084732,71,2093,212,8134,FKBP5
16S+ Neighborhood / 16S- Neighborhood,0.02998873,0.723809627,81,2093,220,8134,FKBP6
16S+ Neighborhood / 16S- Neighborhood,0.636675637,0.928399314,65,2093,149,8134,FLG
16S+ Neighborhood / 16S- Neighborhood,0.013124845,1.409888303,125,2093,119,8134,FLII
16S+ Neighborhood / 16S- Neighborhood,0.49433722,1.060444501,307,2093,876,8134,FLNA
16S+ Neighborhood / 16S- Neighborhood,0.036643439,0.761143872,103,2093,333,8134,FLNB
16S+ Neighborhood / 16S- Neighborhood,0.274914644,1.222924389,60,2093,115,8134,FLNC
16S+ Neighborhood / 16S- Neighborhood,0.540493939,0.947239313,279,2093,473,8134,FLOT1
16S+ Neighborhood / 16S- Neighborhood,0.059564893,1.204391173,198,2093,348,8134,FLOT2
16S+ Neighborhood / 16S- Neighborhood,0.88579066,0.969606634,38,2093,106,8134,FLRT2
16S+ Neighborhood / 16S- Neighborhood,0.001851742,0.461925854,32,2093,180,8134,FLT1
16S+ Neighborhood / 16S- Neighborhood,0.438371312,0.838537569,31,2093,79,8134,FLT3
16S+ Neighborhood / 16S- Neighborhood,0.015928877,0.630676783,43,2093,149,8134,FLT3LG
16S+ Neighborhood / 16S- Neighborhood,0.000810467,0.569829137,56,2093,241,8134,FMNL3
16S+ Neighborhood / 16S- Neighborhood,0.063625166,0.713469324,52,2093,183,8134,FMOD
16S+ Neighborhood / 16S- Neighborhood,0.006376775,0.684322072,124,2093,732,8134,FN1
16S+ Neighborhood / 16S- Neighborhood,0.764965009,1.039416754,107,2093,275,8134,FNBP1
16S+ Neighborhood / 16S- Neighborhood,0.214446563,0.818710153,64,2093,167,8134,FNIP2
16S+ Neighborhood / 16S- Neighborhood,0.006509027,0.715703951,99,2093,287,8134,FNTA
16S+ Neighborhood / 16S- Neighborhood,0.218618103,0.762607443,34,2093,117,8134,FOLH1
16S+ Neighborhood / 16S- Neighborhood,0.511394206,0.853031193,27,2093,86,8134,FOLR1
16S+ Neighborhood / 16S- Neighborhood,0.027113125,0.633201992,36,2093,136,8134,FOLR2
16S+ Neighborhood / 16S- Neighborhood,0.040230357,0.621790131,29,2093,123,8134,FOLR3
16S+ Neighborhood / 16S- Neighborhood,0.064883745,0.835391513,274,2093,1101,8134,FOS
16S+ Neighborhood / 16S- Neighborhood,0.097320954,0.739397904,60,2093,168,8134,FOSB
16S+ Neighborhood / 16S- Neighborhood,0.898658076,1.01792209,86,2093,209,8134,FOSL1
16S+ Neighborhood / 16S- Neighborhood,3.24E-09,1.508901285,620,2093,475,8134,FOXA1
16S+ Neighborhood / 16S- Neighborhood,0.977083662,0.99551153,68,2093,217,8134,FOXA2
16S+ Neighborhood / 16S- Neighborhood,0.010701555,0.545288178,26,2093,115,8134,FOXC1
16S+ Neighborhood / 16S- Neighborhood,0.228561053,0.817400327,71,2093,186,8134,FOXD3
16S+ Neighborhood / 16S- Neighborhood,0.132001096,0.758837295,49,2093,145,8134,FOXF1
16S+ Neighborhood / 16S- Neighborhood,0.79116345,0.971171458,141,2093,303,8134,FOXJ1
16S+ Neighborhood / 16S- Neighborhood,9.25E-05,0.46772592,38,2093,165,8134,FOXL2
16S+ Neighborhood / 16S- Neighborhood,0.525718405,0.921916863,111,2093,266,8134,FOXM1
16S+ Neighborhood / 16S- Neighborhood,0.002260361,0.423892679,17,2093,89,8134,FOXO1
16S+ Neighborhood / 16S- Neighborhood,0.154530116,1.330164472,54,2093,72,8134,FOXO3
16S+ Neighborhood / 16S- Neighborhood,0.031332163,0.721852032,67,2093,197,8134,FOXO4
16S+ Neighborhood / 16S- Neighborhood,0.2695424,1.114415151,244,2093,327,8134,FOXP1
16S+ Neighborhood / 16S- Neighborhood,0.164097408,0.77899643,46,2093,123,8134,FOXP2
16S+ Neighborhood / 16S- Neighborhood,0.448834044,0.821719122,22,2093,54,8134,FOXP3
16S+ Neighborhood / 16S- Neighborhood,0.02077593,0.633500895,39,2093,136,8134,FPR1
16S+ Neighborhood / 16S- Neighborhood,0.000915764,0.41267754,19,2093,103,8134,FPR2
16S+ Neighborhood / 16S- Neighborhood,0.01818873,0.631598459,44,2093,154,8134,FPR3
16S+ Neighborhood / 16S- Neighborhood,0.273125169,0.831058179,60,2093,138,8134,FRS2
16S+ Neighborhood / 16S- Neighborhood,0.010905055,0.643862497,55,2093,193,8134,FRY
16S+ Neighborhood / 16S- Neighborhood,0.059707656,0.812932722,137,2093,359,8134,FRYL
16S+ Neighborhood / 16S- Neighborhood,0.007699233,0.611698289,47,2093,156,8134,FSHB
16S+ Neighborhood / 16S- Neighborhood,0.508079817,0.878528052,41,2093,117,8134,FST
16S+ Neighborhood / 16S- Neighborhood,0.012682452,0.709114111,105,2093,573,8134,FSTL1
16S+ Neighborhood / 16S- Neighborhood,0.00240987,0.70733043,148,2093,492,8134,FSTL3
16S+ Neighborhood / 16S- Neighborhood,0.598024434,0.899077553,42,2093,97,8134,FSTL4
16S+ Neighborhood / 16S- Neighborhood,0.841607808,1.016733738,316,2093,523,8134,FUBP1
16S+ Neighborhood / 16S- Neighborhood,0.780316672,0.966971665,131,2093,416,8134,FUCA1
16S+ Neighborhood / 16S- Neighborhood,0.933894132,0.98995436,117,2093,291,8134,FUCA2
16S+ Neighborhood / 16S- Neighborhood,0.637600277,0.897266664,28,2093,67,8134,FUNDC1
16S+ Neighborhood / 16S- Neighborhood,0.718278924,0.957706347,111,2093,374,8134,FURIN
16S+ Neighborhood / 16S- Neighborhood,4.19E-06,1.248369439,1149,2093,1541,8134,FUS
16S+ Neighborhood / 16S- Neighborhood,0.430942293,0.902512291,98,2093,297,8134,FUT4
16S+ Neighborhood / 16S- Neighborhood,0.635412327,0.930728396,76,2093,225,8134,FUT5
16S+ Neighborhood / 16S- Neighborhood,0.232640179,0.782694956,42,2093,142,8134,FUT7
16S+ Neighborhood / 16S- Neighborhood,0.061855916,0.688486219,38,2093,117,8134,FUT8
16S+ Neighborhood / 16S- Neighborhood,0.153827845,0.743727554,40,2093,114,8134,FUT9
16S+ Neighborhood / 16S- Neighborhood,0.006447082,0.628124983,52,2093,193,8134,FXN
16S+ Neighborhood / 16S- Neighborhood,0.078588298,0.736988222,58,2093,153,8134,FXYD6
16S+ Neighborhood / 16S- Neighborhood,0.379394307,0.851525263,47,2093,129,8134,FYB1
16S+ Neighborhood / 16S- Neighborhood,0.12431228,0.764977671,55,2093,159,8134,FYN
16S+ Neighborhood / 16S- Neighborhood,0.533331523,0.90436072,78,2093,159,8134,FZD1
16S+ Neighborhood / 16S- Neighborhood,0.004356948,0.544723362,35,2093,127,8134,FZD10
16S+ Neighborhood / 16S- Neighborhood,0.038924316,0.646672317,37,2093,118,8134,FZD2
16S+ Neighborhood / 16S- Neighborhood,0.054850467,0.71878304,59,2093,179,8134,FZD4
16S+ Neighborhood / 16S- Neighborhood,0.094709562,0.818371275,124,2093,358,8134,FZD5
16S+ Neighborhood / 16S- Neighborhood,0.204360232,1.125567854,247,2093,424,8134,FZD6
16S+ Neighborhood / 16S- Neighborhood,0.028463432,0.704933954,70,2093,194,8134,FZD7
16S+ Neighborhood / 16S- Neighborhood,0.114402936,0.784567671,59,2093,156,8134,FZD8
16S+ Neighborhood / 16S- Neighborhood,0.990764154,1.002062699,58,2093,165,8134,FZD9
16S+ Neighborhood / 16S- Neighborhood,0.28222712,1.086447748,426,2093,644,8134,FZR1
16S+ Neighborhood / 16S- Neighborhood,0.0496082,0.729144634,72,2093,251,8134,G0S2
16S+ Neighborhood / 16S- Neighborhood,0.321574928,1.085370166,332,2093,507,8134,G3BP2
16S+ Neighborhood / 16S- Neighborhood,0.002565816,0.540985422,39,2093,166,8134,G6PC2
16S+ Neighborhood / 16S- Neighborhood,0.120752612,1.226350532,117,2093,232,8134,G6PC3
16S+ Neighborhood / 16S- Neighborhood,1.53E-06,1.792875762,168,2093,210,8134,G6PD
16S+ Neighborhood / 16S- Neighborhood,0.638630801,1.032374977,528,2093,825,8134,GAA
16S+ Neighborhood / 16S- Neighborhood,0.007823698,0.680656726,72,2093,215,8134,GAB1
16S+ Neighborhood / 16S- Neighborhood,0.110888611,0.780644891,66,2093,187,8134,GAB2
16S+ Neighborhood / 16S- Neighborhood,0.344897508,1.078985486,327,2093,521,8134,GABARAP
16S+ Neighborhood / 16S- Neighborhood,0.047818782,1.191086,280,2093,443,8134,GABARAPL1
16S+ Neighborhood / 16S- Neighborhood,0.496481926,1.086224158,132,2093,220,8134,GABARAPL2
16S+ Neighborhood / 16S- Neighborhood,0.042451322,0.696009298,45,2093,142,8134,GABBR2
16S+ Neighborhood / 16S- Neighborhood,0.252502365,0.875721886,120,2093,289,8134,GABPA
16S+ Neighborhood / 16S- Neighborhood,0.001330457,0.531295136,38,2093,153,8134,GABRA2
16S+ Neighborhood / 16S- Neighborhood,0.687733366,0.933578465,56,2093,159,8134,GABRB1
16S+ Neighborhood / 16S- Neighborhood,0.007617953,0.402568779,13,2093,59,8134,GABRB2
16S+ Neighborhood / 16S- Neighborhood,0.567809387,0.867022577,26,2093,62,8134,GABRG3
16S+ Neighborhood / 16S- Neighborhood,0.145456241,1.307097885,51,2093,130,8134,GAD1
16S+ Neighborhood / 16S- Neighborhood,0.1419608,0.715587652,29,2093,85,8134,GAD2
16S+ Neighborhood / 16S- Neighborhood,0.962718204,0.994581917,158,2093,271,8134,GADD45A
16S+ Neighborhood / 16S- Neighborhood,0.072883141,0.844234522,245,2093,720,8134,GADD45B
16S+ Neighborhood / 16S- Neighborhood,0.310193504,0.848403359,75,2093,187,8134,GADD45G
16S+ Neighborhood / 16S- Neighborhood,0.011876815,0.599747658,35,2093,125,8134,GADL1
16S+ Neighborhood / 16S- Neighborhood,0.114143788,0.719819801,39,2093,119,8134,GAGE1
16S+ Neighborhood / 16S- Neighborhood,0.552506606,0.903249827,64,2093,122,8134,GAL
16S+ Neighborhood / 16S- Neighborhood,0.091889439,0.814087036,130,2093,361,8134,GALC
16S+ Neighborhood / 16S- Neighborhood,0.36398493,0.858584154,62,2093,213,8134,GALM
16S+ Neighborhood / 16S- Neighborhood,0.382420535,0.868251899,69,2093,190,8134,GALNS
16S+ Neighborhood / 16S- Neighborhood,0.122822439,0.840972898,133,2093,435,8134,GALNT10
16S+ Neighborhood / 16S- Neighborhood,0.737725693,0.955106479,98,2093,218,8134,GALNT6
16S+ Neighborhood / 16S- Neighborhood,0.086338722,0.691420758,37,2093,115,8134,GALP
16S+ Neighborhood / 16S- Neighborhood,0.001935555,0.510610002,31,2093,131,8134,GALR1
16S+ Neighborhood / 16S- Neighborhood,0.243496344,0.823105759,64,2093,171,8134,GALR2
16S+ Neighborhood / 16S- Neighborhood,0.15933169,0.732983458,34,2093,95,8134,GALR3
16S+ Neighborhood / 16S- Neighborhood,0.53667394,0.87950742,37,2093,96,8134,GAN
16S+ Neighborhood / 16S- Neighborhood,0.005337232,1.187206212,490,2093,856,8134,GANAB
16S+ Neighborhood / 16S- Neighborhood,0.211738342,0.762392475,32,2093,91,8134,GAP43
16S+ Neighborhood / 16S- Neighborhood,0.443750222,1.171009856,37,2093,66,8134,GAPVD1
16S+ Neighborhood / 16S- Neighborhood,0.059128975,1.088482023,1768,2093,3905,8134,GAR1
16S+ Neighborhood / 16S- Neighborhood,0.546184921,0.889274379,50,2093,124,8134,GARNL3
16S+ Neighborhood / 16S- Neighborhood,0.049843002,0.650968959,32,2093,99,8134,GAS1
16S+ Neighborhood / 16S- Neighborhood,0.004886563,0.5686775,35,2093,136,8134,GAS2
16S+ Neighborhood / 16S- Neighborhood,0.094030891,0.689368581,30,2093,129,8134,GAS6
16S+ Neighborhood / 16S- Neighborhood,0.655541389,1.126366562,25,2093,46,8134,GAS7
16S+ Neighborhood / 16S- Neighborhood,0.260185464,0.73000196,19,2093,54,8134,GATA1
16S+ Neighborhood / 16S- Neighborhood,3.02E-05,0.459947082,40,2093,180,8134,GATA2
16S+ Neighborhood / 16S- Neighborhood,0.311907874,0.831055668,52,2093,148,8134,GATA3
16S+ Neighborhood / 16S- Neighborhood,0.532705413,1.110973249,66,2093,146,8134,GATA4
16S+ Neighborhood / 16S- Neighborhood,0.011187267,0.678065542,66,2093,240,8134,GATA6
16S+ Neighborhood / 16S- Neighborhood,0.686428059,1.032244399,312,2093,748,8134,GATAD2A
16S+ Neighborhood / 16S- Neighborhood,0.483606158,1.080261641,196,2093,335,8134,GATAD2B
16S+ Neighborhood / 16S- Neighborhood,0.03329091,0.770113383,104,2093,438,8134,GATM
16S+ Neighborhood / 16S- Neighborhood,0.141169182,0.786508278,65,2093,192,8134,GBE1
16S+ Neighborhood / 16S- Neighborhood,0.68889777,0.937529064,65,2093,184,8134,GBP1
16S+ Neighborhood / 16S- Neighborhood,0.052497614,0.691341676,42,2093,159,8134,GBP2
16S+ Neighborhood / 16S- Neighborhood,0.007784766,0.635272908,57,2093,180,8134,GBP4
16S+ Neighborhood / 16S- Neighborhood,0.296701074,0.798303018,36,2093,97,8134,GBP5
16S+ Neighborhood / 16S- Neighborhood,0.009238393,0.599076387,40,2093,161,8134,GC
16S+ Neighborhood / 16S- Neighborhood,0.020352659,0.62879235,37,2093,109,8134,GCA
16S+ Neighborhood / 16S- Neighborhood,0.82870726,0.974002043,125,2093,302,8134,GCDH
16S+ Neighborhood / 16S- Neighborhood,0.176244668,0.77632143,51,2093,146,8134,GCG
16S+ Neighborhood / 16S- Neighborhood,0.081294187,0.759736306,71,2093,204,8134,GCGR
16S+ Neighborhood / 16S- Neighborhood,0.365682522,1.146075628,87,2093,173,8134,GCH1
16S+ Neighborhood / 16S- Neighborhood,0.228965374,0.788483341,41,2093,151,8134,GCK
16S+ Neighborhood / 16S- Neighborhood,0.612231753,1.072363568,98,2093,175,8134,GCLC
16S+ Neighborhood / 16S- Neighborhood,0.031944283,0.767163462,104,2093,289,8134,GCLM
16S+ Neighborhood / 16S- Neighborhood,0.238225491,1.105577994,345,2093,582,8134,GDE1
16S+ Neighborhood / 16S- Neighborhood,0.010654883,0.659678948,65,2093,206,8134,GDF11
16S+ Neighborhood / 16S- Neighborhood,0.710584703,1.040900728,224,2093,932,8134,GDF15
16S+ Neighborhood / 16S- Neighborhood,0.332526733,0.800428369,32,2093,86,8134,GDF3
16S+ Neighborhood / 16S- Neighborhood,0.118500595,0.752381653,51,2093,154,8134,GDF6
16S+ Neighborhood / 16S- Neighborhood,0.01694331,1.170282964,528,2093,786,8134,GDI2
16S+ Neighborhood / 16S- Neighborhood,0.014674794,0.638673429,44,2093,153,8134,GDNF
16S+ Neighborhood / 16S- Neighborhood,0.651265842,1.072372292,81,2093,189,8134,GDPD1
16S+ Neighborhood / 16S- Neighborhood,0.048445523,1.261826972,131,2093,419,8134,GET4
16S+ Neighborhood / 16S- Neighborhood,0.002496613,0.590914803,81,2093,285,8134,GFAP
16S+ Neighborhood / 16S- Neighborhood,0.014543932,1.231134516,288,2093,472,8134,GFPT1
16S+ Neighborhood / 16S- Neighborhood,0.7971333,0.977862227,254,2093,714,8134,GGA1
16S+ Neighborhood / 16S- Neighborhood,0.923015469,1.009207412,250,2093,402,8134,GGA2
16S+ Neighborhood / 16S- Neighborhood,0.140505449,1.129144896,278,2093,495,8134,GGA3
16S+ Neighborhood / 16S- Neighborhood,0.580375319,1.064559438,159,2093,313,8134,GGNBP2
16S+ Neighborhood / 16S- Neighborhood,0.782081188,0.963016142,107,2093,215,8134,GGPS1
16S+ Neighborhood / 16S- Neighborhood,0.01964485,0.700421141,75,2093,240,8134,GGT5
16S+ Neighborhood / 16S- Neighborhood,0.833334138,0.958900795,41,2093,90,8134,GGT7
16S+ Neighborhood / 16S- Neighborhood,0.111410736,0.740182496,44,2093,128,8134,GH1
16S+ Neighborhood / 16S- Neighborhood,0.01112744,0.722467128,97,2093,286,8134,GHITM
16S+ Neighborhood / 16S- Neighborhood,0.576733014,0.890106416,37,2093,93,8134,GHR
16S+ Neighborhood / 16S- Neighborhood,0.483923731,0.813587328,16,2093,42,8134,GHRHR
16S+ Neighborhood / 16S- Neighborhood,0.470473187,1.051343712,432,2093,795,8134,GIGYF2
16S+ Neighborhood / 16S- Neighborhood,0.011410724,0.59984631,36,2093,135,8134,GIMAP4
16S+ Neighborhood / 16S- Neighborhood,0.342585156,0.807697646,30,2093,95,8134,GIMAP6
16S+ Neighborhood / 16S- Neighborhood,0.023363846,0.671898075,51,2093,160,8134,GIMAP7
16S+ Neighborhood / 16S- Neighborhood,0.003351761,1.400415276,191,2093,216,8134,GINS2
16S+ Neighborhood / 16S- Neighborhood,0.582934997,1.034875346,491,2093,1674,8134,GIPC1
16S+ Neighborhood / 16S- Neighborhood,0.02212495,1.225923211,242,2093,411,8134,GIT1
16S+ Neighborhood / 16S- Neighborhood,0.789480758,0.954337592,71,2093,174,8134,GJA1
16S+ Neighborhood / 16S- Neighborhood,0.996812965,0.998987111,26,2093,60,8134,GJB1
16S+ Neighborhood / 16S- Neighborhood,0.108405144,0.744234107,49,2093,197,8134,GJC1
16S+ Neighborhood / 16S- Neighborhood,0.440116989,0.834566328,29,2093,75,8134,GK
16S+ Neighborhood / 16S- Neighborhood,0.694033495,1.066688685,67,2093,187,8134,GLA
16S+ Neighborhood / 16S- Neighborhood,0.00844844,0.732611298,126,2093,390,8134,GLB1
16S+ Neighborhood / 16S- Neighborhood,0.101063511,0.783802146,83,2093,321,8134,GLDN
16S+ Neighborhood / 16S- Neighborhood,0.006851333,1.299140942,218,2093,452,8134,GLG1
16S+ Neighborhood / 16S- Neighborhood,0.186412481,1.277435817,55,2093,93,8134,GLI1
16S+ Neighborhood / 16S- Neighborhood,0.163646118,0.745367216,37,2093,124,8134,GLIPR1
16S+ Neighborhood / 16S- Neighborhood,0.958375164,0.987336036,28,2093,77,8134,GLIS3
16S+ Neighborhood / 16S- Neighborhood,0.80626636,0.936888365,21,2093,47,8134,GLMN
16S+ Neighborhood / 16S- Neighborhood,0.156433626,1.118173988,343,2093,636,8134,GLO1
16S+ Neighborhood / 16S- Neighborhood,0.10571182,0.726355244,44,2093,129,8134,GLP1R
16S+ Neighborhood / 16S- Neighborhood,0.002030634,0.513743136,34,2093,139,8134,GLP2R
16S+ Neighborhood / 16S- Neighborhood,0.018955095,0.524992036,19,2093,86,8134,GLRA2
16S+ Neighborhood / 16S- Neighborhood,0.161915035,0.805438693,68,2093,200,8134,GLRX
16S+ Neighborhood / 16S- Neighborhood,0.579505348,0.942720809,165,2093,458,8134,GLS
16S+ Neighborhood / 16S- Neighborhood,0.060930237,1.327932848,101,2093,115,8134,GLTP
16S+ Neighborhood / 16S- Neighborhood,0.745590047,1.037799012,162,2093,271,8134,GLUD1
16S+ Neighborhood / 16S- Neighborhood,0.477849468,0.89302604,76,2093,213,8134,GLUL
16S+ Neighborhood / 16S- Neighborhood,0.681112,1.027915999,504,2093,771,8134,GLYR1
16S+ Neighborhood / 16S- Neighborhood,0.965002442,1.005871572,120,2093,189,8134,GM2A
16S+ Neighborhood / 16S- Neighborhood,0.823189853,1.027320537,125,2093,307,8134,GMIP
16S+ Neighborhood / 16S- Neighborhood,0.426281475,0.867295773,52,2093,117,8134,GMNN
16S+ Neighborhood / 16S- Neighborhood,0.434473348,0.869389928,46,2093,110,8134,GMPR
16S+ Neighborhood / 16S- Neighborhood,0.651481675,1.030859221,491,2093,872,8134,GNA11
16S+ Neighborhood / 16S- Neighborhood,0.390433556,1.102441619,135,2093,385,8134,GNA12
16S+ Neighborhood / 16S- Neighborhood,0.480720761,1.073858399,202,2093,363,8134,GNA13
16S+ Neighborhood / 16S- Neighborhood,0.141944652,0.821201165,88,2093,221,8134,GNA14
16S+ Neighborhood / 16S- Neighborhood,0.221452188,1.275345109,50,2093,128,8134,GNA15
16S+ Neighborhood / 16S- Neighborhood,0.318204662,0.831033318,56,2093,128,8134,GNAI1
16S+ Neighborhood / 16S- Neighborhood,0.680097367,0.96710579,271,2093,733,8134,GNAI2
16S+ Neighborhood / 16S- Neighborhood,0.049350245,1.184074165,322,2093,483,8134,GNAI3
16S+ Neighborhood / 16S- Neighborhood,0.043731804,1.501759806,45,2093,61,8134,GNAL
16S+ Neighborhood / 16S- Neighborhood,0.13747623,0.783499774,62,2093,174,8134,GNAO1
16S+ Neighborhood / 16S- Neighborhood,0.049254064,1.42570908,72,2093,86,8134,GNAQ
16S+ Neighborhood / 16S- Neighborhood,2.99E-19,1.60524314,1280,2093,963,8134,GNAS
16S+ Neighborhood / 16S- Neighborhood,0.021132219,1.203967851,387,2093,488,8134,GNB1
16S+ Neighborhood / 16S- Neighborhood,0.015025486,1.170986507,588,2093,900,8134,GNB2
16S+ Neighborhood / 16S- Neighborhood,0.558333078,0.927147022,107,2093,238,8134,GNB3
16S+ Neighborhood / 16S- Neighborhood,0.556252828,1.082605018,107,2093,205,8134,GNB4
16S+ Neighborhood / 16S- Neighborhood,0.175190699,0.789689103,54,2093,178,8134,GNB5
16S+ Neighborhood / 16S- Neighborhood,0.235176768,0.833675259,63,2093,164,8134,GNG10
16S+ Neighborhood / 16S- Neighborhood,0.877522103,0.975811162,70,2093,172,8134,GNG11
16S+ Neighborhood / 16S- Neighborhood,0.004309423,0.557180155,33,2093,122,8134,GNG12
16S+ Neighborhood / 16S- Neighborhood,0.290788509,1.306285203,29,2093,63,8134,GNG2
16S+ Neighborhood / 16S- Neighborhood,0.065940197,0.720875873,51,2093,153,8134,GNG4
16S+ Neighborhood / 16S- Neighborhood,0.004094909,1.262055657,356,2093,565,8134,GNG5
16S+ Neighborhood / 16S- Neighborhood,0.003718213,0.539405171,33,2093,149,8134,GNG7
16S+ Neighborhood / 16S- Neighborhood,0.012170797,0.547667165,27,2093,101,8134,GNGT1
16S+ Neighborhood / 16S- Neighborhood,0.716946911,0.934479973,51,2093,138,8134,GNGT2
16S+ Neighborhood / 16S- Neighborhood,0.129802795,0.757264844,54,2093,159,8134,GNLY
16S+ Neighborhood / 16S- Neighborhood,0.255938279,1.188986214,73,2093,128,8134,GNPAT
16S+ Neighborhood / 16S- Neighborhood,0.323965945,0.867102212,86,2093,219,8134,GNPDA2
16S+ Neighborhood / 16S- Neighborhood,0.442692789,1.212589184,25,2093,44,8134,GNPTAB
16S+ Neighborhood / 16S- Neighborhood,0.68743164,0.970834412,407,2093,796,8134,GNPTG
16S+ Neighborhood / 16S- Neighborhood,0.059491341,0.845559694,258,2093,608,8134,GNS
16S+ Neighborhood / 16S- Neighborhood,0.721043879,1.038594335,174,2093,391,8134,GOLGA2
16S+ Neighborhood / 16S- Neighborhood,0.04712508,1.23335361,232,2093,258,8134,GOLGA7
16S+ Neighborhood / 16S- Neighborhood,0.071812952,1.11630711,606,2093,1046,8134,GOLM1
16S+ Neighborhood / 16S- Neighborhood,0.235555855,1.116861028,211,2093,395,8134,GORASP2
16S+ Neighborhood / 16S- Neighborhood,0.766450565,0.947945699,65,2093,128,8134,GOT1
16S+ Neighborhood / 16S- Neighborhood,0.003116691,1.264863822,329,2093,477,8134,GOT2
16S+ Neighborhood / 16S- Neighborhood,0.236470712,0.863185321,110,2093,285,8134,GP1BB
16S+ Neighborhood / 16S- Neighborhood,0.133028507,0.705998749,31,2093,99,8134,GP6
16S+ Neighborhood / 16S- Neighborhood,0.152928267,0.780792408,52,2093,148,8134,GPAM
16S+ Neighborhood / 16S- Neighborhood,0.013917966,0.456104975,12,2093,54,8134,GPAT3
16S+ Neighborhood / 16S- Neighborhood,0.632169283,0.872987465,18,2093,48,8134,GPBAR1
16S+ Neighborhood / 16S- Neighborhood,0.063578797,0.759896551,70,2093,279,8134,GPC4
16S+ Neighborhood / 16S- Neighborhood,0.473908819,0.860987696,39,2093,117,8134,GPC5
16S+ Neighborhood / 16S- Neighborhood,0.986413169,0.997219492,74,2093,148,8134,GPCPD1
16S+ Neighborhood / 16S- Neighborhood,0.36895111,0.896032762,114,2093,263,8134,GPD2
16S+ Neighborhood / 16S- Neighborhood,0.001558897,0.592511507,62,2093,274,8134,GPER1
16S+ Neighborhood / 16S- Neighborhood,0.2123692,0.823017568,67,2093,163,8134,GPHN
16S+ Neighborhood / 16S- Neighborhood,0.000648992,1.206826222,656,2093,2424,8134,GPI
16S+ Neighborhood / 16S- Neighborhood,0.572944054,1.138793052,33,2093,60,8134,GPM6A
16S+ Neighborhood / 16S- Neighborhood,0.001062468,0.528224667,38,2093,161,8134,GPM6B
16S+ Neighborhood / 16S- Neighborhood,0.031657267,0.693809281,51,2093,240,8134,GPNMB
16S+ Neighborhood / 16S- Neighborhood,0.432003794,0.895422244,95,2093,238,8134,GPR151
16S+ Neighborhood / 16S- Neighborhood,0.045843327,0.669098311,38,2093,124,8134,GPR158
16S+ Neighborhood / 16S- Neighborhood,0.495056421,1.094778202,122,2093,216,8134,GPR160
16S+ Neighborhood / 16S- Neighborhood,0.80244153,0.942186872,33,2093,90,8134,GPR17
16S+ Neighborhood / 16S- Neighborhood,0.083958465,0.755812988,66,2093,158,8134,GPR182
16S+ Neighborhood / 16S- Neighborhood,0.011061659,0.609890296,36,2093,125,8134,GPR183
16S+ Neighborhood / 16S- Neighborhood,0.351271246,0.800179574,27,2093,70,8134,GPR37
16S+ Neighborhood / 16S- Neighborhood,0.13735635,0.704054564,30,2093,101,8134,GPR37L1
16S+ Neighborhood / 16S- Neighborhood,0.720241831,0.957471929,128,2093,352,8134,GPR75
16S+ Neighborhood / 16S- Neighborhood,0.908785882,1.00857251,376,2093,773,8134,GPS1
16S+ Neighborhood / 16S- Neighborhood,0.71172595,1.040891015,166,2093,355,8134,GPS2
16S+ Neighborhood / 16S- Neighborhood,0.060176428,0.76713362,95,2093,287,8134,GPSM3
16S+ Neighborhood / 16S- Neighborhood,0.909191794,0.980317541,60,2093,131,8134,GPT
16S+ Neighborhood / 16S- Neighborhood,0.000782501,0.870061714,1567,2093,3949,8134,GPX1
16S+ Neighborhood / 16S- Neighborhood,0.713583928,1.044339012,146,2093,257,8134,GPX2
16S+ Neighborhood / 16S- Neighborhood,0.252838066,0.81548177,48,2093,142,8134,GPX3
16S+ Neighborhood / 16S- Neighborhood,0.042036894,1.1473865,488,2093,907,8134,GPX4
16S+ Neighborhood / 16S- Neighborhood,0.050855667,0.739373758,73,2093,176,8134,GPX7
16S+ Neighborhood / 16S- Neighborhood,0.333217555,0.722664936,13,2093,45,8134,GRAMD1B
16S+ Neighborhood / 16S- Neighborhood,0.014547073,0.607718669,35,2093,126,8134,GRAP2
16S+ Neighborhood / 16S- Neighborhood,0.326921134,0.857282528,69,2093,300,8134,GRB10
16S+ Neighborhood / 16S- Neighborhood,0.014973116,1.20975647,342,2093,552,8134,GRB2
16S+ Neighborhood / 16S- Neighborhood,0.003644705,1.211482876,631,2093,2834,8134,GRB7
16S+ Neighborhood / 16S- Neighborhood,0.045771743,0.616931728,28,2093,97,8134,GREM1
16S+ Neighborhood / 16S- Neighborhood,0.025002429,0.536838613,17,2093,67,8134,GRIA1
16S+ Neighborhood / 16S- Neighborhood,0.342756273,1.252883543,33,2093,56,8134,GRIA2
16S+ Neighborhood / 16S- Neighborhood,0.002353466,0.418530977,18,2093,100,8134,GRIA3
16S+ Neighborhood / 16S- Neighborhood,0.007297871,0.584893634,40,2093,166,8134,GRIA4
16S+ Neighborhood / 16S- Neighborhood,0.265536074,0.781730611,34,2093,96,8134,GRID1
16S+ Neighborhood / 16S- Neighborhood,0.129113822,0.7032333,32,2093,87,8134,GRIK1
16S+ Neighborhood / 16S- Neighborhood,0.004929606,0.518950736,31,2093,110,8134,GRIK2
16S+ Neighborhood / 16S- Neighborhood,0.16105245,0.770148334,47,2093,150,8134,GRIN1
16S+ Neighborhood / 16S- Neighborhood,0.515042337,1.116392722,73,2093,137,8134,GRIN2A
16S+ Neighborhood / 16S- Neighborhood,0.05275423,0.686438558,45,2093,149,8134,GRIN2B
16S+ Neighborhood / 16S- Neighborhood,0.003527578,0.656829374,75,2093,292,8134,GRIN2D
16S+ Neighborhood / 16S- Neighborhood,0.477803286,0.88299966,56,2093,113,8134,GRIP1
16S+ Neighborhood / 16S- Neighborhood,0.518423986,0.950419857,327,2093,672,8134,GRK2
16S+ Neighborhood / 16S- Neighborhood,0.058829787,0.748059488,75,2093,214,8134,GRK3
16S+ Neighborhood / 16S- Neighborhood,0.015959095,0.756670493,118,2093,343,8134,GRK6
16S+ Neighborhood / 16S- Neighborhood,0.695699453,0.940555554,65,2093,146,8134,GRM1
16S+ Neighborhood / 16S- Neighborhood,0.242585798,0.761283164,29,2093,95,8134,GRM3
16S+ Neighborhood / 16S- Neighborhood,0.009045229,0.61390606,46,2093,165,8134,GRM5
16S+ Neighborhood / 16S- Neighborhood,0.313230778,0.825540207,46,2093,120,8134,GRM7
16S+ Neighborhood / 16S- Neighborhood,0.794304773,1.065693643,31,2093,64,8134,GRM8
16S+ Neighborhood / 16S- Neighborhood,0.972199108,1.003138285,275,2093,591,8134,GRN
16S+ Neighborhood / 16S- Neighborhood,0.032990344,1.216706623,252,2093,330,8134,GRSF1
16S+ Neighborhood / 16S- Neighborhood,0.073054366,0.760087363,71,2093,195,8134,GSC
16S+ Neighborhood / 16S- Neighborhood,0.704721105,1.060080172,72,2093,170,8134,GSDMD
16S+ Neighborhood / 16S- Neighborhood,0.01740517,1.250445812,206,2093,361,8134,GSK3A
16S+ Neighborhood / 16S- Neighborhood,0.234386903,1.230566344,64,2093,100,8134,GSK3B
16S+ Neighborhood / 16S- Neighborhood,0.651622432,0.949090958,133,2093,298,8134,GSKIP
16S+ Neighborhood / 16S- Neighborhood,0.847990037,0.983227564,264,2093,675,8134,GSN
16S+ Neighborhood / 16S- Neighborhood,0.768140685,0.944684522,44,2093,112,8134,GSR
16S+ Neighborhood / 16S- Neighborhood,0.79183189,0.965390636,98,2093,213,8134,GSS
16S+ Neighborhood / 16S- Neighborhood,0.321197082,1.149783194,91,2093,172,8134,GSTM4
16S+ Neighborhood / 16S- Neighborhood,0.121998029,0.780341133,61,2093,171,8134,GSTM5
16S+ Neighborhood / 16S- Neighborhood,0.795924329,0.96394843,93,2093,252,8134,GSTO1
16S+ Neighborhood / 16S- Neighborhood,0.000317124,1.130134699,2975,2093,3837,8134,GSTP1
16S+ Neighborhood / 16S- Neighborhood,0.765624662,0.965000404,104,2093,234,8134,GTF2A1
16S+ Neighborhood / 16S- Neighborhood,0.429172611,0.906953015,109,2093,251,8134,GTF2B
16S+ Neighborhood / 16S- Neighborhood,0.277760789,0.821544474,49,2093,142,8134,GTF2E2
16S+ Neighborhood / 16S- Neighborhood,0.701516566,0.965759631,194,2093,420,8134,GTF2F1
16S+ Neighborhood / 16S- Neighborhood,0.31758903,0.861835476,71,2093,172,8134,GTF2F2
16S+ Neighborhood / 16S- Neighborhood,0.869748139,0.978144871,87,2093,192,8134,GTF2H1
16S+ Neighborhood / 16S- Neighborhood,0.858164153,0.98171796,152,2093,321,8134,GTF2H3
16S+ Neighborhood / 16S- Neighborhood,0.967944495,0.994961025,104,2093,216,8134,GTF2H5
16S+ Neighborhood / 16S- Neighborhood,0.002206175,1.202284006,662,2093,970,8134,GTF2I
16S+ Neighborhood / 16S- Neighborhood,0.336538749,1.104526337,169,2093,314,8134,GTF2IRD1
16S+ Neighborhood / 16S- Neighborhood,0.242743033,1.166558886,134,2093,166,8134,GTF3C1
16S+ Neighborhood / 16S- Neighborhood,0.182809721,0.817919979,89,2093,195,8134,GUCA2B
16S+ Neighborhood / 16S- Neighborhood,0.116983234,1.201066169,167,2093,208,8134,GUCY1A1
16S+ Neighborhood / 16S- Neighborhood,0.594325939,0.913336386,69,2093,186,8134,GUCY1A2
16S+ Neighborhood / 16S- Neighborhood,0.895245539,0.976355872,51,2093,109,8134,GUCY1B1
16S+ Neighborhood / 16S- Neighborhood,0.003709749,0.557769974,38,2093,149,8134,GUCY1B2
16S+ Neighborhood / 16S- Neighborhood,0.322838762,1.067890913,464,2093,1144,8134,GUSB
16S+ Neighborhood / 16S- Neighborhood,0.882217334,0.976879232,64,2093,133,8134,GYG1
16S+ Neighborhood / 16S- Neighborhood,0.051047238,0.643684024,30,2093,95,8134,GYPC
16S+ Neighborhood / 16S- Neighborhood,0.407876777,0.838244988,36,2093,92,8134,GZMA
16S+ Neighborhood / 16S- Neighborhood,0.9052766,1.035187266,22,2093,47,8134,GZMB
16S+ Neighborhood / 16S- Neighborhood,0.058160694,0.738992464,71,2093,206,8134,GZMH
16S+ Neighborhood / 16S- Neighborhood,0.092720416,0.724146951,42,2093,121,8134,GZMK
16S+ Neighborhood / 16S- Neighborhood,0.109613192,0.813211284,95,2093,257,8134,GZMM
16S+ Neighborhood / 16S- Neighborhood,0.130221206,0.940500439,2740,2093,7438,8134,H2AX
16S+ Neighborhood / 16S- Neighborhood,0.002929439,1.299824015,299,2093,402,8134,H2AZ1
16S+ Neighborhood / 16S- Neighborhood,0.045800797,1.107953891,1997,2093,2989,8134,H2BC5
16S+ Neighborhood / 16S- Neighborhood,0.011873922,1.17086712,630,2093,823,8134,H3-3A
16S+ Neighborhood / 16S- Neighborhood,0.769009693,1.018585639,674,2093,875,8134,H3-5
16S+ Neighborhood / 16S- Neighborhood,0.637149714,1.034023096,469,2093,967,8134,H3C10
16S+ Neighborhood / 16S- Neighborhood,0.000439198,1.302820651,800,2093,854,8134,H3C2
16S+ Neighborhood / 16S- Neighborhood,0.000186435,1.26930538,841,2093,784,8134,H3C8
16S+ Neighborhood / 16S- Neighborhood,0.025929887,0.692625824,59,2093,194,8134,H3P7
16S+ Neighborhood / 16S- Neighborhood,4.06E-10,1.586784236,570,2093,622,8134,H4C3
16S+ Neighborhood / 16S- Neighborhood,0.088683232,0.809248505,107,2093,337,8134,H6PD
16S+ Neighborhood / 16S- Neighborhood,0.169838528,1.183836946,118,2093,203,8134,HACD2
16S+ Neighborhood / 16S- Neighborhood,0.957002685,0.99477797,214,2093,467,8134,HACD3
16S+ Neighborhood / 16S- Neighborhood,0.071623963,0.737524903,54,2093,163,8134,HACD4
16S+ Neighborhood / 16S- Neighborhood,0.335422455,0.885796801,102,2093,235,8134,HACE1
16S+ Neighborhood / 16S- Neighborhood,0.642478119,0.921727348,63,2093,129,8134,HACL1
16S+ Neighborhood / 16S- Neighborhood,0.309945924,1.125665927,154,2093,245,8134,HADH
16S+ Neighborhood / 16S- Neighborhood,0.737687291,0.972102874,259,2093,584,8134,HADHA
16S+ Neighborhood / 16S- Neighborhood,0.432082232,1.110656627,109,2093,216,8134,HADHB
16S+ Neighborhood / 16S- Neighborhood,0.326095161,1.153657814,95,2093,262,8134,HAMP
16S+ Neighborhood / 16S- Neighborhood,0.433172114,1.111111913,112,2093,204,8134,HAND1
16S+ Neighborhood / 16S- Neighborhood,0.043715456,0.757211246,94,2093,259,8134,HAND2
16S+ Neighborhood / 16S- Neighborhood,0.351582005,0.830841153,44,2093,123,8134,HAS2
16S+ Neighborhood / 16S- Neighborhood,0.232532336,1.231626972,54,2093,91,8134,HAT1
16S+ Neighborhood / 16S- Neighborhood,0.937845286,0.98984823,103,2093,214,8134,HAUS1
16S+ Neighborhood / 16S- Neighborhood,0.888134365,0.973091057,45,2093,117,8134,HAUS2
16S+ Neighborhood / 16S- Neighborhood,0.542921891,1.108685447,56,2093,108,8134,HAUS3
16S+ Neighborhood / 16S- Neighborhood,0.002357122,0.605612583,60,2093,234,8134,HAVCR2
16S+ Neighborhood / 16S- Neighborhood,5.57E-05,0.62283235,708,2093,1461,8134,HBA1/2
16S+ Neighborhood / 16S- Neighborhood,0.000189108,0.545216657,362,2093,785,8134,HBB
16S+ Neighborhood / 16S- Neighborhood,0.004702892,0.624423645,54,2093,182,8134,HBEGF
16S+ Neighborhood / 16S- Neighborhood,0.513766403,1.101591029,90,2093,168,8134,HCAR2
16S+ Neighborhood / 16S- Neighborhood,0.177313407,0.763200731,41,2093,105,8134,HCAR3
16S+ Neighborhood / 16S- Neighborhood,0.421020072,1.07171888,258,2093,585,8134,HCFC1
16S+ Neighborhood / 16S- Neighborhood,0.510782097,0.906532624,83,2093,164,8134,HCFC1R1
16S+ Neighborhood / 16S- Neighborhood,0.180805253,0.700225508,20,2093,67,8134,HCK
16S+ Neighborhood / 16S- Neighborhood,8.01E-05,0.338607677,19,2093,115,8134,HCN1
16S+ Neighborhood / 16S- Neighborhood,0.002474356,0.625302791,66,2093,265,8134,HCST
16S+ Neighborhood / 16S- Neighborhood,0.385872728,1.087441089,185,2093,360,8134,HDAC1
16S+ Neighborhood / 16S- Neighborhood,0.115102855,0.824842098,119,2093,323,8134,HDAC10
16S+ Neighborhood / 16S- Neighborhood,0.026721885,0.759460082,134,2093,261,8134,HDAC11
16S+ Neighborhood / 16S- Neighborhood,3.47E-05,1.404976726,408,2093,392,8134,HDAC2
16S+ Neighborhood / 16S- Neighborhood,0.594628026,1.099741522,56,2093,122,8134,HDAC3
16S+ Neighborhood / 16S- Neighborhood,0.914111827,1.017710753,70,2093,161,8134,HDAC4
16S+ Neighborhood / 16S- Neighborhood,0.912275868,0.984049665,71,2093,153,8134,HDAC5
16S+ Neighborhood / 16S- Neighborhood,0.539788982,0.883981861,37,2093,86,8134,HDAC6
16S+ Neighborhood / 16S- Neighborhood,0.198793051,0.868991573,160,2093,405,8134,HDAC7
16S+ Neighborhood / 16S- Neighborhood,0.265156617,1.117393848,208,2093,446,8134,HDAC8
16S+ Neighborhood / 16S- Neighborhood,0.442745702,0.891609634,66,2093,315,8134,HDAC9
16S+ Neighborhood / 16S- Neighborhood,0.043629092,0.656395133,34,2093,102,8134,HDC
16S+ Neighborhood / 16S- Neighborhood,0.475389587,1.065168425,272,2093,439,8134,HDGF
16S+ Neighborhood / 16S- Neighborhood,0.927799654,0.989516885,153,2093,288,8134,HEBP1
16S+ Neighborhood / 16S- Neighborhood,0.031114552,1.201029794,329,2093,420,8134,HEBP2
16S+ Neighborhood / 16S- Neighborhood,0.432799725,1.05324293,625,2093,719,8134,HECTD1
16S+ Neighborhood / 16S- Neighborhood,0.893850545,1.026393162,44,2093,98,8134,HECTD2
16S+ Neighborhood / 16S- Neighborhood,0.648816273,0.940128204,98,2093,209,8134,HECTD3
16S+ Neighborhood / 16S- Neighborhood,0.000756937,0.37939108,16,2093,96,8134,HECW1
16S+ Neighborhood / 16S- Neighborhood,0.034149608,0.682496203,61,2093,201,8134,HECW2
16S+ Neighborhood / 16S- Neighborhood,0.008735396,0.605578895,44,2093,156,8134,HEG1
16S+ Neighborhood / 16S- Neighborhood,0.263527948,0.852102762,98,2093,253,8134,HELLS
16S+ Neighborhood / 16S- Neighborhood,0.468806321,1.091454106,128,2093,316,8134,HELZ2
16S+ Neighborhood / 16S- Neighborhood,0.638533232,1.092881404,49,2093,100,8134,HEPACAM2
16S+ Neighborhood / 16S- Neighborhood,0.052643542,0.670262168,37,2093,109,8134,HERC1
16S+ Neighborhood / 16S- Neighborhood,0.625288236,0.913467167,49,2093,148,8134,HERC2
16S+ Neighborhood / 16S- Neighborhood,0.000187316,0.548547045,58,2093,213,8134,HERC3
16S+ Neighborhood / 16S- Neighborhood,0.652783985,0.912235038,39,2093,89,8134,HERC4
16S+ Neighborhood / 16S- Neighborhood,0.231247562,0.795915738,45,2093,119,8134,HERC5
16S+ Neighborhood / 16S- Neighborhood,0.67138035,0.928595331,58,2093,169,8134,HERC6
16S+ Neighborhood / 16S- Neighborhood,0.005162275,1.41745334,146,2093,213,8134,HERPUD1
16S+ Neighborhood / 16S- Neighborhood,0.141730921,0.80510262,75,2093,232,8134,HERPUD2
16S+ Neighborhood / 16S- Neighborhood,0.933863489,1.007122648,316,2093,549,8134,HES1
16S+ Neighborhood / 16S- Neighborhood,0.284244499,0.907166601,205,2093,736,8134,HES4
16S+ Neighborhood / 16S- Neighborhood,0.040991484,0.725114271,70,2093,209,8134,HES5
16S+ Neighborhood / 16S- Neighborhood,0.792374539,1.037957003,91,2093,225,8134,HEXA
16S+ Neighborhood / 16S- Neighborhood,0.287349929,0.870626096,96,2093,257,8134,HEXB
16S+ Neighborhood / 16S- Neighborhood,0.001390585,0.626042943,81,2093,247,8134,HEY1
16S+ Neighborhood / 16S- Neighborhood,0.774072753,0.941526357,37,2093,87,8134,HEY2
16S+ Neighborhood / 16S- Neighborhood,0.02775305,0.600829421,26,2093,86,8134,HEYL
16S+ Neighborhood / 16S- Neighborhood,0.724799556,0.936545158,46,2093,103,8134,HFE
16S+ Neighborhood / 16S- Neighborhood,0.115813536,0.766099739,59,2093,162,8134,HGF
16S+ Neighborhood / 16S- Neighborhood,0.037131668,1.204827334,255,2093,517,8134,HGS
16S+ Neighborhood / 16S- Neighborhood,0.482789625,0.923835694,153,2093,382,8134,HGSNAT
16S+ Neighborhood / 16S- Neighborhood,0.43039355,1.182924707,40,2093,66,8134,HHAT
16S+ Neighborhood / 16S- Neighborhood,0.249351485,0.833348447,65,2093,222,8134,HHEX
16S+ Neighborhood / 16S- Neighborhood,0.0687003,0.658003194,28,2093,91,8134,HHIP
16S+ Neighborhood / 16S- Neighborhood,0.177500827,0.890055909,323,2093,506,8134,HIF1A
16S+ Neighborhood / 16S- Neighborhood,0.011381454,0.571302314,32,2093,114,8134,HIF3A
16S+ Neighborhood / 16S- Neighborhood,0.047100366,0.641321127,30,2093,102,8134,HIGD1B
16S+ Neighborhood / 16S- Neighborhood,0.027896511,0.706770285,72,2093,154,8134,HILPDA
16S+ Neighborhood / 16S- Neighborhood,0.387491107,0.873272368,66,2093,181,8134,HIP1
16S+ Neighborhood / 16S- Neighborhood,0.496331412,0.902682749,76,2093,174,8134,HIPK1
16S+ Neighborhood / 16S- Neighborhood,0.104895206,1.299153139,78,2093,117,8134,HIPK2
16S+ Neighborhood / 16S- Neighborhood,0.304883942,0.824791833,47,2093,105,8134,HIVEP1
16S+ Neighborhood / 16S- Neighborhood,0.275178402,1.111323272,230,2093,361,8134,HK1
16S+ Neighborhood / 16S- Neighborhood,0.47883666,1.097438738,118,2093,261,8134,HK2
16S+ Neighborhood / 16S- Neighborhood,0.082378954,0.773415924,74,2093,258,8134,HLA-DMA
16S+ Neighborhood / 16S- Neighborhood,0.159945193,0.800818974,61,2093,266,8134,HLA-DMB
16S+ Neighborhood / 16S- Neighborhood,0.012408,0.604780995,36,2093,128,8134,HLA-DOA
16S+ Neighborhood / 16S- Neighborhood,0.340454259,0.841666942,47,2093,122,8134,HLA-DOB
16S+ Neighborhood / 16S- Neighborhood,0.00116182,0.619599049,91,2093,435,8134,HLA-DPA1
16S+ Neighborhood / 16S- Neighborhood,0.035012156,0.743697263,91,2093,363,8134,HLA-DPB1
16S+ Neighborhood / 16S- Neighborhood,0.964672874,1.010855817,28,2093,64,8134,HLA-DQA1
16S+ Neighborhood / 16S- Neighborhood,0.0083844,0.589927541,41,2093,156,8134,HLA-DQA2
16S+ Neighborhood / 16S- Neighborhood,0.466999185,0.871608737,46,2093,153,8134,HLA-DQB1
16S+ Neighborhood / 16S- Neighborhood,0.157118447,0.702153854,22,2093,68,8134,HLA-DQB2
16S+ Neighborhood / 16S- Neighborhood,0.000797754,0.641547479,151,2093,913,8134,HLA-DRA
16S+ Neighborhood / 16S- Neighborhood,7.13E-06,0.654548132,281,2093,1596,8134,HLA-DRB
16S+ Neighborhood / 16S- Neighborhood,0.053927361,0.849856695,223,2093,987,8134,HLA-E
16S+ Neighborhood / 16S- Neighborhood,0.176140388,0.915369274,388,2093,1761,8134,HLA-F
16S+ Neighborhood / 16S- Neighborhood,0.028692896,0.767570025,108,2093,403,8134,HLA-G
16S+ Neighborhood / 16S- Neighborhood,0.336923225,0.84367528,55,2093,196,8134,HLCS
16S+ Neighborhood / 16S- Neighborhood,0.223514909,0.803538338,48,2093,143,8134,HLF
16S+ Neighborhood / 16S- Neighborhood,0.309377733,0.81497399,43,2093,138,8134,HLX
16S+ Neighborhood / 16S- Neighborhood,0.787187103,0.967085506,111,2093,285,8134,HMBS
16S+ Neighborhood / 16S- Neighborhood,0.001470576,1.202621544,869,2093,790,8134,HMG20B
16S+ Neighborhood / 16S- Neighborhood,0.002444972,1.157138928,1032,2093,2058,8134,HMGA1
16S+ Neighborhood / 16S- Neighborhood,0.295399826,0.899121774,177,2093,554,8134,HMGA2
16S+ Neighborhood / 16S- Neighborhood,3.17E-05,1.287151401,753,2093,989,8134,HMGB1
16S+ Neighborhood / 16S- Neighborhood,0.222318423,1.097369961,553,2093,815,8134,HMGB2
16S+ Neighborhood / 16S- Neighborhood,0.065316356,0.736424102,63,2093,184,8134,HMGCLL1
16S+ Neighborhood / 16S- Neighborhood,0.282389198,1.127228753,143,2093,267,8134,HMGCR
16S+ Neighborhood / 16S- Neighborhood,0.21555035,0.875789536,169,2093,550,8134,HMGCS1
16S+ Neighborhood / 16S- Neighborhood,0.580183668,0.936537963,151,2093,236,8134,HMGCS2
16S+ Neighborhood / 16S- Neighborhood,0.206198521,0.899219821,245,2093,617,8134,HMGN1
16S+ Neighborhood / 16S- Neighborhood,0.679323942,1.045236291,183,2093,327,8134,HMGN2
16S+ Neighborhood / 16S- Neighborhood,0.772337133,1.054232337,65,2093,107,8134,HMGN5
16S+ Neighborhood / 16S- Neighborhood,0.019512152,0.610683143,37,2093,122,8134,HMMR
16S+ Neighborhood / 16S- Neighborhood,0.012986105,0.666662206,61,2093,241,8134,HMOX1
16S+ Neighborhood / 16S- Neighborhood,0.730742216,1.066886589,49,2093,94,8134,HMOX2
16S+ Neighborhood / 16S- Neighborhood,0.969229604,0.990362653,24,2093,53,8134,HNF1A
16S+ Neighborhood / 16S- Neighborhood,0.006429714,0.687129648,81,2093,311,8134,HNF1B
16S+ Neighborhood / 16S- Neighborhood,0.018732635,0.758836739,120,2093,369,8134,HNF4A
16S+ Neighborhood / 16S- Neighborhood,0.007535926,1.186587353,613,2093,844,8134,HNRNPD
16S+ Neighborhood / 16S- Neighborhood,0.008949644,1.21271953,486,2093,667,8134,HNRNPF
16S+ Neighborhood / 16S- Neighborhood,5.25E-07,1.317899199,873,2093,1228,8134,HNRNPM
16S+ Neighborhood / 16S- Neighborhood,0.056780168,1.205750181,233,2093,307,8134,HNRNPUL1
16S+ Neighborhood / 16S- Neighborhood,0.142936321,0.779427638,53,2093,151,8134,HOMER1
16S+ Neighborhood / 16S- Neighborhood,0.001876589,0.559439327,46,2093,194,8134,HOPX
16S+ Neighborhood / 16S- Neighborhood,0.028336631,1.370303717,97,2093,228,8134,HOXA10
16S+ Neighborhood / 16S- Neighborhood,0.139838041,0.749087675,46,2093,154,8134,HOXA11
16S+ Neighborhood / 16S- Neighborhood,0.10846768,0.812345043,110,2093,345,8134,HOXA3
16S+ Neighborhood / 16S- Neighborhood,0.201172443,1.161593789,131,2093,237,8134,HOXA9
16S+ Neighborhood / 16S- Neighborhood,0.731534105,0.972516562,338,2093,472,8134,HOXB2
16S+ Neighborhood / 16S- Neighborhood,0.916092149,0.991453556,283,2093,582,8134,HOXB3
16S+ Neighborhood / 16S- Neighborhood,0.230987901,0.862625401,126,2093,304,8134,HOXB4
16S+ Neighborhood / 16S- Neighborhood,0.524196494,1.10933539,78,2093,148,8134,HOXC8
16S+ Neighborhood / 16S- Neighborhood,0.597556094,0.910718578,54,2093,184,8134,HP
16S+ Neighborhood / 16S- Neighborhood,0.104177166,0.691593633,33,2093,115,8134,HPGD
16S+ Neighborhood / 16S- Neighborhood,0.642947027,1.136914543,21,2093,40,8134,HPGDS
16S+ Neighborhood / 16S- Neighborhood,0.556533453,0.901778757,58,2093,138,8134,HPX
16S+ Neighborhood / 16S- Neighborhood,0.536215735,0.911319725,78,2093,176,8134,HR
16S+ Neighborhood / 16S- Neighborhood,0.13562332,1.144909861,307,2093,396,8134,HRAS
16S+ Neighborhood / 16S- Neighborhood,0.042888915,0.690572836,53,2093,189,8134,HRH1
16S+ Neighborhood / 16S- Neighborhood,0.951447987,1.013273634,37,2093,80,8134,HRH2
16S+ Neighborhood / 16S- Neighborhood,0.855374137,0.965631844,45,2093,100,8134,HRH3
16S+ Neighborhood / 16S- Neighborhood,0.007913625,0.528520404,28,2093,104,8134,HS3ST4
16S+ Neighborhood / 16S- Neighborhood,0.956128194,0.98714447,30,2093,87,8134,HSD11B1
16S+ Neighborhood / 16S- Neighborhood,5.99E-07,0.488461559,70,2093,289,8134,HSD17B11
16S+ Neighborhood / 16S- Neighborhood,0.733240563,1.041873542,131,2093,237,8134,HSD17B12
16S+ Neighborhood / 16S- Neighborhood,0.195258235,0.691887188,17,2093,52,8134,HSD17B2
16S+ Neighborhood / 16S- Neighborhood,0.838360166,1.025382816,105,2093,217,8134,HSD17B4
16S+ Neighborhood / 16S- Neighborhood,0.47921032,0.925483062,177,2093,307,8134,HSD17B8
16S+ Neighborhood / 16S- Neighborhood,0.203704502,0.865693035,133,2093,357,8134,HSD3B7
16S+ Neighborhood / 16S- Neighborhood,0.857407667,0.977386155,127,2093,215,8134,HSF1
16S+ Neighborhood / 16S- Neighborhood,0.001913761,1.197836932,912,2093,1096,8134,HSP90AA1
16S+ Neighborhood / 16S- Neighborhood,1.37E-11,1.365622705,1222,2093,1698,8134,HSP90AB1
16S+ Neighborhood / 16S- Neighborhood,4.67E-06,1.248786417,1156,2093,1718,8134,HSP90B1
16S+ Neighborhood / 16S- Neighborhood,0.033304526,1.104452806,2405,2093,4616,8134,HSPA1A
16S+ Neighborhood / 16S- Neighborhood,0.000357704,1.283555437,713,2093,1162,8134,HSPA1B
16S+ Neighborhood / 16S- Neighborhood,0.120890671,0.831142427,137,2093,306,8134,HSPA2
16S+ Neighborhood / 16S- Neighborhood,0.016803741,1.197959641,411,2093,640,8134,HSPA4
16S+ Neighborhood / 16S- Neighborhood,0.167066142,0.80251706,69,2093,171,8134,HSPA4L
16S+ Neighborhood / 16S- Neighborhood,0.543320464,1.062756374,224,2093,466,8134,HSPA6
16S+ Neighborhood / 16S- Neighborhood,0.051450086,1.091529195,1385,2093,2947,8134,HSPA8
16S+ Neighborhood / 16S- Neighborhood,7.00E-06,1.570880725,217,2093,273,8134,HSPA9
16S+ Neighborhood / 16S- Neighborhood,0.5821087,1.025299433,1758,2093,3732,8134,HSPB1
16S+ Neighborhood / 16S- Neighborhood,0.089451438,0.823018339,130,2093,370,8134,HSPB6
16S+ Neighborhood / 16S- Neighborhood,0.450223441,1.095357486,133,2093,233,8134,HSPBP1
16S+ Neighborhood / 16S- Neighborhood,0.01156048,1.137652337,926,2093,1853,8134,HSPD1
16S+ Neighborhood / 16S- Neighborhood,0.917453584,0.988728211,152,2093,384,8134,HSPE1
16S+ Neighborhood / 16S- Neighborhood,0.013804173,0.827748969,295,2093,1793,8134,HSPG2
16S+ Neighborhood / 16S- Neighborhood,0.029083584,1.422095671,79,2093,126,8134,HSPH1
16S+ Neighborhood / 16S- Neighborhood,0.073405365,0.70240806,41,2093,125,8134,HTR1A
16S+ Neighborhood / 16S- Neighborhood,0.002353001,0.60646068,57,2093,184,8134,HTR1B
16S+ Neighborhood / 16S- Neighborhood,6.10E-05,0.446500394,36,2093,171,8134,HTR2A
16S+ Neighborhood / 16S- Neighborhood,0.809396512,1.074130118,19,2093,39,8134,HTR2C
16S+ Neighborhood / 16S- Neighborhood,0.005779503,0.452905581,17,2093,96,8134,HTR3A
16S+ Neighborhood / 16S- Neighborhood,0.264127319,0.803497518,39,2093,104,8134,HTR6
16S+ Neighborhood / 16S- Neighborhood,0.147096045,0.776165407,59,2093,189,8134,HTR7
16S+ Neighborhood / 16S- Neighborhood,0.793310288,1.026597432,197,2093,413,8134,HTRA2
16S+ Neighborhood / 16S- Neighborhood,0.683149661,1.043976195,168,2093,317,8134,HTT
16S+ Neighborhood / 16S- Neighborhood,0.982459126,0.997690484,148,2093,682,8134,HUS1
16S+ Neighborhood / 16S- Neighborhood,0.034952138,0.833566088,275,2093,660,8134,HUWE1
16S+ Neighborhood / 16S- Neighborhood,0.013507873,0.430378664,11,2093,53,8134,HVCN1
16S+ Neighborhood / 16S- Neighborhood,0.031833356,1.203072256,296,2093,513,8134,HYOU1
16S+ Neighborhood / 16S- Neighborhood,0.855354744,1.046294021,25,2093,50,8134,IAPP
16S+ Neighborhood / 16S- Neighborhood,0.140023762,0.651062823,17,2093,61,8134,IBSP
16S+ Neighborhood / 16S- Neighborhood,0.155459752,1.180117725,152,2093,386,8134,ICA1
16S+ Neighborhood / 16S- Neighborhood,0.659519465,0.958170319,181,2093,526,8134,ICAM1
16S+ Neighborhood / 16S- Neighborhood,0.043508661,0.668054082,38,2093,154,8134,ICAM2
16S+ Neighborhood / 16S- Neighborhood,0.189286602,1.194264319,106,2093,199,8134,ICAM3
16S+ Neighborhood / 16S- Neighborhood,0.544923019,0.907647099,74,2093,195,8134,ICAM4
16S+ Neighborhood / 16S- Neighborhood,0.735864799,0.932458186,42,2093,103,8134,ICAM5
16S+ Neighborhood / 16S- Neighborhood,0.059010377,1.213019892,206,2093,372,8134,ICMT
16S+ Neighborhood / 16S- Neighborhood,0.212886909,0.672269315,15,2093,59,8134,ICOS
16S+ Neighborhood / 16S- Neighborhood,0.021279769,0.740584098,97,2093,403,8134,ICOSLG
16S+ Neighborhood / 16S- Neighborhood,2.72E-06,0.575619741,116,2093,518,8134,ID1
16S+ Neighborhood / 16S- Neighborhood,0.001560352,0.647311947,83,2093,318,8134,ID2
16S+ Neighborhood / 16S- Neighborhood,1.96E-07,0.541287276,126,2093,695,8134,ID3
16S+ Neighborhood / 16S- Neighborhood,0.424281342,0.854395884,42,2093,103,8134,ID4
16S+ Neighborhood / 16S- Neighborhood,0.357080087,1.061037808,458,2093,942,8134,IDH1
16S+ Neighborhood / 16S- Neighborhood,0.635523714,0.966961261,366,2093,805,8134,IDH2
16S+ Neighborhood / 16S- Neighborhood,0.165342277,0.835462982,95,2093,298,8134,IDH3A
16S+ Neighborhood / 16S- Neighborhood,0.410895193,0.92790342,270,2093,512,8134,IDI1
16S+ Neighborhood / 16S- Neighborhood,0.333245246,0.856052554,63,2093,152,8134,IDNK
16S+ Neighborhood / 16S- Neighborhood,0.122072872,0.698703027,30,2093,103,8134,IDO1
16S+ Neighborhood / 16S- Neighborhood,0.616669739,0.950208757,164,2093,479,8134,IDS
16S+ Neighborhood / 16S- Neighborhood,0.742537309,0.975849752,352,2093,761,8134,IER3
16S+ Neighborhood / 16S- Neighborhood,0.012787542,1.190063818,483,2093,1189,8134,IER5
16S+ Neighborhood / 16S- Neighborhood,0.7920801,1.029864867,163,2093,284,8134,IFI16
16S+ Neighborhood / 16S- Neighborhood,0.817701992,0.978884854,206,2093,1086,8134,IFI27
16S+ Neighborhood / 16S- Neighborhood,0.331230932,0.911918508,214,2093,929,8134,IFI30
16S+ Neighborhood / 16S- Neighborhood,0.918112036,0.987450955,111,2093,311,8134,IFI35
16S+ Neighborhood / 16S- Neighborhood,0.871952321,1.032784527,40,2093,162,8134,IFI44L
16S+ Neighborhood / 16S- Neighborhood,0.002043809,0.812501799,460,2093,3257,8134,IFI6
16S+ Neighborhood / 16S- Neighborhood,0.416296091,0.891597332,90,2093,320,8134,IFIH1
16S+ Neighborhood / 16S- Neighborhood,0.790244182,1.039721372,90,2093,351,8134,IFIT1
16S+ Neighborhood / 16S- Neighborhood,0.002758346,0.59520357,57,2093,356,8134,IFIT2
16S+ Neighborhood / 16S- Neighborhood,0.001852453,0.571860391,45,2093,240,8134,IFIT3
16S+ Neighborhood / 16S- Neighborhood,0.118141725,0.721938048,38,2093,138,8134,IFIT5
16S+ Neighborhood / 16S- Neighborhood,0.060861471,0.79154114,104,2093,519,8134,IFITM1
16S+ Neighborhood / 16S- Neighborhood,0.226727469,0.893941035,184,2093,752,8134,IFITM2
16S+ Neighborhood / 16S- Neighborhood,0.066188991,0.724534176,52,2093,165,8134,IFNA1
16S+ Neighborhood / 16S- Neighborhood,0.690310318,0.91349978,31,2093,90,8134,IFNA2
16S+ Neighborhood / 16S- Neighborhood,0.065891842,0.674158931,34,2093,114,8134,IFNA4/10/17
16S+ Neighborhood / 16S- Neighborhood,0.928424946,1.018011225,49,2093,116,8134,IFNA5
16S+ Neighborhood / 16S- Neighborhood,0.05361469,0.751769063,92,2093,288,8134,IFNA6
16S+ Neighborhood / 16S- Neighborhood,0.45369528,1.099697849,123,2093,249,8134,IFNAR1
16S+ Neighborhood / 16S- Neighborhood,0.033445332,0.757800789,101,2093,346,8134,IFNAR2
16S+ Neighborhood / 16S- Neighborhood,0.044814677,0.716900223,57,2093,175,8134,IFNB1
16S+ Neighborhood / 16S- Neighborhood,0.189529621,0.709576437,22,2093,71,8134,IFNE
16S+ Neighborhood / 16S- Neighborhood,0.243706174,0.791995206,47,2093,134,8134,IFNG
16S+ Neighborhood / 16S- Neighborhood,0.022281513,1.2300567,273,2093,423,8134,IFNGR1
16S+ Neighborhood / 16S- Neighborhood,0.000232489,1.290641652,471,2093,902,8134,IFNGR2
16S+ Neighborhood / 16S- Neighborhood,0.007903134,0.546262546,29,2093,108,8134,IFNL1
16S+ Neighborhood / 16S- Neighborhood,0.058366102,0.703870387,46,2093,132,8134,IFNL2/3
16S+ Neighborhood / 16S- Neighborhood,0.4947765,1.070087076,220,2093,394,8134,IFRD1
16S+ Neighborhood / 16S- Neighborhood,0.653168245,0.950320135,150,2093,325,8134,IFT140
16S+ Neighborhood / 16S- Neighborhood,0.659904691,0.93147605,65,2093,149,8134,IFT172
16S+ Neighborhood / 16S- Neighborhood,0.326864323,0.839177801,54,2093,152,8134,IFT57
16S+ Neighborhood / 16S- Neighborhood,0.607752638,0.930903979,97,2093,213,8134,IFT88
16S+ Neighborhood / 16S- Neighborhood,0.485536937,1.085287151,134,2093,260,8134,IGBP1
16S+ Neighborhood / 16S- Neighborhood,0.054158962,0.671783514,37,2093,116,8134,IGF1
16S+ Neighborhood / 16S- Neighborhood,0.002510331,0.698455014,110,2093,471,8134,IGF1R
16S+ Neighborhood / 16S- Neighborhood,0.5622866,1.078644464,109,2093,236,8134,IGF2
16S+ Neighborhood / 16S- Neighborhood,0.101622241,1.135207767,378,2093,511,8134,IGF2R
16S+ Neighborhood / 16S- Neighborhood,3.32E-10,0.401201405,108,2093,640,8134,IGFBP3
16S+ Neighborhood / 16S- Neighborhood,0.026011344,0.743878825,128,2093,487,8134,IGFBP5
16S+ Neighborhood / 16S- Neighborhood,0.844376556,0.980884771,211,2093,505,8134,IGFBP6
16S+ Neighborhood / 16S- Neighborhood,0.00124009,0.678281804,158,2093,1161,8134,IGFBP7
16S+ Neighborhood / 16S- Neighborhood,0.279137295,0.823699711,45,2093,115,8134,IGHA1
16S+ Neighborhood / 16S- Neighborhood,0.015284472,0.41237095,9,2093,45,8134,IGHD
16S+ Neighborhood / 16S- Neighborhood,0.739536179,0.960890744,152,2093,280,8134,IGHG1/2
16S+ Neighborhood / 16S- Neighborhood,0.24012643,0.77555574,32,2093,91,8134,IGHM
16S+ Neighborhood / 16S- Neighborhood,0.014677025,0.542319208,25,2093,89,8134,IGHV1-46
16S+ Neighborhood / 16S- Neighborhood,0.005631637,0.505804298,23,2093,89,8134,IGHV1-69
16S+ Neighborhood / 16S- Neighborhood,0.023490226,0.648087191,44,2093,148,8134,IGKC
16S+ Neighborhood / 16S- Neighborhood,0.266567591,0.819163723,58,2093,172,8134,IGKV4-1
16S+ Neighborhood / 16S- Neighborhood,0.01556476,0.604164038,35,2093,134,8134,IGLC1/2
16S+ Neighborhood / 16S- Neighborhood,0.014846949,0.632234168,39,2093,139,8134,IGLL1
16S+ Neighborhood / 16S- Neighborhood,0.924005001,1.013634447,92,2093,210,8134,IGLL5
16S+ Neighborhood / 16S- Neighborhood,0.072623377,0.68571779,38,2093,115,8134,IGLV1-40
16S+ Neighborhood / 16S- Neighborhood,0.083961309,0.653665437,25,2093,89,8134,IGLV3-21
16S+ Neighborhood / 16S- Neighborhood,0.070597481,0.663221262,28,2093,97,8134,IGLV4-69
16S+ Neighborhood / 16S- Neighborhood,0.071846039,0.711909725,46,2093,154,8134,IGLV6-57
16S+ Neighborhood / 16S- Neighborhood,0.262319242,0.805679783,50,2093,156,8134,IGLV7-43
16S+ Neighborhood / 16S- Neighborhood,0.038853272,0.708137596,57,2093,167,8134,IGLV8-61
16S+ Neighborhood / 16S- Neighborhood,0.906807744,1.016977247,86,2093,238,8134,IHH
16S+ Neighborhood / 16S- Neighborhood,0.001116891,1.235376829,818,2093,744,8134,IKBKB
16S+ Neighborhood / 16S- Neighborhood,0.061733508,0.728308201,54,2093,191,8134,IKBKE
16S+ Neighborhood / 16S- Neighborhood,0.430486865,1.075151874,219,2093,718,8134,IKBKG
16S+ Neighborhood / 16S- Neighborhood,0.617212279,0.904682596,48,2093,125,8134,IKZF1
16S+ Neighborhood / 16S- Neighborhood,0.777675395,1.038504001,100,2093,194,8134,IKZF2
16S+ Neighborhood / 16S- Neighborhood,0.429680894,1.086014046,194,2093,1177,8134,IKZF3
16S+ Neighborhood / 16S- Neighborhood,0.181241078,0.774720479,48,2093,146,8134,IL10
16S+ Neighborhood / 16S- Neighborhood,0.172813813,0.753062049,37,2093,131,8134,IL10RA
16S+ Neighborhood / 16S- Neighborhood,0.099321861,0.813594665,106,2093,351,8134,IL10RB
16S+ Neighborhood / 16S- Neighborhood,0.131491707,0.709423777,34,2093,103,8134,IL11
16S+ Neighborhood / 16S- Neighborhood,0.776396403,0.947475975,45,2093,114,8134,IL11RA
16S+ Neighborhood / 16S- Neighborhood,0.046881634,0.691189497,51,2093,140,8134,IL12A
16S+ Neighborhood / 16S- Neighborhood,0.564250965,1.13411626,37,2093,75,8134,IL12B
16S+ Neighborhood / 16S- Neighborhood,0.280230419,0.808661296,44,2093,119,8134,IL12RB1
16S+ Neighborhood / 16S- Neighborhood,0.768855822,0.945002243,51,2093,115,8134,IL12RB2
16S+ Neighborhood / 16S- Neighborhood,0.243704761,0.770320608,31,2093,92,8134,IL13
16S+ Neighborhood / 16S- Neighborhood,0.941131306,1.009919794,94,2093,246,8134,IL13RA1
16S+ Neighborhood / 16S- Neighborhood,0.029987127,0.678844665,60,2093,199,8134,IL13RA2
16S+ Neighborhood / 16S- Neighborhood,0.051296598,0.638862707,26,2093,88,8134,IL15
16S+ Neighborhood / 16S- Neighborhood,0.117423635,0.649530046,20,2093,65,8134,IL15RA
16S+ Neighborhood / 16S- Neighborhood,0.300690072,0.740557654,17,2093,48,8134,IL16
16S+ Neighborhood / 16S- Neighborhood,0.164915693,0.777091049,48,2093,132,8134,IL17A
16S+ Neighborhood / 16S- Neighborhood,0.675746336,0.934037157,71,2093,165,8134,IL17B
16S+ Neighborhood / 16S- Neighborhood,0.024149025,0.676128613,55,2093,177,8134,IL17C
16S+ Neighborhood / 16S- Neighborhood,0.401596525,0.825572046,30,2093,81,8134,IL17D
16S+ Neighborhood / 16S- Neighborhood,0.041640115,0.675514727,38,2093,120,8134,IL17F
16S+ Neighborhood / 16S- Neighborhood,0.475605203,0.885004068,55,2093,134,8134,IL17RA
16S+ Neighborhood / 16S- Neighborhood,0.945411806,1.011830487,66,2093,159,8134,IL17RB
16S+ Neighborhood / 16S- Neighborhood,0.999539866,0.999875981,42,2093,65,8134,IL17RE
16S+ Neighborhood / 16S- Neighborhood,0.271727693,0.830600296,62,2093,172,8134,IL18
16S+ Neighborhood / 16S- Neighborhood,0.29688693,0.831280815,51,2093,162,8134,IL18BP
16S+ Neighborhood / 16S- Neighborhood,0.199310742,0.735343978,26,2093,74,8134,IL18R1
16S+ Neighborhood / 16S- Neighborhood,0.026739207,0.602917848,26,2093,91,8134,IL18RAP
16S+ Neighborhood / 16S- Neighborhood,0.002350776,0.595232589,49,2093,177,8134,IL19
16S+ Neighborhood / 16S- Neighborhood,0.012151052,0.643401309,61,2093,186,8134,IL1A
16S+ Neighborhood / 16S- Neighborhood,0.209184485,0.801398759,51,2093,130,8134,IL1B
16S+ Neighborhood / 16S- Neighborhood,0.02512506,0.477566425,12,2093,55,8134,IL1R1
16S+ Neighborhood / 16S- Neighborhood,0.283049234,1.201127449,63,2093,174,8134,IL1R2
16S+ Neighborhood / 16S- Neighborhood,0.193725412,0.792259578,52,2093,149,8134,IL1RAP
16S+ Neighborhood / 16S- Neighborhood,0.01732889,0.640905372,43,2093,212,8134,IL1RAPL2
16S+ Neighborhood / 16S- Neighborhood,0.000542942,0.477842022,31,2093,143,8134,IL1RL1
16S+ Neighborhood / 16S- Neighborhood,0.897270882,0.978671456,61,2093,186,8134,IL1RL2
16S+ Neighborhood / 16S- Neighborhood,0.508033751,0.913386933,100,2093,292,8134,IL1RN
16S+ Neighborhood / 16S- Neighborhood,0.169009824,0.714412658,27,2093,78,8134,IL2
16S+ Neighborhood / 16S- Neighborhood,0.102231037,0.747061187,52,2093,165,8134,IL20
16S+ Neighborhood / 16S- Neighborhood,0.705170919,1.047851314,141,2093,244,8134,IL20RA
16S+ Neighborhood / 16S- Neighborhood,0.458931675,0.855095017,41,2093,113,8134,IL20RB
16S+ Neighborhood / 16S- Neighborhood,0.077484312,0.774743926,86,2093,214,8134,IL21R
16S+ Neighborhood / 16S- Neighborhood,0.84674073,1.032266964,70,2093,145,8134,IL22
16S+ Neighborhood / 16S- Neighborhood,0.015871289,0.649944279,51,2093,181,8134,IL22RA1
16S+ Neighborhood / 16S- Neighborhood,9.85E-19,1.698213157,1813,2093,2163,8134,IL22RA2
16S+ Neighborhood / 16S- Neighborhood,0.602964421,0.903498991,46,2093,113,8134,IL23A
16S+ Neighborhood / 16S- Neighborhood,0.034409288,0.656963035,45,2093,139,8134,IL23R
16S+ Neighborhood / 16S- Neighborhood,0.142019691,0.739186962,37,2093,109,8134,IL24
16S+ Neighborhood / 16S- Neighborhood,0.010465901,0.630604405,54,2093,155,8134,IL25
16S+ Neighborhood / 16S- Neighborhood,0.06623372,0.711940574,46,2093,143,8134,IL26
16S+ Neighborhood / 16S- Neighborhood,0.087782097,0.750102543,65,2093,174,8134,IL27
16S+ Neighborhood / 16S- Neighborhood,0.88901473,1.030271684,43,2093,114,8134,IL27RA
16S+ Neighborhood / 16S- Neighborhood,0.112004601,0.628571186,16,2093,54,8134,IL2RA
16S+ Neighborhood / 16S- Neighborhood,0.831985308,0.958956722,46,2093,107,8134,IL2RB
16S+ Neighborhood / 16S- Neighborhood,0.414776128,0.851797339,45,2093,120,8134,IL2RG
16S+ Neighborhood / 16S- Neighborhood,0.468925262,0.844758072,29,2093,83,8134,IL3
16S+ Neighborhood / 16S- Neighborhood,0.258175912,0.847166184,68,2093,163,8134,IL31RA
16S+ Neighborhood / 16S- Neighborhood,0.029899797,0.804983228,171,2093,592,8134,IL32
16S+ Neighborhood / 16S- Neighborhood,0.387123629,0.849996303,49,2093,129,8134,IL33
16S+ Neighborhood / 16S- Neighborhood,0.170277913,0.839637234,119,2093,313,8134,IL34
16S+ Neighborhood / 16S- Neighborhood,0.025069549,0.64887283,40,2093,129,8134,IL36A
16S+ Neighborhood / 16S- Neighborhood,0.277509571,0.806172692,37,2093,94,8134,IL36B
16S+ Neighborhood / 16S- Neighborhood,0.038266443,0.667134949,43,2093,169,8134,IL36G
16S+ Neighborhood / 16S- Neighborhood,0.014870032,0.527385037,20,2093,80,8134,IL3RA
16S+ Neighborhood / 16S- Neighborhood,0.104544343,0.663653219,26,2093,84,8134,IL4
16S+ Neighborhood / 16S- Neighborhood,0.979472302,1.003612289,89,2093,188,8134,IL4R
16S+ Neighborhood / 16S- Neighborhood,0.033380991,0.645002523,33,2093,105,8134,IL5
16S+ Neighborhood / 16S- Neighborhood,0.004884234,0.543065522,31,2093,126,8134,IL5RA
16S+ Neighborhood / 16S- Neighborhood,0.092788233,0.748147488,59,2093,218,8134,IL6
16S+ Neighborhood / 16S- Neighborhood,0.125924772,0.807270481,101,2093,281,8134,IL6R
16S+ Neighborhood / 16S- Neighborhood,0.19509195,0.79706898,55,2093,170,8134,IL6ST
16S+ Neighborhood / 16S- Neighborhood,0.075530887,0.670741151,29,2093,117,8134,IL7
16S+ Neighborhood / 16S- Neighborhood,0.198207164,0.816295297,64,2093,172,8134,IL7R
16S+ Neighborhood / 16S- Neighborhood,0.46482168,0.870645677,49,2093,128,8134,IL9
16S+ Neighborhood / 16S- Neighborhood,0.804292526,0.946115434,37,2093,105,8134,IL9R
16S+ Neighborhood / 16S- Neighborhood,0.000191665,1.267742104,659,2093,821,8134,ILF2
16S+ Neighborhood / 16S- Neighborhood,1.63E-07,1.310502476,915,2093,1543,8134,ILF3
16S+ Neighborhood / 16S- Neighborhood,0.356474044,0.875488685,82,2093,204,8134,ILK
16S+ Neighborhood / 16S- Neighborhood,0.694561025,1.046689294,152,2093,244,8134,IMMT
16S+ Neighborhood / 16S- Neighborhood,0.908522322,1.01460933,115,2093,233,8134,IMPA2
16S+ Neighborhood / 16S- Neighborhood,0.290398437,0.899851252,169,2093,387,8134,IMPACT
16S+ Neighborhood / 16S- Neighborhood,0.202538259,1.111415358,297,2093,511,8134,IMPDH1
16S+ Neighborhood / 16S- Neighborhood,0.782368713,1.030812086,147,2093,296,8134,IMPDH2
16S+ Neighborhood / 16S- Neighborhood,0.089416363,0.74583265,62,2093,188,8134,ING3
16S+ Neighborhood / 16S- Neighborhood,0.131663699,0.806302116,92,2093,205,8134,ING4
16S+ Neighborhood / 16S- Neighborhood,0.116845562,1.227975087,101,2093,171,8134,ING5
16S+ Neighborhood / 16S- Neighborhood,0.283113916,0.860694194,91,2093,223,8134,INHA
16S+ Neighborhood / 16S- Neighborhood,0.08024348,0.625448193,22,2093,84,8134,INHBA
16S+ Neighborhood / 16S- Neighborhood,0.003680726,0.586128725,52,2093,189,8134,INHBB
16S+ Neighborhood / 16S- Neighborhood,0.080041216,0.712111686,47,2093,153,8134,INHBC
16S+ Neighborhood / 16S- Neighborhood,0.014308873,0.552096883,24,2093,101,8134,INIP
16S+ Neighborhood / 16S- Neighborhood,0.789654306,1.036457155,99,2093,225,8134,INO80
16S+ Neighborhood / 16S- Neighborhood,0.861156811,0.982820026,165,2093,353,8134,INO80E
16S+ Neighborhood / 16S- Neighborhood,0.490080055,0.909681064,110,2093,268,8134,INPP4A
16S+ Neighborhood / 16S- Neighborhood,0.0800231,0.784159692,93,2093,253,8134,INPP4B
16S+ Neighborhood / 16S- Neighborhood,0.193578716,0.794342063,55,2093,146,8134,INPP5A
16S+ Neighborhood / 16S- Neighborhood,0.015260592,0.642608098,45,2093,221,8134,INPP5D
16S+ Neighborhood / 16S- Neighborhood,0.437729673,1.171488643,43,2093,76,8134,INPP5F
16S+ Neighborhood / 16S- Neighborhood,0.546594996,1.084947542,103,2093,193,8134,INPP5K
16S+ Neighborhood / 16S- Neighborhood,0.297254152,0.904254718,195,2093,640,8134,INPPL1
16S+ Neighborhood / 16S- Neighborhood,0.602370268,1.088212371,92,2093,193,8134,INS
16S+ Neighborhood / 16S- Neighborhood,0.007855955,0.625785199,53,2093,170,8134,INSIG1
16S+ Neighborhood / 16S- Neighborhood,0.667996847,0.919299535,47,2093,123,8134,INSM1
16S+ Neighborhood / 16S- Neighborhood,0.001105741,0.676578104,121,2093,427,8134,INSR
16S+ Neighborhood / 16S- Neighborhood,0.366107928,0.886007164,107,2093,226,8134,INTU
16S+ Neighborhood / 16S- Neighborhood,0.620313973,0.957607492,269,2093,622,8134,IP6K2
16S+ Neighborhood / 16S- Neighborhood,0.182716026,0.776340404,47,2093,124,8134,IPCEF1
16S+ Neighborhood / 16S- Neighborhood,0.862185418,1.02942278,59,2093,140,8134,IPO5
16S+ Neighborhood / 16S- Neighborhood,0.0001165,1.445368104,219,2093,310,8134,IQCB1
16S+ Neighborhood / 16S- Neighborhood,0.63008787,0.929068551,78,2093,143,8134,IQCK
16S+ Neighborhood / 16S- Neighborhood,0.139799664,1.139696245,266,2093,601,8134,IQGAP1
16S+ Neighborhood / 16S- Neighborhood,0.048643001,0.67034866,36,2093,116,8134,IQGAP2
16S+ Neighborhood / 16S- Neighborhood,0.552842827,0.928824807,103,2093,235,8134,IQSEC1
16S+ Neighborhood / 16S- Neighborhood,0.019984087,0.624128088,36,2093,113,8134,IRAG2
16S+ Neighborhood / 16S- Neighborhood,0.607939121,1.048393717,200,2093,697,8134,IRAK1
16S+ Neighborhood / 16S- Neighborhood,0.073021207,0.668958833,32,2093,105,8134,IRAK2
16S+ Neighborhood / 16S- Neighborhood,0.124729387,0.736671569,42,2093,125,8134,IRAK3
16S+ Neighborhood / 16S- Neighborhood,0.180254071,0.8260824,84,2093,234,8134,IRAK4
16S+ Neighborhood / 16S- Neighborhood,0.43505318,0.881079314,66,2093,184,8134,IRF1
16S+ Neighborhood / 16S- Neighborhood,0.103387845,1.195274893,155,2093,269,8134,IRF2
16S+ Neighborhood / 16S- Neighborhood,0.589824407,1.058413325,167,2093,338,8134,IRF3
16S+ Neighborhood / 16S- Neighborhood,0.632169757,0.902325124,38,2093,87,8134,IRF4
16S+ Neighborhood / 16S- Neighborhood,0.687880454,0.932941618,65,2093,159,8134,IRF5
16S+ Neighborhood / 16S- Neighborhood,0.073586581,0.799388144,111,2093,448,8134,IRF7
16S+ Neighborhood / 16S- Neighborhood,0.021796683,0.689450075,67,2093,229,8134,IRF8
16S+ Neighborhood / 16S- Neighborhood,0.407124532,0.921538501,194,2093,518,8134,IRF9
16S+ Neighborhood / 16S- Neighborhood,0.001747446,0.580670887,52,2093,190,8134,IRGM
16S+ Neighborhood / 16S- Neighborhood,0.931283877,0.987827703,84,2093,269,8134,IRS1
16S+ Neighborhood / 16S- Neighborhood,0.003507088,0.69794348,109,2093,406,8134,IRS2
16S+ Neighborhood / 16S- Neighborhood,0.22221017,0.903945003,296,2093,2193,8134,ISG15
16S+ Neighborhood / 16S- Neighborhood,0.734129489,0.943194073,53,2093,167,8134,ISG20
16S+ Neighborhood / 16S- Neighborhood,0.074734438,0.765114135,85,2093,236,8134,ISL1
16S+ Neighborhood / 16S- Neighborhood,0.026543739,1.217730293,291,2093,403,8134,IST1
16S+ Neighborhood / 16S- Neighborhood,0.2690257,1.121180832,176,2093,321,8134,ISY1
16S+ Neighborhood / 16S- Neighborhood,0.657661283,0.957316291,185,2093,409,8134,ITCH
16S+ Neighborhood / 16S- Neighborhood,0.009239985,0.667778895,70,2093,293,8134,ITGA1
16S+ Neighborhood / 16S- Neighborhood,0.062191246,0.785054983,102,2093,286,8134,ITGA2
16S+ Neighborhood / 16S- Neighborhood,0.078452572,0.587581764,14,2093,52,8134,ITGA2B
16S+ Neighborhood / 16S- Neighborhood,0.174729946,1.091967648,483,2093,1772,8134,ITGA3
16S+ Neighborhood / 16S- Neighborhood,0.069573422,0.74028665,65,2093,218,8134,ITGA4
16S+ Neighborhood / 16S- Neighborhood,0.001980316,0.626017088,82,2093,344,8134,ITGA5
16S+ Neighborhood / 16S- Neighborhood,0.388009987,0.912018571,157,2093,437,8134,ITGA6
16S+ Neighborhood / 16S- Neighborhood,0.051116352,0.722625025,69,2093,235,8134,ITGA7
16S+ Neighborhood / 16S- Neighborhood,0.004495423,0.677828556,85,2093,302,8134,ITGA8
16S+ Neighborhood / 16S- Neighborhood,0.617043196,0.910386037,48,2093,127,8134,ITGA9
16S+ Neighborhood / 16S- Neighborhood,0.862698093,0.966867918,41,2093,97,8134,ITGAE
16S+ Neighborhood / 16S- Neighborhood,0.095038425,0.659773122,23,2093,75,8134,ITGAL
16S+ Neighborhood / 16S- Neighborhood,0.010266361,0.523835938,23,2093,109,8134,ITGAM
16S+ Neighborhood / 16S- Neighborhood,0.811659457,0.967826873,95,2093,244,8134,ITGAV
16S+ Neighborhood / 16S- Neighborhood,0.013165781,0.573518965,33,2093,139,8134,ITGAX
16S+ Neighborhood / 16S- Neighborhood,0.25373654,1.067001103,725,2093,1619,8134,ITGB1
16S+ Neighborhood / 16S- Neighborhood,0.077875086,0.720910243,47,2093,190,8134,ITGB2
16S+ Neighborhood / 16S- Neighborhood,0.000434425,0.480158947,34,2093,159,8134,ITGB3
16S+ Neighborhood / 16S- Neighborhood,0.673460923,0.917311972,37,2093,86,8134,ITGB3BP
16S+ Neighborhood / 16S- Neighborhood,5.45E-09,1.337611193,1840,2093,1770,8134,ITGB4
16S+ Neighborhood / 16S- Neighborhood,0.546694911,1.043587811,398,2093,821,8134,ITGB5
16S+ Neighborhood / 16S- Neighborhood,0.185417026,0.807604987,62,2093,222,8134,ITGB6
16S+ Neighborhood / 16S- Neighborhood,0.116540922,0.765699412,57,2093,169,8134,ITGB7
16S+ Neighborhood / 16S- Neighborhood,0.330316312,1.177843881,57,2093,163,8134,ITGB8
16S+ Neighborhood / 16S- Neighborhood,0.007158696,0.583474377,42,2093,153,8134,ITK
16S+ Neighborhood / 16S- Neighborhood,0.030885964,1.195047008,542,2093,456,8134,ITLN1
16S+ Neighborhood / 16S- Neighborhood,0.656990623,1.078049292,62,2093,150,8134,ITM2A
16S+ Neighborhood / 16S- Neighborhood,0.11024645,1.094141666,713,2093,1310,8134,ITM2B
16S+ Neighborhood / 16S- Neighborhood,0.005866809,0.725154954,121,2093,411,8134,ITM2C
16S+ Neighborhood / 16S- Neighborhood,0.010840809,0.706279461,87,2093,280,8134,ITPK1
16S+ Neighborhood / 16S- Neighborhood,0.780933019,0.967746276,137,2093,397,8134,ITPR1
16S+ Neighborhood / 16S- Neighborhood,0.672775129,0.934850305,70,2093,198,8134,ITPR2
16S+ Neighborhood / 16S- Neighborhood,0.382401605,1.085616733,245,2093,530,8134,ITPR3
16S+ Neighborhood / 16S- Neighborhood,0.16741338,0.772469003,46,2093,161,8134,ITSN2
16S+ Neighborhood / 16S- Neighborhood,0.030361528,0.543669812,16,2093,61,8134,IZUMO1
16S+ Neighborhood / 16S- Neighborhood,0.24968959,0.80698879,60,2093,145,8134,JADE1
16S+ Neighborhood / 16S- Neighborhood,0.079364936,1.20166417,218,2093,292,8134,JADE2
16S+ Neighborhood / 16S- Neighborhood,0.885702046,1.026446389,56,2093,132,8134,JADE3
16S+ Neighborhood / 16S- Neighborhood,2.21E-05,0.580752734,93,2093,321,8134,JAG1
16S+ Neighborhood / 16S- Neighborhood,0.635791147,0.93843132,88,2093,195,8134,JAG2
16S+ Neighborhood / 16S- Neighborhood,0.816626567,1.028217208,139,2093,253,8134,JAK1
16S+ Neighborhood / 16S- Neighborhood,0.079575208,0.601631857,16,2093,58,8134,JAK2
16S+ Neighborhood / 16S- Neighborhood,0.013575177,0.684103573,68,2093,284,8134,JAK3
16S+ Neighborhood / 16S- Neighborhood,0.099806258,0.622669121,18,2093,61,8134,JAM2
16S+ Neighborhood / 16S- Neighborhood,0.311195231,1.231340214,49,2093,112,8134,JAM3
16S+ Neighborhood / 16S- Neighborhood,0.356783942,0.838311754,45,2093,127,8134,JAML
16S+ Neighborhood / 16S- Neighborhood,0.542003578,1.078099307,138,2093,217,8134,JARID2
16S+ Neighborhood / 16S- Neighborhood,0.333366142,0.785342434,30,2093,97,8134,JCHAIN
16S+ Neighborhood / 16S- Neighborhood,0.628324894,1.077991611,71,2093,136,8134,JMJD1C
16S+ Neighborhood / 16S- Neighborhood,0.925750381,0.991812123,274,2093,546,8134,JMJD6
16S+ Neighborhood / 16S- Neighborhood,0.983917444,0.998504942,602,2093,1186,8134,JUN
16S+ Neighborhood / 16S- Neighborhood,0.221534261,0.890607197,224,2093,671,8134,JUNB
16S+ Neighborhood / 16S- Neighborhood,0.154833033,1.069729036,1205,2093,2222,8134,JUND
16S+ Neighborhood / 16S- Neighborhood,0.198901431,0.912397923,412,2093,678,8134,JUP
16S+ Neighborhood / 16S- Neighborhood,0.24246613,0.777576018,36,2093,105,8134,KALRN
16S+ Neighborhood / 16S- Neighborhood,0.938141341,0.982895729,31,2093,68,8134,KANK1
16S+ Neighborhood / 16S- Neighborhood,0.220517438,1.127470699,242,2093,516,8134,KANSL1
16S+ Neighborhood / 16S- Neighborhood,0.829874919,0.971104818,109,2093,222,8134,KANSL2
16S+ Neighborhood / 16S- Neighborhood,0.677603351,0.948879314,107,2093,258,8134,KANSL3
16S+ Neighborhood / 16S- Neighborhood,0.552929204,0.949351066,232,2093,852,8134,KAT2A
16S+ Neighborhood / 16S- Neighborhood,0.344334896,0.788967065,22,2093,60,8134,KAT2B
16S+ Neighborhood / 16S- Neighborhood,0.696890767,1.043198355,172,2093,311,8134,KAT5
16S+ Neighborhood / 16S- Neighborhood,0.180705493,1.115569265,415,2093,530,8134,KAT6A
16S+ Neighborhood / 16S- Neighborhood,0.052221762,1.318872344,115,2093,152,8134,KAT6B
16S+ Neighborhood / 16S- Neighborhood,0.928054307,0.988936746,107,2093,238,8134,KAT7
16S+ Neighborhood / 16S- Neighborhood,0.885774055,0.986767363,201,2093,422,8134,KAT8
16S+ Neighborhood / 16S- Neighborhood,0.787643289,0.963439011,94,2093,221,8134,KBTBD2
16S+ Neighborhood / 16S- Neighborhood,0.656248262,0.907549638,35,2093,84,8134,KBTBD8
16S+ Neighborhood / 16S- Neighborhood,0.159390993,0.750105644,40,2093,131,8134,KCNA2
16S+ Neighborhood / 16S- Neighborhood,0.378561205,0.830372975,32,2093,84,8134,KCNA3
16S+ Neighborhood / 16S- Neighborhood,0.046591933,0.724137141,61,2093,167,8134,KCNAB1
16S+ Neighborhood / 16S- Neighborhood,0.843314872,0.972780051,93,2093,310,8134,KCNAB2
16S+ Neighborhood / 16S- Neighborhood,0.305141202,0.796043829,35,2093,99,8134,KCNB2
16S+ Neighborhood / 16S- Neighborhood,0.350794292,0.846404286,59,2093,146,8134,KCNC2
16S+ Neighborhood / 16S- Neighborhood,0.616931378,0.889352323,29,2093,75,8134,KCND2
16S+ Neighborhood / 16S- Neighborhood,0.55564206,0.882147858,40,2093,109,8134,KCNE1
16S+ Neighborhood / 16S- Neighborhood,0.089367735,0.74108966,48,2093,133,8134,KCNH7
16S+ Neighborhood / 16S- Neighborhood,0.038282022,0.679395352,44,2093,164,8134,KCNJ11
16S+ Neighborhood / 16S- Neighborhood,0.005127144,0.60635042,48,2093,178,8134,KCNJ2
16S+ Neighborhood / 16S- Neighborhood,0.615057479,0.908049862,51,2093,133,8134,KCNJ3
16S+ Neighborhood / 16S- Neighborhood,0.708850252,0.934541528,56,2093,143,8134,KCNJ4
16S+ Neighborhood / 16S- Neighborhood,0.440145193,0.846777325,37,2093,114,8134,KCNJ6
16S+ Neighborhood / 16S- Neighborhood,0.327686891,0.82230611,40,2093,98,8134,KCNJ8
16S+ Neighborhood / 16S- Neighborhood,0.045627348,1.171635618,558,2093,561,8134,KCNMA1
16S+ Neighborhood / 16S- Neighborhood,0.514296824,0.932599529,148,2093,352,8134,KCNMB4
16S+ Neighborhood / 16S- Neighborhood,0.12677518,0.73033648,37,2093,110,8134,KCNN2
16S+ Neighborhood / 16S- Neighborhood,0.321898274,1.13062126,113,2093,231,8134,KCNQ1
16S+ Neighborhood / 16S- Neighborhood,0.613624045,0.869570282,22,2093,65,8134,KCNQ3
16S+ Neighborhood / 16S- Neighborhood,0.62955432,1.098852888,46,2093,89,8134,KCNQ5
16S+ Neighborhood / 16S- Neighborhood,0.764059769,1.056512358,58,2093,148,8134,KCNT2
16S+ Neighborhood / 16S- Neighborhood,0.00810697,0.693416073,97,2093,399,8134,KCTD12
16S+ Neighborhood / 16S- Neighborhood,0.281254538,0.849364194,74,2093,218,8134,KCTD7
16S+ Neighborhood / 16S- Neighborhood,0.908533179,0.988492105,168,2093,351,8134,KDM1A
16S+ Neighborhood / 16S- Neighborhood,0.263775204,1.256991073,51,2093,69,8134,KDM1B
16S+ Neighborhood / 16S- Neighborhood,0.606132768,0.956830345,251,2093,541,8134,KDM2A
16S+ Neighborhood / 16S- Neighborhood,0.543199972,1.060854161,227,2093,390,8134,KDM2B
16S+ Neighborhood / 16S- Neighborhood,0.279043125,0.840982589,70,2093,166,8134,KDM3A
16S+ Neighborhood / 16S- Neighborhood,0.163253597,0.814239055,74,2093,193,8134,KDM3B
16S+ Neighborhood / 16S- Neighborhood,1.48E-07,1.475974547,627,2093,528,8134,KDM4A
16S+ Neighborhood / 16S- Neighborhood,0.932401549,1.010761895,104,2093,206,8134,KDM4B
16S+ Neighborhood / 16S- Neighborhood,0.881548988,0.981539556,103,2093,211,8134,KDM4C
16S+ Neighborhood / 16S- Neighborhood,0.749198402,0.967002349,150,2093,317,8134,KDM5A
16S+ Neighborhood / 16S- Neighborhood,0.013769034,1.309547817,208,2093,243,8134,KDM5B
16S+ Neighborhood / 16S- Neighborhood,0.046317442,0.777382649,113,2093,331,8134,KDM5C
16S+ Neighborhood / 16S- Neighborhood,0.124745889,0.737193761,40,2093,119,8134,KDM6A
16S+ Neighborhood / 16S- Neighborhood,0.787235054,1.029063842,188,2093,293,8134,KDM6B
16S+ Neighborhood / 16S- Neighborhood,0.031048121,1.3199092,135,2093,196,8134,KDM7A
16S+ Neighborhood / 16S- Neighborhood,0.014037731,0.61702581,53,2093,193,8134,KDR
16S+ Neighborhood / 16S- Neighborhood,0.222901852,1.225292431,66,2093,129,8134,KDSR
16S+ Neighborhood / 16S- Neighborhood,0.125929963,1.278176466,72,2093,137,8134,KEAP1
16S+ Neighborhood / 16S- Neighborhood,0.3358219,1.103853993,220,2093,331,8134,KIAA1217
16S+ Neighborhood / 16S- Neighborhood,0.965735775,0.994965704,116,2093,245,8134,KIDINS220
16S+ Neighborhood / 16S- Neighborhood,0.797178552,0.954459911,49,2093,122,8134,KIF11
16S+ Neighborhood / 16S- Neighborhood,0.64947737,0.90243425,30,2093,70,8134,KIF16B
16S+ Neighborhood / 16S- Neighborhood,0.382219746,1.085250813,275,2093,437,8134,KIF1B
16S+ Neighborhood / 16S- Neighborhood,0.702916421,0.959689104,169,2093,377,8134,KIF22
16S+ Neighborhood / 16S- Neighborhood,0.68105314,0.943856852,92,2093,277,8134,KIF23
16S+ Neighborhood / 16S- Neighborhood,0.004292189,0.7050324,135,2093,345,8134,KIF2A
16S+ Neighborhood / 16S- Neighborhood,0.108545046,1.25111715,122,2093,196,8134,KIF2C
16S+ Neighborhood / 16S- Neighborhood,0.064055481,0.73763473,62,2093,174,8134,KIF3A
16S+ Neighborhood / 16S- Neighborhood,0.775547691,1.031656825,150,2093,300,8134,KIF3B
16S+ Neighborhood / 16S- Neighborhood,0.530022021,1.07604456,159,2093,202,8134,KIF5B
16S+ Neighborhood / 16S- Neighborhood,0.962342281,0.989907426,37,2093,80,8134,KIF5C
16S+ Neighborhood / 16S- Neighborhood,0.888900393,0.97942964,90,2093,169,8134,KIFAP3
16S+ Neighborhood / 16S- Neighborhood,0.077374097,0.819566297,123,2093,519,8134,KIFC3
16S+ Neighborhood / 16S- Neighborhood,0.007138964,0.557436858,30,2093,122,8134,KIR2DL1/3
16S+ Neighborhood / 16S- Neighborhood,0.010449148,0.614310729,42,2093,148,8134,KIR3DL2
16S+ Neighborhood / 16S- Neighborhood,0.35213282,0.829239123,39,2093,99,8134,KIR3DL3
16S+ Neighborhood / 16S- Neighborhood,0.000512076,0.53607899,44,2093,175,8134,KIRREL3
16S+ Neighborhood / 16S- Neighborhood,0.552357941,0.898848446,58,2093,155,8134,KIT
16S+ Neighborhood / 16S- Neighborhood,0.978646654,1.004773025,54,2093,129,8134,KITLG
16S+ Neighborhood / 16S- Neighborhood,0.387585716,0.905019122,163,2093,280,8134,KLF2
16S+ Neighborhood / 16S- Neighborhood,0.362980211,1.084245153,263,2093,476,8134,KLF3
16S+ Neighborhood / 16S- Neighborhood,0.157637241,0.846245153,142,2093,319,8134,KLF4
16S+ Neighborhood / 16S- Neighborhood,2.49E-09,1.408255849,968,2093,1102,8134,KLF5
16S+ Neighborhood / 16S- Neighborhood,0.071702816,0.633676948,24,2093,77,8134,KLF7
16S+ Neighborhood / 16S- Neighborhood,0.835787895,1.029120704,85,2093,178,8134,KLHL11
16S+ Neighborhood / 16S- Neighborhood,0.116764022,0.71657322,40,2093,126,8134,KLHL13
16S+ Neighborhood / 16S- Neighborhood,0.071164596,0.812509652,145,2093,454,8134,KLHL2
16S+ Neighborhood / 16S- Neighborhood,0.65524675,1.075153154,63,2093,125,8134,KLHL20
16S+ Neighborhood / 16S- Neighborhood,0.477791743,1.182750506,30,2093,53,8134,KLHL22
16S+ Neighborhood / 16S- Neighborhood,0.320326451,0.838112962,56,2093,147,8134,KLHL3
16S+ Neighborhood / 16S- Neighborhood,0.023977409,0.659935326,40,2093,128,8134,KLHL42
16S+ Neighborhood / 16S- Neighborhood,0.001403983,1.309955808,333,2093,462,8134,KLHL5
16S+ Neighborhood / 16S- Neighborhood,0.847673672,0.963323182,46,2093,108,8134,KLK11
16S+ Neighborhood / 16S- Neighborhood,0.067605423,0.673529418,35,2093,134,8134,KLK3
16S+ Neighborhood / 16S- Neighborhood,0.191860933,0.743301177,31,2093,94,8134,KLKB1
16S+ Neighborhood / 16S- Neighborhood,0.483941719,0.898789257,75,2093,177,8134,KLRB1
16S+ Neighborhood / 16S- Neighborhood,0.02261291,0.513964696,15,2093,60,8134,KLRC1/2
16S+ Neighborhood / 16S- Neighborhood,0.078655766,0.717449253,51,2093,160,8134,KLRC3
16S+ Neighborhood / 16S- Neighborhood,0.00833445,0.618709758,44,2093,147,8134,KLRD1
16S+ Neighborhood / 16S- Neighborhood,0.204626985,0.754891143,32,2093,109,8134,KLRF1
16S+ Neighborhood / 16S- Neighborhood,0.341041978,0.808458516,34,2093,93,8134,KLRG1
16S+ Neighborhood / 16S- Neighborhood,0.75054252,1.042295776,123,2093,172,8134,KLRG2
16S+ Neighborhood / 16S- Neighborhood,0.000598961,0.542512286,44,2093,168,8134,KLRK1
16S+ Neighborhood / 16S- Neighborhood,0.915249445,0.987792352,137,2093,292,8134,KMT2A
16S+ Neighborhood / 16S- Neighborhood,0.20424198,1.166910262,148,2093,231,8134,KMT2C
16S+ Neighborhood / 16S- Neighborhood,0.577368826,0.950947798,204,2093,451,8134,KMT2D
16S+ Neighborhood / 16S- Neighborhood,0.529372709,0.92085309,105,2093,225,8134,KMT2E
16S+ Neighborhood / 16S- Neighborhood,0.110664697,1.157862664,290,2093,373,8134,KMT5A
16S+ Neighborhood / 16S- Neighborhood,0.002087499,1.285231068,424,2093,479,8134,KMT5B
16S+ Neighborhood / 16S- Neighborhood,0.716018985,0.938964842,63,2093,169,8134,KNG1
16S+ Neighborhood / 16S- Neighborhood,0.187797418,0.872871678,176,2093,374,8134,KPNA1
16S+ Neighborhood / 16S- Neighborhood,0.041312831,1.192181777,374,2093,727,8134,KPNA2
16S+ Neighborhood / 16S- Neighborhood,0.021183377,1.334146851,136,2093,198,8134,KPNA3
16S+ Neighborhood / 16S- Neighborhood,0.805764304,0.979000179,298,2093,466,8134,KPNA4
16S+ Neighborhood / 16S- Neighborhood,0.277518426,0.849300058,80,2093,183,8134,KPNA5
16S+ Neighborhood / 16S- Neighborhood,0.040461725,1.348379643,85,2093,131,8134,KPNA6
16S+ Neighborhood / 16S- Neighborhood,0.002559354,1.223298971,422,2093,710,8134,KPNB1
16S+ Neighborhood / 16S- Neighborhood,0.110950252,1.214254746,126,2093,208,8134,KRAS
16S+ Neighborhood / 16S- Neighborhood,0.130131321,0.715651221,37,2093,109,8134,KRT1
16S+ Neighborhood / 16S- Neighborhood,0.251153976,0.780001911,36,2093,123,8134,KRT10
16S+ Neighborhood / 16S- Neighborhood,0.019285395,0.618838711,37,2093,146,8134,KRT13
16S+ Neighborhood / 16S- Neighborhood,3.44E-05,0.51941792,65,2093,266,8134,KRT14
16S+ Neighborhood / 16S- Neighborhood,0.29520993,0.89909212,316,2093,560,8134,KRT15
16S+ Neighborhood / 16S- Neighborhood,0.005655135,1.34722467,346,2093,687,8134,KRT16
16S+ Neighborhood / 16S- Neighborhood,0.041640706,0.728046129,76,2093,296,8134,KRT17
16S+ Neighborhood / 16S- Neighborhood,0.000370668,1.159824207,2172,2093,3139,8134,KRT18
16S+ Neighborhood / 16S- Neighborhood,1.61E-26,1.443537316,4161,2093,3715,8134,KRT19
16S+ Neighborhood / 16S- Neighborhood,0.916629497,1.013960578,92,2093,461,8134,KRT20
16S+ Neighborhood / 16S- Neighborhood,0.272627234,0.844993584,74,2093,207,8134,KRT23
16S+ Neighborhood / 16S- Neighborhood,0.117947579,0.783067617,65,2093,171,8134,KRT4
16S+ Neighborhood / 16S- Neighborhood,0.381315242,1.171772242,109,2093,157,8134,KRT5
16S+ Neighborhood / 16S- Neighborhood,8.89E-09,1.333473708,2564,2093,2217,8134,KRT6A
16S+ Neighborhood / 16S- Neighborhood,0.430969356,1.0985412,174,2093,241,8134,KRT6B
16S+ Neighborhood / 16S- Neighborhood,0.740452986,1.049850578,113,2093,162,8134,KRT6C
16S+ Neighborhood / 16S- Neighborhood,1.26E-26,1.358236489,13625,2093,10274,8134,KRT7
16S+ Neighborhood / 16S- Neighborhood,0.366557561,0.965112779,2177,2093,4332,8134,KRT8
16S+ Neighborhood / 16S- Neighborhood,0.579258608,0.918469418,100,2093,141,8134,KRT80
16S+ Neighborhood / 16S- Neighborhood,0.000522634,0.702582865,193,2093,415,8134,KRT86
16S+ Neighborhood / 16S- Neighborhood,0.29400432,0.799756901,31,2093,79,8134,KSR2
16S+ Neighborhood / 16S- Neighborhood,0.640379882,1.107994804,34,2093,86,8134,KYAT1
16S+ Neighborhood / 16S- Neighborhood,0.763616341,1.046356876,83,2093,141,8134,KYAT3
16S+ Neighborhood / 16S- Neighborhood,0.003736832,0.608794079,55,2093,218,8134,KYNU
16S+ Neighborhood / 16S- Neighborhood,0.001711647,0.452591195,22,2093,100,8134,L1CAM
16S+ Neighborhood / 16S- Neighborhood,0.3447875,0.849546304,54,2093,145,8134,L2HGDH
16S+ Neighborhood / 16S- Neighborhood,0.002107728,1.361006087,237,2093,319,8134,LAD1
16S+ Neighborhood / 16S- Neighborhood,0.445224264,0.888510916,75,2093,178,8134,LAG3
16S+ Neighborhood / 16S- Neighborhood,0.279066713,0.832463234,67,2093,222,8134,LAIR1
16S+ Neighborhood / 16S- Neighborhood,0.05725802,0.684954456,36,2093,115,8134,LAIR2
16S+ Neighborhood / 16S- Neighborhood,0.043791507,0.71126196,53,2093,158,8134,LAMA1
16S+ Neighborhood / 16S- Neighborhood,0.319078621,0.821517764,42,2093,112,8134,LAMA2
16S+ Neighborhood / 16S- Neighborhood,0.804005895,0.961343805,75,2093,212,8134,LAMA3
16S+ Neighborhood / 16S- Neighborhood,0.16874343,0.825041282,103,2093,408,8134,LAMA4
16S+ Neighborhood / 16S- Neighborhood,0.038318875,1.174825546,433,2093,821,8134,LAMA5
16S+ Neighborhood / 16S- Neighborhood,0.100142432,0.81256095,108,2093,427,8134,LAMB1
16S+ Neighborhood / 16S- Neighborhood,0.126305351,0.872481185,228,2093,517,8134,LAMB3
16S+ Neighborhood / 16S- Neighborhood,0.006222159,0.607681586,48,2093,179,8134,LAMB4
16S+ Neighborhood / 16S- Neighborhood,0.265376816,1.131746709,161,2093,296,8134,LAMC1
16S+ Neighborhood / 16S- Neighborhood,0.968241858,1.005173795,104,2093,282,8134,LAMC2
16S+ Neighborhood / 16S- Neighborhood,0.000120832,0.522215739,53,2093,230,8134,LAMC3
16S+ Neighborhood / 16S- Neighborhood,0.146686731,1.176283933,141,2093,267,8134,LAMP1
16S+ Neighborhood / 16S- Neighborhood,0.216644813,0.894502761,235,2093,647,8134,LAMP2
16S+ Neighborhood / 16S- Neighborhood,0.105730338,0.786881276,74,2093,196,8134,LAMP3
16S+ Neighborhood / 16S- Neighborhood,0.404685019,1.070543987,308,2093,684,8134,LAMTOR1
16S+ Neighborhood / 16S- Neighborhood,0.06672358,1.19329739,235,2093,431,8134,LAMTOR2
16S+ Neighborhood / 16S- Neighborhood,0.995120236,1.000956896,75,2093,154,8134,LAMTOR3
16S+ Neighborhood / 16S- Neighborhood,0.348654916,1.069630537,443,2093,802,8134,LAMTOR4
16S+ Neighborhood / 16S- Neighborhood,0.000493699,1.247972416,697,2093,853,8134,LAMTOR5
16S+ Neighborhood / 16S- Neighborhood,0.020598805,0.691450435,65,2093,191,8134,LANCL1
16S+ Neighborhood / 16S- Neighborhood,9.79E-06,1.484089078,348,2093,321,8134,LANCL2
16S+ Neighborhood / 16S- Neighborhood,0.002137606,1.272596462,325,2093,524,8134,LAPTM4A
16S+ Neighborhood / 16S- Neighborhood,0.757672347,0.978245265,385,2093,1268,8134,LAPTM4B
16S+ Neighborhood / 16S- Neighborhood,6.97E-05,0.54826026,91,2093,502,8134,LAPTM5
16S+ Neighborhood / 16S- Neighborhood,0.669031516,1.044717941,180,2093,337,8134,LARP1
16S+ Neighborhood / 16S- Neighborhood,0.043865032,0.641861343,28,2093,95,8134,LAT
16S+ Neighborhood / 16S- Neighborhood,0.564066336,0.890445094,43,2093,127,8134,LAT2
16S+ Neighborhood / 16S- Neighborhood,0.155388305,1.287781271,65,2093,89,8134,LATS1
16S+ Neighborhood / 16S- Neighborhood,0.342157048,0.852951908,66,2093,169,8134,LATS2
16S+ Neighborhood / 16S- Neighborhood,0.006748321,0.512591564,22,2093,97,8134,LBP
16S+ Neighborhood / 16S- Neighborhood,0.066966273,1.167906219,246,2093,895,8134,LBR
16S+ Neighborhood / 16S- Neighborhood,0.104869683,0.740362091,47,2093,140,8134,LCK
16S+ Neighborhood / 16S- Neighborhood,0.247450505,0.867339288,123,2093,291,8134,LCLAT1
16S+ Neighborhood / 16S- Neighborhood,0.922256818,0.9882191,132,2093,243,8134,LCMT1
16S+ Neighborhood / 16S- Neighborhood,0.065222299,1.114111302,929,2093,6747,8134,LCN2
16S+ Neighborhood / 16S- Neighborhood,0.29309703,1.115518697,173,2093,320,8134,LCOR
16S+ Neighborhood / 16S- Neighborhood,0.000326494,0.542018244,49,2093,229,8134,LCP1
16S+ Neighborhood / 16S- Neighborhood,0.040213528,0.612296729,29,2093,91,8134,LCP2
16S+ Neighborhood / 16S- Neighborhood,0.056018961,1.186501229,322,2093,480,8134,LDB1
16S+ Neighborhood / 16S- Neighborhood,0.002083162,0.377365803,13,2093,75,8134,LDB2
16S+ Neighborhood / 16S- Neighborhood,0.088027878,1.112937976,579,2093,1106,8134,LDHA
16S+ Neighborhood / 16S- Neighborhood,9.89E-08,1.442488788,477,2093,1171,8134,LDHB
16S+ Neighborhood / 16S- Neighborhood,6.35E-05,1.301381728,610,2093,961,8134,LDLR
16S+ Neighborhood / 16S- Neighborhood,0.000170005,0.545273199,60,2093,251,8134,LDLRAD3
16S+ Neighborhood / 16S- Neighborhood,0.064959971,1.267584138,130,2093,167,8134,LDLRAP1
16S+ Neighborhood / 16S- Neighborhood,0.028679542,0.538031117,17,2093,64,8134,LEF1
16S+ Neighborhood / 16S- Neighborhood,0.123272325,0.804415552,101,2093,268,8134,LEFTY1
16S+ Neighborhood / 16S- Neighborhood,0.90613295,0.979047575,59,2093,144,8134,LEFTY2
16S+ Neighborhood / 16S- Neighborhood,0.512189806,1.083274702,143,2093,249,8134,LEMD3
16S+ Neighborhood / 16S- Neighborhood,0.527935988,1.125839976,44,2093,84,8134,LEO1
16S+ Neighborhood / 16S- Neighborhood,0.008346891,0.520835922,24,2093,93,8134,LEP
16S+ Neighborhood / 16S- Neighborhood,0.002697891,0.615296661,56,2093,190,8134,LEPR
16S+ Neighborhood / 16S- Neighborhood,0.899281721,1.025088358,45,2093,91,8134,LEPROT
16S+ Neighborhood / 16S- Neighborhood,0.221629081,1.107640822,381,2093,680,8134,LFNG
16S+ Neighborhood / 16S- Neighborhood,0.191447666,1.146753982,186,2093,585,8134,LGALS1
16S+ Neighborhood / 16S- Neighborhood,0.025384729,0.645079968,39,2093,151,8134,LGALS2
16S+ Neighborhood / 16S- Neighborhood,0.585374478,1.051622983,210,2093,839,8134,LGALS3
16S+ Neighborhood / 16S- Neighborhood,0.016455459,1.133203003,726,2093,2443,8134,LGALS3BP
16S+ Neighborhood / 16S- Neighborhood,0.12188237,1.118972724,347,2093,1305,8134,LGALS9
16S+ Neighborhood / 16S- Neighborhood,0.766293769,1.059143248,54,2093,109,8134,LGI2
16S+ Neighborhood / 16S- Neighborhood,0.014281582,0.764753903,141,2093,450,8134,LGMN
16S+ Neighborhood / 16S- Neighborhood,0.232958754,1.141803273,157,2093,324,8134,LGR4
16S+ Neighborhood / 16S- Neighborhood,0.018368819,0.657031892,46,2093,146,8134,LGR5
16S+ Neighborhood / 16S- Neighborhood,0.37488439,0.879572673,92,2093,284,8134,LHFPL2
16S+ Neighborhood / 16S- Neighborhood,0.001986323,0.565740563,46,2093,210,8134,LHFPL6
16S+ Neighborhood / 16S- Neighborhood,0.04759343,0.713745333,57,2093,171,8134,LHPP
16S+ Neighborhood / 16S- Neighborhood,0.448767893,0.89111185,77,2093,280,8134,LHX1
16S+ Neighborhood / 16S- Neighborhood,0.038133432,0.770981891,115,2093,312,8134,LIAS
16S+ Neighborhood / 16S- Neighborhood,0.032021577,1.297085787,120,2093,398,8134,LIF
16S+ Neighborhood / 16S- Neighborhood,0.029243656,0.698045756,60,2093,310,8134,LIFR
16S+ Neighborhood / 16S- Neighborhood,0.078940546,0.835080609,211,2093,436,8134,LIG1
16S+ Neighborhood / 16S- Neighborhood,0.033312952,0.724966853,74,2093,237,8134,LIG4
16S+ Neighborhood / 16S- Neighborhood,0.186265051,0.802273788,64,2093,187,8134,LILRA1
16S+ Neighborhood / 16S- Neighborhood,0.001016067,0.497712424,28,2093,119,8134,LILRA3
16S+ Neighborhood / 16S- Neighborhood,0.051855093,0.579872325,19,2093,80,8134,LILRA4
16S+ Neighborhood / 16S- Neighborhood,0.01680652,0.545101534,21,2093,82,8134,LILRA5
16S+ Neighborhood / 16S- Neighborhood,0.849517236,0.966522463,57,2093,159,8134,LILRB1
16S+ Neighborhood / 16S- Neighborhood,0.225434763,1.319180188,34,2093,74,8134,LILRB2
16S+ Neighborhood / 16S- Neighborhood,0.118921381,0.76388916,55,2093,161,8134,LILRB3/A6
16S+ Neighborhood / 16S- Neighborhood,0.457144786,0.854651154,40,2093,114,8134,LILRB4
16S+ Neighborhood / 16S- Neighborhood,0.524863196,0.930850721,137,2093,306,8134,LIMD1
16S+ Neighborhood / 16S- Neighborhood,0.092451655,0.807534428,102,2093,262,8134,LIMK2
16S+ Neighborhood / 16S- Neighborhood,0.159415215,0.816721203,83,2093,194,8134,LIN28A
16S+ Neighborhood / 16S- Neighborhood,0.100186826,1.320620094,60,2093,96,8134,LIN52
16S+ Neighborhood / 16S- Neighborhood,0.6386948,1.068189962,101,2093,192,8134,LIN54
16S+ Neighborhood / 16S- Neighborhood,0.044684285,0.703746998,52,2093,160,8134,LINC01781
16S+ Neighborhood / 16S- Neighborhood,0.931434613,1.00907939,185,2093,422,8134,LINC01857
16S+ Neighborhood / 16S- Neighborhood,0.173970169,0.725010907,30,2093,96,8134,LINC02446
16S+ Neighborhood / 16S- Neighborhood,0.587120637,0.912740528,64,2093,162,8134,LINGO1
16S+ Neighborhood / 16S- Neighborhood,0.561610972,0.900882986,49,2093,147,8134,LIPA
16S+ Neighborhood / 16S- Neighborhood,0.95401734,0.990847415,64,2093,136,8134,LIPE
16S+ Neighborhood / 16S- Neighborhood,0.054432416,1.172286339,358,2093,533,8134,LITAF
16S+ Neighborhood / 16S- Neighborhood,0.131057124,0.839921607,161,2093,324,8134,LLGL1
16S+ Neighborhood / 16S- Neighborhood,0.000664034,1.230144446,692,2093,946,8134,LMAN1
16S+ Neighborhood / 16S- Neighborhood,0.622018253,1.030140309,554,2093,1328,8134,LMAN2
16S+ Neighborhood / 16S- Neighborhood,0.010720533,0.769857202,169,2093,606,8134,LMBR1L
16S+ Neighborhood / 16S- Neighborhood,0.217771816,0.881641106,169,2093,464,8134,LMF2
16S+ Neighborhood / 16S- Neighborhood,2.86E-06,1.196712841,2445,2093,3154,8134,LMNA
16S+ Neighborhood / 16S- Neighborhood,0.149042666,1.150627514,280,2093,389,8134,LMNB1
16S+ Neighborhood / 16S- Neighborhood,0.01764941,0.670767306,62,2093,222,8134,LMO2
16S+ Neighborhood / 16S- Neighborhood,0.548527459,0.933938382,157,2093,309,8134,LMO4
16S+ Neighborhood / 16S- Neighborhood,0.57206309,1.06562475,152,2093,432,8134,LMO7
16S+ Neighborhood / 16S- Neighborhood,0.745163778,1.048665216,86,2093,187,8134,LNPEP
16S+ Neighborhood / 16S- Neighborhood,0.379561702,1.220247253,31,2093,53,8134,LNX1
16S+ Neighborhood / 16S- Neighborhood,0.8795981,0.979768352,96,2093,214,8134,LOC728392
16S+ Neighborhood / 16S- Neighborhood,0.250852218,1.079749589,465,2093,978,8134,LONP1
16S+ Neighborhood / 16S- Neighborhood,0.371201774,0.838397946,40,2093,104,8134,LONRF1
16S+ Neighborhood / 16S- Neighborhood,0.004655456,0.68181261,97,2093,338,8134,LOX
16S+ Neighborhood / 16S- Neighborhood,0.216774411,0.763818151,34,2093,118,8134,LOXL2
16S+ Neighborhood / 16S- Neighborhood,0.13281767,1.267457234,85,2093,142,8134,LPAR1
16S+ Neighborhood / 16S- Neighborhood,0.030925301,1.250877422,206,2093,332,8134,LPAR2
16S+ Neighborhood / 16S- Neighborhood,0.465828826,1.132868283,74,2093,123,8134,LPAR3
16S+ Neighborhood / 16S- Neighborhood,0.164649341,0.827997094,102,2093,288,8134,LPAR5
16S+ Neighborhood / 16S- Neighborhood,0.031859846,1.600780184,43,2093,60,8134,LPAR6
16S+ Neighborhood / 16S- Neighborhood,0.426068651,0.917917686,133,2093,528,8134,LPCAT1
16S+ Neighborhood / 16S- Neighborhood,0.472342765,1.113089084,74,2093,149,8134,LPCAT2
16S+ Neighborhood / 16S- Neighborhood,0.916179558,1.013175117,114,2093,274,8134,LPCAT3
16S+ Neighborhood / 16S- Neighborhood,0.949948258,0.988513792,48,2093,167,8134,LPCAT4
16S+ Neighborhood / 16S- Neighborhood,0.114211876,0.829221557,124,2093,282,8134,LPGAT1
16S+ Neighborhood / 16S- Neighborhood,0.512512301,1.115402472,61,2093,188,8134,LPIN1
16S+ Neighborhood / 16S- Neighborhood,0.259375413,0.863489929,96,2093,322,8134,LPIN2
16S+ Neighborhood / 16S- Neighborhood,0.00041501,0.501981497,37,2093,167,8134,LPL
16S+ Neighborhood / 16S- Neighborhood,0.276876602,1.128971639,170,2093,281,8134,LRBA
16S+ Neighborhood / 16S- Neighborhood,0.625966807,0.923207915,65,2093,186,8134,LRCH1
16S+ Neighborhood / 16S- Neighborhood,0.315613568,1.119919696,188,2093,287,8134,LRIG1
16S+ Neighborhood / 16S- Neighborhood,0.353224195,1.09726165,188,2093,402,8134,LRP1
16S+ Neighborhood / 16S- Neighborhood,0.175391686,0.783078782,47,2093,126,8134,LRP2
16S+ Neighborhood / 16S- Neighborhood,0.079445532,0.758982491,81,2093,183,8134,LRP4
16S+ Neighborhood / 16S- Neighborhood,0.987411422,0.999023844,659,2093,932,8134,LRP5
16S+ Neighborhood / 16S- Neighborhood,0.007066318,1.342497772,202,2093,285,8134,LRP6
16S+ Neighborhood / 16S- Neighborhood,0.290195623,1.069508676,492,2093,1066,8134,LRPAP1
16S+ Neighborhood / 16S- Neighborhood,0.008782984,1.201456395,426,2093,1077,8134,LRPPRC
16S+ Neighborhood / 16S- Neighborhood,0.034406264,0.754537432,94,2093,266,8134,LRR1
16S+ Neighborhood / 16S- Neighborhood,0.781713385,1.065953079,36,2093,75,8134,LRRC25
16S+ Neighborhood / 16S- Neighborhood,0.201295225,0.779084166,38,2093,119,8134,LRRC32
16S+ Neighborhood / 16S- Neighborhood,0.015120367,0.528613106,20,2093,81,8134,LRRC3B
16S+ Neighborhood / 16S- Neighborhood,0.347327803,1.084285225,302,2093,456,8134,LRRC41
16S+ Neighborhood / 16S- Neighborhood,0.000247296,0.609136394,86,2093,316,8134,LRRC4B
16S+ Neighborhood / 16S- Neighborhood,0.02131799,0.696648896,57,2093,173,8134,LRRC4C
16S+ Neighborhood / 16S- Neighborhood,0.041447006,0.73082587,70,2093,203,8134,LRRC7
16S+ Neighborhood / 16S- Neighborhood,0.149423295,1.243036352,103,2093,148,8134,LRRC8B
16S+ Neighborhood / 16S- Neighborhood,1.12E-05,1.420074551,357,2093,474,8134,LRRFIP1
16S+ Neighborhood / 16S- Neighborhood,0.06059631,0.694896154,45,2093,124,8134,LRRK2
16S+ Neighborhood / 16S- Neighborhood,0.033727181,0.631818959,39,2093,128,8134,LRRN3
16S+ Neighborhood / 16S- Neighborhood,0.721307924,1.075552492,52,2093,139,8134,LRSAM1
16S+ Neighborhood / 16S- Neighborhood,0.371194371,0.8743279,69,2093,165,8134,LSM6
16S+ Neighborhood / 16S- Neighborhood,0.084461142,1.148206145,279,2093,498,8134,LSM7
16S+ Neighborhood / 16S- Neighborhood,0.416643744,0.891548017,94,2093,188,8134,LSM8
16S+ Neighborhood / 16S- Neighborhood,0.770764486,1.019207181,421,2093,1802,8134,LSR
16S+ Neighborhood / 16S- Neighborhood,0.775333158,1.031425774,164,2093,628,8134,LSS
16S+ Neighborhood / 16S- Neighborhood,0.959175568,1.010116123,45,2093,121,8134,LST1
16S+ Neighborhood / 16S- Neighborhood,0.087396598,0.733383755,48,2093,131,8134,LTA
16S+ Neighborhood / 16S- Neighborhood,0.4797471,0.907230587,85,2093,186,8134,LTA4H
16S+ Neighborhood / 16S- Neighborhood,0.50864612,0.900594771,65,2093,156,8134,LTB
16S+ Neighborhood / 16S- Neighborhood,0.023682108,0.696721664,69,2093,274,8134,LTBP1
16S+ Neighborhood / 16S- Neighborhood,0.738400231,1.056168156,64,2093,136,8134,LTBP2
16S+ Neighborhood / 16S- Neighborhood,0.817177179,1.015755627,436,2093,880,8134,LTBR
16S+ Neighborhood / 16S- Neighborhood,0.154104792,0.794189775,65,2093,191,8134,LTC4S
16S+ Neighborhood / 16S- Neighborhood,0.038894713,0.673072327,37,2093,118,8134,LTF
16S+ Neighborhood / 16S- Neighborhood,0.64677669,0.924253337,59,2093,157,8134,LTK
16S+ Neighborhood / 16S- Neighborhood,0.140240873,0.818025059,89,2093,227,8134,LTN1
16S+ Neighborhood / 16S- Neighborhood,0.019378105,0.671112797,65,2093,273,8134,LUM
16S+ Neighborhood / 16S- Neighborhood,0.026146127,0.583151293,25,2093,99,8134,LUZP2
16S+ Neighborhood / 16S- Neighborhood,0.001801517,0.546654103,42,2093,184,8134,LY6D
16S+ Neighborhood / 16S- Neighborhood,0.729706096,0.960663314,109,2093,551,8134,LY6E
16S+ Neighborhood / 16S- Neighborhood,0.476501797,0.886151237,62,2093,207,8134,LY75
16S+ Neighborhood / 16S- Neighborhood,0.059002353,0.594811677,21,2093,82,8134,LY86
16S+ Neighborhood / 16S- Neighborhood,0.005733388,0.589826952,42,2093,154,8134,LY9
16S+ Neighborhood / 16S- Neighborhood,0.012647174,0.521657797,19,2093,80,8134,LY96
16S+ Neighborhood / 16S- Neighborhood,0.169301718,1.20791761,101,2093,176,8134,LYAR
16S+ Neighborhood / 16S- Neighborhood,0.579241367,0.915201284,75,2093,193,8134,LYL1
16S+ Neighborhood / 16S- Neighborhood,0.789850018,1.036432142,110,2093,300,8134,LYN
16S+ Neighborhood / 16S- Neighborhood,0.049477968,0.729963176,66,2093,208,8134,LYNX1
16S+ Neighborhood / 16S- Neighborhood,0.001996545,0.656290857,96,2093,218,8134,LYPD3
16S+ Neighborhood / 16S- Neighborhood,0.063490063,1.219828645,194,2093,250,8134,LYPLA1
16S+ Neighborhood / 16S- Neighborhood,0.970870365,1.006229098,63,2093,147,8134,LYST
16S+ Neighborhood / 16S- Neighborhood,0.009894235,0.555526393,28,2093,117,8134,LYVE1
16S+ Neighborhood / 16S- Neighborhood,0.00056325,0.689237116,173,2093,653,8134,LYZ
16S+ Neighborhood / 16S- Neighborhood,0.38751772,1.090561737,177,2093,374,8134,M6PR
16S+ Neighborhood / 16S- Neighborhood,0.035029698,1.245659698,203,2093,301,8134,MACF1
16S+ Neighborhood / 16S- Neighborhood,0.156542873,0.865380469,158,2093,525,8134,MAD1L1
16S+ Neighborhood / 16S- Neighborhood,0.102851741,1.239294485,104,2093,181,8134,MAD2L1
16S+ Neighborhood / 16S- Neighborhood,0.010944296,0.777391947,174,2093,501,8134,MAD2L2
16S+ Neighborhood / 16S- Neighborhood,0.131299497,0.780284163,65,2093,208,8134,MADCAM1
16S+ Neighborhood / 16S- Neighborhood,0.066534161,0.803765799,181,2093,424,8134,MAF
16S+ Neighborhood / 16S- Neighborhood,0.750664261,1.045430852,94,2093,213,8134,MAFA
16S+ Neighborhood / 16S- Neighborhood,0.34069101,1.130901253,125,2093,238,8134,MAFB
16S+ Neighborhood / 16S- Neighborhood,0.061807384,0.736149098,68,2093,313,8134,MAG
16S+ Neighborhood / 16S- Neighborhood,0.964585546,0.988345281,25,2093,62,8134,MAGEA1
16S+ Neighborhood / 16S- Neighborhood,0.98242049,0.996742525,83,2093,175,8134,MAGEA12
16S+ Neighborhood / 16S- Neighborhood,0.105365914,1.149392674,343,2093,401,8134,MAGEA3/6
16S+ Neighborhood / 16S- Neighborhood,1.55E-05,1.46175434,372,2093,292,8134,MAGEA4
16S+ Neighborhood / 16S- Neighborhood,0.834738249,0.951717879,28,2093,74,8134,MAGEB2
16S+ Neighborhood / 16S- Neighborhood,0.838424353,0.963913943,51,2093,116,8134,MAGEC1
16S+ Neighborhood / 16S- Neighborhood,0.022734262,0.661823452,50,2093,155,8134,MAGEC2
16S+ Neighborhood / 16S- Neighborhood,0.001002398,1.342986375,325,2093,365,8134,MAGED1
16S+ Neighborhood / 16S- Neighborhood,0.032841299,0.792048152,163,2093,366,8134,MAGED2
16S+ Neighborhood / 16S- Neighborhood,0.800745077,0.95104475,38,2093,82,8134,MAGI1
16S+ Neighborhood / 16S- Neighborhood,0.286747299,1.101565584,273,2093,448,8134,MAGOH
16S+ Neighborhood / 16S- Neighborhood,0.94128966,1.012553109,62,2093,116,8134,MAGT1
16S+ Neighborhood / 16S- Neighborhood,0.237783298,0.726933285,19,2093,56,8134,MAL
16S+ Neighborhood / 16S- Neighborhood,0.394082219,0.887380071,87,2093,267,8134,MALT1
16S+ Neighborhood / 16S- Neighborhood,6.81E-05,1.711099443,114,2093,136,8134,MAML1
16S+ Neighborhood / 16S- Neighborhood,0.172067272,0.768587596,46,2093,156,8134,MAML2
16S+ Neighborhood / 16S- Neighborhood,0.037442994,1.294755914,167,2093,195,8134,MAML3
16S+ Neighborhood / 16S- Neighborhood,0.024748924,0.732446939,83,2093,246,8134,MAN1A1
16S+ Neighborhood / 16S- Neighborhood,0.034478867,1.429526158,69,2093,96,8134,MAN1A2
16S+ Neighborhood / 16S- Neighborhood,0.635753014,0.957193334,210,2093,572,8134,MAN1B1
16S+ Neighborhood / 16S- Neighborhood,0.882016128,0.977367041,67,2093,147,8134,MAN1C1
16S+ Neighborhood / 16S- Neighborhood,0.295343242,0.84861259,66,2093,179,8134,MAN2A1
16S+ Neighborhood / 16S- Neighborhood,0.161275538,1.183878979,116,2093,205,8134,MAN2B1
16S+ Neighborhood / 16S- Neighborhood,0.302294229,1.123032906,158,2093,346,8134,MANBA
16S+ Neighborhood / 16S- Neighborhood,0.835179881,1.017774812,255,2093,536,8134,MANF
16S+ Neighborhood / 16S- Neighborhood,0.942341897,1.010912199,82,2093,192,8134,MAOA
16S+ Neighborhood / 16S- Neighborhood,0.36669338,0.830370214,42,2093,131,8134,MAOB
16S+ Neighborhood / 16S- Neighborhood,0.01531467,0.687125304,67,2093,271,8134,MAP1B
16S+ Neighborhood / 16S- Neighborhood,0.027589151,0.72103985,79,2093,229,8134,MAP1LC3A
16S+ Neighborhood / 16S- Neighborhood,0.073148841,0.729067918,51,2093,144,8134,MAP1LC3B
16S+ Neighborhood / 16S- Neighborhood,0.048265835,0.649943207,32,2093,99,8134,MAP2
16S+ Neighborhood / 16S- Neighborhood,0.599693332,0.950703875,184,2093,621,8134,MAP2K1
16S+ Neighborhood / 16S- Neighborhood,0.655234275,1.033571876,353,2093,845,8134,MAP2K2
16S+ Neighborhood / 16S- Neighborhood,0.530095281,1.062829082,175,2093,351,8134,MAP2K3
16S+ Neighborhood / 16S- Neighborhood,0.264104072,1.13981612,132,2093,238,8134,MAP2K4
16S+ Neighborhood / 16S- Neighborhood,0.543142522,1.088224272,98,2093,249,8134,MAP2K5
16S+ Neighborhood / 16S- Neighborhood,0.28104416,0.845964258,70,2093,234,8134,MAP2K6
16S+ Neighborhood / 16S- Neighborhood,0.454233202,1.096246787,123,2093,311,8134,MAP2K7
16S+ Neighborhood / 16S- Neighborhood,0.1640227,0.811868833,70,2093,177,8134,MAP3K1
16S+ Neighborhood / 16S- Neighborhood,0.003709656,0.643033246,70,2093,223,8134,MAP3K12
16S+ Neighborhood / 16S- Neighborhood,0.006192817,0.683467955,83,2093,251,8134,MAP3K13
16S+ Neighborhood / 16S- Neighborhood,0.333126423,0.898776129,129,2093,304,8134,MAP3K14
16S+ Neighborhood / 16S- Neighborhood,0.748355312,1.043011924,112,2093,232,8134,MAP3K2
16S+ Neighborhood / 16S- Neighborhood,0.848664366,0.959937985,34,2093,96,8134,MAP3K20
16S+ Neighborhood / 16S- Neighborhood,0.508097836,1.0850678,116,2093,230,8134,MAP3K3
16S+ Neighborhood / 16S- Neighborhood,0.002161909,1.322312045,326,2093,390,8134,MAP3K4
16S+ Neighborhood / 16S- Neighborhood,0.016557466,1.41882157,105,2093,138,8134,MAP3K5
16S+ Neighborhood / 16S- Neighborhood,0.105581343,1.245334662,117,2093,159,8134,MAP3K7
16S+ Neighborhood / 16S- Neighborhood,0.010057535,0.608286606,43,2093,151,8134,MAP3K8
16S+ Neighborhood / 16S- Neighborhood,0.782801048,1.068385293,34,2093,80,8134,MAP4
16S+ Neighborhood / 16S- Neighborhood,0.100244781,0.799328647,98,2093,270,8134,MAP4K2
16S+ Neighborhood / 16S- Neighborhood,0.714485955,0.95479336,123,2093,234,8134,MAP4K3
16S+ Neighborhood / 16S- Neighborhood,0.022494933,1.259212609,190,2093,325,8134,MAP4K4
16S+ Neighborhood / 16S- Neighborhood,3.37E-05,1.474476565,308,2093,271,8134,MAP7
16S+ Neighborhood / 16S- Neighborhood,0.357854841,0.892338965,106,2093,257,8134,MAPK1
16S+ Neighborhood / 16S- Neighborhood,0.021389066,0.719611006,85,2093,247,8134,MAPK10
16S+ Neighborhood / 16S- Neighborhood,0.202071055,0.849394588,113,2093,272,8134,MAPK11
16S+ Neighborhood / 16S- Neighborhood,0.790914247,0.963244013,87,2093,229,8134,MAPK12
16S+ Neighborhood / 16S- Neighborhood,0.004180643,1.212696688,488,2093,995,8134,MAPK13
16S+ Neighborhood / 16S- Neighborhood,0.194082317,1.110018982,286,2093,552,8134,MAPK14
16S+ Neighborhood / 16S- Neighborhood,0.290815302,1.21796317,55,2093,99,8134,MAPK3
16S+ Neighborhood / 16S- Neighborhood,0.267793503,0.8059937,44,2093,115,8134,MAPK4
16S+ Neighborhood / 16S- Neighborhood,0.533242457,0.908235332,74,2093,169,8134,MAPK7
16S+ Neighborhood / 16S- Neighborhood,0.751259499,0.935334374,39,2093,76,8134,MAPK8
16S+ Neighborhood / 16S- Neighborhood,0.130542361,0.782035528,69,2093,174,8134,MAPK8IP1
16S+ Neighborhood / 16S- Neighborhood,0.09964321,0.763265994,66,2093,214,8134,MAPK8IP2
16S+ Neighborhood / 16S- Neighborhood,0.604082252,1.049690831,246,2093,425,8134,MAPK8IP3
16S+ Neighborhood / 16S- Neighborhood,0.461395046,0.892967722,77,2093,176,8134,MAPK9
16S+ Neighborhood / 16S- Neighborhood,0.265198149,0.892978058,190,2093,499,8134,MAPKAP1
16S+ Neighborhood / 16S- Neighborhood,0.838234967,1.02272077,155,2093,292,8134,MAPKAPK2
16S+ Neighborhood / 16S- Neighborhood,0.735589519,0.946613588,69,2093,180,8134,MAPKAPK3
16S+ Neighborhood / 16S- Neighborhood,0.264808692,1.103623617,274,2093,499,8134,MAPKAPK5
16S+ Neighborhood / 16S- Neighborhood,0.570452224,1.128816078,34,2093,63,8134,MAPKBP1
16S+ Neighborhood / 16S- Neighborhood,0.52155483,0.95012488,348,2093,609,8134,MAPRE1
16S+ Neighborhood / 16S- Neighborhood,0.793711359,1.054781707,44,2093,111,8134,MAPT
16S+ Neighborhood / 16S- Neighborhood,0.527855735,1.052991095,307,2093,650,8134,MARCKS
16S+ Neighborhood / 16S- Neighborhood,0.029473294,1.13188478,760,2093,1092,8134,MARCKSL1
16S+ Neighborhood / 16S- Neighborhood,0.061233054,0.705487699,51,2093,227,8134,MARCO
16S+ Neighborhood / 16S- Neighborhood,0.017788871,1.439109092,94,2093,107,8134,MARK3
16S+ Neighborhood / 16S- Neighborhood,0.463382379,0.873596817,46,2093,111,8134,MAS1
16S+ Neighborhood / 16S- Neighborhood,0.249138246,0.789092848,40,2093,110,8134,MASP1
16S+ Neighborhood / 16S- Neighborhood,0.674956753,1.06684414,88,2093,194,8134,MASP2
16S+ Neighborhood / 16S- Neighborhood,0.91177433,1.009372039,277,2093,569,8134,MAU2
16S+ Neighborhood / 16S- Neighborhood,0.865147583,0.98260203,189,2093,418,8134,MAVS
16S+ Neighborhood / 16S- Neighborhood,0.763263817,1.027306966,209,2093,427,8134,MAX
16S+ Neighborhood / 16S- Neighborhood,0.293254847,0.784900071,32,2093,95,8134,MB
16S+ Neighborhood / 16S- Neighborhood,0.30702194,1.139057787,119,2093,197,8134,MBD3
16S+ Neighborhood / 16S- Neighborhood,0.066830989,1.204296473,215,2093,324,8134,MBD4
16S+ Neighborhood / 16S- Neighborhood,0.189301082,1.132427521,276,2093,365,8134,MBIP
16S+ Neighborhood / 16S- Neighborhood,7.04E-05,0.419726949,29,2093,143,8134,MBL2
16S+ Neighborhood / 16S- Neighborhood,0.398953559,1.125171916,80,2093,152,8134,MBNL1
16S+ Neighborhood / 16S- Neighborhood,0.692454284,0.933793495,55,2093,151,8134,MBNL3
16S+ Neighborhood / 16S- Neighborhood,0.331208078,0.866976789,78,2093,199,8134,MBOAT2
16S+ Neighborhood / 16S- Neighborhood,0.959111381,0.994762652,183,2093,393,8134,MBOAT7
16S+ Neighborhood / 16S- Neighborhood,0.45725516,0.895702002,95,2093,298,8134,MBP
16S+ Neighborhood / 16S- Neighborhood,0.317255718,1.160245221,91,2093,146,8134,MBTPS1
16S+ Neighborhood / 16S- Neighborhood,0.997258961,1.000630845,54,2093,127,8134,MBTPS2
16S+ Neighborhood / 16S- Neighborhood,0.461124163,0.869797743,51,2093,138,8134,MC2R
16S+ Neighborhood / 16S- Neighborhood,0.575634218,0.892107093,46,2093,102,8134,MC3R
16S+ Neighborhood / 16S- Neighborhood,0.040859608,0.606053289,25,2093,101,8134,MC4R
16S+ Neighborhood / 16S- Neighborhood,0.032969377,0.607343024,27,2093,92,8134,MC5R
16S+ Neighborhood / 16S- Neighborhood,0.243159002,0.803361471,60,2093,243,8134,MCAM
16S+ Neighborhood / 16S- Neighborhood,0.306860456,1.137046329,108,2093,202,8134,MCAT
16S+ Neighborhood / 16S- Neighborhood,0.00200667,0.593155085,56,2093,209,8134,MCEE
16S+ Neighborhood / 16S- Neighborhood,0.140604414,0.749723419,43,2093,152,8134,MCEMP1
16S+ Neighborhood / 16S- Neighborhood,0.872162728,0.975715861,74,2093,175,8134,MCFD2
16S+ Neighborhood / 16S- Neighborhood,0.785086714,0.96264754,91,2093,195,8134,MCHR2
16S+ Neighborhood / 16S- Neighborhood,0.104267671,0.921210371,975,2093,2607,8134,MCL1
16S+ Neighborhood / 16S- Neighborhood,0.028064912,1.402952873,86,2093,117,8134,MCM2
16S+ Neighborhood / 16S- Neighborhood,0.015486816,1.28427597,172,2093,279,8134,MCM3
16S+ Neighborhood / 16S- Neighborhood,0.027527702,1.408526017,112,2093,116,8134,MCM4
16S+ Neighborhood / 16S- Neighborhood,0.616401903,0.933789534,107,2093,217,8134,MCM5
16S+ Neighborhood / 16S- Neighborhood,0.713572518,0.954383877,127,2093,288,8134,MCM6
16S+ Neighborhood / 16S- Neighborhood,0.367420427,1.131877653,112,2093,157,8134,MCM7
16S+ Neighborhood / 16S- Neighborhood,0.74433392,1.039820287,135,2093,305,8134,MCOLN1
16S+ Neighborhood / 16S- Neighborhood,0.044760969,0.728513325,70,2093,227,8134,MCPH1
16S+ Neighborhood / 16S- Neighborhood,0.905687083,1.012334474,192,2093,387,8134,MCRS1
16S+ Neighborhood / 16S- Neighborhood,0.61623864,1.099736881,49,2093,153,8134,MCTP1
16S+ Neighborhood / 16S- Neighborhood,0.427177046,1.110698679,107,2093,216,8134,MCTP2
16S+ Neighborhood / 16S- Neighborhood,0.290364815,0.741530561,18,2093,54,8134,MCU
16S+ Neighborhood / 16S- Neighborhood,0.815178858,1.03008229,113,2093,232,8134,MDC1
16S+ Neighborhood / 16S- Neighborhood,0.707002615,0.909187911,23,2093,53,8134,MDFIC
16S+ Neighborhood / 16S- Neighborhood,0.183613001,0.763227004,44,2093,112,8134,MDGA2
16S+ Neighborhood / 16S- Neighborhood,0.586976006,0.950790899,212,2093,495,8134,MDH1
16S+ Neighborhood / 16S- Neighborhood,0.01951683,1.276240398,208,2093,271,8134,MDH2
16S+ Neighborhood / 16S- Neighborhood,1.54E-06,1.200070898,2551,2093,2581,8134,MDK
16S+ Neighborhood / 16S- Neighborhood,0.999912061,1.000012179,170,2093,307,8134,MDM2
16S+ Neighborhood / 16S- Neighborhood,0.839502169,0.973983602,113,2093,257,8134,MDM4
16S+ Neighborhood / 16S- Neighborhood,0.311333251,1.239812299,55,2093,67,8134,ME1
16S+ Neighborhood / 16S- Neighborhood,0.520291351,0.909368854,76,2093,178,8134,ME2
16S+ Neighborhood / 16S- Neighborhood,0.613209581,0.874061899,22,2093,82,8134,ME3
16S+ Neighborhood / 16S- Neighborhood,0.029193375,1.170050887,430,2093,839,8134,MEA1
16S+ Neighborhood / 16S- Neighborhood,0.409766261,1.098433491,172,2093,246,8134,MEAF6
16S+ Neighborhood / 16S- Neighborhood,0.029620532,0.661019968,43,2093,150,8134,MECOM
16S+ Neighborhood / 16S- Neighborhood,0.718667218,1.039790236,153,2093,390,8134,MECP2
16S+ Neighborhood / 16S- Neighborhood,0.00772644,0.645990609,58,2093,211,8134,MECR
16S+ Neighborhood / 16S- Neighborhood,0.85877012,0.980043781,155,2093,274,8134,MED1
16S+ Neighborhood / 16S- Neighborhood,0.020923549,0.765492673,122,2093,410,8134,MED10
16S+ Neighborhood / 16S- Neighborhood,0.325784532,1.141439301,99,2093,185,8134,MED11
16S+ Neighborhood / 16S- Neighborhood,0.312468611,0.840824068,59,2093,147,8134,MED12
16S+ Neighborhood / 16S- Neighborhood,0.666797567,0.961030067,207,2093,435,8134,MED13
16S+ Neighborhood / 16S- Neighborhood,0.795830128,0.963933923,108,2093,177,8134,MED13L
16S+ Neighborhood / 16S- Neighborhood,0.044688102,0.763395359,104,2093,311,8134,MED14
16S+ Neighborhood / 16S- Neighborhood,0.093880093,1.048407638,2839,2093,5638,8134,MED15
16S+ Neighborhood / 16S- Neighborhood,0.00546538,1.307429255,222,2093,444,8134,MED16
16S+ Neighborhood / 16S- Neighborhood,0.829299802,1.036550889,55,2093,110,8134,MED19
16S+ Neighborhood / 16S- Neighborhood,0.504029575,0.919652742,107,2093,239,8134,MED21
16S+ Neighborhood / 16S- Neighborhood,0.144597015,1.299969345,76,2093,101,8134,MED23
16S+ Neighborhood / 16S- Neighborhood,0.487248701,1.103976722,84,2093,162,8134,MED24
16S+ Neighborhood / 16S- Neighborhood,0.35830264,1.106449806,169,2093,306,8134,MED25
16S+ Neighborhood / 16S- Neighborhood,0.849715376,1.020395749,164,2093,388,8134,MED27
16S+ Neighborhood / 16S- Neighborhood,0.969731953,1.003708437,220,2093,416,8134,MED28
16S+ Neighborhood / 16S- Neighborhood,0.009293148,0.738020212,138,2093,338,8134,MED29
16S+ Neighborhood / 16S- Neighborhood,0.011130706,0.69814894,84,2093,248,8134,MED30
16S+ Neighborhood / 16S- Neighborhood,0.035367968,0.750457192,98,2093,271,8134,MED31
16S+ Neighborhood / 16S- Neighborhood,0.760793968,1.039651315,118,2093,234,8134,MED4
16S+ Neighborhood / 16S- Neighborhood,0.320438198,0.867048742,77,2093,184,8134,MED6
16S+ Neighborhood / 16S- Neighborhood,0.00422881,0.635767604,63,2093,224,8134,MED7
16S+ Neighborhood / 16S- Neighborhood,0.656459765,0.946394115,136,2093,185,8134,MED8
16S+ Neighborhood / 16S- Neighborhood,0.764456549,0.96474514,134,2093,248,8134,MED9
16S+ Neighborhood / 16S- Neighborhood,0.675919345,0.940697033,82,2093,222,8134,MEF2A
16S+ Neighborhood / 16S- Neighborhood,0.153016504,0.663004977,19,2093,62,8134,MEF2C
16S+ Neighborhood / 16S- Neighborhood,0.554484987,0.940670085,165,2093,386,8134,MEF2D
16S+ Neighborhood / 16S- Neighborhood,0.171264893,0.692104258,21,2093,63,8134,MEFV
16S+ Neighborhood / 16S- Neighborhood,0.001755426,0.386086014,19,2093,100,8134,MEG3
16S+ Neighborhood / 16S- Neighborhood,0.019368152,0.636634168,38,2093,128,8134,MEGF11
16S+ Neighborhood / 16S- Neighborhood,0.027848906,0.717400936,77,2093,228,8134,MEIS1
16S+ Neighborhood / 16S- Neighborhood,0.193077876,0.861445371,145,2093,496,8134,MEIS2
16S+ Neighborhood / 16S- Neighborhood,0.265012384,0.807640676,42,2093,109,8134,MELK
16S+ Neighborhood / 16S- Neighborhood,0.342514523,0.909141222,194,2093,415,8134,MELTF
16S+ Neighborhood / 16S- Neighborhood,0.21417985,0.88704757,202,2093,505,8134,MEN1
16S+ Neighborhood / 16S- Neighborhood,0.229893143,0.782713882,37,2093,99,8134,MEOX1
16S+ Neighborhood / 16S- Neighborhood,0.02118226,0.680003547,63,2093,226,8134,MERTK
16S+ Neighborhood / 16S- Neighborhood,0.034243298,0.755641622,102,2093,348,8134,MESP1
16S+ Neighborhood / 16S- Neighborhood,0.660468077,1.054513237,127,2093,324,8134,MET
16S+ Neighborhood / 16S- Neighborhood,0.800555415,0.961282894,83,2093,132,8134,METTL7A
16S+ Neighborhood / 16S- Neighborhood,0.39895069,0.882894456,74,2093,165,8134,MEX3C
16S+ Neighborhood / 16S- Neighborhood,0.83942473,1.040082693,41,2093,81,8134,MFAP1
16S+ Neighborhood / 16S- Neighborhood,0.786880294,1.033590502,122,2093,236,8134,MFAP2
16S+ Neighborhood / 16S- Neighborhood,0.019242367,0.71831623,84,2093,257,8134,MFAP3
16S+ Neighborhood / 16S- Neighborhood,0.296227786,0.724788841,15,2093,42,8134,MFAP4
16S+ Neighborhood / 16S- Neighborhood,0.000198122,0.523514707,50,2093,199,8134,MFAP5
16S+ Neighborhood / 16S- Neighborhood,0.6083801,0.948960711,172,2093,553,8134,MFGE8
16S+ Neighborhood / 16S- Neighborhood,0.892914879,1.01522891,171,2093,301,8134,MFN1
16S+ Neighborhood / 16S- Neighborhood,0.040726057,1.240220792,220,2093,257,8134,MFN2
16S+ Neighborhood / 16S- Neighborhood,0.809646185,0.944490511,29,2093,102,8134,MFNG
16S+ Neighborhood / 16S- Neighborhood,0.001087609,0.670868186,112,2093,337,8134,MFSD8
16S+ Neighborhood / 16S- Neighborhood,0.57349966,1.046812162,317,2093,943,8134,MGAT1
16S+ Neighborhood / 16S- Neighborhood,0.09157451,0.761610062,58,2093,167,8134,MGAT4A
16S+ Neighborhood / 16S- Neighborhood,0.462552678,0.847438225,29,2093,74,8134,MGAT4C
16S+ Neighborhood / 16S- Neighborhood,0.000855495,0.665311863,105,2093,475,8134,MGLL
16S+ Neighborhood / 16S- Neighborhood,0.762789931,0.956789825,89,2093,213,8134,MGMT
16S+ Neighborhood / 16S- Neighborhood,0.171752351,0.838233833,235,2093,951,8134,MGP
16S+ Neighborhood / 16S- Neighborhood,0.348251002,0.921304487,265,2093,551,8134,MGRN1
16S+ Neighborhood / 16S- Neighborhood,0.164765006,0.812294619,68,2093,253,8134,MGST1
16S+ Neighborhood / 16S- Neighborhood,0.397044483,1.074482941,297,2093,547,8134,MGST3
16S+ Neighborhood / 16S- Neighborhood,0.329111768,0.973487815,4361,2093,21713,8134,MHC I
16S+ Neighborhood / 16S- Neighborhood,0.214698432,0.701519108,19,2093,60,8134,MIA
16S+ Neighborhood / 16S- Neighborhood,0.819381269,0.980449427,264,2093,603,8134,MIB1
16S+ Neighborhood / 16S- Neighborhood,0.489204879,0.930468211,152,2093,337,8134,MIB2
16S+ Neighborhood / 16S- Neighborhood,0.007216237,0.6111527,43,2093,176,8134,MICA
16S+ Neighborhood / 16S- Neighborhood,3.13E-05,0.558855388,79,2093,361,8134,MICB
16S+ Neighborhood / 16S- Neighborhood,0.535890177,1.094496091,88,2093,159,8134,MID1
16S+ Neighborhood / 16S- Neighborhood,0.848947911,0.978834146,163,2093,360,8134,MID1IP1
16S+ Neighborhood / 16S- Neighborhood,0.131112909,1.333594579,54,2093,78,8134,MIER1
16S+ Neighborhood / 16S- Neighborhood,0.028503423,1.111501333,1021,2093,1962,8134,MIF
16S+ Neighborhood / 16S- Neighborhood,0.298297856,1.133754985,117,2093,218,8134,MIGA1
16S+ Neighborhood / 16S- Neighborhood,0.578582933,1.070507116,125,2093,333,8134,MIGA2
16S+ Neighborhood / 16S- Neighborhood,0.959327797,0.992751177,92,2093,234,8134,MINPP1
16S+ Neighborhood / 16S- Neighborhood,0.118216556,0.759041366,51,2093,136,8134,MIP
16S+ Neighborhood / 16S- Neighborhood,0.177599326,0.82347862,79,2093,255,8134,MIR4435-2HG
16S+ Neighborhood / 16S- Neighborhood,0.799464064,1.035959091,85,2093,175,8134,MIS12
16S+ Neighborhood / 16S- Neighborhood,0.123019669,1.182273951,187,2093,276,8134,MIS18A
16S+ Neighborhood / 16S- Neighborhood,0.000250571,1.442856415,360,2093,302,8134,MIS18BP1
16S+ Neighborhood / 16S- Neighborhood,0.053296956,0.565710207,17,2093,61,8134,MIXL1
16S+ Neighborhood / 16S- Neighborhood,0.455044068,1.125612417,86,2093,194,8134,MKI67
16S+ Neighborhood / 16S- Neighborhood,0.201430086,0.826869861,82,2093,217,8134,MKKS
16S+ Neighborhood / 16S- Neighborhood,0.176530087,1.164698309,165,2093,254,8134,MKNK1
16S+ Neighborhood / 16S- Neighborhood,0.010933677,1.169023437,630,2093,1306,8134,MKNK2
16S+ Neighborhood / 16S- Neighborhood,0.60193818,0.956193501,302,2093,591,8134,MKRN1
16S+ Neighborhood / 16S- Neighborhood,0.073094382,0.673046101,29,2093,97,8134,MLANA
16S+ Neighborhood / 16S- Neighborhood,0.989119055,1.000978811,408,2093,882,8134,MLEC
16S+ Neighborhood / 16S- Neighborhood,0.012992238,1.335420491,156,2093,223,8134,MLF1
16S+ Neighborhood / 16S- Neighborhood,0.518524109,0.92530814,113,2093,255,8134,MLH1
16S+ Neighborhood / 16S- Neighborhood,0.304182748,1.159552116,91,2093,208,8134,MLH3
16S+ Neighborhood / 16S- Neighborhood,0.004712294,0.625446408,54,2093,301,8134,MLKL
16S+ Neighborhood / 16S- Neighborhood,0.025292939,0.733890316,91,2093,299,8134,MLLT11
16S+ Neighborhood / 16S- Neighborhood,0.743915701,0.941994334,54,2093,135,8134,MLLT3
16S+ Neighborhood / 16S- Neighborhood,0.018431932,1.17178056,590,2093,1114,8134,MLPH
16S+ Neighborhood / 16S- Neighborhood,0.952245775,1.010299586,63,2093,112,8134,MLST8
16S+ Neighborhood / 16S- Neighborhood,0.003410309,1.302871347,236,2093,428,8134,MLX
16S+ Neighborhood / 16S- Neighborhood,0.910299463,1.021072076,54,2093,120,8134,MLXIPL
16S+ Neighborhood / 16S- Neighborhood,0.000838306,0.453642522,23,2093,109,8134,MME
16S+ Neighborhood / 16S- Neighborhood,0.912728763,0.972568323,25,2093,57,8134,MMP1
16S+ Neighborhood / 16S- Neighborhood,0.597507355,0.887291607,28,2093,69,8134,MMP11
16S+ Neighborhood / 16S- Neighborhood,0.035808388,0.64076349,39,2093,152,8134,MMP12
16S+ Neighborhood / 16S- Neighborhood,0.003398141,1.217511502,585,2093,658,8134,MMP14
16S+ Neighborhood / 16S- Neighborhood,0.576317745,1.061820437,144,2093,453,8134,MMP15
16S+ Neighborhood / 16S- Neighborhood,0.198588635,0.79661399,63,2093,160,8134,MMP16
16S+ Neighborhood / 16S- Neighborhood,0.033520977,0.571629815,23,2093,90,8134,MMP19
16S+ Neighborhood / 16S- Neighborhood,0.876234058,1.020997507,91,2093,338,8134,MMP2
16S+ Neighborhood / 16S- Neighborhood,0.055384323,0.708236084,52,2093,152,8134,MMP3
16S+ Neighborhood / 16S- Neighborhood,4.07E-06,0.604373356,153,2093,695,8134,MMP7
16S+ Neighborhood / 16S- Neighborhood,0.594958465,0.887721793,35,2093,104,8134,MMP9
16S+ Neighborhood / 16S- Neighborhood,0.003070962,0.577413947,50,2093,183,8134,MMRN1
16S+ Neighborhood / 16S- Neighborhood,0.042238503,0.695482093,56,2093,188,8134,MMRN2
16S+ Neighborhood / 16S- Neighborhood,0.929164523,0.98792846,100,2093,206,8134,MMS22L
16S+ Neighborhood / 16S- Neighborhood,0.330360188,1.168481094,85,2093,140,8134,MNAT1
16S+ Neighborhood / 16S- Neighborhood,0.991060736,1.002162304,44,2093,93,8134,MND1
16S+ Neighborhood / 16S- Neighborhood,0.130737232,0.710058034,28,2093,85,8134,MNDA
16S+ Neighborhood / 16S- Neighborhood,0.295366789,1.093437475,298,2093,499,8134,MOB1A
16S+ Neighborhood / 16S- Neighborhood,0.284739019,0.858656823,95,2093,217,8134,MOB1B
16S+ Neighborhood / 16S- Neighborhood,0.304205307,0.819318864,51,2093,124,8134,MOBP
16S+ Neighborhood / 16S- Neighborhood,0.561743136,0.914777401,74,2093,186,8134,MOG
16S+ Neighborhood / 16S- Neighborhood,0.071326142,0.687938948,37,2093,128,8134,MOGAT1
16S+ Neighborhood / 16S- Neighborhood,0.95225328,0.995326507,339,2093,715,8134,MOGS
16S+ Neighborhood / 16S- Neighborhood,0.003859392,1.228462905,410,2093,827,8134,MORF4L2
16S+ Neighborhood / 16S- Neighborhood,0.125601104,1.285684919,70,2093,110,8134,MOSMO
16S+ Neighborhood / 16S- Neighborhood,0.252334802,1.212170348,69,2093,138,8134,MOSPD2
16S+ Neighborhood / 16S- Neighborhood,0.217849141,1.167218727,121,2093,224,8134,MOV10L1
16S+ Neighborhood / 16S- Neighborhood,0.29988254,0.902661842,200,2093,531,8134,MPC1
16S+ Neighborhood / 16S- Neighborhood,0.934989944,1.012665345,79,2093,177,8134,MPC2
16S+ Neighborhood / 16S- Neighborhood,0.446186866,0.864419601,42,2093,141,8134,MPG
16S+ Neighborhood / 16S- Neighborhood,0.427871789,0.886083937,72,2093,208,8134,MPI
16S+ Neighborhood / 16S- Neighborhood,0.828304652,1.038924955,53,2093,108,8134,MPIG6B
16S+ Neighborhood / 16S- Neighborhood,0.369303662,0.853679565,52,2093,119,8134,MPL
16S+ Neighborhood / 16S- Neighborhood,0.008550119,0.632479446,57,2093,210,8134,MPO
16S+ Neighborhood / 16S- Neighborhood,0.035710689,0.580264298,24,2093,93,8134,MPPED1
16S+ Neighborhood / 16S- Neighborhood,0.098480072,0.821391203,126,2093,353,8134,MPV17
16S+ Neighborhood / 16S- Neighborhood,0.638694442,1.043420715,261,2093,450,8134,MPZL1
16S+ Neighborhood / 16S- Neighborhood,0.297508242,0.87096138,102,2093,260,8134,MR1
16S+ Neighborhood / 16S- Neighborhood,0.698604861,0.940622733,67,2093,155,8134,MRAS
16S+ Neighborhood / 16S- Neighborhood,0.005067806,0.553207616,38,2093,146,8134,MRC1
16S+ Neighborhood / 16S- Neighborhood,0.003999111,0.619130819,55,2093,214,8134,MRC2
16S+ Neighborhood / 16S- Neighborhood,0.735384636,1.04348909,115,2093,242,8134,MRE11
16S+ Neighborhood / 16S- Neighborhood,0.14516402,0.684936029,20,2093,61,8134,MRGPRX1
16S+ Neighborhood / 16S- Neighborhood,0.975488424,1.003726858,125,2093,336,8134,MRM2
16S+ Neighborhood / 16S- Neighborhood,0.963565949,0.993863936,97,2093,208,8134,MRPS31
16S+ Neighborhood / 16S- Neighborhood,0.069239898,0.679632969,37,2093,106,8134,MS4A1
16S+ Neighborhood / 16S- Neighborhood,0.005790245,0.549842702,29,2093,111,8134,MS4A2
16S+ Neighborhood / 16S- Neighborhood,0.08255024,0.731262133,51,2093,194,8134,MS4A4A
16S+ Neighborhood / 16S- Neighborhood,0.01075802,0.627763116,49,2093,191,8134,MS4A6A
16S+ Neighborhood / 16S- Neighborhood,0.001080741,0.566134081,54,2093,229,8134,MS4A7
16S+ Neighborhood / 16S- Neighborhood,0.908398367,0.977735856,52,2093,123,8134,MSH2
16S+ Neighborhood / 16S- Neighborhood,0.038219622,0.66429282,39,2093,124,8134,MSH4
16S+ Neighborhood / 16S- Neighborhood,0.343504871,1.092594697,260,2093,439,8134,MSH6
16S+ Neighborhood / 16S- Neighborhood,0.022667754,1.238433606,237,2093,424,8134,MSL1
16S+ Neighborhood / 16S- Neighborhood,0.014295543,1.4518442,97,2093,122,8134,MSL2
16S+ Neighborhood / 16S- Neighborhood,0.075308029,0.735107463,61,2093,199,8134,MSL3
16S+ Neighborhood / 16S- Neighborhood,0.006033299,1.458695225,195,2093,240,8134,MSLN
16S+ Neighborhood / 16S- Neighborhood,0.020622766,0.693258398,61,2093,177,8134,MSMB
16S+ Neighborhood / 16S- Neighborhood,0.524931693,0.920637171,101,2093,278,8134,MSMO1
16S+ Neighborhood / 16S- Neighborhood,0.035374677,0.708098662,59,2093,247,8134,MSN
16S+ Neighborhood / 16S- Neighborhood,0.049412081,0.659923854,43,2093,149,8134,MSR1
16S+ Neighborhood / 16S- Neighborhood,0.683706232,0.940744486,88,2093,258,8134,MSRA
16S+ Neighborhood / 16S- Neighborhood,0.110761752,0.745770352,54,2093,115,8134,MSRB2
16S+ Neighborhood / 16S- Neighborhood,0.041507282,0.713381537,66,2093,202,8134,MSRB3
16S+ Neighborhood / 16S- Neighborhood,0.415867651,0.8543192,43,2093,134,8134,MST1R
16S+ Neighborhood / 16S- Neighborhood,0.262140544,0.814432839,48,2093,153,8134,MSX2
16S+ Neighborhood / 16S- Neighborhood,0.355473854,0.881850794,104,2093,296,8134,MT1A
16S+ Neighborhood / 16S- Neighborhood,0.060511787,0.723307993,62,2093,188,8134,MT1B
16S+ Neighborhood / 16S- Neighborhood,0.106609274,0.753059837,53,2093,166,8134,MT1E
16S+ Neighborhood / 16S- Neighborhood,0.753764995,0.947617774,59,2093,167,8134,MT1F
16S+ Neighborhood / 16S- Neighborhood,0.009311756,0.631630157,50,2093,204,8134,MT1G
16S+ Neighborhood / 16S- Neighborhood,0.027487976,0.534003325,17,2093,71,8134,MT1H
16S+ Neighborhood / 16S- Neighborhood,0.681910734,0.920402798,42,2093,126,8134,MT1M
16S+ Neighborhood / 16S- Neighborhood,0.138378156,1.165217972,241,2093,494,8134,MT1X
16S+ Neighborhood / 16S- Neighborhood,0.299436896,0.906698566,353,2093,1252,8134,MT2A
16S+ Neighborhood / 16S- Neighborhood,0.6417977,0.933765185,90,2093,230,8134,MT3
16S+ Neighborhood / 16S- Neighborhood,0.000377591,1.47537554,234,2093,271,8134,MTA1
16S+ Neighborhood / 16S- Neighborhood,0.177839853,1.159085175,159,2093,372,8134,MTA3
16S+ Neighborhood / 16S- Neighborhood,0.021290577,0.577505853,23,2093,174,8134,MTAP
16S+ Neighborhood / 16S- Neighborhood,0.11586443,0.77869178,67,2093,191,8134,MTERF1
16S+ Neighborhood / 16S- Neighborhood,0.369990111,0.887150808,93,2093,215,8134,MTF1
16S+ Neighborhood / 16S- Neighborhood,0.531659214,1.098959179,89,2093,144,8134,MTF2
16S+ Neighborhood / 16S- Neighborhood,0.15713453,1.20329069,106,2093,179,8134,MTFR1
16S+ Neighborhood / 16S- Neighborhood,0.045982087,1.195765683,297,2093,452,8134,MTHFD2
16S+ Neighborhood / 16S- Neighborhood,0.973113921,1.009764922,20,2093,56,8134,MTM1
16S+ Neighborhood / 16S- Neighborhood,0.160216839,1.259356725,71,2093,157,8134,MTMR1
16S+ Neighborhood / 16S- Neighborhood,0.093434945,0.808207526,97,2093,256,8134,MTMR10
16S+ Neighborhood / 16S- Neighborhood,0.47343759,1.075654149,212,2093,365,8134,MTMR12
16S+ Neighborhood / 16S- Neighborhood,0.799052147,1.031159174,143,2093,226,8134,MTMR14
16S+ Neighborhood / 16S- Neighborhood,0.528804042,1.135245303,43,2093,84,8134,MTMR2
16S+ Neighborhood / 16S- Neighborhood,0.66489091,0.941967878,88,2093,196,8134,MTMR3
16S+ Neighborhood / 16S- Neighborhood,0.031734859,0.773041004,121,2093,328,8134,MTMR4
16S+ Neighborhood / 16S- Neighborhood,0.2990789,0.759855387,28,2093,90,8134,MTMR7
16S+ Neighborhood / 16S- Neighborhood,0.079212206,0.756368088,67,2093,214,8134,MTMR9
16S+ Neighborhood / 16S- Neighborhood,0.64616395,1.081966903,56,2093,107,8134,MTNR1A
16S+ Neighborhood / 16S- Neighborhood,0.388551672,0.841900207,45,2093,132,8134,MTNR1B
16S+ Neighborhood / 16S- Neighborhood,0.480999582,1.096537451,116,2093,239,8134,MTOR
16S+ Neighborhood / 16S- Neighborhood,0.112970189,1.246987164,101,2093,208,8134,MTR
16S+ Neighborhood / 16S- Neighborhood,0.644329243,0.94700579,131,2093,347,8134,MTUS1
16S+ Neighborhood / 16S- Neighborhood,0.612520195,1.071825292,89,2093,171,8134,MTX2
16S+ Neighborhood / 16S- Neighborhood,0.001816321,1.285655778,356,2093,847,8134,MUC1
16S+ Neighborhood / 16S- Neighborhood,0.274075746,1.228578579,51,2093,155,8134,MUC2
16S+ Neighborhood / 16S- Neighborhood,0.103998939,0.764061779,62,2093,234,8134,MUC4
16S+ Neighborhood / 16S- Neighborhood,0.004404229,0.553102105,35,2093,138,8134,MUSK
16S+ Neighborhood / 16S- Neighborhood,0.14756338,1.176451045,156,2093,272,8134,MUTYH
16S+ Neighborhood / 16S- Neighborhood,0.099964589,1.250696548,97,2093,201,8134,MVB12A
16S+ Neighborhood / 16S- Neighborhood,0.539238246,0.938792621,179,2093,414,8134,MVD
16S+ Neighborhood / 16S- Neighborhood,0.042435317,1.157552715,379,2093,791,8134,MVP
16S+ Neighborhood / 16S- Neighborhood,0.213305221,0.861372258,121,2093,683,8134,MX1
16S+ Neighborhood / 16S- Neighborhood,0.809349007,1.046369215,46,2093,172,8134,MX2
16S+ Neighborhood / 16S- Neighborhood,0.932396569,0.990704163,172,2093,337,8134,MXI1
16S+ Neighborhood / 16S- Neighborhood,0.026584195,0.722029903,82,2093,304,8134,MXRA8
16S+ Neighborhood / 16S- Neighborhood,0.774482358,1.041652972,93,2093,178,8134,MYB
16S+ Neighborhood / 16S- Neighborhood,0.072859149,1.210326613,186,2093,542,8134,MYBL2
16S+ Neighborhood / 16S- Neighborhood,0.314754915,0.88280898,116,2093,389,8134,MYC
16S+ Neighborhood / 16S- Neighborhood,0.253550086,0.851656415,80,2093,215,8134,MYCBP2
16S+ Neighborhood / 16S- Neighborhood,0.116640376,0.693236738,26,2093,79,8134,MYCN
16S+ Neighborhood / 16S- Neighborhood,0.004919114,0.524051634,26,2093,102,8134,MYCT1
16S+ Neighborhood / 16S- Neighborhood,0.888864918,0.97814323,61,2093,133,8134,MYD88
16S+ Neighborhood / 16S- Neighborhood,0.58379204,0.960734533,329,2093,742,8134,MYDGF
16S+ Neighborhood / 16S- Neighborhood,0.549795263,1.103222963,78,2093,145,8134,MYEF2
16S+ Neighborhood / 16S- Neighborhood,0.105679609,0.821544604,150,2093,388,8134,MYH11
16S+ Neighborhood / 16S- Neighborhood,0.933999482,0.976089502,18,2093,39,8134,MYH6
16S+ Neighborhood / 16S- Neighborhood,0.005915202,1.171113904,717,2093,1239,8134,MYH9
16S+ Neighborhood / 16S- Neighborhood,0.819476268,1.051123267,40,2093,77,8134,MYL11
16S+ Neighborhood / 16S- Neighborhood,0.016325642,1.207919174,312,2093,575,8134,MYL12A
16S+ Neighborhood / 16S- Neighborhood,0.126166166,0.739057624,42,2093,124,8134,MYL2
16S+ Neighborhood / 16S- Neighborhood,0.176304654,0.789000583,54,2093,153,8134,MYL4
16S+ Neighborhood / 16S- Neighborhood,0.007096099,1.117087018,1728,2093,2683,8134,MYL6
16S+ Neighborhood / 16S- Neighborhood,0.015575412,1.318070259,170,2093,261,8134,MYL6B
16S+ Neighborhood / 16S- Neighborhood,0.247993648,0.857110809,104,2093,310,8134,MYL7
16S+ Neighborhood / 16S- Neighborhood,0.007928649,0.718154219,128,2093,670,8134,MYL9
16S+ Neighborhood / 16S- Neighborhood,0.191452316,0.867112226,171,2093,315,8134,MYLIP
16S+ Neighborhood / 16S- Neighborhood,0.029161987,0.653819788,38,2093,126,8134,MYLK3
16S+ Neighborhood / 16S- Neighborhood,0.392846066,1.119946457,101,2093,220,8134,MYO10
16S+ Neighborhood / 16S- Neighborhood,0.024956102,0.769636298,134,2093,368,8134,MYO1B
16S+ Neighborhood / 16S- Neighborhood,0.009247406,1.265232357,331,2093,454,8134,MYO1D
16S+ Neighborhood / 16S- Neighborhood,0.029880207,0.631483691,35,2093,113,8134,MYO1E
16S+ Neighborhood / 16S- Neighborhood,0.000433542,0.455228035,26,2093,124,8134,MYO5A
16S+ Neighborhood / 16S- Neighborhood,0.326855601,1.120435358,145,2093,254,8134,MYO5B
16S+ Neighborhood / 16S- Neighborhood,0.298572408,1.09294688,356,2093,491,8134,MYO6
16S+ Neighborhood / 16S- Neighborhood,0.672065027,1.044981458,178,2093,382,8134,MYO9B
16S+ Neighborhood / 16S- Neighborhood,0.204726874,0.83905942,81,2093,273,8134,MYRF
16S+ Neighborhood / 16S- Neighborhood,0.024694424,0.571768478,24,2093,98,8134,MYT1L
16S+ Neighborhood / 16S- Neighborhood,0.073866219,0.749612882,72,2093,181,8134,MZB1
16S+ Neighborhood / 16S- Neighborhood,0.458662802,0.858368861,37,2093,94,8134,MZT1
16S+ Neighborhood / 16S- Neighborhood,0.853345776,1.011734157,543,2093,1171,8134,MZT2A/B
16S+ Neighborhood / 16S- Neighborhood,0.734649458,0.935483701,47,2093,112,8134,NAALAD2
16S+ Neighborhood / 16S- Neighborhood,0.102306853,0.769239076,60,2093,182,8134,NAGA
16S+ Neighborhood / 16S- Neighborhood,0.733533877,1.067296714,47,2093,88,8134,NAGPA
16S+ Neighborhood / 16S- Neighborhood,0.542758696,0.840401544,18,2093,46,8134,NALCN
16S+ Neighborhood / 16S- Neighborhood,0.077309369,0.767102461,77,2093,204,8134,NAMPT
16S+ Neighborhood / 16S- Neighborhood,0.689217656,1.074729431,54,2093,129,8134,NANOG
16S+ Neighborhood / 16S- Neighborhood,0.406987197,1.094032608,205,2093,338,8134,NAP1L5
16S+ Neighborhood / 16S- Neighborhood,0.824753581,1.031088725,95,2093,236,8134,NAPRT
16S+ Neighborhood / 16S- Neighborhood,0.055669828,0.682341972,42,2093,129,8134,NAPSA
16S+ Neighborhood / 16S- Neighborhood,0.856436245,1.017717177,254,2093,375,8134,NASP
16S+ Neighborhood / 16S- Neighborhood,0.018894625,0.650788192,45,2093,152,8134,NAT1
16S+ Neighborhood / 16S- Neighborhood,0.079180525,0.756928924,68,2093,239,8134,NAT8L
16S+ Neighborhood / 16S- Neighborhood,0.378903433,0.851499038,50,2093,161,8134,NAV1
16S+ Neighborhood / 16S- Neighborhood,0.423130562,1.203943575,33,2093,80,8134,NAV2
16S+ Neighborhood / 16S- Neighborhood,0.300790494,0.735347973,17,2093,47,8134,NAV3
16S+ Neighborhood / 16S- Neighborhood,0.611509511,0.907255028,47,2093,108,8134,NBEA
16S+ Neighborhood / 16S- Neighborhood,0.134164866,0.874185784,249,2093,590,8134,NBEAL2
16S+ Neighborhood / 16S- Neighborhood,0.045127877,1.164756343,359,2093,628,8134,NBL1
16S+ Neighborhood / 16S- Neighborhood,0.052726698,0.779014044,107,2093,304,8134,NBN
16S+ Neighborhood / 16S- Neighborhood,0.349923126,1.088883433,213,2093,403,8134,NBR1
16S+ Neighborhood / 16S- Neighborhood,0.5899652,1.157815406,23,2093,47,8134,NCAM1
16S+ Neighborhood / 16S- Neighborhood,0.702997703,1.062353568,71,2093,168,8134,NCAN
16S+ Neighborhood / 16S- Neighborhood,0.427793723,1.096831471,149,2093,366,8134,NCAPD3
16S+ Neighborhood / 16S- Neighborhood,0.589784099,0.950339077,189,2093,419,8134,NCAPH2
16S+ Neighborhood / 16S- Neighborhood,0.362912654,0.899404501,126,2093,298,8134,NCBP1
16S+ Neighborhood / 16S- Neighborhood,0.241022645,1.141541179,171,2093,268,8134,NCBP2
16S+ Neighborhood / 16S- Neighborhood,0.568109146,0.93127683,126,2093,299,8134,NCF1
16S+ Neighborhood / 16S- Neighborhood,0.106043983,0.777641539,67,2093,190,8134,NCF2
16S+ Neighborhood / 16S- Neighborhood,0.083746658,0.712832717,44,2093,143,8134,NCF4
16S+ Neighborhood / 16S- Neighborhood,0.969955695,1.00394264,169,2093,349,8134,NCK1
16S+ Neighborhood / 16S- Neighborhood,0.13188836,1.211333793,131,2093,193,8134,NCK2
16S+ Neighborhood / 16S- Neighborhood,0.795075495,1.026750448,198,2093,394,8134,NCKAP1
16S+ Neighborhood / 16S- Neighborhood,0.094151806,0.724381777,45,2093,142,8134,NCKAP1L
16S+ Neighborhood / 16S- Neighborhood,0.222953536,0.801781474,46,2093,124,8134,NCOA1
16S+ Neighborhood / 16S- Neighborhood,0.311527901,0.902475682,209,2093,383,8134,NCOA2
16S+ Neighborhood / 16S- Neighborhood,0.188375532,0.858571199,140,2093,344,8134,NCOA3
16S+ Neighborhood / 16S- Neighborhood,0.474684079,1.080918829,177,2093,291,8134,NCOA6
16S+ Neighborhood / 16S- Neighborhood,0.230412402,0.82957987,65,2093,219,8134,NCOA7
16S+ Neighborhood / 16S- Neighborhood,0.067574585,1.226347374,149,2093,245,8134,NCOR1
16S+ Neighborhood / 16S- Neighborhood,0.841433624,1.016100214,351,2093,526,8134,NCOR2
16S+ Neighborhood / 16S- Neighborhood,0.210524752,0.770403683,40,2093,110,8134,NCR1
16S+ Neighborhood / 16S- Neighborhood,0.178791729,0.769318586,41,2093,127,8134,NCR3
16S+ Neighborhood / 16S- Neighborhood,0.550670715,0.852261457,24,2093,67,8134,NCR3LG1
16S+ Neighborhood / 16S- Neighborhood,0.009778238,1.241300347,310,2093,518,8134,NCSTN
16S+ Neighborhood / 16S- Neighborhood,0.322313635,1.150435395,91,2093,163,8134,NDC1
16S+ Neighborhood / 16S- Neighborhood,0.314063302,0.826506562,45,2093,139,8134,NDC80
16S+ Neighborhood / 16S- Neighborhood,0.003003764,1.237783133,484,2093,459,8134,NDE1
16S+ Neighborhood / 16S- Neighborhood,0.375853828,0.892451535,121,2093,248,8134,NDEL1
16S+ Neighborhood / 16S- Neighborhood,0.79524943,0.953915278,58,2093,134,8134,NDP
16S+ Neighborhood / 16S- Neighborhood,0.354350136,1.080830308,377,2093,699,8134,NDRG1
16S+ Neighborhood / 16S- Neighborhood,0.003211489,0.671453239,100,2093,243,8134,NDRG2
16S+ Neighborhood / 16S- Neighborhood,0.01757984,0.711964043,67,2093,198,8134,NDRG4
16S+ Neighborhood / 16S- Neighborhood,0.273139338,1.071317968,516,2093,1508,8134,NDUFA1
16S+ Neighborhood / 16S- Neighborhood,0.424012269,1.065538164,322,2093,685,8134,NDUFA10
16S+ Neighborhood / 16S- Neighborhood,0.145908706,1.090880511,582,2093,1132,8134,NDUFA11
16S+ Neighborhood / 16S- Neighborhood,0.632198202,0.939324416,114,2093,216,8134,NDUFA12
16S+ Neighborhood / 16S- Neighborhood,0.006027873,1.217086029,413,2093,726,8134,NDUFA13
16S+ Neighborhood / 16S- Neighborhood,0.476578974,1.070969348,210,2093,409,8134,NDUFA2
16S+ Neighborhood / 16S- Neighborhood,9.42E-25,0.770820479,13634,2093,34355,8134,NDUFA3
16S+ Neighborhood / 16S- Neighborhood,0.748258447,0.969567289,195,2093,502,8134,NDUFA4
16S+ Neighborhood / 16S- Neighborhood,0.034492747,0.756174337,162,2093,387,8134,NDUFA4L2
16S+ Neighborhood / 16S- Neighborhood,0.001487252,0.584550122,55,2093,197,8134,NDUFA5
16S+ Neighborhood / 16S- Neighborhood,0.2795697,0.874920916,122,2093,260,8134,NDUFA6
16S+ Neighborhood / 16S- Neighborhood,0.669778806,1.046387611,152,2093,392,8134,NDUFA7
16S+ Neighborhood / 16S- Neighborhood,0.19064057,0.849906343,122,2093,335,8134,NDUFA8
16S+ Neighborhood / 16S- Neighborhood,0.048684997,1.173088417,332,2093,468,8134,NDUFAB1
16S+ Neighborhood / 16S- Neighborhood,0.507371645,0.908549536,82,2093,196,8134,NDUFAF2
16S+ Neighborhood / 16S- Neighborhood,0.643372679,1.061197894,116,2093,257,8134,NDUFAF5
16S+ Neighborhood / 16S- Neighborhood,0.277831357,1.200431019,71,2093,113,8134,NDUFAF6
16S+ Neighborhood / 16S- Neighborhood,0.993462884,0.99888227,103,2093,239,8134,NDUFAF7
16S+ Neighborhood / 16S- Neighborhood,0.75715113,1.03089281,216,2093,385,8134,NDUFB1
16S+ Neighborhood / 16S- Neighborhood,0.137722172,1.208926461,134,2093,182,8134,NDUFB10
16S+ Neighborhood / 16S- Neighborhood,0.427013258,0.927394815,199,2093,442,8134,NDUFB11
16S+ Neighborhood / 16S- Neighborhood,0.23873182,1.092176326,371,2093,674,8134,NDUFB2
16S+ Neighborhood / 16S- Neighborhood,0.318669206,1.100589398,196,2093,374,8134,NDUFB3
16S+ Neighborhood / 16S- Neighborhood,0.012129119,1.182779692,540,2093,769,8134,NDUFB4
16S+ Neighborhood / 16S- Neighborhood,0.950228667,0.989813111,60,2093,124,8134,NDUFB5
16S+ Neighborhood / 16S- Neighborhood,0.504045438,0.93358392,170,2093,375,8134,NDUFB6
16S+ Neighborhood / 16S- Neighborhood,0.02244328,1.17496891,412,2093,726,8134,NDUFB7
16S+ Neighborhood / 16S- Neighborhood,0.550608357,1.058326485,218,2093,423,8134,NDUFB8
16S+ Neighborhood / 16S- Neighborhood,0.001008048,1.211550288,705,2093,1554,8134,NDUFB9
16S+ Neighborhood / 16S- Neighborhood,0.709827193,1.086835845,42,2093,71,8134,NDUFC1
16S+ Neighborhood / 16S- Neighborhood,0.87494965,1.029004715,55,2093,137,8134,NDUFC2
16S+ Neighborhood / 16S- Neighborhood,0.85331864,0.986038346,297,2093,633,8134,NDUFS1
16S+ Neighborhood / 16S- Neighborhood,0.526943416,1.068285848,167,2093,370,8134,NDUFS2
16S+ Neighborhood / 16S- Neighborhood,0.032014887,1.202423443,235,2093,402,8134,NDUFS3
16S+ Neighborhood / 16S- Neighborhood,0.446506903,0.872979399,52,2093,152,8134,NDUFS4
16S+ Neighborhood / 16S- Neighborhood,8.65E-05,1.323990159,411,2093,917,8134,NDUFS6
16S+ Neighborhood / 16S- Neighborhood,0.037947923,1.160423687,387,2093,814,8134,NDUFS7
16S+ Neighborhood / 16S- Neighborhood,0.003909644,1.182552232,735,2093,949,8134,NDUFS8
16S+ Neighborhood / 16S- Neighborhood,0.601380489,1.038060548,401,2093,951,8134,NDUFV1
16S+ Neighborhood / 16S- Neighborhood,0.117526274,1.130951893,300,2093,917,8134,NDUFV2
16S+ Neighborhood / 16S- Neighborhood,0.439342632,0.875456739,54,2093,160,8134,NDUFV3
16S+ Neighborhood / 16S- Neighborhood,5.21E-15,1.357171779,12699,2093,16123,8134,NEAT1
16S+ Neighborhood / 16S- Neighborhood,0.11436439,0.799470692,88,2093,254,8134,NECAP1
16S+ Neighborhood / 16S- Neighborhood,0.620731545,1.059063904,157,2093,345,8134,NECAP2
16S+ Neighborhood / 16S- Neighborhood,0.249100852,1.096618028,413,2093,469,8134,NECTIN1
16S+ Neighborhood / 16S- Neighborhood,0.237999141,0.88389431,153,2093,483,8134,NECTIN2
16S+ Neighborhood / 16S- Neighborhood,0.196595617,0.795878725,54,2093,159,8134,NECTIN3
16S+ Neighborhood / 16S- Neighborhood,0.856703321,0.974032615,78,2093,164,8134,NECTIN4
16S+ Neighborhood / 16S- Neighborhood,0.157274632,0.751051727,37,2093,102,8134,NEDD4
16S+ Neighborhood / 16S- Neighborhood,0.864262287,0.975035129,78,2093,271,8134,NEDD4L
16S+ Neighborhood / 16S- Neighborhood,0.862786061,0.972378491,71,2093,169,8134,NEFL
16S+ Neighborhood / 16S- Neighborhood,0.020597897,0.64543098,40,2093,137,8134,NEGR1
16S+ Neighborhood / 16S- Neighborhood,0.049911849,0.72618684,58,2093,215,8134,NEIL1
16S+ Neighborhood / 16S- Neighborhood,0.553427577,1.045533304,338,2093,889,8134,NEK6
16S+ Neighborhood / 16S- Neighborhood,0.778457442,0.95848236,81,2093,168,8134,NEK7
16S+ Neighborhood / 16S- Neighborhood,0.593053761,0.936571323,109,2093,351,8134,NEK9
16S+ Neighborhood / 16S- Neighborhood,0.696399629,0.957972903,167,2093,300,8134,NELFE
16S+ Neighborhood / 16S- Neighborhood,0.143521886,0.76142666,56,2093,142,8134,NELL2
16S+ Neighborhood / 16S- Neighborhood,0.599123755,0.922828681,82,2093,172,8134,NEO1
16S+ Neighborhood / 16S- Neighborhood,0.416494848,0.797999979,20,2093,74,8134,NES
16S+ Neighborhood / 16S- Neighborhood,0.632010386,1.050413956,247,2093,304,8134,NET1
16S+ Neighborhood / 16S- Neighborhood,0.490803242,1.061353281,258,2093,636,8134,NEU1
16S+ Neighborhood / 16S- Neighborhood,0.416349212,0.861494055,55,2093,143,8134,NEU3
16S+ Neighborhood / 16S- Neighborhood,0.711550892,1.07560842,52,2093,83,8134,NEU4
16S+ Neighborhood / 16S- Neighborhood,0.260016539,0.834398029,68,2093,173,8134,NEURL1
16S+ Neighborhood / 16S- Neighborhood,0.007134391,0.534730011,28,2093,115,8134,NEUROD1
16S+ Neighborhood / 16S- Neighborhood,0.6956457,1.105278751,27,2093,60,8134,NEUROG1
16S+ Neighborhood / 16S- Neighborhood,0.008256104,0.607835055,43,2093,157,8134,NEUROG3
16S+ Neighborhood / 16S- Neighborhood,0.030026587,1.237819919,235,2093,347,8134,NF1
16S+ Neighborhood / 16S- Neighborhood,0.024879382,0.761866638,112,2093,359,8134,NF2
16S+ Neighborhood / 16S- Neighborhood,0.000745856,0.494591257,36,2093,176,8134,NFAM1
16S+ Neighborhood / 16S- Neighborhood,0.252242226,0.818407634,56,2093,175,8134,NFASC
16S+ Neighborhood / 16S- Neighborhood,0.618074227,1.103670163,41,2093,81,8134,NFAT5
16S+ Neighborhood / 16S- Neighborhood,0.038023903,0.67975315,48,2093,197,8134,NFATC1
16S+ Neighborhood / 16S- Neighborhood,0.047052714,0.763217873,94,2093,274,8134,NFATC2
16S+ Neighborhood / 16S- Neighborhood,0.82702782,0.970590837,101,2093,223,8134,NFATC3
16S+ Neighborhood / 16S- Neighborhood,0.420289263,0.899464818,108,2093,394,8134,NFATC4
16S+ Neighborhood / 16S- Neighborhood,0.027339471,0.640166269,41,2093,129,8134,NFE2
16S+ Neighborhood / 16S- Neighborhood,0.079966172,1.226355592,130,2093,226,8134,NFE2L2
16S+ Neighborhood / 16S- Neighborhood,0.086325566,0.74362357,57,2093,175,8134,NFIB
16S+ Neighborhood / 16S- Neighborhood,0.181292056,0.795955417,56,2093,148,8134,NFIL3
16S+ Neighborhood / 16S- Neighborhood,0.60483066,0.940530675,114,2093,258,8134,NFKB1
16S+ Neighborhood / 16S- Neighborhood,0.806910415,1.035040784,91,2093,217,8134,NFKB2
16S+ Neighborhood / 16S- Neighborhood,0.039755988,0.877811015,666,2093,1493,8134,NFKBIA
16S+ Neighborhood / 16S- Neighborhood,0.845097057,1.020563891,153,2093,317,8134,NFKBIB
16S+ Neighborhood / 16S- Neighborhood,0.002754971,0.661723361,87,2093,332,8134,NFKBIE
16S+ Neighborhood / 16S- Neighborhood,0.978412917,0.996645005,123,2093,288,8134,NFKBIZ
16S+ Neighborhood / 16S- Neighborhood,0.491838318,0.923907988,141,2093,430,8134,NFYA
16S+ Neighborhood / 16S- Neighborhood,0.092394436,0.814790314,104,2093,261,8134,NFYB
16S+ Neighborhood / 16S- Neighborhood,0.29548089,1.120362197,184,2093,296,8134,NFYC
16S+ Neighborhood / 16S- Neighborhood,0.046739662,0.635296364,28,2093,96,8134,NGF
16S+ Neighborhood / 16S- Neighborhood,0.284527299,0.717228559,14,2093,41,8134,NGFR
16S+ Neighborhood / 16S- Neighborhood,0.353722548,0.872426682,78,2093,221,8134,NGLY1
16S+ Neighborhood / 16S- Neighborhood,0.860723477,1.02466714,101,2093,225,8134,NHLRC2
16S+ Neighborhood / 16S- Neighborhood,0.041749504,0.738833922,72,2093,256,8134,NHLRC3
16S+ Neighborhood / 16S- Neighborhood,0.265822411,0.907171604,252,2093,600,8134,NHP2
16S+ Neighborhood / 16S- Neighborhood,0.116280017,0.640820631,18,2093,68,8134,NID1
16S+ Neighborhood / 16S- Neighborhood,0.003631697,0.582520384,43,2093,171,8134,NID2
16S+ Neighborhood / 16S- Neighborhood,0.271511454,0.882535992,142,2093,326,8134,NINL
16S+ Neighborhood / 16S- Neighborhood,0.660318983,0.948016661,130,2093,300,8134,NIPBL
16S+ Neighborhood / 16S- Neighborhood,0.769041948,0.967015633,148,2093,319,8134,NISCH
16S+ Neighborhood / 16S- Neighborhood,0.810672815,0.969529103,102,2093,240,8134,NIT2
16S+ Neighborhood / 16S- Neighborhood,0.464423727,0.869786315,50,2093,145,8134,NKD1
16S+ Neighborhood / 16S- Neighborhood,0.028122352,0.672327071,52,2093,164,8134,NKG7
16S+ Neighborhood / 16S- Neighborhood,0.533684395,0.940378399,184,2093,435,8134,NKIRAS2
16S+ Neighborhood / 16S- Neighborhood,0.648967071,0.95027096,161,2093,329,8134,NKX2-1
16S+ Neighborhood / 16S- Neighborhood,0.369715032,0.876101579,76,2093,200,8134,NKX2-2
16S+ Neighborhood / 16S- Neighborhood,0.188211419,0.814427071,77,2093,193,8134,NKX2-5
16S+ Neighborhood / 16S- Neighborhood,5.13E-05,1.472090938,362,2093,273,8134,NKX3-1
16S+ Neighborhood / 16S- Neighborhood,0.053345232,0.641519146,25,2093,86,8134,NKX6-1
16S+ Neighborhood / 16S- Neighborhood,0.787427179,1.06262043,35,2093,87,8134,NLGN3
16S+ Neighborhood / 16S- Neighborhood,0.00130229,0.353916552,12,2093,70,8134,NLGN4X
16S+ Neighborhood / 16S- Neighborhood,0.529462081,0.863978031,30,2093,72,8134,NLGN4Y
16S+ Neighborhood / 16S- Neighborhood,0.019881944,1.357589308,109,2093,166,8134,NLK
16S+ Neighborhood / 16S- Neighborhood,0.600399915,1.077488823,99,2093,222,8134,NLN
16S+ Neighborhood / 16S- Neighborhood,0.224544611,0.725439679,23,2093,65,8134,NLRC3
16S+ Neighborhood / 16S- Neighborhood,0.001803055,0.596218176,50,2093,176,8134,NLRC4
16S+ Neighborhood / 16S- Neighborhood,0.057600531,0.827032638,165,2093,916,8134,NLRC5
16S+ Neighborhood / 16S- Neighborhood,0.000182602,0.468141713,37,2093,166,8134,NLRP1
16S+ Neighborhood / 16S- Neighborhood,0.308674049,0.830108291,45,2093,110,8134,NLRP2
16S+ Neighborhood / 16S- Neighborhood,0.557959476,0.857019075,21,2093,51,8134,NLRP3
16S+ Neighborhood / 16S- Neighborhood,0.163934064,0.787852742,57,2093,151,8134,NMBR
16S+ Neighborhood / 16S- Neighborhood,3.94E-05,1.374392166,350,2093,629,8134,NME1
16S+ Neighborhood / 16S- Neighborhood,0.933173109,0.988186357,90,2093,213,8134,NME7
16S+ Neighborhood / 16S- Neighborhood,0.480178372,0.920543155,134,2093,342,8134,NMT1
16S+ Neighborhood / 16S- Neighborhood,0.480798475,0.891516704,60,2093,144,8134,NMU
16S+ Neighborhood / 16S- Neighborhood,0.244994481,0.771560735,30,2093,82,8134,NNAT
16S+ Neighborhood / 16S- Neighborhood,0.000291889,0.603919073,84,2093,384,8134,NNMT
16S+ Neighborhood / 16S- Neighborhood,0.063261884,0.68757429,40,2093,159,8134,NNT
16S+ Neighborhood / 16S- Neighborhood,0.007802034,0.728565463,122,2093,349,8134,NOD1
16S+ Neighborhood / 16S- Neighborhood,0.715000103,1.066370615,60,2093,144,8134,NOD2
16S+ Neighborhood / 16S- Neighborhood,0.037740613,0.643893998,37,2093,139,8134,NODAL
16S+ Neighborhood / 16S- Neighborhood,0.178530061,0.823590004,88,2093,228,8134,NOG
16S+ Neighborhood / 16S- Neighborhood,0.732794918,1.024732066,422,2093,871,8134,NOL3
16S+ Neighborhood / 16S- Neighborhood,0.755709094,1.018269435,662,2093,1133,8134,NONO
16S+ Neighborhood / 16S- Neighborhood,0.103005529,1.171896677,202,2093,499,8134,NOP10
16S+ Neighborhood / 16S- Neighborhood,0.254806215,0.727999967,22,2093,63,8134,NOS1
16S+ Neighborhood / 16S- Neighborhood,0.010658906,0.623390715,45,2093,151,8134,NOS1AP
16S+ Neighborhood / 16S- Neighborhood,0.562857203,0.901748154,59,2093,152,8134,NOS2
16S+ Neighborhood / 16S- Neighborhood,0.021235724,0.678608801,67,2093,239,8134,NOS3
16S+ Neighborhood / 16S- Neighborhood,0.315963666,1.089237561,245,2093,480,8134,NOSIP
16S+ Neighborhood / 16S- Neighborhood,0.047988695,0.783158228,106,2093,293,8134,NOTCH1
16S+ Neighborhood / 16S- Neighborhood,0.146515572,1.201713561,125,2093,234,8134,NOTCH2
16S+ Neighborhood / 16S- Neighborhood,0.436696443,1.067742551,403,2093,585,8134,NOTCH3
16S+ Neighborhood / 16S- Neighborhood,0.087547944,0.725089712,47,2093,136,8134,NOTCH4
16S+ Neighborhood / 16S- Neighborhood,0.239852467,0.785827103,37,2093,102,8134,NOX1
16S+ Neighborhood / 16S- Neighborhood,0.287038456,0.82641901,51,2093,164,8134,NOX4
16S+ Neighborhood / 16S- Neighborhood,0.05624475,1.160815978,346,2093,887,8134,NPAS2
16S+ Neighborhood / 16S- Neighborhood,0.196920312,0.860922725,140,2093,371,8134,NPC1
16S+ Neighborhood / 16S- Neighborhood,0.104652595,0.79410344,85,2093,301,8134,NPC1L1
16S+ Neighborhood / 16S- Neighborhood,0.002663334,0.739231081,174,2093,618,8134,NPC2
16S+ Neighborhood / 16S- Neighborhood,0.616398941,0.965990263,435,2093,1042,8134,NPDC1
16S+ Neighborhood / 16S- Neighborhood,0.460032856,0.930669136,178,2093,387,8134,NPEPPS
16S+ Neighborhood / 16S- Neighborhood,0.863063549,1.026493003,71,2093,145,8134,NPFF
16S+ Neighborhood / 16S- Neighborhood,0.317924816,1.248636472,42,2093,81,8134,NPHP1
16S+ Neighborhood / 16S- Neighborhood,0.218015481,0.836569421,86,2093,207,8134,NPHP3
16S+ Neighborhood / 16S- Neighborhood,0.000614064,0.542485213,46,2093,188,8134,NPL
16S+ Neighborhood / 16S- Neighborhood,0.90789837,1.018168826,89,2093,149,8134,NPLOC4
16S+ Neighborhood / 16S- Neighborhood,0.447099694,0.867973766,51,2093,150,8134,NPM2
16S+ Neighborhood / 16S- Neighborhood,0.008857058,0.633912501,48,2093,157,8134,NPPA
16S+ Neighborhood / 16S- Neighborhood,0.00845404,0.580671666,37,2093,136,8134,NPPB
16S+ Neighborhood / 16S- Neighborhood,0.383363928,1.14207371,86,2093,211,8134,NPPC
16S+ Neighborhood / 16S- Neighborhood,0.635376143,1.098640346,42,2093,81,8134,NPR1
16S+ Neighborhood / 16S- Neighborhood,0.427556435,0.861601346,51,2093,131,8134,NPR2
16S+ Neighborhood / 16S- Neighborhood,0.318760588,0.745359221,18,2093,55,8134,NPR3
16S+ Neighborhood / 16S- Neighborhood,0.179717917,0.748852975,36,2093,111,8134,NPS
16S+ Neighborhood / 16S- Neighborhood,0.366585897,0.904231788,141,2093,422,8134,NPTN
16S+ Neighborhood / 16S- Neighborhood,0.039342856,0.663643301,41,2093,132,8134,NPVF
16S+ Neighborhood / 16S- Neighborhood,0.052636318,0.670997226,36,2093,110,8134,NPY
16S+ Neighborhood / 16S- Neighborhood,0.334237761,0.83096921,48,2093,116,8134,NPY1R
16S+ Neighborhood / 16S- Neighborhood,0.005628946,0.575746583,35,2093,128,8134,NPY2R
16S+ Neighborhood / 16S- Neighborhood,0.029060489,0.561719387,19,2093,71,8134,NPY5R
16S+ Neighborhood / 16S- Neighborhood,0.473867119,1.068894077,244,2093,414,8134,NQO1
16S+ Neighborhood / 16S- Neighborhood,0.091124471,1.222574291,126,2093,216,8134,NR1H2
16S+ Neighborhood / 16S- Neighborhood,0.080895765,0.801821238,117,2093,275,8134,NR1H3
16S+ Neighborhood / 16S- Neighborhood,0.035040531,0.773390254,113,2093,380,8134,NR2F2
16S+ Neighborhood / 16S- Neighborhood,0.224349286,0.804034518,55,2093,153,8134,NR3C1
16S+ Neighborhood / 16S- Neighborhood,0.258580924,0.827570365,61,2093,149,8134,NR3C2
16S+ Neighborhood / 16S- Neighborhood,0.559943472,0.951489475,663,2093,884,8134,NR4A1
16S+ Neighborhood / 16S- Neighborhood,0.759569762,0.963464366,133,2093,286,8134,NR4A2
16S+ Neighborhood / 16S- Neighborhood,0.063749444,0.757017012,66,2093,181,8134,NR4A3
16S+ Neighborhood / 16S- Neighborhood,0.62363981,1.057312264,151,2093,316,8134,NRAS
16S+ Neighborhood / 16S- Neighborhood,0.210871159,1.211322149,82,2093,123,8134,NRBF2
16S+ Neighborhood / 16S- Neighborhood,0.448698105,0.84954925,38,2093,106,8134,NRCAM
16S+ Neighborhood / 16S- Neighborhood,0.621176266,0.923592769,69,2093,160,8134,NRF1
16S+ Neighborhood / 16S- Neighborhood,0.264276031,0.792263437,33,2093,90,8134,NRG1
16S+ Neighborhood / 16S- Neighborhood,0.174699494,0.724304124,26,2093,90,8134,NRG2
16S+ Neighborhood / 16S- Neighborhood,0.260848903,0.775773142,30,2093,91,8134,NRG3
16S+ Neighborhood / 16S- Neighborhood,0.069460705,0.72432211,52,2093,171,8134,NRG4
16S+ Neighborhood / 16S- Neighborhood,0.629659135,0.927861346,76,2093,214,8134,NRGN
16S+ Neighborhood / 16S- Neighborhood,0.174009112,0.707256751,26,2093,83,8134,NRIP1
16S+ Neighborhood / 16S- Neighborhood,5.62E-05,0.595222747,98,2093,450,8134,NRP1
16S+ Neighborhood / 16S- Neighborhood,0.653013758,1.066192236,92,2093,292,8134,NRP2
16S+ Neighborhood / 16S- Neighborhood,0.340779243,0.853303593,58,2093,139,8134,NRSN1
16S+ Neighborhood / 16S- Neighborhood,0.033890191,0.659012724,45,2093,144,8134,NRXN1
16S+ Neighborhood / 16S- Neighborhood,0.016016175,0.506532745,20,2093,84,8134,NRXN2
16S+ Neighborhood / 16S- Neighborhood,0.004391065,0.583906791,46,2093,181,8134,NRXN3
16S+ Neighborhood / 16S- Neighborhood,0.322844235,1.126442854,154,2093,255,8134,NSD1
16S+ Neighborhood / 16S- Neighborhood,0.045888876,1.157220956,508,2093,763,8134,NSD2
16S+ Neighborhood / 16S- Neighborhood,0.67201963,0.926024941,50,2093,126,8134,NSD3
16S+ Neighborhood / 16S- Neighborhood,0.583593863,0.92416238,85,2093,262,8134,NSDHL
16S+ Neighborhood / 16S- Neighborhood,0.079940197,0.857914297,242,2093,624,8134,NSFL1C
16S+ Neighborhood / 16S- Neighborhood,0.417007263,0.873025694,70,2093,127,8134,NSG1
16S+ Neighborhood / 16S- Neighborhood,0.793867594,1.02520914,234,2093,427,8134,NSL1
16S+ Neighborhood / 16S- Neighborhood,0.616626327,0.92996145,84,2093,167,8134,NSMAF
16S+ Neighborhood / 16S- Neighborhood,0.087930927,0.763170679,62,2093,176,8134,NSUN3
16S+ Neighborhood / 16S- Neighborhood,0.275731959,0.850889299,76,2093,194,8134,NSUN6
16S+ Neighborhood / 16S- Neighborhood,0.156641834,0.803612364,73,2093,237,8134,NT5E
16S+ Neighborhood / 16S- Neighborhood,0.008970309,0.559977941,30,2093,114,8134,NTF3
16S+ Neighborhood / 16S- Neighborhood,0.126933085,1.180412666,180,2093,258,8134,NTHL1
16S+ Neighborhood / 16S- Neighborhood,0.052749636,0.659510323,37,2093,156,8134,NTM
16S+ Neighborhood / 16S- Neighborhood,0.476699056,1.10076463,119,2093,167,8134,NTN1
16S+ Neighborhood / 16S- Neighborhood,0.281630108,0.737783946,17,2093,48,8134,NTN3
16S+ Neighborhood / 16S- Neighborhood,0.005705046,0.650328496,63,2093,238,8134,NTN4
16S+ Neighborhood / 16S- Neighborhood,0.87678611,1.032980326,35,2093,74,8134,NTNG1
16S+ Neighborhood / 16S- Neighborhood,0.283475304,0.842911986,73,2093,198,8134,NTRK1
16S+ Neighborhood / 16S- Neighborhood,0.158181975,0.641616547,14,2093,47,8134,NTRK2
16S+ Neighborhood / 16S- Neighborhood,0.103287645,0.755164944,48,2093,138,8134,NTRK3
16S+ Neighborhood / 16S- Neighborhood,0.009652845,0.557204008,32,2093,121,8134,NTSR2
16S+ Neighborhood / 16S- Neighborhood,0.025028694,0.62296022,36,2093,129,8134,NUAK1
16S+ Neighborhood / 16S- Neighborhood,0.501157558,0.915494414,126,2093,181,8134,NUBPL
16S+ Neighborhood / 16S- Neighborhood,0.676240058,1.055814457,138,2093,196,8134,NUCB2
16S+ Neighborhood / 16S- Neighborhood,0.005426402,1.202481171,528,2093,989,8134,NUDC
16S+ Neighborhood / 16S- Neighborhood,0.081465505,0.795949868,97,2093,343,8134,NUDT1
16S+ Neighborhood / 16S- Neighborhood,0.717794127,0.956785168,104,2093,232,8134,NUDT15
16S+ Neighborhood / 16S- Neighborhood,0.102234396,0.766954707,71,2093,184,8134,NUDT2
16S+ Neighborhood / 16S- Neighborhood,0.143561562,0.795562594,65,2093,183,8134,NUDT4
16S+ Neighborhood / 16S- Neighborhood,0.07952831,0.751736071,61,2093,189,8134,NUF2
16S+ Neighborhood / 16S- Neighborhood,0.713293049,0.962929841,196,2093,386,8134,NUMA1
16S+ Neighborhood / 16S- Neighborhood,0.065967123,1.337134277,74,2093,122,8134,NUMB
16S+ Neighborhood / 16S- Neighborhood,0.001954375,0.655678827,95,2093,335,8134,NUMBL
16S+ Neighborhood / 16S- Neighborhood,0.176756806,1.181338475,132,2093,234,8134,NUP107
16S+ Neighborhood / 16S- Neighborhood,0.232332156,1.127059178,177,2093,321,8134,NUP133
16S+ Neighborhood / 16S- Neighborhood,0.555505028,1.08889718,98,2093,157,8134,NUP153
16S+ Neighborhood / 16S- Neighborhood,0.027389552,0.782494742,140,2093,398,8134,NUP155
16S+ Neighborhood / 16S- Neighborhood,0.547924165,0.944736717,238,2093,439,8134,NUP160
16S+ Neighborhood / 16S- Neighborhood,0.240620672,0.881838796,154,2093,425,8134,NUP188
16S+ Neighborhood / 16S- Neighborhood,0.023516572,1.299099968,185,2093,248,8134,NUP205
16S+ Neighborhood / 16S- Neighborhood,0.326570164,1.091511309,301,2093,492,8134,NUP210
16S+ Neighborhood / 16S- Neighborhood,0.061135398,0.745283498,63,2093,192,8134,NUP214
16S+ Neighborhood / 16S- Neighborhood,0.259453029,0.877620021,151,2093,430,8134,NUP35
16S+ Neighborhood / 16S- Neighborhood,0.337329368,0.879077863,99,2093,208,8134,NUP37
16S+ Neighborhood / 16S- Neighborhood,0.413668694,1.096131544,169,2093,298,8134,NUP43
16S+ Neighborhood / 16S- Neighborhood,0.046035471,0.784103778,115,2093,302,8134,NUP50
16S+ Neighborhood / 16S- Neighborhood,0.573361695,0.92963021,92,2093,204,8134,NUP54
16S+ Neighborhood / 16S- Neighborhood,0.676184822,0.95428842,154,2093,326,8134,NUP62
16S+ Neighborhood / 16S- Neighborhood,0.909997938,1.0125606,175,2093,302,8134,NUP85
16S+ Neighborhood / 16S- Neighborhood,0.673010907,1.061910957,83,2093,163,8134,NUP88
16S+ Neighborhood / 16S- Neighborhood,0.87354606,0.981803342,154,2093,386,8134,NUP93
16S+ Neighborhood / 16S- Neighborhood,0.594315468,1.094692327,62,2093,121,8134,NUP98
16S+ Neighborhood / 16S- Neighborhood,0.062503656,1.226424409,199,2093,210,8134,NUPR1
16S+ Neighborhood / 16S- Neighborhood,0.664848709,1.094103674,38,2093,72,8134,NUSAP1
16S+ Neighborhood / 16S- Neighborhood,0.104679473,1.173409005,184,2093,338,8134,NXF1
16S+ Neighborhood / 16S- Neighborhood,0.648784678,0.933664561,69,2093,158,8134,NXT1
16S+ Neighborhood / 16S- Neighborhood,0.753296342,0.967224801,161,2093,456,8134,OARD1
16S+ Neighborhood / 16S- Neighborhood,0.319664237,0.901142831,160,2093,556,8134,OAS1
16S+ Neighborhood / 16S- Neighborhood,0.254513988,0.876009651,152,2093,369,8134,OAS2
16S+ Neighborhood / 16S- Neighborhood,0.320616497,0.878625141,95,2093,388,8134,OAS3
16S+ Neighborhood / 16S- Neighborhood,0.663051857,0.930848448,68,2093,197,8134,OASL
16S+ Neighborhood / 16S- Neighborhood,0.456957283,1.077514694,199,2093,414,8134,OAT
16S+ Neighborhood / 16S- Neighborhood,0.045971058,0.701471166,48,2093,147,8134,OCA2
16S+ Neighborhood / 16S- Neighborhood,0.143217261,0.771839021,53,2093,150,8134,ODAM
16S+ Neighborhood / 16S- Neighborhood,0.905952865,0.987407071,149,2093,454,8134,ODC1
16S+ Neighborhood / 16S- Neighborhood,0.294461744,0.881230667,122,2093,393,8134,ODF2
16S+ Neighborhood / 16S- Neighborhood,0.315116161,0.885840742,127,2093,332,8134,OFD1
16S+ Neighborhood / 16S- Neighborhood,0.629301528,1.067885246,118,2093,213,8134,OGA
16S+ Neighborhood / 16S- Neighborhood,0.630467755,1.066536777,92,2093,351,8134,OGDH
16S+ Neighborhood / 16S- Neighborhood,0.422391652,1.083635743,216,2093,386,8134,OGG1
16S+ Neighborhood / 16S- Neighborhood,0.002627767,0.484131942,23,2093,108,8134,OGN
16S+ Neighborhood / 16S- Neighborhood,0.737838295,0.953874794,93,2093,195,8134,OGT
16S+ Neighborhood / 16S- Neighborhood,0.20665852,1.118016123,243,2093,462,8134,OLA1
16S+ Neighborhood / 16S- Neighborhood,0.945485067,0.989541259,76,2093,164,8134,OLFM1
16S+ Neighborhood / 16S- Neighborhood,0.401876579,0.868271836,60,2093,161,8134,OLFM2
16S+ Neighborhood / 16S- Neighborhood,0.042587994,0.717466036,71,2093,209,8134,OLFM4
16S+ Neighborhood / 16S- Neighborhood,0.016810872,0.661500016,58,2093,185,8134,OLFML2B
16S+ Neighborhood / 16S- Neighborhood,0.023101452,0.715650113,81,2093,248,8134,OLIG1
16S+ Neighborhood / 16S- Neighborhood,0.190950644,0.832005683,80,2093,206,8134,OLIG2
16S+ Neighborhood / 16S- Neighborhood,0.324675009,0.858603691,67,2093,167,8134,OLR1
16S+ Neighborhood / 16S- Neighborhood,0.422615112,1.153871367,49,2093,91,8134,OMA1
16S+ Neighborhood / 16S- Neighborhood,0.948406831,1.010245747,76,2093,176,8134,OMG
16S+ Neighborhood / 16S- Neighborhood,0.492634036,1.072474373,203,2093,361,8134,OPA1
16S+ Neighborhood / 16S- Neighborhood,0.329541419,0.798693664,28,2093,71,8134,OPHN1
16S+ Neighborhood / 16S- Neighborhood,0.8026454,1.032034995,123,2093,262,8134,OPN3
16S+ Neighborhood / 16S- Neighborhood,0.596832532,0.876596941,26,2093,78,8134,OPRD1
16S+ Neighborhood / 16S- Neighborhood,0.113962691,0.741682673,47,2093,132,8134,OPRK1
16S+ Neighborhood / 16S- Neighborhood,2.57E-05,0.430095067,34,2093,154,8134,OPRM1
16S+ Neighborhood / 16S- Neighborhood,0.217490542,1.099060474,366,2093,752,8134,OPTN
16S+ Neighborhood / 16S- Neighborhood,0.143372733,0.773388709,45,2093,123,8134,ORAI1
16S+ Neighborhood / 16S- Neighborhood,0.216318631,0.803357877,53,2093,125,8134,ORAI2
16S+ Neighborhood / 16S- Neighborhood,0.230692825,1.20152727,68,2093,121,8134,ORAI3
16S+ Neighborhood / 16S- Neighborhood,0.80428097,1.029113366,150,2093,350,8134,ORC2
16S+ Neighborhood / 16S- Neighborhood,0.298681313,0.866914633,110,2093,232,8134,ORC3
16S+ Neighborhood / 16S- Neighborhood,0.838954973,1.034632486,56,2093,112,8134,ORC4
16S+ Neighborhood / 16S- Neighborhood,0.178958603,0.820884581,83,2093,185,8134,ORC5
16S+ Neighborhood / 16S- Neighborhood,0.475288561,0.892347624,64,2093,150,8134,ORC6
16S+ Neighborhood / 16S- Neighborhood,0.559931302,1.08168063,103,2093,230,8134,ORMDL1
16S+ Neighborhood / 16S- Neighborhood,0.525764358,0.922982111,124,2093,249,8134,ORMDL2
16S+ Neighborhood / 16S- Neighborhood,0.228868523,0.922513673,472,2093,1078,8134,ORMDL3
16S+ Neighborhood / 16S- Neighborhood,0.069925469,1.144904096,331,2093,630,8134,OS9
16S+ Neighborhood / 16S- Neighborhood,0.097582334,1.229892719,120,2093,206,8134,OSBP
16S+ Neighborhood / 16S- Neighborhood,0.91676732,0.988347394,149,2093,308,8134,OSBPL10
16S+ Neighborhood / 16S- Neighborhood,0.191634863,0.809189595,59,2093,155,8134,OSBPL1A
16S+ Neighborhood / 16S- Neighborhood,0.000353199,1.255594649,662,2093,841,8134,OSBPL2
16S+ Neighborhood / 16S- Neighborhood,0.013421598,0.753738734,130,2093,535,8134,OSBPL3
16S+ Neighborhood / 16S- Neighborhood,0.002164889,0.554942399,43,2093,166,8134,OSBPL6
16S+ Neighborhood / 16S- Neighborhood,0.81768776,0.967757151,100,2093,184,8134,OSBPL8
16S+ Neighborhood / 16S- Neighborhood,0.238379139,1.141886812,153,2093,275,8134,OSBPL9
16S+ Neighborhood / 16S- Neighborhood,0.074669064,0.657202761,29,2093,90,8134,OSCAR
16S+ Neighborhood / 16S- Neighborhood,0.135173628,0.827251479,95,2093,238,8134,OSER1
16S+ Neighborhood / 16S- Neighborhood,0.804466083,0.949326101,42,2093,99,8134,OSM
16S+ Neighborhood / 16S- Neighborhood,2.10E-05,0.541418603,71,2093,369,8134,OSMR
16S+ Neighborhood / 16S- Neighborhood,0.130573137,1.346747274,56,2093,79,8134,OSTF1
16S+ Neighborhood / 16S- Neighborhood,0.709397051,0.931413652,44,2093,99,8134,OTC
16S+ Neighborhood / 16S- Neighborhood,0.001586748,0.571384031,47,2093,172,8134,OTOA
16S+ Neighborhood / 16S- Neighborhood,0.932559067,0.991032067,182,2093,363,8134,OTUD5
16S+ Neighborhood / 16S- Neighborhood,0.911585776,1.013563952,115,2093,321,8134,OTULIN
16S+ Neighborhood / 16S- Neighborhood,0.244960021,0.723325541,18,2093,52,8134,OTX2
16S+ Neighborhood / 16S- Neighborhood,0.730940327,0.944591084,66,2093,145,8134,OXCT1
16S+ Neighborhood / 16S- Neighborhood,5.65E-37,2.081834825,2336,2093,2722,8134,OXR1
16S+ Neighborhood / 16S- Neighborhood,0.003496577,0.682397505,82,2093,271,8134,OXSR1
16S+ Neighborhood / 16S- Neighborhood,0.441143765,0.887018217,78,2093,225,8134,OXT
16S+ Neighborhood / 16S- Neighborhood,0.008325466,0.622081066,46,2093,153,8134,OXTR
16S+ Neighborhood / 16S- Neighborhood,0.477013252,0.855400351,35,2093,94,8134,P2RX1
16S+ Neighborhood / 16S- Neighborhood,0.514380481,1.088129502,124,2093,199,8134,P2RX4
16S+ Neighborhood / 16S- Neighborhood,0.883114402,0.967135117,31,2093,117,8134,P2RX5
16S+ Neighborhood / 16S- Neighborhood,0.646513288,0.901978291,29,2093,68,8134,P2RX7
16S+ Neighborhood / 16S- Neighborhood,0.02205441,0.650033879,44,2093,123,8134,P2RY1
16S+ Neighborhood / 16S- Neighborhood,0.121026653,1.11536047,418,2093,1026,8134,P2RY11
16S+ Neighborhood / 16S- Neighborhood,3.37E-05,0.434599372,32,2093,154,8134,P2RY12
16S+ Neighborhood / 16S- Neighborhood,0.176770733,0.789443271,55,2093,142,8134,P2RY13
16S+ Neighborhood / 16S- Neighborhood,0.047671309,0.688723517,47,2093,140,8134,P2RY14
16S+ Neighborhood / 16S- Neighborhood,0.064272928,0.676980395,33,2093,115,8134,P2RY6
16S+ Neighborhood / 16S- Neighborhood,0.688302333,0.91951072,36,2093,78,8134,P3H3
16S+ Neighborhood / 16S- Neighborhood,0.222556433,1.15018366,152,2093,276,8134,P4HA1
16S+ Neighborhood / 16S- Neighborhood,0.000549079,0.604086179,76,2093,261,8134,P4HA2
16S+ Neighborhood / 16S- Neighborhood,1.38E-06,1.163811507,3668,2093,7324,8134,P4HB
16S+ Neighborhood / 16S- Neighborhood,0.466245875,1.05744121,347,2093,642,8134,PA2G4
16S+ Neighborhood / 16S- Neighborhood,9.92E-07,1.294624102,1015,2093,1178,8134,PABPN1
16S+ Neighborhood / 16S- Neighborhood,0.313130659,0.741377361,17,2093,46,8134,PACRG
16S+ Neighborhood / 16S- Neighborhood,0.041933371,1.471797545,56,2093,78,8134,PADI2
16S+ Neighborhood / 16S- Neighborhood,0.005780127,0.593141587,37,2093,138,8134,PADI4
16S+ Neighborhood / 16S- Neighborhood,0.392880901,0.840591521,41,2093,138,8134,PAEP
16S+ Neighborhood / 16S- Neighborhood,0.082029385,1.201185606,209,2093,310,8134,PAFAH1B1
16S+ Neighborhood / 16S- Neighborhood,0.267986029,1.147938627,144,2093,239,8134,PAFAH1B2
16S+ Neighborhood / 16S- Neighborhood,0.187489942,1.152686816,157,2093,275,8134,PAFAH1B3
16S+ Neighborhood / 16S- Neighborhood,0.003708702,0.620185839,56,2093,212,8134,PAG1
16S+ Neighborhood / 16S- Neighborhood,0.972322267,0.996621933,210,2093,486,8134,PAIP1
16S+ Neighborhood / 16S- Neighborhood,0.202520467,0.884719441,209,2093,585,8134,PAK1
16S+ Neighborhood / 16S- Neighborhood,0.008349958,1.220897478,439,2093,591,8134,PAK2
16S+ Neighborhood / 16S- Neighborhood,0.110044889,0.758920275,49,2093,150,8134,PAK3
16S+ Neighborhood / 16S- Neighborhood,0.030857486,0.72636194,78,2093,209,8134,PALM
16S+ Neighborhood / 16S- Neighborhood,0.999136071,0.999796718,53,2093,120,8134,PALMD
16S+ Neighborhood / 16S- Neighborhood,0.805836738,0.965266334,82,2093,233,8134,PAM
16S+ Neighborhood / 16S- Neighborhood,0.018420925,0.657883611,46,2093,152,8134,PAN2
16S+ Neighborhood / 16S- Neighborhood,0.306171498,1.083768357,322,2093,662,8134,PAN3
16S+ Neighborhood / 16S- Neighborhood,0.785348867,0.957858675,68,2093,161,8134,PANX1
16S+ Neighborhood / 16S- Neighborhood,0.057040704,0.765977445,87,2093,283,8134,PAPSS2
16S+ Neighborhood / 16S- Neighborhood,0.663147233,1.042773275,219,2093,379,8134,PARD3
16S+ Neighborhood / 16S- Neighborhood,0.35551208,0.857251037,62,2093,151,8134,PARD3B
16S+ Neighborhood / 16S- Neighborhood,0.540281871,0.884901726,43,2093,118,8134,PARD6A
16S+ Neighborhood / 16S- Neighborhood,0.018625003,1.183055496,483,2093,691,8134,PARK7
16S+ Neighborhood / 16S- Neighborhood,0.030315328,1.263996737,183,2093,281,8134,PARN
16S+ Neighborhood / 16S- Neighborhood,0.000331169,1.341501797,358,2093,438,8134,PARP1
16S+ Neighborhood / 16S- Neighborhood,0.010822726,0.674839956,67,2093,260,8134,PARP12
16S+ Neighborhood / 16S- Neighborhood,0.07345662,0.768984269,82,2093,235,8134,PARP16
16S+ Neighborhood / 16S- Neighborhood,0.172921923,0.767522703,45,2093,157,8134,PARP4
16S+ Neighborhood / 16S- Neighborhood,0.427051495,0.914281133,140,2093,429,8134,PARP9
16S+ Neighborhood / 16S- Neighborhood,0.474875319,0.900030493,72,2093,250,8134,PARVB
16S+ Neighborhood / 16S- Neighborhood,0.00397687,0.68771265,101,2093,338,8134,PARVG
16S+ Neighborhood / 16S- Neighborhood,0.537141136,1.148321352,35,2093,87,8134,PASD1
16S+ Neighborhood / 16S- Neighborhood,0.917834636,1.021851619,43,2093,120,8134,PAX3
16S+ Neighborhood / 16S- Neighborhood,0.409151239,0.851527254,51,2093,117,8134,PAX4
16S+ Neighborhood / 16S- Neighborhood,0.02184836,0.584240638,28,2093,104,8134,PAX5
16S+ Neighborhood / 16S- Neighborhood,0.101011672,0.730403356,43,2093,128,8134,PAX6
16S+ Neighborhood / 16S- Neighborhood,0.605073202,0.909553268,56,2093,139,8134,PAX8
16S+ Neighborhood / 16S- Neighborhood,0.02780955,0.699529163,60,2093,165,8134,PAXIP1
16S+ Neighborhood / 16S- Neighborhood,0.88828275,1.035854893,25,2093,51,8134,PBK
16S+ Neighborhood / 16S- Neighborhood,0.283876424,0.84570913,66,2093,163,8134,PBRM1
16S+ Neighborhood / 16S- Neighborhood,0.011174136,1.299475008,260,2093,281,8134,PBX1
16S+ Neighborhood / 16S- Neighborhood,0.242816042,0.835033462,70,2093,178,8134,PBX3
16S+ Neighborhood / 16S- Neighborhood,0.868098768,1.022493984,99,2093,217,8134,PC
16S+ Neighborhood / 16S- Neighborhood,0.000458845,0.632623682,103,2093,348,8134,PCBP4
16S+ Neighborhood / 16S- Neighborhood,0.127089285,0.839323562,126,2093,304,8134,PCCA
16S+ Neighborhood / 16S- Neighborhood,0.785998005,0.960326085,82,2093,165,8134,PCCB
16S+ Neighborhood / 16S- Neighborhood,8.74E-05,0.404100584,25,2093,123,8134,PCDH15
16S+ Neighborhood / 16S- Neighborhood,0.038365752,0.535182748,15,2093,59,8134,PCDH17
16S+ Neighborhood / 16S- Neighborhood,2.13E-33,1.348669459,8220,2093,12533,8134,PCGF6
16S+ Neighborhood / 16S- Neighborhood,0.89757085,0.964107497,19,2093,41,8134,PCK1
16S+ Neighborhood / 16S- Neighborhood,0.675836072,1.057541412,120,2093,184,8134,PCK2
16S+ Neighborhood / 16S- Neighborhood,0.005475088,0.566123433,36,2093,128,8134,PCLO
16S+ Neighborhood / 16S- Neighborhood,0.57095265,1.082956242,95,2093,221,8134,PCM1
16S+ Neighborhood / 16S- Neighborhood,0.439683817,0.932702643,249,2093,504,8134,PCMTD2
16S+ Neighborhood / 16S- Neighborhood,0.209838761,1.1256174,236,2093,484,8134,PCNA
16S+ Neighborhood / 16S- Neighborhood,0.726429358,1.046494306,102,2093,336,8134,PCNT
16S+ Neighborhood / 16S- Neighborhood,0.027005102,1.341457974,120,2093,235,8134,PCNX2
16S+ Neighborhood / 16S- Neighborhood,0.314060693,0.856994407,81,2093,246,8134,PCOLCE
16S+ Neighborhood / 16S- Neighborhood,0.061903027,0.747891335,71,2093,205,8134,PCOLCE2
16S+ Neighborhood / 16S- Neighborhood,0.109426746,0.7981101,82,2093,258,8134,PCP2
16S+ Neighborhood / 16S- Neighborhood,0.706725545,0.929234328,49,2093,119,8134,PCP4
16S+ Neighborhood / 16S- Neighborhood,0.686502847,1.029724066,450,2093,741,8134,PCSK1N
16S+ Neighborhood / 16S- Neighborhood,0.018193178,0.679392937,59,2093,189,8134,PCSK5
16S+ Neighborhood / 16S- Neighborhood,0.350590103,1.196708246,44,2093,151,8134,PCSK6
16S+ Neighborhood / 16S- Neighborhood,0.051392728,1.461615507,49,2093,70,8134,PCSK9
16S+ Neighborhood / 16S- Neighborhood,0.794606517,0.970975238,131,2093,387,8134,PCTP
16S+ Neighborhood / 16S- Neighborhood,0.114731088,0.724622034,39,2093,121,8134,PCYOX1L
16S+ Neighborhood / 16S- Neighborhood,0.184710907,1.138529639,230,2093,329,8134,PCYT1A
16S+ Neighborhood / 16S- Neighborhood,0.014129796,0.668244957,61,2093,208,8134,PCYT1B
16S+ Neighborhood / 16S- Neighborhood,0.987273681,0.998783602,324,2093,986,8134,PCYT2
16S+ Neighborhood / 16S- Neighborhood,0.03146471,1.160149755,505,2093,707,8134,PDAP1
16S+ Neighborhood / 16S- Neighborhood,0.243397759,0.816203782,60,2093,176,8134,PDCD1
16S+ Neighborhood / 16S- Neighborhood,0.021581234,1.243770805,246,2093,390,8134,PDCD10
16S+ Neighborhood / 16S- Neighborhood,0.021442542,0.633542997,45,2093,150,8134,PDCD1LG2
16S+ Neighborhood / 16S- Neighborhood,0.531528203,1.064695661,202,2093,383,8134,PDCD2
16S+ Neighborhood / 16S- Neighborhood,0.008685703,1.328261284,193,2093,363,8134,PDCD4
16S+ Neighborhood / 16S- Neighborhood,0.036739801,0.759015258,94,2093,268,8134,PDCD6IP
16S+ Neighborhood / 16S- Neighborhood,0.031252952,0.754677013,117,2093,241,8134,PDE10A
16S+ Neighborhood / 16S- Neighborhood,0.130528903,0.81235302,90,2093,256,8134,PDE12
16S+ Neighborhood / 16S- Neighborhood,0.309594563,0.815072888,43,2093,129,8134,PDE1A
16S+ Neighborhood / 16S- Neighborhood,0.187966439,0.750658306,34,2093,106,8134,PDE1C
16S+ Neighborhood / 16S- Neighborhood,0.065548185,0.636736506,26,2093,75,8134,PDE3A
16S+ Neighborhood / 16S- Neighborhood,0.466029192,0.900009961,79,2093,182,8134,PDE3B
16S+ Neighborhood / 16S- Neighborhood,0.011396545,0.685646202,73,2093,255,8134,PDE4A
16S+ Neighborhood / 16S- Neighborhood,0.562300688,0.849842768,20,2093,57,8134,PDE4B
16S+ Neighborhood / 16S- Neighborhood,0.024325512,0.595675315,30,2093,103,8134,PDE4D
16S+ Neighborhood / 16S- Neighborhood,0.016987569,0.66501886,54,2093,183,8134,PDE5A
16S+ Neighborhood / 16S- Neighborhood,0.133318185,0.742194309,40,2093,146,8134,PDE6B
16S+ Neighborhood / 16S- Neighborhood,0.650219655,0.936120066,92,2093,214,8134,PDE7A
16S+ Neighborhood / 16S- Neighborhood,0.217999141,0.796836458,49,2093,131,8134,PDE7B
16S+ Neighborhood / 16S- Neighborhood,0.962289334,1.007429816,70,2093,192,8134,PDE8A
16S+ Neighborhood / 16S- Neighborhood,0.049310864,0.7429775,79,2093,308,8134,PDGFA
16S+ Neighborhood / 16S- Neighborhood,0.014958312,0.643650832,44,2093,163,8134,PDGFB
16S+ Neighborhood / 16S- Neighborhood,0.545982322,1.099878658,76,2093,168,8134,PDGFC
16S+ Neighborhood / 16S- Neighborhood,0.93268485,1.017743789,41,2093,111,8134,PDGFD
16S+ Neighborhood / 16S- Neighborhood,0.012618605,0.643469503,47,2093,165,8134,PDGFRA
16S+ Neighborhood / 16S- Neighborhood,0.039465444,0.71401343,65,2093,269,8134,PDGFRB
16S+ Neighborhood / 16S- Neighborhood,0.576018396,1.071451956,123,2093,278,8134,PDHA1
16S+ Neighborhood / 16S- Neighborhood,0.057114425,0.77294335,82,2093,227,8134,PDHB
16S+ Neighborhood / 16S- Neighborhood,0.870140288,0.984853651,192,2093,415,8134,PDHX
16S+ Neighborhood / 16S- Neighborhood,0.951465338,0.994427384,219,2093,531,8134,PDIA3
16S+ Neighborhood / 16S- Neighborhood,0.00970832,1.150506005,685,2093,1201,8134,PDIA4
16S+ Neighborhood / 16S- Neighborhood,0.539030236,1.039588143,516,2093,1120,8134,PDIA6
16S+ Neighborhood / 16S- Neighborhood,0.756228475,0.960914333,112,2093,302,8134,PDK1
16S+ Neighborhood / 16S- Neighborhood,0.387100972,0.865845286,58,2093,150,8134,PDK2
16S+ Neighborhood / 16S- Neighborhood,0.010948552,0.490266053,18,2093,76,8134,PDK3
16S+ Neighborhood / 16S- Neighborhood,0.003594366,0.657263968,72,2093,237,8134,PDK4
16S+ Neighborhood / 16S- Neighborhood,0.300829712,1.125799931,139,2093,260,8134,PDLIM1
16S+ Neighborhood / 16S- Neighborhood,0.268723877,0.835802034,70,2093,205,8134,PDLIM2
16S+ Neighborhood / 16S- Neighborhood,0.001834532,0.646604964,89,2093,255,8134,PDP1
16S+ Neighborhood / 16S- Neighborhood,0.291451668,0.901170798,197,2093,428,8134,PDPK1
16S+ Neighborhood / 16S- Neighborhood,0.0037894,0.654030477,69,2093,235,8134,PDPN
16S+ Neighborhood / 16S- Neighborhood,0.238358148,0.923301307,442,2093,965,8134,PDPR
16S+ Neighborhood / 16S- Neighborhood,0.043682948,1.195097346,235,2093,402,8134,PDS5A
16S+ Neighborhood / 16S- Neighborhood,0.487614758,0.896715017,64,2093,149,8134,PDS5B
16S+ Neighborhood / 16S- Neighborhood,0.127556485,0.757101477,48,2093,137,8134,PDX1
16S+ Neighborhood / 16S- Neighborhood,0.001035079,1.292636558,289,2093,1282,8134,PDXK
16S+ Neighborhood / 16S- Neighborhood,0.005963466,0.624572278,50,2093,169,8134,PDYN
16S+ Neighborhood / 16S- Neighborhood,0.097779089,1.157930919,235,2093,702,8134,PDZD8
16S+ Neighborhood / 16S- Neighborhood,0.307929615,0.786142331,32,2093,102,8134,PDZRN4
16S+ Neighborhood / 16S- Neighborhood,0.004261732,1.205937868,609,2093,679,8134,PEBP1
16S+ Neighborhood / 16S- Neighborhood,3.75E-05,0.466814187,45,2093,261,8134,PECAM1
16S+ Neighborhood / 16S- Neighborhood,0.362865539,0.876233148,77,2093,220,8134,PECR
16S+ Neighborhood / 16S- Neighborhood,0.728353402,0.950363779,77,2093,200,8134,PELI1
16S+ Neighborhood / 16S- Neighborhood,0.002913319,0.485658078,24,2093,109,8134,PELI2
16S+ Neighborhood / 16S- Neighborhood,0.153983881,0.735307908,33,2093,96,8134,PENK
16S+ Neighborhood / 16S- Neighborhood,0.093003134,0.773852029,68,2093,208,8134,PER1
16S+ Neighborhood / 16S- Neighborhood,0.023220439,1.4536533,94,2093,104,8134,PER3
16S+ Neighborhood / 16S- Neighborhood,0.466461267,1.031053776,1710,2093,1851,8134,PERP
16S+ Neighborhood / 16S- Neighborhood,0.389850105,1.16435439,58,2093,113,8134,PET117
16S+ Neighborhood / 16S- Neighborhood,0.904484254,1.023342662,44,2093,120,8134,PF4
16S+ Neighborhood / 16S- Neighborhood,0.700835511,0.931887775,54,2093,128,8134,PF4V1
16S+ Neighborhood / 16S- Neighborhood,0.657115627,0.942128176,96,2093,294,8134,PFKFB2
16S+ Neighborhood / 16S- Neighborhood,0.038571111,0.7958939,153,2093,558,8134,PFKFB3
16S+ Neighborhood / 16S- Neighborhood,0.375884533,0.886670645,108,2093,309,8134,PFKFB4
16S+ Neighborhood / 16S- Neighborhood,0.44058278,1.062163606,311,2093,922,8134,PFKL
16S+ Neighborhood / 16S- Neighborhood,0.333249042,1.10666113,173,2093,397,8134,PFKM
16S+ Neighborhood / 16S- Neighborhood,0.000199305,1.229331514,819,2093,1227,8134,PFKP
16S+ Neighborhood / 16S- Neighborhood,4.09E-05,1.190392526,1423,2093,2057,8134,PFN1
16S+ Neighborhood / 16S- Neighborhood,0.105379913,1.13949941,348,2093,541,8134,PGAM1
16S+ Neighborhood / 16S- Neighborhood,0.000987215,0.647817238,84,2093,270,8134,PGAM2
16S+ Neighborhood / 16S- Neighborhood,0.0001185,1.280684015,682,2093,798,8134,PGD
16S+ Neighborhood / 16S- Neighborhood,0.427005175,0.898113807,102,2093,275,8134,PGF
16S+ Neighborhood / 16S- Neighborhood,0.000153306,1.261696154,674,2093,1057,8134,PGK1
16S+ Neighborhood / 16S- Neighborhood,0.633735604,1.051556717,164,2093,374,8134,PGLS
16S+ Neighborhood / 16S- Neighborhood,0.795456263,1.037476875,81,2093,170,8134,PGM1
16S+ Neighborhood / 16S- Neighborhood,0.066173151,0.809820734,141,2093,378,8134,PGM2
16S+ Neighborhood / 16S- Neighborhood,0.009977283,0.656703914,59,2093,278,8134,PGM2L1
16S+ Neighborhood / 16S- Neighborhood,0.245322317,1.129295671,204,2093,335,8134,PGP
16S+ Neighborhood / 16S- Neighborhood,0.005635066,0.675594613,80,2093,293,8134,PGPEP1
16S+ Neighborhood / 16S- Neighborhood,0.018937603,0.575736453,26,2093,98,8134,PGR
16S+ Neighborhood / 16S- Neighborhood,0.717846247,1.051864967,89,2093,182,8134,PGRMC1
16S+ Neighborhood / 16S- Neighborhood,0.078743337,1.247427093,114,2093,185,8134,PGS1
16S+ Neighborhood / 16S- Neighborhood,0.006660334,0.564926902,30,2093,121,8134,PHACTR1
16S+ Neighborhood / 16S- Neighborhood,0.009364805,1.375662709,174,2093,198,8134,PHACTR2
16S+ Neighborhood / 16S- Neighborhood,0.000344269,1.262997427,548,2093,937,8134,PHB2
16S+ Neighborhood / 16S- Neighborhood,0.77488162,0.97223515,186,2093,567,8134,PHC2
16S+ Neighborhood / 16S- Neighborhood,0.002806812,1.315773332,297,2093,422,8134,PHC3
16S+ Neighborhood / 16S- Neighborhood,0.086349596,0.657469937,27,2093,101,8134,PHEX
16S+ Neighborhood / 16S- Neighborhood,0.347411264,1.100901153,198,2093,337,8134,PHF1
16S+ Neighborhood / 16S- Neighborhood,0.986360434,1.001838012,157,2093,487,8134,PHF14
16S+ Neighborhood / 16S- Neighborhood,0.963932682,0.993405784,84,2093,178,8134,PHF2
16S+ Neighborhood / 16S- Neighborhood,0.409724849,0.887124714,86,2093,208,8134,PHF20
16S+ Neighborhood / 16S- Neighborhood,0.103155612,1.356069854,49,2093,76,8134,PHF21A
16S+ Neighborhood / 16S- Neighborhood,0.804693067,0.948420286,36,2093,104,8134,PHF6
16S+ Neighborhood / 16S- Neighborhood,0.280267536,1.120258737,201,2093,286,8134,PHF8
16S+ Neighborhood / 16S- Neighborhood,0.01787372,1.301649835,191,2093,271,8134,PHGDH
16S+ Neighborhood / 16S- Neighborhood,0.099160166,0.726621442,36,2093,104,8134,PHKA1
16S+ Neighborhood / 16S- Neighborhood,0.004580239,0.687715505,95,2093,265,8134,PHKA2
16S+ Neighborhood / 16S- Neighborhood,0.903365644,1.013327062,139,2093,292,8134,PHKB
16S+ Neighborhood / 16S- Neighborhood,0.029825395,0.864877679,431,2093,1239,8134,PHKG2
16S+ Neighborhood / 16S- Neighborhood,0.002058503,0.702557443,128,2093,525,8134,PHLDA1
16S+ Neighborhood / 16S- Neighborhood,0.383032603,0.925561825,241,2093,727,8134,PHLDA2
16S+ Neighborhood / 16S- Neighborhood,0.773614493,0.911944264,15,2093,38,8134,PHLPP1
16S+ Neighborhood / 16S- Neighborhood,0.616462511,1.091045476,55,2093,104,8134,PHYH
16S+ Neighborhood / 16S- Neighborhood,0.058088566,0.719007751,53,2093,185,8134,PI3
16S+ Neighborhood / 16S- Neighborhood,0.028321915,0.753778248,106,2093,328,8134,PI4K2A
16S+ Neighborhood / 16S- Neighborhood,0.458989715,1.135870177,63,2093,119,8134,PI4K2B
16S+ Neighborhood / 16S- Neighborhood,0.214378828,0.880601818,156,2093,371,8134,PI4KA
16S+ Neighborhood / 16S- Neighborhood,0.799118938,0.966591279,95,2093,201,8134,PI4KB
16S+ Neighborhood / 16S- Neighborhood,0.240775241,0.789462437,40,2093,107,8134,PIAS1
16S+ Neighborhood / 16S- Neighborhood,0.797780453,1.038885106,77,2093,156,8134,PIAS2
16S+ Neighborhood / 16S- Neighborhood,0.455140639,0.923004922,162,2093,416,8134,PIAS3
16S+ Neighborhood / 16S- Neighborhood,0.832108248,1.019625908,196,2093,398,8134,PIAS4
16S+ Neighborhood / 16S- Neighborhood,0.038446007,0.800095201,146,2093,466,8134,PICALM
16S+ Neighborhood / 16S- Neighborhood,0.424343268,1.106301522,129,2093,245,8134,PIDD1
16S+ Neighborhood / 16S- Neighborhood,0.379797731,0.893471633,103,2093,376,8134,PIGF
16S+ Neighborhood / 16S- Neighborhood,0.617842243,1.054177315,162,2093,950,8134,PIGR
16S+ Neighborhood / 16S- Neighborhood,0.024115751,0.572820255,22,2093,80,8134,PIK3AP1
16S+ Neighborhood / 16S- Neighborhood,0.4593249,0.886270632,63,2093,148,8134,PIK3C2A
16S+ Neighborhood / 16S- Neighborhood,0.203550698,0.866112032,144,2093,400,8134,PIK3C2B
16S+ Neighborhood / 16S- Neighborhood,0.913371511,1.013296847,128,2093,315,8134,PIK3C3
16S+ Neighborhood / 16S- Neighborhood,0.170750465,0.770033211,42,2093,117,8134,PIK3CA
16S+ Neighborhood / 16S- Neighborhood,0.038971592,1.259479453,177,2093,245,8134,PIK3CB
16S+ Neighborhood / 16S- Neighborhood,0.780608213,0.957613812,70,2093,155,8134,PIK3CD
16S+ Neighborhood / 16S- Neighborhood,0.161137908,0.72640098,31,2093,107,8134,PIK3CG
16S+ Neighborhood / 16S- Neighborhood,0.394264622,0.881478058,78,2093,189,8134,PIK3R1
16S+ Neighborhood / 16S- Neighborhood,0.002871871,1.282635814,320,2093,508,8134,PIK3R2
16S+ Neighborhood / 16S- Neighborhood,0.705113047,0.946795987,95,2093,179,8134,PIK3R3
16S+ Neighborhood / 16S- Neighborhood,0.730350412,0.950164766,79,2093,165,8134,PIK3R4
16S+ Neighborhood / 16S- Neighborhood,0.2055814,1.460635255,21,2093,32,8134,PIK3R5
16S+ Neighborhood / 16S- Neighborhood,0.41600302,0.909590961,128,2093,293,8134,PIKFYVE
16S+ Neighborhood / 16S- Neighborhood,0.021997395,0.653896358,47,2093,163,8134,PILRA
16S+ Neighborhood / 16S- Neighborhood,0.019234221,0.703972409,69,2093,219,8134,PIM1
16S+ Neighborhood / 16S- Neighborhood,0.184336766,0.816081041,73,2093,208,8134,PIM2
16S+ Neighborhood / 16S- Neighborhood,0.438868734,1.056557792,371,2093,774,8134,PIN1
16S+ Neighborhood / 16S- Neighborhood,0.239867782,0.854066572,93,2093,276,8134,PINK1
16S+ Neighborhood / 16S- Neighborhood,0.60256245,0.870888546,23,2093,62,8134,PIP
16S+ Neighborhood / 16S- Neighborhood,0.654495806,0.946275175,122,2093,278,8134,PIP4K2A
16S+ Neighborhood / 16S- Neighborhood,0.829129853,0.976923106,166,2093,367,8134,PIP5K1A
16S+ Neighborhood / 16S- Neighborhood,0.242694145,0.732205021,22,2093,71,8134,PIP5K1B
16S+ Neighborhood / 16S- Neighborhood,0.902631826,1.012943538,173,2093,362,8134,PIP5K1C
16S+ Neighborhood / 16S- Neighborhood,0.940166705,1.010186281,98,2093,224,8134,PISD
16S+ Neighborhood / 16S- Neighborhood,0.04300694,0.750382398,76,2093,256,8134,PITPNB
16S+ Neighborhood / 16S- Neighborhood,0.243802669,0.868317519,107,2093,253,8134,PITPNM2
16S+ Neighborhood / 16S- Neighborhood,0.452827861,0.887090111,62,2093,149,8134,PITX2
16S+ Neighborhood / 16S- Neighborhood,0.21635288,0.84065525,82,2093,199,8134,PJA1
16S+ Neighborhood / 16S- Neighborhood,0.756659256,1.048107375,90,2093,132,8134,PJA2
16S+ Neighborhood / 16S- Neighborhood,0.180068348,0.843914821,105,2093,286,8134,PKD2
16S+ Neighborhood / 16S- Neighborhood,0.736533663,0.940423919,52,2093,124,8134,PKLR
16S+ Neighborhood / 16S- Neighborhood,2.46E-07,1.1944505,2420,2093,6202,8134,PKM
16S+ Neighborhood / 16S- Neighborhood,0.394388155,0.90265836,153,2093,281,8134,PKMYT1
16S+ Neighborhood / 16S- Neighborhood,0.243312552,1.114673386,192,2093,836,8134,PKN1
16S+ Neighborhood / 16S- Neighborhood,0.03631074,1.235720227,192,2093,311,8134,PKN2
16S+ Neighborhood / 16S- Neighborhood,0.064929045,1.166742277,258,2093,450,8134,PKP3
16S+ Neighborhood / 16S- Neighborhood,0.054820536,0.725605726,63,2093,190,8134,PLA1A
16S+ Neighborhood / 16S- Neighborhood,0.001437125,0.68140474,114,2093,348,8134,PLA2G10
16S+ Neighborhood / 16S- Neighborhood,0.218716429,1.159311093,144,2093,241,8134,PLA2G12A
16S+ Neighborhood / 16S- Neighborhood,0.481231638,0.86947407,38,2093,93,8134,PLA2G1B
16S+ Neighborhood / 16S- Neighborhood,0.006558783,0.575244227,33,2093,126,8134,PLA2G2A
16S+ Neighborhood / 16S- Neighborhood,0.98439294,0.995971216,41,2093,98,8134,PLA2G3
16S+ Neighborhood / 16S- Neighborhood,0.637314793,0.926131004,74,2093,196,8134,PLA2G4A
16S+ Neighborhood / 16S- Neighborhood,0.151779403,1.21071455,133,2093,173,8134,PLA2G4B
16S+ Neighborhood / 16S- Neighborhood,0.176865676,0.766535421,43,2093,141,8134,PLA2G4C
16S+ Neighborhood / 16S- Neighborhood,0.021824053,0.516971997,19,2093,86,8134,PLA2G4E
16S+ Neighborhood / 16S- Neighborhood,0.382983939,0.827913089,35,2093,90,8134,PLA2G4F
16S+ Neighborhood / 16S- Neighborhood,0.170558323,0.774252485,49,2093,142,8134,PLA2G5
16S+ Neighborhood / 16S- Neighborhood,0.085734386,0.713827722,40,2093,123,8134,PLA2G6
16S+ Neighborhood / 16S- Neighborhood,0.688283567,0.937252364,72,2093,174,8134,PLA2G7
16S+ Neighborhood / 16S- Neighborhood,0.060436887,0.762578963,85,2093,307,8134,PLA2R1
16S+ Neighborhood / 16S- Neighborhood,0.462526837,0.902455668,84,2093,210,8134,PLAA
16S+ Neighborhood / 16S- Neighborhood,0.997734275,0.999513523,71,2093,178,8134,PLAC8
16S+ Neighborhood / 16S- Neighborhood,0.277331015,0.73982537,23,2093,72,8134,PLAC9
16S+ Neighborhood / 16S- Neighborhood,0.095150924,0.824543216,169,2093,361,8134,PLAT
16S+ Neighborhood / 16S- Neighborhood,0.144523036,0.825720711,108,2093,276,8134,PLAU
16S+ Neighborhood / 16S- Neighborhood,0.007712128,0.721523958,130,2093,465,8134,PLAUR
16S+ Neighborhood / 16S- Neighborhood,0.433940499,0.878641435,60,2093,216,8134,PLBD1
16S+ Neighborhood / 16S- Neighborhood,0.061820239,0.56240437,14,2093,51,8134,PLCB1
16S+ Neighborhood / 16S- Neighborhood,0.047492556,0.67979467,44,2093,182,8134,PLCB2
16S+ Neighborhood / 16S- Neighborhood,0.476649617,1.12580255,62,2093,118,8134,PLCB4
16S+ Neighborhood / 16S- Neighborhood,0.033880291,0.574090299,19,2093,70,8134,PLCE1
16S+ Neighborhood / 16S- Neighborhood,0.907144137,1.013603834,164,2093,296,8134,PLCG1
16S+ Neighborhood / 16S- Neighborhood,0.55136263,0.877240634,36,2093,104,8134,PLCG2
16S+ Neighborhood / 16S- Neighborhood,0.000423321,0.491866282,38,2093,169,8134,PLCL1
16S+ Neighborhood / 16S- Neighborhood,0.099913376,0.724825619,42,2093,142,8134,PLCL2
16S+ Neighborhood / 16S- Neighborhood,0.737137843,0.955123193,91,2093,204,8134,PLD1
16S+ Neighborhood / 16S- Neighborhood,0.246711023,1.134610253,176,2093,283,8134,PLD2
16S+ Neighborhood / 16S- Neighborhood,0.110556509,0.895498152,399,2093,1088,8134,PLD3
16S+ Neighborhood / 16S- Neighborhood,0.62614758,1.089507879,63,2093,122,8134,PLD4
16S+ Neighborhood / 16S- Neighborhood,0.005907144,1.134750858,1342,2093,2221,8134,PLEC
16S+ Neighborhood / 16S- Neighborhood,0.054239923,0.539092821,15,2093,58,8134,PLEK
16S+ Neighborhood / 16S- Neighborhood,0.577924357,1.0752351,119,2093,255,8134,PLEKHA1
16S+ Neighborhood / 16S- Neighborhood,0.318316648,0.831834704,47,2093,175,8134,PLEKHA2
16S+ Neighborhood / 16S- Neighborhood,0.881540291,0.984756109,184,2093,399,8134,PLEKHA3
16S+ Neighborhood / 16S- Neighborhood,0.036647034,1.256109023,190,2093,304,8134,PLEKHA5
16S+ Neighborhood / 16S- Neighborhood,0.633445607,1.059468912,126,2093,303,8134,PLEKHA6
16S+ Neighborhood / 16S- Neighborhood,0.239429086,0.874352635,135,2093,366,8134,PLEKHA8
16S+ Neighborhood / 16S- Neighborhood,0.709726439,1.044226117,144,2093,289,8134,PLEKHH2
16S+ Neighborhood / 16S- Neighborhood,0.0344281,0.724948755,67,2093,227,8134,PLEKHO2
16S+ Neighborhood / 16S- Neighborhood,0.936373476,1.009281181,133,2093,508,8134,PLIN2
16S+ Neighborhood / 16S- Neighborhood,0.390267294,1.084870098,193,2093,376,8134,PLIN3
16S+ Neighborhood / 16S- Neighborhood,0.613532571,1.086109512,68,2093,209,8134,PLIN4
16S+ Neighborhood / 16S- Neighborhood,0.470307048,0.904780838,101,2093,357,8134,PLIN5
16S+ Neighborhood / 16S- Neighborhood,0.96847426,1.004604383,142,2093,314,8134,PLK1
16S+ Neighborhood / 16S- Neighborhood,0.37457853,0.900353171,150,2093,323,8134,PLK2
16S+ Neighborhood / 16S- Neighborhood,0.292634901,0.862827919,89,2093,207,8134,PLK3
16S+ Neighborhood / 16S- Neighborhood,0.053200606,0.786182924,104,2093,370,8134,PLLP
16S+ Neighborhood / 16S- Neighborhood,0.64159698,0.939915528,91,2093,209,8134,PLOD2
16S+ Neighborhood / 16S- Neighborhood,0.093161492,0.817943178,117,2093,347,8134,PLOD3
16S+ Neighborhood / 16S- Neighborhood,0.095055293,0.723140849,65,2093,209,8134,PLP1
16S+ Neighborhood / 16S- Neighborhood,0.001293467,0.620537535,78,2093,302,8134,PLPP1
16S+ Neighborhood / 16S- Neighborhood,0.234334283,1.120642994,200,2093,460,8134,PLPP2
16S+ Neighborhood / 16S- Neighborhood,0.819219643,0.950132985,35,2093,70,8134,PLPP3
16S+ Neighborhood / 16S- Neighborhood,0.065252526,0.717583255,55,2093,164,8134,PLPP4
16S+ Neighborhood / 16S- Neighborhood,0.229621148,0.876651229,149,2093,391,8134,PLPP5
16S+ Neighborhood / 16S- Neighborhood,0.146782573,0.800859477,79,2093,221,8134,PLPP6
16S+ Neighborhood / 16S- Neighborhood,0.080233995,0.706832225,44,2093,125,8134,PLPPR1
16S+ Neighborhood / 16S- Neighborhood,0.232735895,1.156683563,120,2093,217,8134,PLRG1
16S+ Neighborhood / 16S- Neighborhood,0.802078049,0.976300531,194,2093,650,8134,PLSCR1
16S+ Neighborhood / 16S- Neighborhood,0.615403277,0.920665136,65,2093,176,8134,PLSCR4
16S+ Neighborhood / 16S- Neighborhood,0.044652009,0.75575823,113,2093,487,8134,PLTP
16S+ Neighborhood / 16S- Neighborhood,0.002685796,0.537807145,51,2093,242,8134,PLVAP
16S+ Neighborhood / 16S- Neighborhood,0.546294042,0.945228158,183,2093,407,8134,PLXNA1
16S+ Neighborhood / 16S- Neighborhood,0.056633793,1.198803088,287,2093,373,8134,PLXNA2
16S+ Neighborhood / 16S- Neighborhood,0.189303407,0.740110534,30,2093,94,8134,PLXNA4
16S+ Neighborhood / 16S- Neighborhood,0.900642591,0.985171565,146,2093,365,8134,PLXNB3
16S+ Neighborhood / 16S- Neighborhood,0.045296366,0.724751054,62,2093,173,8134,PLXNC1
16S+ Neighborhood / 16S- Neighborhood,0.074359966,0.728538706,51,2093,174,8134,PMAIP1
16S+ Neighborhood / 16S- Neighborhood,0.001585803,0.475502151,23,2093,102,8134,PMCH
16S+ Neighborhood / 16S- Neighborhood,0.042085556,0.69213611,55,2093,171,8134,PMEL
16S+ Neighborhood / 16S- Neighborhood,0.960034357,1.008522045,69,2093,112,8134,PMF1
16S+ Neighborhood / 16S- Neighborhood,0.10342307,1.255602347,99,2093,233,8134,PML
16S+ Neighborhood / 16S- Neighborhood,0.01645338,0.6518979,55,2093,175,8134,PMP22
16S+ Neighborhood / 16S- Neighborhood,0.179304229,0.813644397,68,2093,268,8134,PMS2
16S+ Neighborhood / 16S- Neighborhood,0.417714277,0.902771838,111,2093,237,8134,PMVK
16S+ Neighborhood / 16S- Neighborhood,0.47029727,1.064170938,308,2093,576,8134,PNKP
16S+ Neighborhood / 16S- Neighborhood,0.465682106,0.920720352,127,2093,283,8134,PNMA1
16S+ Neighborhood / 16S- Neighborhood,0.906323781,0.977852061,54,2093,128,8134,PNOC
16S+ Neighborhood / 16S- Neighborhood,0.168146846,1.121988502,315,2093,535,8134,PNP
16S+ Neighborhood / 16S- Neighborhood,0.460153943,0.943640786,343,2093,695,8134,PNPLA2
16S+ Neighborhood / 16S- Neighborhood,0.009911163,0.55624961,28,2093,114,8134,PNPLA4
16S+ Neighborhood / 16S- Neighborhood,0.186558441,0.772835241,42,2093,139,8134,PNPLA6
16S+ Neighborhood / 16S- Neighborhood,0.600437126,1.091059752,63,2093,171,8134,PNPLA7
16S+ Neighborhood / 16S- Neighborhood,0.022618749,0.75208497,99,2093,267,8134,PNPLA8
16S+ Neighborhood / 16S- Neighborhood,0.564833424,1.0656932,157,2093,489,8134,PNPT1
16S+ Neighborhood / 16S- Neighborhood,0.03635545,0.662752513,45,2093,172,8134,PODXL
16S+ Neighborhood / 16S- Neighborhood,0.301860113,1.121924269,188,2093,263,8134,PODXL2
16S+ Neighborhood / 16S- Neighborhood,0.088830494,0.723219602,45,2093,129,8134,POLA1
16S+ Neighborhood / 16S- Neighborhood,0.026794269,1.296954587,195,2093,169,8134,POLB
16S+ Neighborhood / 16S- Neighborhood,0.327826008,0.882892236,112,2093,271,8134,POLD1
16S+ Neighborhood / 16S- Neighborhood,0.194728403,1.121242266,223,2093,726,8134,POLD2
16S+ Neighborhood / 16S- Neighborhood,0.627554588,0.931969584,91,2093,264,8134,POLD3
16S+ Neighborhood / 16S- Neighborhood,0.858703612,1.014894026,250,2093,512,8134,POLD4
16S+ Neighborhood / 16S- Neighborhood,0.14809025,1.265674444,67,2093,110,8134,POLE
16S+ Neighborhood / 16S- Neighborhood,0.515554322,1.102641046,81,2093,170,8134,POLE2
16S+ Neighborhood / 16S- Neighborhood,0.301043491,1.11619237,150,2093,303,8134,POLE3
16S+ Neighborhood / 16S- Neighborhood,0.182746,1.196033075,121,2093,230,8134,POLE4
16S+ Neighborhood / 16S- Neighborhood,0.048052224,0.673367843,38,2093,124,8134,POLK
16S+ Neighborhood / 16S- Neighborhood,0.043885414,1.223049011,209,2093,329,8134,POLR1A
16S+ Neighborhood / 16S- Neighborhood,0.9174641,1.011037007,170,2093,407,8134,POLR1C
16S+ Neighborhood / 16S- Neighborhood,0.777360953,0.95485858,67,2093,168,8134,POLR1D
16S+ Neighborhood / 16S- Neighborhood,0.824898719,0.965747451,73,2093,151,8134,POLR1G
16S+ Neighborhood / 16S- Neighborhood,0.027787584,1.347511146,125,2093,130,8134,POLR2A
16S+ Neighborhood / 16S- Neighborhood,0.374603963,1.127281657,108,2093,177,8134,POLR2B
16S+ Neighborhood / 16S- Neighborhood,0.942047889,1.006486262,250,2093,619,8134,POLR2C
16S+ Neighborhood / 16S- Neighborhood,0.735548621,1.030211205,238,2093,525,8134,POLR2D
16S+ Neighborhood / 16S- Neighborhood,0.861310064,1.011707461,423,2093,1230,8134,POLR2E
16S+ Neighborhood / 16S- Neighborhood,0.991991379,0.998869405,142,2093,379,8134,POLR2F
16S+ Neighborhood / 16S- Neighborhood,0.480772792,1.076373332,172,2093,324,8134,POLR2G
16S+ Neighborhood / 16S- Neighborhood,0.712966202,1.027310788,472,2093,889,8134,POLR2H
16S+ Neighborhood / 16S- Neighborhood,0.088677956,1.200018181,181,2093,293,8134,POLR2I
16S+ Neighborhood / 16S- Neighborhood,0.894936724,1.017579354,93,2093,188,8134,POLR2J
16S+ Neighborhood / 16S- Neighborhood,0.601988899,0.943283688,156,2093,296,8134,POLR2K
16S+ Neighborhood / 16S- Neighborhood,0.431558087,0.894049058,95,2093,259,8134,POLR3A
16S+ Neighborhood / 16S- Neighborhood,0.488981108,1.127929676,61,2093,109,8134,POLR3B
16S+ Neighborhood / 16S- Neighborhood,0.783229737,1.039946589,87,2093,190,8134,POLR3C
16S+ Neighborhood / 16S- Neighborhood,0.151772832,1.15384399,210,2093,329,8134,POLR3E
16S+ Neighborhood / 16S- Neighborhood,0.951346897,1.012606388,40,2093,87,8134,POLR3G
16S+ Neighborhood / 16S- Neighborhood,0.848022068,1.028984097,80,2093,182,8134,POLR3GL
16S+ Neighborhood / 16S- Neighborhood,0.068203418,0.814135162,126,2093,327,8134,POLR3H
16S+ Neighborhood / 16S- Neighborhood,0.882146299,1.015532543,179,2093,439,8134,POLR3K
16S+ Neighborhood / 16S- Neighborhood,0.164322542,1.134402804,263,2093,451,8134,POM121
16S+ Neighborhood / 16S- Neighborhood,0.046415124,0.733755934,66,2093,200,8134,POMC
16S+ Neighborhood / 16S- Neighborhood,0.394725137,0.923656583,244,2093,536,8134,PON2
16S+ Neighborhood / 16S- Neighborhood,0.990789457,1.001654837,202,2093,636,8134,POSTN
16S+ Neighborhood / 16S- Neighborhood,0.497053062,0.908537184,84,2093,190,8134,POT1
16S+ Neighborhood / 16S- Neighborhood,0.485650955,1.130797101,64,2093,129,8134,POU2AF1
16S+ Neighborhood / 16S- Neighborhood,0.003642863,0.631431251,57,2093,185,8134,POU2F1
16S+ Neighborhood / 16S- Neighborhood,0.022973894,0.64747017,44,2093,153,8134,POU2F2
16S+ Neighborhood / 16S- Neighborhood,0.062550161,0.759636301,85,2093,257,8134,POU2F3
16S+ Neighborhood / 16S- Neighborhood,0.065491625,0.825913351,170,2093,554,8134,POU5F1
16S+ Neighborhood / 16S- Neighborhood,0.547531472,1.070936914,143,2093,286,8134,PPA1
16S+ Neighborhood / 16S- Neighborhood,0.134753645,1.156145732,187,2093,339,8134,PPA2
16S+ Neighborhood / 16S- Neighborhood,0.376506715,1.16450015,64,2093,157,8134,PPARA
16S+ Neighborhood / 16S- Neighborhood,0.337456796,1.133719012,123,2093,297,8134,PPARD
16S+ Neighborhood / 16S- Neighborhood,0.500734786,0.920180641,129,2093,341,8134,PPARG
16S+ Neighborhood / 16S- Neighborhood,0.083695628,0.724478305,45,2093,133,8134,PPARGC1A
16S+ Neighborhood / 16S- Neighborhood,0.940466432,0.988357676,83,2093,175,8134,PPARGC1B
16S+ Neighborhood / 16S- Neighborhood,0.022741426,0.637872709,45,2093,139,8134,PPBP
16S+ Neighborhood / 16S- Neighborhood,0.312673302,0.738604612,16,2093,45,8134,PPFIA2
16S+ Neighborhood / 16S- Neighborhood,1.91E-06,1.316273579,671,2093,2080,8134,PPIA
16S+ Neighborhood / 16S- Neighborhood,0.276271309,1.137419959,162,2093,226,8134,PPID
16S+ Neighborhood / 16S- Neighborhood,0.029245219,1.269467293,201,2093,241,8134,PPIE
16S+ Neighborhood / 16S- Neighborhood,0.341514454,1.13333746,100,2093,302,8134,PPIF
16S+ Neighborhood / 16S- Neighborhood,0.000490853,1.274696981,599,2093,596,8134,PPIH
16S+ Neighborhood / 16S- Neighborhood,0.325102715,1.101601288,211,2093,492,8134,PPIL1
16S+ Neighborhood / 16S- Neighborhood,0.982973927,0.997586893,131,2093,270,8134,PPIL2
16S+ Neighborhood / 16S- Neighborhood,0.882557405,0.980392541,101,2093,250,8134,PPIL3
16S+ Neighborhood / 16S- Neighborhood,0.496401982,1.069317642,217,2093,355,8134,PPIL4
16S+ Neighborhood / 16S- Neighborhood,0.573455938,1.072341973,148,2093,197,8134,PPL
16S+ Neighborhood / 16S- Neighborhood,0.141333072,1.204411912,129,2093,200,8134,PPM1A
16S+ Neighborhood / 16S- Neighborhood,0.02779534,1.2187471,234,2093,688,8134,PPM1B
16S+ Neighborhood / 16S- Neighborhood,0.070062481,1.184449604,288,2093,308,8134,PPM1L
16S+ Neighborhood / 16S- Neighborhood,0.439169504,1.090317251,156,2093,394,8134,PPME1
16S+ Neighborhood / 16S- Neighborhood,0.638907642,1.030641796,528,2093,1004,8134,PPP1CA
16S+ Neighborhood / 16S- Neighborhood,0.411159741,1.081434848,236,2093,334,8134,PPP1CC
16S+ Neighborhood / 16S- Neighborhood,0.944301917,0.99072284,110,2093,177,8134,PPP1R10
16S+ Neighborhood / 16S- Neighborhood,0.028448319,1.202570428,309,2093,460,8134,PPP1R11
16S+ Neighborhood / 16S- Neighborhood,0.520274207,0.909744414,82,2093,162,8134,PPP1R12A
16S+ Neighborhood / 16S- Neighborhood,0.003440364,0.667825895,90,2093,275,8134,PPP1R12B
16S+ Neighborhood / 16S- Neighborhood,0.035506575,0.759946268,93,2093,260,8134,PPP1R12C
16S+ Neighborhood / 16S- Neighborhood,0.267183247,0.879968133,167,2093,300,8134,PPP1R13B
16S+ Neighborhood / 16S- Neighborhood,0.007792744,1.144648578,996,2093,1352,8134,PPP1R14B
16S+ Neighborhood / 16S- Neighborhood,0.394610345,1.07381313,361,2093,879,8134,PPP1R15A
16S+ Neighborhood / 16S- Neighborhood,0.749008904,0.964975021,144,2093,337,8134,PPP1R15B
16S+ Neighborhood / 16S- Neighborhood,0.260732822,0.764734346,29,2093,82,8134,PPP1R16B
16S+ Neighborhood / 16S- Neighborhood,0.200556399,0.886121237,202,2093,693,8134,PPP1R1B
16S+ Neighborhood / 16S- Neighborhood,0.58348997,0.910768138,61,2093,129,8134,PPP1R2
16S+ Neighborhood / 16S- Neighborhood,0.38411854,1.083371365,218,2093,426,8134,PPP1R7
16S+ Neighborhood / 16S- Neighborhood,0.417976672,1.131358059,80,2093,168,8134,PPP1R9A
16S+ Neighborhood / 16S- Neighborhood,0.108564882,1.158893393,216,2093,437,8134,PPP1R9B
16S+ Neighborhood / 16S- Neighborhood,0.678954053,1.04269652,198,2093,368,8134,PPP2CA
16S+ Neighborhood / 16S- Neighborhood,0.370521716,0.904560862,153,2093,399,8134,PPP2CB
16S+ Neighborhood / 16S- Neighborhood,0.500494289,0.950227862,384,2093,685,8134,PPP2R1A
16S+ Neighborhood / 16S- Neighborhood,0.102128714,0.723446912,38,2093,110,8134,PPP2R1B
16S+ Neighborhood / 16S- Neighborhood,0.739857283,1.042320016,125,2093,311,8134,PPP2R2A
16S+ Neighborhood / 16S- Neighborhood,0.532494251,0.872554852,38,2093,104,8134,PPP2R2B
16S+ Neighborhood / 16S- Neighborhood,0.507571476,1.084586205,157,2093,231,8134,PPP2R2C
16S+ Neighborhood / 16S- Neighborhood,0.194156528,0.841066839,106,2093,305,8134,PPP2R2D
16S+ Neighborhood / 16S- Neighborhood,0.077460707,1.497380596,43,2093,50,8134,PPP2R3A
16S+ Neighborhood / 16S- Neighborhood,0.030214764,1.241716964,224,2093,305,8134,PPP2R3C
16S+ Neighborhood / 16S- Neighborhood,0.124987019,1.212053567,127,2093,214,8134,PPP2R5A
16S+ Neighborhood / 16S- Neighborhood,0.042763988,0.755944284,94,2093,309,8134,PPP2R5B
16S+ Neighborhood / 16S- Neighborhood,0.001353976,1.331724099,308,2093,430,8134,PPP2R5C
16S+ Neighborhood / 16S- Neighborhood,0.339005554,1.103884568,158,2093,314,8134,PPP2R5D
16S+ Neighborhood / 16S- Neighborhood,0.041073046,1.470994727,58,2093,76,8134,PPP2R5E
16S+ Neighborhood / 16S- Neighborhood,0.040519734,1.316659625,136,2093,143,8134,PPP3CA
16S+ Neighborhood / 16S- Neighborhood,0.116135192,0.804435983,86,2093,244,8134,PPP3CB
16S+ Neighborhood / 16S- Neighborhood,0.581670708,0.908294191,55,2093,163,8134,PPP3CC
16S+ Neighborhood / 16S- Neighborhood,0.022317437,1.312228335,128,2093,205,8134,PPP3R1
16S+ Neighborhood / 16S- Neighborhood,0.210389985,0.714181225,22,2093,66,8134,PPP3R2
16S+ Neighborhood / 16S- Neighborhood,0.018552323,1.150898699,706,2093,1190,8134,PPP4C
16S+ Neighborhood / 16S- Neighborhood,0.084695998,1.169291108,269,2093,378,8134,PPP5C
16S+ Neighborhood / 16S- Neighborhood,0.504700045,0.904830921,76,2093,180,8134,PPP6C
16S+ Neighborhood / 16S- Neighborhood,0.030780477,1.238643462,276,2093,298,8134,PPP6R3
16S+ Neighborhood / 16S- Neighborhood,0.207769029,1.153941992,138,2093,264,8134,PPT1
16S+ Neighborhood / 16S- Neighborhood,0.057163283,1.490852378,42,2093,58,8134,PPT2
16S+ Neighborhood / 16S- Neighborhood,0.048776633,0.696912014,40,2093,123,8134,PPWD1
16S+ Neighborhood / 16S- Neighborhood,0.131585446,0.782407647,65,2093,214,8134,PRAME
16S+ Neighborhood / 16S- Neighborhood,0.075233684,0.746742891,62,2093,207,8134,PRAP1
16S+ Neighborhood / 16S- Neighborhood,0.153766004,1.192422104,130,2093,299,8134,PRC1
16S+ Neighborhood / 16S- Neighborhood,0.034649605,1.234235966,223,2093,319,8134,PRCC
16S+ Neighborhood / 16S- Neighborhood,0.185201446,0.794570166,55,2093,145,8134,PRDM1
16S+ Neighborhood / 16S- Neighborhood,0.078973345,0.676028257,28,2093,89,8134,PRDM14
16S+ Neighborhood / 16S- Neighborhood,0.11608931,0.759159279,52,2093,143,8134,PRDM16
16S+ Neighborhood / 16S- Neighborhood,5.05E-09,1.518482703,589,2093,484,8134,PRDX1
16S+ Neighborhood / 16S- Neighborhood,0.006590917,1.168396076,715,2093,1347,8134,PRDX2
16S+ Neighborhood / 16S- Neighborhood,0.099350682,1.221455388,136,2093,268,8134,PRDX3
16S+ Neighborhood / 16S- Neighborhood,0.168281465,0.856743055,136,2093,322,8134,PRDX4
16S+ Neighborhood / 16S- Neighborhood,0.370372615,1.106391323,152,2093,363,8134,PRDX5
16S+ Neighborhood / 16S- Neighborhood,0.221465043,1.099974235,378,2093,642,8134,PRDX6
16S+ Neighborhood / 16S- Neighborhood,0.658637973,1.046266403,187,2093,457,8134,PREB
16S+ Neighborhood / 16S- Neighborhood,0.339603146,0.79591231,27,2093,73,8134,PRELID2
16S+ Neighborhood / 16S- Neighborhood,0.001522953,1.514735139,124,2093,164,8134,PREP
16S+ Neighborhood / 16S- Neighborhood,0.031484112,0.73007092,79,2093,264,8134,PREX1
16S+ Neighborhood / 16S- Neighborhood,0.648045708,0.902116581,33,2093,91,8134,PRF1
16S+ Neighborhood / 16S- Neighborhood,0.010680069,0.680595974,70,2093,214,8134,PRG2
16S+ Neighborhood / 16S- Neighborhood,0.088056353,0.742407197,63,2093,195,8134,PRICKLE1
16S+ Neighborhood / 16S- Neighborhood,0.738639287,0.905925079,21,2093,39,8134,PRICKLE2
16S+ Neighborhood / 16S- Neighborhood,0.505122534,0.912275514,97,2093,231,8134,PRIM1
16S+ Neighborhood / 16S- Neighborhood,0.13789128,0.837591426,109,2093,272,8134,PRIM2
16S+ Neighborhood / 16S- Neighborhood,0.957454907,0.992332069,88,2093,210,8134,PRKAA1
16S+ Neighborhood / 16S- Neighborhood,0.189363744,1.197506762,123,2093,161,8134,PRKAA2
16S+ Neighborhood / 16S- Neighborhood,0.144170167,1.254597603,96,2093,122,8134,PRKAB1
16S+ Neighborhood / 16S- Neighborhood,0.159641048,0.834791073,110,2093,305,8134,PRKAB2
16S+ Neighborhood / 16S- Neighborhood,0.082398147,0.828691401,142,2093,378,8134,PRKACA
16S+ Neighborhood / 16S- Neighborhood,0.907106007,0.979581074,53,2093,121,8134,PRKACB
16S+ Neighborhood / 16S- Neighborhood,0.003834097,0.439188415,15,2093,76,8134,PRKACG
16S+ Neighborhood / 16S- Neighborhood,0.94014351,0.99106166,125,2093,271,8134,PRKAG1
16S+ Neighborhood / 16S- Neighborhood,0.501931408,0.908175253,76,2093,172,8134,PRKAG2
16S+ Neighborhood / 16S- Neighborhood,0.000353945,1.171219287,1438,2093,1902,8134,PRKAR1A
16S+ Neighborhood / 16S- Neighborhood,0.417309489,0.900591977,96,2093,367,8134,PRKAR1B
16S+ Neighborhood / 16S- Neighborhood,0.490373239,0.901596357,66,2093,156,8134,PRKAR2A
16S+ Neighborhood / 16S- Neighborhood,0.738094067,1.070328253,39,2093,76,8134,PRKAR2B
16S+ Neighborhood / 16S- Neighborhood,0.61946242,0.950495103,162,2093,608,8134,PRKCA
16S+ Neighborhood / 16S- Neighborhood,0.020863287,0.660423637,44,2093,136,8134,PRKCB
16S+ Neighborhood / 16S- Neighborhood,0.021313113,0.655313529,48,2093,161,8134,PRKCD
16S+ Neighborhood / 16S- Neighborhood,0.92326458,0.98862735,120,2093,502,8134,PRKCE
16S+ Neighborhood / 16S- Neighborhood,0.006238449,0.615842618,54,2093,177,8134,PRKCG
16S+ Neighborhood / 16S- Neighborhood,0.148023641,1.190431336,137,2093,236,8134,PRKCH
16S+ Neighborhood / 16S- Neighborhood,0.137166397,1.299409212,72,2093,97,8134,PRKCI
16S+ Neighborhood / 16S- Neighborhood,0.357583554,0.797542369,25,2093,71,8134,PRKCQ
16S+ Neighborhood / 16S- Neighborhood,0.146921654,1.076348207,733,2093,1399,8134,PRKCSH
16S+ Neighborhood / 16S- Neighborhood,0.380853101,1.099660385,186,2093,363,8134,PRKCZ
16S+ Neighborhood / 16S- Neighborhood,0.071094955,0.739212819,66,2093,147,8134,PRKD1
16S+ Neighborhood / 16S- Neighborhood,0.237648815,0.898797161,247,2093,512,8134,PRKD2
16S+ Neighborhood / 16S- Neighborhood,0.931084384,0.991010065,158,2093,342,8134,PRKD3
16S+ Neighborhood / 16S- Neighborhood,0.014806284,1.257036483,273,2093,358,8134,PRKDC
16S+ Neighborhood / 16S- Neighborhood,0.098952989,0.624820367,18,2093,62,8134,PRKG1
16S+ Neighborhood / 16S- Neighborhood,0.053134917,0.7263477,59,2093,163,8134,PRKN
16S+ Neighborhood / 16S- Neighborhood,0.624666582,0.9400406,118,2093,301,8134,PRKRA
16S+ Neighborhood / 16S- Neighborhood,0.293272522,0.861681375,84,2093,205,8134,PRKX
16S+ Neighborhood / 16S- Neighborhood,0.196747115,0.73518334,26,2093,76,8134,PRL
16S+ Neighborhood / 16S- Neighborhood,0.13954283,0.763471086,48,2093,163,8134,PRLHR
16S+ Neighborhood / 16S- Neighborhood,0.328973516,0.803734237,32,2093,82,8134,PRLR
16S+ Neighborhood / 16S- Neighborhood,0.411131032,0.875827887,71,2093,158,8134,PRM1
16S+ Neighborhood / 16S- Neighborhood,0.007665049,1.297939846,238,2093,297,8134,PRMT1
16S+ Neighborhood / 16S- Neighborhood,0.975691423,1.003540868,122,2093,401,8134,PRMT2
16S+ Neighborhood / 16S- Neighborhood,0.38700275,0.900413277,115,2093,262,8134,PRMT3
16S+ Neighborhood / 16S- Neighborhood,0.259362587,1.089531159,430,2093,561,8134,PRMT5
16S+ Neighborhood / 16S- Neighborhood,0.519363483,0.924106967,126,2093,274,8134,PRMT7
16S+ Neighborhood / 16S- Neighborhood,0.095011486,0.737554738,47,2093,133,8134,PRMT8
16S+ Neighborhood / 16S- Neighborhood,0.670894358,0.891155425,22,2093,55,8134,PRND
16S+ Neighborhood / 16S- Neighborhood,0.881615075,0.987552522,284,2093,599,8134,PRNP
16S+ Neighborhood / 16S- Neighborhood,0.062031164,0.760857732,77,2093,288,8134,PROCR
16S+ Neighborhood / 16S- Neighborhood,0.060884587,0.729715467,51,2093,271,8134,PROM1
16S+ Neighborhood / 16S- Neighborhood,9.64E-05,0.547241593,68,2093,288,8134,PROS1
16S+ Neighborhood / 16S- Neighborhood,0.006492863,0.694597126,94,2093,297,8134,PROX1
16S+ Neighborhood / 16S- Neighborhood,0.017266611,1.302431481,166,2093,260,8134,PRPF18
16S+ Neighborhood / 16S- Neighborhood,0.049827292,1.144667137,480,2093,874,8134,PRPF19
16S+ Neighborhood / 16S- Neighborhood,0.002820087,0.76408104,225,2093,682,8134,PRPF3
16S+ Neighborhood / 16S- Neighborhood,0.650620558,1.06752096,80,2093,155,8134,PRPF31
16S+ Neighborhood / 16S- Neighborhood,0.978779587,0.996795311,135,2093,242,8134,PRPF38A
16S+ Neighborhood / 16S- Neighborhood,0.738560762,1.034829478,196,2093,315,8134,PRPF38B
16S+ Neighborhood / 16S- Neighborhood,0.003267919,1.311442404,212,2093,344,8134,PRPF40A
16S+ Neighborhood / 16S- Neighborhood,0.279409776,0.862206379,91,2093,203,8134,PRPF40B
16S+ Neighborhood / 16S- Neighborhood,0.598475738,1.048910648,257,2093,451,8134,PRPF6
16S+ Neighborhood / 16S- Neighborhood,0.101457318,1.219171741,154,2093,206,8134,PRPF8
16S+ Neighborhood / 16S- Neighborhood,0.921476986,1.011825216,138,2093,239,8134,PRPS2
16S+ Neighborhood / 16S- Neighborhood,0.19834409,0.863068617,168,2093,327,8134,PRPSAP2
16S+ Neighborhood / 16S- Neighborhood,0.050493196,0.758622598,94,2093,316,8134,PRR5
16S+ Neighborhood / 16S- Neighborhood,0.843274138,0.971294724,75,2093,167,8134,PRR5L
16S+ Neighborhood / 16S- Neighborhood,0.186759106,0.720146471,22,2093,63,8134,PRSS16
16S+ Neighborhood / 16S- Neighborhood,0.319485403,0.764469065,22,2093,73,8134,PRTN3
16S+ Neighborhood / 16S- Neighborhood,0.966955704,1.005065421,131,2093,239,8134,PRUNE1
16S+ Neighborhood / 16S- Neighborhood,0.943705234,0.996342893,978,2093,2723,8134,PSAP
16S+ Neighborhood / 16S- Neighborhood,0.757424864,0.964832357,161,2093,428,8134,PSAT1
16S+ Neighborhood / 16S- Neighborhood,0.611187741,1.07332607,95,2093,238,8134,PSCA
16S+ Neighborhood / 16S- Neighborhood,0.158776635,0.823520917,91,2093,260,8134,PSD3
16S+ Neighborhood / 16S- Neighborhood,0.621070001,0.946724715,132,2093,291,8134,PSEN1
16S+ Neighborhood / 16S- Neighborhood,0.121734985,0.736166475,41,2093,126,8134,PSEN2
16S+ Neighborhood / 16S- Neighborhood,0.6638228,0.963549222,275,2093,567,8134,PSENEN
16S+ Neighborhood / 16S- Neighborhood,0.148282896,0.765453536,47,2093,128,8134,PSG4
16S+ Neighborhood / 16S- Neighborhood,0.938215507,1.009484243,133,2093,253,8134,PSIP1
16S+ Neighborhood / 16S- Neighborhood,0.742168373,1.032847563,188,2093,385,8134,PSMA1
16S+ Neighborhood / 16S- Neighborhood,0.281268609,1.15974781,95,2093,243,8134,PSMA2
16S+ Neighborhood / 16S- Neighborhood,0.096870514,1.273015278,96,2093,133,8134,PSMA3
16S+ Neighborhood / 16S- Neighborhood,0.410735699,0.884897728,80,2093,221,8134,PSMA4
16S+ Neighborhood / 16S- Neighborhood,0.035159601,1.169382983,434,2093,653,8134,PSMA5
16S+ Neighborhood / 16S- Neighborhood,0.00074604,1.164701607,1387,2093,1679,8134,PSMA6
16S+ Neighborhood / 16S- Neighborhood,0.043720718,0.673473227,40,2093,150,8134,PSMA8
16S+ Neighborhood / 16S- Neighborhood,0.272052376,0.826732922,52,2093,181,8134,PSMB10
16S+ Neighborhood / 16S- Neighborhood,0.039212123,1.234161052,164,2093,281,8134,PSMB2
16S+ Neighborhood / 16S- Neighborhood,0.038503732,1.157087498,397,2093,781,8134,PSMB3
16S+ Neighborhood / 16S- Neighborhood,0.790656792,0.978772529,297,2093,592,8134,PSMB4
16S+ Neighborhood / 16S- Neighborhood,0.058630047,1.125706809,713,2093,889,8134,PSMB5
16S+ Neighborhood / 16S- Neighborhood,0.009714238,1.246502992,303,2093,479,8134,PSMB6
16S+ Neighborhood / 16S- Neighborhood,0.074274665,1.20289549,184,2093,381,8134,PSMB7
16S+ Neighborhood / 16S- Neighborhood,0.594094541,1.076929595,93,2093,252,8134,PSMB8
16S+ Neighborhood / 16S- Neighborhood,0.320075586,0.902227102,155,2093,753,8134,PSMB9
16S+ Neighborhood / 16S- Neighborhood,0.631312442,1.044128885,274,2093,457,8134,PSMC1
16S+ Neighborhood / 16S- Neighborhood,0.002072199,1.409420463,183,2093,249,8134,PSMC2
16S+ Neighborhood / 16S- Neighborhood,0.013407522,1.263337395,274,2093,381,8134,PSMC3
16S+ Neighborhood / 16S- Neighborhood,0.122776558,1.119668258,388,2093,721,8134,PSMC4
16S+ Neighborhood / 16S- Neighborhood,0.012455412,1.201998948,403,2093,680,8134,PSMC5
16S+ Neighborhood / 16S- Neighborhood,0.252288038,1.178779211,103,2093,167,8134,PSMC6
16S+ Neighborhood / 16S- Neighborhood,0.416444306,1.093523725,152,2093,316,8134,PSMD1
16S+ Neighborhood / 16S- Neighborhood,0.088157706,0.81536643,122,2093,351,8134,PSMD10
16S+ Neighborhood / 16S- Neighborhood,0.575263639,1.051865254,241,2093,441,8134,PSMD11
16S+ Neighborhood / 16S- Neighborhood,0.013229123,1.248016926,227,2093,366,8134,PSMD12
16S+ Neighborhood / 16S- Neighborhood,0.313965272,0.899050406,163,2093,406,8134,PSMD13
16S+ Neighborhood / 16S- Neighborhood,0.004102828,1.298564426,254,2093,467,8134,PSMD14
16S+ Neighborhood / 16S- Neighborhood,0.024273777,1.183094191,442,2093,669,8134,PSMD2
16S+ Neighborhood / 16S- Neighborhood,0.344266718,1.087068491,279,2093,497,8134,PSMD3
16S+ Neighborhood / 16S- Neighborhood,0.053141224,1.139901072,464,2093,812,8134,PSMD4
16S+ Neighborhood / 16S- Neighborhood,0.944073254,0.986715685,52,2093,122,8134,PSMD5
16S+ Neighborhood / 16S- Neighborhood,0.679856067,0.951552482,133,2093,267,8134,PSMD6
16S+ Neighborhood / 16S- Neighborhood,0.283558216,1.129770051,150,2093,281,8134,PSMD7
16S+ Neighborhood / 16S- Neighborhood,0.011875119,1.240905624,288,2093,473,8134,PSMD8
16S+ Neighborhood / 16S- Neighborhood,0.903737358,1.014426096,156,2093,246,8134,PSMD9
16S+ Neighborhood / 16S- Neighborhood,0.722200959,1.025683637,463,2093,776,8134,PSME1
16S+ Neighborhood / 16S- Neighborhood,0.006125129,1.22404891,424,2093,626,8134,PSME2
16S+ Neighborhood / 16S- Neighborhood,0.033008087,1.216564332,228,2093,508,8134,PSME3
16S+ Neighborhood / 16S- Neighborhood,0.255993266,1.12060111,206,2093,354,8134,PSME4
16S+ Neighborhood / 16S- Neighborhood,0.958152487,1.004912782,205,2093,459,8134,PSMF1
16S+ Neighborhood / 16S- Neighborhood,0.863330803,1.010939566,662,2093,1144,8134,PSPH
16S+ Neighborhood / 16S- Neighborhood,0.225965873,0.830823189,74,2093,201,8134,PSTPIP1
16S+ Neighborhood / 16S- Neighborhood,0.19563257,0.731066957,27,2093,86,8134,PTAFR
16S+ Neighborhood / 16S- Neighborhood,0.134036942,1.104578245,472,2093,820,8134,PTBP1
16S+ Neighborhood / 16S- Neighborhood,0.010375965,0.591345082,33,2093,120,8134,PTCD2
16S+ Neighborhood / 16S- Neighborhood,0.004114351,0.646420698,64,2093,208,8134,PTCH1
16S+ Neighborhood / 16S- Neighborhood,0.020141048,0.649045471,43,2093,134,8134,PTCRA
16S+ Neighborhood / 16S- Neighborhood,0.205605337,1.165558034,130,2093,264,8134,PTDSS1
16S+ Neighborhood / 16S- Neighborhood,8.94E-06,0.802671966,1060,2093,3021,8134,PTEN
16S+ Neighborhood / 16S- Neighborhood,0.639356292,0.885019656,24,2093,58,8134,PTGDR
16S+ Neighborhood / 16S- Neighborhood,0.014634026,0.671574378,63,2093,203,8134,PTGDR2
16S+ Neighborhood / 16S- Neighborhood,0.609993355,0.919837797,84,2093,317,8134,PTGDS
16S+ Neighborhood / 16S- Neighborhood,0.529244042,0.888948785,51,2093,139,8134,PTGER2
16S+ Neighborhood / 16S- Neighborhood,0.002914412,0.531655222,31,2093,125,8134,PTGER3
16S+ Neighborhood / 16S- Neighborhood,0.051004671,0.71591141,56,2093,182,8134,PTGER4
16S+ Neighborhood / 16S- Neighborhood,0.601488411,0.927479885,78,2093,286,8134,PTGES
16S+ Neighborhood / 16S- Neighborhood,0.705295536,1.036049924,193,2093,716,8134,PTGES2
16S+ Neighborhood / 16S- Neighborhood,0.011866013,1.294578265,211,2093,284,8134,PTGES3
16S+ Neighborhood / 16S- Neighborhood,0.586953949,0.921613279,78,2093,190,8134,PTGIR
16S+ Neighborhood / 16S- Neighborhood,0.178881159,0.808631706,77,2093,223,8134,PTGIS
16S+ Neighborhood / 16S- Neighborhood,0.258209435,1.174161745,104,2093,166,8134,PTGR1
16S+ Neighborhood / 16S- Neighborhood,0.08831431,0.721815827,44,2093,135,8134,PTGS1
16S+ Neighborhood / 16S- Neighborhood,0.352839187,0.791975477,25,2093,80,8134,PTGS2
16S+ Neighborhood / 16S- Neighborhood,0.003468353,1.140453199,1285,2093,2411,8134,PTK2
16S+ Neighborhood / 16S- Neighborhood,0.192831834,0.712812136,21,2093,62,8134,PTK2B
16S+ Neighborhood / 16S- Neighborhood,0.739695832,0.966693639,205,2093,411,8134,PTK6
16S+ Neighborhood / 16S- Neighborhood,0.728696616,1.026743307,430,2093,662,8134,PTK7
16S+ Neighborhood / 16S- Neighborhood,0.481177731,1.125513556,67,2093,127,8134,PTN
16S+ Neighborhood / 16S- Neighborhood,0.02040857,1.278902758,190,2093,239,8134,PTPMT1
16S+ Neighborhood / 16S- Neighborhood,0.075117322,1.160807569,243,2093,457,8134,PTPN1
16S+ Neighborhood / 16S- Neighborhood,0.329468855,1.107604175,190,2093,278,8134,PTPN11
16S+ Neighborhood / 16S- Neighborhood,0.614666481,0.928580952,91,2093,155,8134,PTPN12
16S+ Neighborhood / 16S- Neighborhood,0.967148102,1.006348298,80,2093,192,8134,PTPN13
16S+ Neighborhood / 16S- Neighborhood,0.229263342,0.84861311,85,2093,341,8134,PTPN18
16S+ Neighborhood / 16S- Neighborhood,0.373734492,0.899099519,117,2093,361,8134,PTPN2
16S+ Neighborhood / 16S- Neighborhood,0.931285547,0.986915228,79,2093,226,8134,PTPN4
16S+ Neighborhood / 16S- Neighborhood,0.073008111,0.736049706,59,2093,187,8134,PTPN5
16S+ Neighborhood / 16S- Neighborhood,0.330905596,1.11695457,139,2093,262,8134,PTPN6
16S+ Neighborhood / 16S- Neighborhood,0.715913296,0.939620151,72,2093,186,8134,PTPN7
16S+ Neighborhood / 16S- Neighborhood,0.558792618,0.918111561,82,2093,190,8134,PTPRA
16S+ Neighborhood / 16S- Neighborhood,0.129299821,0.79043116,71,2093,219,8134,PTPRC
16S+ Neighborhood / 16S- Neighborhood,0.123830494,0.815814558,90,2093,229,8134,PTPRCAP
16S+ Neighborhood / 16S- Neighborhood,0.621177042,0.909501719,47,2093,154,8134,PTPRE
16S+ Neighborhood / 16S- Neighborhood,2.46E-29,1.684071685,2668,2093,1625,8134,PTPRF
16S+ Neighborhood / 16S- Neighborhood,0.120252207,0.753092726,52,2093,177,8134,PTPRG
16S+ Neighborhood / 16S- Neighborhood,0.050604136,0.690741233,40,2093,122,8134,PTPRJ
16S+ Neighborhood / 16S- Neighborhood,0.418357581,1.091175136,154,2093,278,8134,PTPRK
16S+ Neighborhood / 16S- Neighborhood,0.055449635,0.775216445,95,2093,374,8134,PTPRM
16S+ Neighborhood / 16S- Neighborhood,0.003396557,0.609981344,55,2093,204,8134,PTPRN
16S+ Neighborhood / 16S- Neighborhood,0.048105649,0.694212796,45,2093,158,8134,PTPRN2
16S+ Neighborhood / 16S- Neighborhood,0.362978167,0.882036905,89,2093,210,8134,PTPRO
16S+ Neighborhood / 16S- Neighborhood,0.017698784,0.618890324,38,2093,148,8134,PTPRR
16S+ Neighborhood / 16S- Neighborhood,0.001735221,1.214436958,685,2093,728,8134,PTPRS
16S+ Neighborhood / 16S- Neighborhood,0.449279651,0.853918612,41,2093,132,8134,PTPRU
16S+ Neighborhood / 16S- Neighborhood,0.543428345,0.83197448,18,2093,46,8134,PTPRZ1
16S+ Neighborhood / 16S- Neighborhood,0.43622406,1.110281497,114,2093,226,8134,PTS
16S+ Neighborhood / 16S- Neighborhood,0.935912996,1.010781835,113,2093,236,8134,PTTG1
16S+ Neighborhood / 16S- Neighborhood,0.000755038,0.574240695,56,2093,200,8134,PTTG2
16S+ Neighborhood / 16S- Neighborhood,0.029386867,1.18152584,299,2093,512,8134,PUF60
16S+ Neighborhood / 16S- Neighborhood,0.552440033,1.073079953,140,2093,271,8134,PURA
16S+ Neighborhood / 16S- Neighborhood,0.039965371,0.567598838,20,2093,85,8134,PVALB
16S+ Neighborhood / 16S- Neighborhood,0.033662246,0.806733765,188,2093,503,8134,PVR
16S+ Neighborhood / 16S- Neighborhood,0.629113303,0.944677891,141,2093,305,8134,PVRIG
16S+ Neighborhood / 16S- Neighborhood,0.772160825,1.033355275,174,2093,255,8134,PXDN
16S+ Neighborhood / 16S- Neighborhood,0.719533265,0.962000148,160,2093,405,8134,PXN
16S+ Neighborhood / 16S- Neighborhood,0.262304248,1.14652026,123,2093,264,8134,PYCARD
16S+ Neighborhood / 16S- Neighborhood,0.039972554,1.183434654,315,2093,744,8134,PYCR1
16S+ Neighborhood / 16S- Neighborhood,0.049230382,1.166333218,376,2093,601,8134,PYCR2
16S+ Neighborhood / 16S- Neighborhood,0.860992121,1.023043995,125,2093,209,8134,PYCR3
16S+ Neighborhood / 16S- Neighborhood,0.299502267,1.068086454,558,2093,1057,8134,PYGB
16S+ Neighborhood / 16S- Neighborhood,0.386630192,0.822192756,31,2093,103,8134,PYGL
16S+ Neighborhood / 16S- Neighborhood,0.454554181,0.88661336,74,2093,179,8134,PYROXD1
16S+ Neighborhood / 16S- Neighborhood,0.370574143,0.849181814,59,2093,150,8134,PYY
16S+ Neighborhood / 16S- Neighborhood,0.584609464,1.061951887,186,2093,377,8134,QDPR
16S+ Neighborhood / 16S- Neighborhood,0.306110898,0.816161661,41,2093,105,8134,QRFPR
16S+ Neighborhood / 16S- Neighborhood,0.071705173,0.886785054,412,2093,1410,8134,QSOX1
16S+ Neighborhood / 16S- Neighborhood,0.119517016,1.214371851,107,2093,181,8134,RAB10
16S+ Neighborhood / 16S- Neighborhood,0.059015111,1.185863236,251,2093,524,8134,RAB11A
16S+ Neighborhood / 16S- Neighborhood,0.180534482,0.909154332,366,2093,954,8134,RAB11B
16S+ Neighborhood / 16S- Neighborhood,0.421615566,0.912833652,154,2093,351,8134,RAB11FIP1
16S+ Neighborhood / 16S- Neighborhood,0.786794635,1.030851881,141,2093,313,8134,RAB14
16S+ Neighborhood / 16S- Neighborhood,0.057666705,0.741057483,60,2093,178,8134,RAB18
16S+ Neighborhood / 16S- Neighborhood,0.794514898,1.034179627,115,2093,207,8134,RAB1A
16S+ Neighborhood / 16S- Neighborhood,0.014450774,1.249980482,297,2093,392,8134,RAB1B
16S+ Neighborhood / 16S- Neighborhood,0.856883161,0.982523219,216,2093,333,8134,RAB22A
16S+ Neighborhood / 16S- Neighborhood,0.334698419,1.101318099,183,2093,552,8134,RAB24
16S+ Neighborhood / 16S- Neighborhood,0.431209403,0.89762018,106,2093,246,8134,RAB27A
16S+ Neighborhood / 16S- Neighborhood,0.070006769,0.828576146,164,2093,492,8134,RAB27B
16S+ Neighborhood / 16S- Neighborhood,0.618821477,0.94050904,122,2093,277,8134,RAB28
16S+ Neighborhood / 16S- Neighborhood,0.69926163,0.950776926,116,2093,197,8134,RAB2A
16S+ Neighborhood / 16S- Neighborhood,0.186865765,0.733263117,29,2093,92,8134,RAB31
16S+ Neighborhood / 16S- Neighborhood,0.673073186,0.882224432,19,2093,41,8134,RAB37
16S+ Neighborhood / 16S- Neighborhood,0.302931533,1.169122068,74,2093,130,8134,RAB3IP
16S+ Neighborhood / 16S- Neighborhood,0.332975572,0.89400225,148,2093,261,8134,RAB40B
16S+ Neighborhood / 16S- Neighborhood,0.464743057,0.91947346,131,2093,319,8134,RAB4A
16S+ Neighborhood / 16S- Neighborhood,0.921174581,1.013820703,97,2093,191,8134,RAB5A
16S+ Neighborhood / 16S- Neighborhood,0.236416225,1.117027401,250,2093,397,8134,RAB5B
16S+ Neighborhood / 16S- Neighborhood,0.321639932,1.077271999,357,2093,797,8134,RAB5C
16S+ Neighborhood / 16S- Neighborhood,0.657129788,1.052670203,139,2093,287,8134,RAB6A
16S+ Neighborhood / 16S- Neighborhood,0.004370985,1.352667471,209,2093,222,8134,RAB7A
16S+ Neighborhood / 16S- Neighborhood,0.83459105,0.976450611,126,2093,278,8134,RAB8A
16S+ Neighborhood / 16S- Neighborhood,0.250286066,1.122923562,186,2093,346,8134,RABEP1
16S+ Neighborhood / 16S- Neighborhood,0.001043173,1.212006166,626,2093,1378,8134,RAC1
16S+ Neighborhood / 16S- Neighborhood,0.590654156,1.05548034,187,2093,437,8134,RAC2
16S+ Neighborhood / 16S- Neighborhood,0.21046432,1.133077352,219,2093,362,8134,RAC3
16S+ Neighborhood / 16S- Neighborhood,0.000272394,1.209127026,778,2093,1665,8134,RACK1
16S+ Neighborhood / 16S- Neighborhood,0.309427052,1.244594037,38,2093,73,8134,RAD1
16S+ Neighborhood / 16S- Neighborhood,0.216294016,1.107814009,328,2093,478,8134,RAD21
16S+ Neighborhood / 16S- Neighborhood,0.541319648,1.043607287,390,2093,1039,8134,RAD23A
16S+ Neighborhood / 16S- Neighborhood,0.252416767,1.126583574,192,2093,324,8134,RAD23B
16S+ Neighborhood / 16S- Neighborhood,0.059887466,0.752698266,72,2093,210,8134,RAD50
16S+ Neighborhood / 16S- Neighborhood,0.990831121,1.00168404,71,2093,150,8134,RAD51
16S+ Neighborhood / 16S- Neighborhood,0.988476097,0.997723857,72,2093,162,8134,RAD51C
16S+ Neighborhood / 16S- Neighborhood,0.42931429,0.915495043,141,2093,314,8134,RAD52
16S+ Neighborhood / 16S- Neighborhood,0.014247983,1.225914924,279,2093,465,8134,RAD9A
16S+ Neighborhood / 16S- Neighborhood,0.478756548,1.082607325,167,2093,281,8134,RAE1
16S+ Neighborhood / 16S- Neighborhood,0.808208441,0.96643179,95,2093,234,8134,RAET1G
16S+ Neighborhood / 16S- Neighborhood,0.008305737,1.293227256,261,2093,321,8134,RAF1
16S+ Neighborhood / 16S- Neighborhood,0.27942143,0.795485283,34,2093,87,8134,RAG1
16S+ Neighborhood / 16S- Neighborhood,0.611497875,1.060934182,155,2093,332,8134,RALA
16S+ Neighborhood / 16S- Neighborhood,0.412887182,1.09040392,153,2093,299,8134,RALGDS
16S+ Neighborhood / 16S- Neighborhood,0.675783971,0.94117234,73,2093,309,8134,RAMP1
16S+ Neighborhood / 16S- Neighborhood,0.026949921,0.611333035,33,2093,121,8134,RAMP2
16S+ Neighborhood / 16S- Neighborhood,0.210908674,0.809711996,66,2093,201,8134,RAMP3
16S+ Neighborhood / 16S- Neighborhood,0.00022914,1.380517222,314,2093,398,8134,RANGAP1
16S+ Neighborhood / 16S- Neighborhood,0.503491118,1.081279382,164,2093,245,8134,RAP1A
16S+ Neighborhood / 16S- Neighborhood,0.691745368,1.059867348,84,2093,181,8134,RAP1B
16S+ Neighborhood / 16S- Neighborhood,0.414223332,0.875163858,65,2093,203,8134,RAP1GAP
16S+ Neighborhood / 16S- Neighborhood,0.634943684,1.064758613,105,2093,196,8134,RAP1GDS1
16S+ Neighborhood / 16S- Neighborhood,0.094688733,1.247643106,132,2093,149,8134,RAP2B
16S+ Neighborhood / 16S- Neighborhood,0.571889279,1.085057743,93,2093,230,8134,RAP2C
16S+ Neighborhood / 16S- Neighborhood,0.175270751,0.815295435,76,2093,252,8134,RAPGEF1
16S+ Neighborhood / 16S- Neighborhood,0.049671434,0.758092368,79,2093,221,8134,RAPGEF2
16S+ Neighborhood / 16S- Neighborhood,0.792364344,0.952861875,53,2093,168,8134,RAPGEF3
16S+ Neighborhood / 16S- Neighborhood,0.458122568,0.886077012,54,2093,129,8134,RAPGEF4
16S+ Neighborhood / 16S- Neighborhood,0.480102501,1.131546004,57,2093,148,8134,RAPGEF5
16S+ Neighborhood / 16S- Neighborhood,0.002228309,0.672830635,102,2093,327,8134,RARA
16S+ Neighborhood / 16S- Neighborhood,0.004792673,0.561112446,34,2093,132,8134,RARB
16S+ Neighborhood / 16S- Neighborhood,0.713794317,0.944875358,79,2093,211,8134,RARG
16S+ Neighborhood / 16S- Neighborhood,0.092614509,0.748528708,55,2093,214,8134,RARRES1
16S+ Neighborhood / 16S- Neighborhood,0.816698162,1.044084815,51,2093,113,8134,RARRES2
16S+ Neighborhood / 16S- Neighborhood,0.479519272,0.8631934,36,2093,86,8134,RASA1
16S+ Neighborhood / 16S- Neighborhood,0.336101375,0.868297519,68,2093,164,8134,RASA2
16S+ Neighborhood / 16S- Neighborhood,0.938399363,0.994150113,369,2093,827,8134,RASA4
16S+ Neighborhood / 16S- Neighborhood,0.306747621,0.839492947,51,2093,127,8134,RASAL1
16S+ Neighborhood / 16S- Neighborhood,3.40E-05,0.525101408,59,2093,245,8134,RASAL2
16S+ Neighborhood / 16S- Neighborhood,0.831164883,1.051928431,29,2093,86,8134,RASAL3
16S+ Neighborhood / 16S- Neighborhood,0.190498495,1.154848758,243,2093,225,8134,RASD1
16S+ Neighborhood / 16S- Neighborhood,0.180151666,0.793527829,56,2093,155,8134,RASGEF1B
16S+ Neighborhood / 16S- Neighborhood,0.323399781,0.818060344,43,2093,116,8134,RASGRF1
16S+ Neighborhood / 16S- Neighborhood,0.140334042,0.764576266,46,2093,183,8134,RASGRF2
16S+ Neighborhood / 16S- Neighborhood,0.225643148,0.808378745,57,2093,168,8134,RASGRP1
16S+ Neighborhood / 16S- Neighborhood,0.264506321,0.835985304,62,2093,162,8134,RASGRP2
16S+ Neighborhood / 16S- Neighborhood,0.000818683,0.550838519,48,2093,216,8134,RASGRP3
16S+ Neighborhood / 16S- Neighborhood,0.368212981,0.826984111,35,2093,92,8134,RASGRP4
16S+ Neighborhood / 16S- Neighborhood,0.0017187,0.554253784,45,2093,168,8134,RASIP1
16S+ Neighborhood / 16S- Neighborhood,0.36064894,0.895216946,108,2093,260,8134,RASSF1
16S+ Neighborhood / 16S- Neighborhood,0.618922124,1.066588847,147,2093,237,8134,RASSF5
16S+ Neighborhood / 16S- Neighborhood,0.08796901,0.748613634,59,2093,167,8134,RASSF6
16S+ Neighborhood / 16S- Neighborhood,0.795003336,0.967198786,107,2093,231,8134,RB1
16S+ Neighborhood / 16S- Neighborhood,0.781550304,0.97160402,207,2093,325,8134,RB1CC1
16S+ Neighborhood / 16S- Neighborhood,0.392328934,0.899523699,120,2093,256,8134,RBBP4
16S+ Neighborhood / 16S- Neighborhood,0.70081212,0.951775358,101,2093,214,8134,RBBP5
16S+ Neighborhood / 16S- Neighborhood,0.953314324,0.991250998,87,2093,154,8134,RBBP6
16S+ Neighborhood / 16S- Neighborhood,0.4677836,1.105080763,105,2093,176,8134,RBBP7
16S+ Neighborhood / 16S- Neighborhood,0.339923358,1.101933601,164,2093,318,8134,RBBP8
16S+ Neighborhood / 16S- Neighborhood,0.886029171,1.009325353,408,2093,1681,8134,RBCK1
16S+ Neighborhood / 16S- Neighborhood,0.257042993,0.834215837,76,2093,202,8134,RBFOX3
16S+ Neighborhood / 16S- Neighborhood,0.6036699,0.935616845,128,2093,283,8134,RBL1
16S+ Neighborhood / 16S- Neighborhood,0.111354269,1.199839366,177,2093,278,8134,RBL2
16S+ Neighborhood / 16S- Neighborhood,0.011869546,1.496218146,101,2093,109,8134,RBM12B
16S+ Neighborhood / 16S- Neighborhood,0.547588412,0.916692919,79,2093,168,8134,RBM14
16S+ Neighborhood / 16S- Neighborhood,0.936928586,0.993386352,251,2093,559,8134,RBM17
16S+ Neighborhood / 16S- Neighborhood,0.342204466,0.869884321,84,2093,216,8134,RBM22
16S+ Neighborhood / 16S- Neighborhood,0.52568586,0.925104385,120,2093,260,8134,RBM25
16S+ Neighborhood / 16S- Neighborhood,0.004905859,1.20897928,521,2093,836,8134,RBM4
16S+ Neighborhood / 16S- Neighborhood,0.116251762,1.189115759,190,2093,297,8134,RBM47
16S+ Neighborhood / 16S- Neighborhood,0.997707618,0.999687487,140,2093,294,8134,RBM5
16S+ Neighborhood / 16S- Neighborhood,0.002095234,1.263470398,421,2093,563,8134,RBM8A
16S+ Neighborhood / 16S- Neighborhood,0.669751785,0.938361825,79,2093,187,8134,RBMS1
16S+ Neighborhood / 16S- Neighborhood,6.03E-06,1.440747002,342,2093,512,8134,RBMX
16S+ Neighborhood / 16S- Neighborhood,0.096565804,0.72131063,38,2093,160,8134,RBP4
16S+ Neighborhood / 16S- Neighborhood,0.285696748,0.877135961,120,2093,282,8134,RBPJ
16S+ Neighborhood / 16S- Neighborhood,0.036025286,1.27472843,185,2093,250,8134,RBSN
16S+ Neighborhood / 16S- Neighborhood,0.352845255,0.915678615,199,2093,421,8134,RBX1
16S+ Neighborhood / 16S- Neighborhood,0.179255915,0.702714372,23,2093,82,8134,RCAN1
16S+ Neighborhood / 16S- Neighborhood,0.001474167,0.553280528,42,2093,158,8134,RCAN2
16S+ Neighborhood / 16S- Neighborhood,0.100764553,1.262003068,92,2093,208,8134,RCC1
16S+ Neighborhood / 16S- Neighborhood,0.121923356,1.134045765,344,2093,641,8134,RCC2
16S+ Neighborhood / 16S- Neighborhood,0.626038137,0.924501255,60,2093,147,8134,RCHY1
16S+ Neighborhood / 16S- Neighborhood,0.421856334,1.090287596,180,2093,309,8134,RCOR1
16S+ Neighborhood / 16S- Neighborhood,0.536101259,1.047776419,332,2093,657,8134,RDH11
16S+ Neighborhood / 16S- Neighborhood,0.378305133,0.906429348,131,2093,306,8134,RDH14
16S+ Neighborhood / 16S- Neighborhood,0.465324906,0.89996628,90,2093,248,8134,REC8
16S+ Neighborhood / 16S- Neighborhood,0.385612777,0.814617064,27,2093,70,8134,RECQL
16S+ Neighborhood / 16S- Neighborhood,0.377545651,0.893512801,107,2093,237,8134,REEP5
16S+ Neighborhood / 16S- Neighborhood,0.148335554,0.788203501,62,2093,207,8134,REL
16S+ Neighborhood / 16S- Neighborhood,0.300017365,0.906205371,197,2093,505,8134,RELA
16S+ Neighborhood / 16S- Neighborhood,0.518116473,0.882158953,47,2093,123,8134,RELB
16S+ Neighborhood / 16S- Neighborhood,0.360137759,0.839227368,48,2093,119,8134,RELN
16S+ Neighborhood / 16S- Neighborhood,0.20713274,0.833131046,76,2093,294,8134,RELT
16S+ Neighborhood / 16S- Neighborhood,0.110238497,0.7759384,74,2093,208,8134,REN
16S+ Neighborhood / 16S- Neighborhood,0.002744032,1.307495562,356,2093,440,8134,REPS1
16S+ Neighborhood / 16S- Neighborhood,0.09915361,0.729978849,40,2093,162,8134,REPS2
16S+ Neighborhood / 16S- Neighborhood,0.606536192,0.964805041,502,2093,823,8134,RERE
16S+ Neighborhood / 16S- Neighborhood,0.128195707,0.789053791,74,2093,167,8134,REST
16S+ Neighborhood / 16S- Neighborhood,0.685693077,0.913285361,34,2093,91,8134,RET
16S+ Neighborhood / 16S- Neighborhood,0.003036108,0.599135316,55,2093,211,8134,RETN
16S+ Neighborhood / 16S- Neighborhood,0.070629735,1.239659563,142,2093,230,8134,REV3L
16S+ Neighborhood / 16S- Neighborhood,0.032312793,1.308149708,148,2093,208,8134,RFC1
16S+ Neighborhood / 16S- Neighborhood,0.929618258,1.010378737,133,2093,264,8134,RFC2
16S+ Neighborhood / 16S- Neighborhood,0.010597526,0.630115797,51,2093,149,8134,RFC3
16S+ Neighborhood / 16S- Neighborhood,0.14973353,1.213323971,127,2093,191,8134,RFC4
16S+ Neighborhood / 16S- Neighborhood,0.795984499,1.032142122,164,2093,242,8134,RFC5
16S+ Neighborhood / 16S- Neighborhood,0.000657344,0.380780712,17,2093,105,8134,RFTN1
16S+ Neighborhood / 16S- Neighborhood,0.013508196,0.74474564,124,2093,347,8134,RFX1
16S+ Neighborhood / 16S- Neighborhood,0.208093182,0.789250023,43,2093,125,8134,RFX2
16S+ Neighborhood / 16S- Neighborhood,0.934605942,0.986526239,59,2093,126,8134,RFX3
16S+ Neighborhood / 16S- Neighborhood,0.559371591,0.904018669,54,2093,124,8134,RFX5
16S+ Neighborhood / 16S- Neighborhood,0.003875256,0.751987241,156,2093,442,8134,RFXANK
16S+ Neighborhood / 16S- Neighborhood,0.000583136,0.583440859,74,2093,363,8134,RGCC
16S+ Neighborhood / 16S- Neighborhood,0.839506996,1.035319516,56,2093,114,8134,RGL1
16S+ Neighborhood / 16S- Neighborhood,0.966084505,0.993127657,57,2093,120,8134,RGMB
16S+ Neighborhood / 16S- Neighborhood,0.75401602,1.063259561,51,2093,101,8134,RGN
16S+ Neighborhood / 16S- Neighborhood,0.965682625,1.004066289,191,2093,400,8134,RGPD5
16S+ Neighborhood / 16S- Neighborhood,0.058888693,0.76943048,100,2093,336,8134,RGS1
16S+ Neighborhood / 16S- Neighborhood,0.641623471,0.94848735,163,2093,272,8134,RGS12
16S+ Neighborhood / 16S- Neighborhood,0.982881516,0.994837039,33,2093,88,8134,RGS13
16S+ Neighborhood / 16S- Neighborhood,0.620804446,0.902650453,40,2093,116,8134,RGS14
16S+ Neighborhood / 16S- Neighborhood,0.46478271,0.869585055,58,2093,140,8134,RGS16
16S+ Neighborhood / 16S- Neighborhood,0.815811991,0.978623851,299,2093,528,8134,RGS2
16S+ Neighborhood / 16S- Neighborhood,0.148658157,0.834134799,96,2093,256,8134,RGS4
16S+ Neighborhood / 16S- Neighborhood,0.001385137,0.555990548,55,2093,254,8134,RGS5
16S+ Neighborhood / 16S- Neighborhood,0.387293467,0.875334641,78,2093,188,8134,RGS6
16S+ Neighborhood / 16S- Neighborhood,0.155104477,0.725824309,29,2093,92,8134,RGS7
16S+ Neighborhood / 16S- Neighborhood,0.727320181,1.050361129,90,2093,204,8134,RHBDD1
16S+ Neighborhood / 16S- Neighborhood,0.657390594,1.047638707,168,2093,306,8134,RHBDD2
16S+ Neighborhood / 16S- Neighborhood,0.648410859,1.04437673,229,2093,398,8134,RHEB
16S+ Neighborhood / 16S- Neighborhood,0.822356721,1.028124289,119,2093,239,8134,RHNO1
16S+ Neighborhood / 16S- Neighborhood,0.739294169,1.070517877,42,2093,94,8134,RHO
16S+ Neighborhood / 16S- Neighborhood,0.07875791,1.141340316,400,2093,690,8134,RHOA
16S+ Neighborhood / 16S- Neighborhood,0.188009369,1.083233376,725,2093,1549,8134,RHOB
16S+ Neighborhood / 16S- Neighborhood,0.011660794,0.559136386,27,2093,102,8134,RHOBTB1
16S+ Neighborhood / 16S- Neighborhood,0.386510085,1.199132466,45,2093,100,8134,RHOBTB3
16S+ Neighborhood / 16S- Neighborhood,0.248100688,1.073002352,672,2093,896,8134,RHOC
16S+ Neighborhood / 16S- Neighborhood,0.426781699,0.896091228,88,2093,304,8134,RHOF
16S+ Neighborhood / 16S- Neighborhood,0.16636539,0.841062549,116,2093,299,8134,RHOG
16S+ Neighborhood / 16S- Neighborhood,0.198992559,1.171616561,158,2093,224,8134,RHOH
16S+ Neighborhood / 16S- Neighborhood,0.930795741,1.010492578,129,2093,301,8134,RHOQ
16S+ Neighborhood / 16S- Neighborhood,0.130013783,0.734327639,36,2093,125,8134,RICTOR
16S+ Neighborhood / 16S- Neighborhood,0.95903521,0.991977535,72,2093,146,8134,RIF1
16S+ Neighborhood / 16S- Neighborhood,0.325683509,0.851840721,66,2093,226,8134,RIGI
16S+ Neighborhood / 16S- Neighborhood,0.010333916,0.689776939,70,2093,218,8134,RILP
16S+ Neighborhood / 16S- Neighborhood,0.737667454,0.9584428,140,2093,193,8134,RIMKLA
16S+ Neighborhood / 16S- Neighborhood,0.238706983,1.165776671,111,2093,206,8134,RIMKLB
16S+ Neighborhood / 16S- Neighborhood,0.021103697,0.442156957,11,2093,47,8134,RIMS1
16S+ Neighborhood / 16S- Neighborhood,0.71923107,0.940705891,72,2093,130,8134,RIMS2
16S+ Neighborhood / 16S- Neighborhood,0.064256673,0.790158337,105,2093,274,8134,RIN1
16S+ Neighborhood / 16S- Neighborhood,0.001995568,1.341071209,262,2093,299,8134,RING1
16S+ Neighborhood / 16S- Neighborhood,0.392248227,0.88544021,97,2093,177,8134,RIOK3
16S+ Neighborhood / 16S- Neighborhood,0.499475685,1.096190214,124,2093,192,8134,RIPK1
16S+ Neighborhood / 16S- Neighborhood,0.339420597,1.260303921,33,2093,73,8134,RIPK2
16S+ Neighborhood / 16S- Neighborhood,0.054071932,0.706721437,49,2093,161,8134,RIPK3
16S+ Neighborhood / 16S- Neighborhood,0.406283464,0.851266438,45,2093,122,8134,RIT2
16S+ Neighborhood / 16S- Neighborhood,0.907513307,1.01819237,73,2093,142,8134,RLF
16S+ Neighborhood / 16S- Neighborhood,0.117259275,1.180974333,185,2093,338,8134,RLIM
16S+ Neighborhood / 16S- Neighborhood,0.006411938,0.604802515,46,2093,187,8134,RLN3
16S+ Neighborhood / 16S- Neighborhood,0.005080237,0.664238675,79,2093,543,8134,RNASE1
16S+ Neighborhood / 16S- Neighborhood,0.210186261,0.792510352,56,2093,165,8134,RNASE2
16S+ Neighborhood / 16S- Neighborhood,0.030062779,0.661890581,46,2093,178,8134,RNASE3
16S+ Neighborhood / 16S- Neighborhood,0.007175194,0.655352019,63,2093,205,8134,RNASE6
16S+ Neighborhood / 16S- Neighborhood,0.465494283,0.936204353,247,2093,535,8134,RNASET2
16S+ Neighborhood / 16S- Neighborhood,0.022943421,0.735764718,96,2093,254,8134,RNF111
16S+ Neighborhood / 16S- Neighborhood,0.843256642,1.01662498,295,2093,537,8134,RNF114
16S+ Neighborhood / 16S- Neighborhood,0.582022601,0.940098819,150,2093,380,8134,RNF115
16S+ Neighborhood / 16S- Neighborhood,0.286320853,1.156901132,103,2093,264,8134,RNF121
16S+ Neighborhood / 16S- Neighborhood,0.068783879,0.76032836,76,2093,194,8134,RNF123
16S+ Neighborhood / 16S- Neighborhood,0.008691237,0.485063161,19,2093,83,8134,RNF125
16S+ Neighborhood / 16S- Neighborhood,0.950362169,0.995792802,452,2093,1153,8134,RNF126
16S+ Neighborhood / 16S- Neighborhood,0.5973897,0.941269283,135,2093,329,8134,RNF130
16S+ Neighborhood / 16S- Neighborhood,0.514184929,1.09132229,99,2093,201,8134,RNF135
16S+ Neighborhood / 16S- Neighborhood,0.000895303,0.605743041,69,2093,239,8134,RNF138
16S+ Neighborhood / 16S- Neighborhood,0.507917377,0.910561435,90,2093,214,8134,RNF14
16S+ Neighborhood / 16S- Neighborhood,0.429330473,0.859605182,46,2093,129,8134,RNF144A
16S+ Neighborhood / 16S- Neighborhood,0.916035115,0.98800185,178,2093,300,8134,RNF144B
16S+ Neighborhood / 16S- Neighborhood,0.41881138,1.112364663,118,2093,190,8134,RNF168
16S+ Neighborhood / 16S- Neighborhood,0.09373576,0.705868306,42,2093,132,8134,RNF175
16S+ Neighborhood / 16S- Neighborhood,0.499876626,0.9219569,127,2093,279,8134,RNF185
16S+ Neighborhood / 16S- Neighborhood,0.834003786,1.022413558,182,2093,348,8134,RNF19A
16S+ Neighborhood / 16S- Neighborhood,0.874909427,1.024930157,67,2093,144,8134,RNF19B
16S+ Neighborhood / 16S- Neighborhood,0.074602169,0.732336321,49,2093,160,8134,RNF2
16S+ Neighborhood / 16S- Neighborhood,0.290524552,0.917301878,293,2093,937,8134,RNF213
16S+ Neighborhood / 16S- Neighborhood,0.061444524,0.772126155,95,2093,267,8134,RNF214
16S+ Neighborhood / 16S- Neighborhood,0.31893563,0.890444412,124,2093,475,8134,RNF216
16S+ Neighborhood / 16S- Neighborhood,0.796547023,0.959598584,66,2093,145,8134,RNF217
16S+ Neighborhood / 16S- Neighborhood,0.006104261,1.258393781,340,2093,466,8134,RNF220
16S+ Neighborhood / 16S- Neighborhood,0.004875124,0.676569887,75,2093,232,8134,RNF25
16S+ Neighborhood / 16S- Neighborhood,0.646361487,1.060099077,133,2093,182,8134,RNF31
16S+ Neighborhood / 16S- Neighborhood,0.053187609,1.214684794,233,2093,313,8134,RNF34
16S+ Neighborhood / 16S- Neighborhood,0.064369736,1.194574049,255,2093,357,8134,RNF4
16S+ Neighborhood / 16S- Neighborhood,0.42004968,1.10102888,147,2093,265,8134,RNF41
16S+ Neighborhood / 16S- Neighborhood,0.162053678,0.815918752,83,2093,226,8134,RNF43
16S+ Neighborhood / 16S- Neighborhood,0.972992711,1.004733961,100,2093,199,8134,RNF5
16S+ Neighborhood / 16S- Neighborhood,0.395614578,0.901682933,106,2093,245,8134,RNF6
16S+ Neighborhood / 16S- Neighborhood,0.138837351,1.089015441,762,2093,1101,8134,RNF7
16S+ Neighborhood / 16S- Neighborhood,0.24790416,1.182445456,94,2093,199,8134,RNF8
16S+ Neighborhood / 16S- Neighborhood,0.28776253,1.132943669,148,2093,273,8134,RNGTT
16S+ Neighborhood / 16S- Neighborhood,0.76599539,0.937530544,40,2093,88,8134,RNLS
16S+ Neighborhood / 16S- Neighborhood,0.717961821,1.06508179,65,2093,109,8134,ROBO1
16S+ Neighborhood / 16S- Neighborhood,0.005847841,0.578229593,37,2093,133,8134,ROBO2
16S+ Neighborhood / 16S- Neighborhood,0.0681209,0.690646481,40,2093,139,8134,ROBO4
16S+ Neighborhood / 16S- Neighborhood,0.179130201,1.211638038,96,2093,167,8134,ROCK1
16S+ Neighborhood / 16S- Neighborhood,0.02064359,0.707168815,70,2093,234,8134,ROCK2
16S+ Neighborhood / 16S- Neighborhood,0.244955959,1.072522247,631,2093,1029,8134,ROMO1
16S+ Neighborhood / 16S- Neighborhood,0.000380121,0.595250395,66,2093,237,8134,ROPN1
16S+ Neighborhood / 16S- Neighborhood,0.985904448,1.002859236,71,2093,146,8134,ROR1
16S+ Neighborhood / 16S- Neighborhood,0.906285948,1.027515627,32,2093,79,8134,ROR2
16S+ Neighborhood / 16S- Neighborhood,0.20658645,0.805611478,57,2093,157,8134,RORA
16S+ Neighborhood / 16S- Neighborhood,0.379793353,0.848218204,48,2093,165,8134,RORC
16S+ Neighborhood / 16S- Neighborhood,0.103137528,0.761409863,58,2093,179,8134,RP9
16S+ Neighborhood / 16S- Neighborhood,0.136671624,1.177452162,174,2093,265,8134,RPA1
16S+ Neighborhood / 16S- Neighborhood,0.34874693,0.856855841,54,2093,134,8134,RPA2
16S+ Neighborhood / 16S- Neighborhood,0.883539105,1.021069803,90,2093,274,8134,RPA3
16S+ Neighborhood / 16S- Neighborhood,0.552679583,0.947928866,251,2093,459,8134,RPAIN
16S+ Neighborhood / 16S- Neighborhood,0.56475596,0.908295542,68,2093,161,8134,RPE
16S+ Neighborhood / 16S- Neighborhood,0.250185509,0.865262837,102,2093,254,8134,RPIA
16S+ Neighborhood / 16S- Neighborhood,8.69E-05,1.343735834,436,2093,524,8134,RPN1
16S+ Neighborhood / 16S- Neighborhood,0.012589781,1.164432481,597,2093,952,8134,RPN2
16S+ Neighborhood / 16S- Neighborhood,0.336288761,1.08230791,263,2093,500,8134,RPTOR
16S+ Neighborhood / 16S- Neighborhood,4.46E-05,0.545111384,72,2093,261,8134,RRAD
16S+ Neighborhood / 16S- Neighborhood,0.301536292,0.872254343,92,2093,239,8134,RRAGA
16S+ Neighborhood / 16S- Neighborhood,0.866912296,1.021478031,135,2093,233,8134,RRAGC
16S+ Neighborhood / 16S- Neighborhood,0.505505044,0.874611062,38,2093,90,8134,RRAS
16S+ Neighborhood / 16S- Neighborhood,0.111455107,0.815425808,129,2093,284,8134,RRAS2
16S+ Neighborhood / 16S- Neighborhood,0.004434186,1.186101765,620,2093,1154,8134,RRBP1
16S+ Neighborhood / 16S- Neighborhood,0.925782706,0.989847095,176,2093,347,8134,RRM2
16S+ Neighborhood / 16S- Neighborhood,0.204467063,1.317928495,40,2093,61,8134,RRM2B
16S+ Neighborhood / 16S- Neighborhood,0.284189175,0.833212077,61,2093,267,8134,RSAD2
16S+ Neighborhood / 16S- Neighborhood,0.550471319,0.931035809,107,2093,243,8134,RSF1
16S+ Neighborhood / 16S- Neighborhood,0.50354727,0.907940281,84,2093,203,8134,RSPO1
16S+ Neighborhood / 16S- Neighborhood,0.038317149,0.616559805,30,2093,102,8134,RSPO2
16S+ Neighborhood / 16S- Neighborhood,0.026487677,0.606728309,27,2093,91,8134,RSPO3
16S+ Neighborhood / 16S- Neighborhood,0.11485045,0.811357154,96,2093,264,8134,RSU1
16S+ Neighborhood / 16S- Neighborhood,0.094288365,0.686771582,29,2093,92,8134,RTKN2
16S+ Neighborhood / 16S- Neighborhood,0.0112648,0.590002807,40,2093,137,8134,RTN1
16S+ Neighborhood / 16S- Neighborhood,0.769534518,0.95599983,83,2093,191,8134,RTN3
16S+ Neighborhood / 16S- Neighborhood,0.64925357,1.028389319,543,2093,1264,8134,RTN4
16S+ Neighborhood / 16S- Neighborhood,0.060318756,0.737322665,65,2093,206,8134,RTN4R
16S+ Neighborhood / 16S- Neighborhood,0.530228896,0.874639226,43,2093,102,8134,RTN4RL1
16S+ Neighborhood / 16S- Neighborhood,0.378530251,0.899033333,108,2093,260,8134,RUBCN
16S+ Neighborhood / 16S- Neighborhood,0.503861298,1.089483096,122,2093,238,8134,RUFY1
16S+ Neighborhood / 16S- Neighborhood,0.008975286,0.805987201,310,2093,833,8134,RUNX1
16S+ Neighborhood / 16S- Neighborhood,0.185461967,0.802236999,60,2093,160,8134,RUNX1T1
16S+ Neighborhood / 16S- Neighborhood,0.908297124,1.027402872,31,2093,84,8134,RUNX2
16S+ Neighborhood / 16S- Neighborhood,0.688533535,1.047516888,145,2093,389,8134,RUNX3
16S+ Neighborhood / 16S- Neighborhood,0.070431389,0.707553192,44,2093,150,8134,RUSC2
16S+ Neighborhood / 16S- Neighborhood,0.687794322,1.056351248,104,2093,180,8134,RUVBL1
16S+ Neighborhood / 16S- Neighborhood,0.001133125,1.314718016,257,2093,410,8134,RUVBL2
16S+ Neighborhood / 16S- Neighborhood,0.026354918,0.800970302,185,2093,425,8134,RWDD1
16S+ Neighborhood / 16S- Neighborhood,0.086304969,0.678978341,31,2093,99,8134,RXFP4
16S+ Neighborhood / 16S- Neighborhood,0.129978243,0.844192519,147,2093,455,8134,RXRA
16S+ Neighborhood / 16S- Neighborhood,0.510675733,0.928216735,157,2093,302,8134,RXRB
16S+ Neighborhood / 16S- Neighborhood,0.890616109,1.025655299,49,2093,111,8134,RXRG
16S+ Neighborhood / 16S- Neighborhood,0.278449747,0.820745446,57,2093,123,8134,RYBP
16S+ Neighborhood / 16S- Neighborhood,0.003657542,1.447556832,153,2093,162,8134,RYK
16S+ Neighborhood / 16S- Neighborhood,0.001291784,0.576494795,46,2093,180,8134,RYR2
16S+ Neighborhood / 16S- Neighborhood,0.044660117,0.560266428,16,2093,66,8134,RYR3
16S+ Neighborhood / 16S- Neighborhood,0.42377322,0.870772637,64,2093,192,8134,S100A1
16S+ Neighborhood / 16S- Neighborhood,0.277917474,1.066201693,756,2093,1657,8134,S100A10
16S+ Neighborhood / 16S- Neighborhood,0.125260123,0.765222744,59,2093,158,8134,S100A12
16S+ Neighborhood / 16S- Neighborhood,2.10E-18,1.486187028,2323,2093,2006,8134,S100A14
16S+ Neighborhood / 16S- Neighborhood,2.61E-08,1.299506249,1430,2093,1355,8134,S100A16
16S+ Neighborhood / 16S- Neighborhood,0.01499875,0.681651982,75,2093,209,8134,S100A2
16S+ Neighborhood / 16S- Neighborhood,0.056351225,0.772975808,96,2093,388,8134,S100A4
16S+ Neighborhood / 16S- Neighborhood,8.38E-17,1.326947821,4142,2093,7294,8134,S100A6
16S+ Neighborhood / 16S- Neighborhood,0.279263981,0.800137731,43,2093,107,8134,S100A7
16S+ Neighborhood / 16S- Neighborhood,0.575627986,0.923588911,177,2093,302,8134,S100A8
16S+ Neighborhood / 16S- Neighborhood,0.035140711,0.732975998,79,2093,274,8134,S100A9
16S+ Neighborhood / 16S- Neighborhood,0.00071374,0.449676634,24,2093,116,8134,S100B
16S+ Neighborhood / 16S- Neighborhood,0.721656026,0.976594748,531,2093,1802,8134,S100P
16S+ Neighborhood / 16S- Neighborhood,0.781967881,0.956194732,77,2093,172,8134,S1PR4
16S+ Neighborhood / 16S- Neighborhood,0.015673177,0.475353055,15,2093,65,8134,SAA1
16S+ Neighborhood / 16S- Neighborhood,0.202634978,0.828621065,73,2093,181,8134,SACM1L
16S+ Neighborhood / 16S- Neighborhood,0.313138985,1.13622654,99,2093,185,8134,SAE1
16S+ Neighborhood / 16S- Neighborhood,0.25704788,0.818262404,50,2093,148,8134,SALL1
16S+ Neighborhood / 16S- Neighborhood,0.491424021,0.868795673,38,2093,101,8134,SALL3
16S+ Neighborhood / 16S- Neighborhood,0.24404035,0.815201678,65,2093,157,8134,SALL4
16S+ Neighborhood / 16S- Neighborhood,0.932906839,0.993644358,384,2093,735,8134,SAMD1
16S+ Neighborhood / 16S- Neighborhood,0.306767147,0.808868395,38,2093,107,8134,SAMD3
16S+ Neighborhood / 16S- Neighborhood,0.380206287,0.850226224,46,2093,141,8134,SAMD4A
16S+ Neighborhood / 16S- Neighborhood,0.043842269,0.752793798,77,2093,211,8134,SAMD8
16S+ Neighborhood / 16S- Neighborhood,0.002998822,0.592469601,49,2093,198,8134,SAMD9
16S+ Neighborhood / 16S- Neighborhood,0.032171178,0.681232929,47,2093,178,8134,SAMHD1
16S+ Neighborhood / 16S- Neighborhood,0.275439854,0.767137239,29,2093,86,8134,SAMSN1
16S+ Neighborhood / 16S- Neighborhood,0.906683582,0.985202257,99,2093,217,8134,SAP130
16S+ Neighborhood / 16S- Neighborhood,0.452504487,0.929701343,225,2093,444,8134,SAR1A
16S+ Neighborhood / 16S- Neighborhood,0.061437546,0.755009903,76,2093,197,8134,SAR1B
16S+ Neighborhood / 16S- Neighborhood,0.49047195,0.938626851,192,2093,417,8134,SART1
16S+ Neighborhood / 16S- Neighborhood,0.419614681,0.901414367,115,2093,246,8134,SASH1
16S+ Neighborhood / 16S- Neighborhood,0.857778778,1.011488093,633,2093,1384,8134,SAT1
16S+ Neighborhood / 16S- Neighborhood,0.381615867,0.863011499,66,2093,181,8134,SATB1
16S+ Neighborhood / 16S- Neighborhood,0.375718035,0.913809393,154,2093,365,8134,SAV1
16S+ Neighborhood / 16S- Neighborhood,0.862512144,1.030882256,68,2093,104,8134,SBF2
16S+ Neighborhood / 16S- Neighborhood,0.850303316,0.983259442,234,2093,604,8134,SBNO2
16S+ Neighborhood / 16S- Neighborhood,0.439558549,0.860212045,44,2093,115,8134,SC5D
16S+ Neighborhood / 16S- Neighborhood,0.711767917,0.956988722,118,2093,264,8134,SCAMP1
16S+ Neighborhood / 16S- Neighborhood,0.623151838,0.932835682,92,2093,264,8134,SCAMP5
16S+ Neighborhood / 16S- Neighborhood,0.692824382,1.044295147,160,2093,361,8134,SCAP
16S+ Neighborhood / 16S- Neighborhood,0.076354344,0.538269306,11,2093,46,8134,SCARA5
16S+ Neighborhood / 16S- Neighborhood,0.00236171,0.694116503,117,2093,404,8134,SCARB1
16S+ Neighborhood / 16S- Neighborhood,0.97539339,0.996694341,153,2093,331,8134,SCARB2
16S+ Neighborhood / 16S- Neighborhood,0.796846994,1.046795001,55,2093,114,8134,SCARF1
16S+ Neighborhood / 16S- Neighborhood,0.86156328,1.025764792,78,2093,154,8134,SCCPDH
16S+ Neighborhood / 16S- Neighborhood,3.88E-07,1.648316857,325,2093,341,8134,SCD
16S+ Neighborhood / 16S- Neighborhood,0.316255359,0.889189512,139,2093,352,8134,SCD5
16S+ Neighborhood / 16S- Neighborhood,0.278872484,0.819457251,49,2093,153,8134,SCG2
16S+ Neighborhood / 16S- Neighborhood,0.181565822,0.7496736,33,2093,96,8134,SCG5
16S+ Neighborhood / 16S- Neighborhood,0.938893452,1.009298783,310,2093,402,8134,SCGB1A1
16S+ Neighborhood / 16S- Neighborhood,0.001717255,0.612307192,65,2093,221,8134,SCGB2A1
16S+ Neighborhood / 16S- Neighborhood,0.000158868,0.400651718,24,2093,124,8134,SCGB2A2
16S+ Neighborhood / 16S- Neighborhood,0.240246993,0.824582427,74,2093,206,8134,SCGB3A1
16S+ Neighborhood / 16S- Neighborhood,0.627311132,0.912171709,47,2093,118,8134,SCN2A
16S+ Neighborhood / 16S- Neighborhood,0.029599793,0.603577954,25,2093,83,8134,SCN5A
16S+ Neighborhood / 16S- Neighborhood,0.495047244,0.899699446,97,2093,163,8134,SCN8A
16S+ Neighborhood / 16S- Neighborhood,0.189158554,1.098121691,469,2093,699,8134,SCP2
16S+ Neighborhood / 16S- Neighborhood,0.581903935,0.933317056,121,2093,331,8134,SCPEP1
16S+ Neighborhood / 16S- Neighborhood,0.081049294,1.15068023,345,2093,589,8134,SCRIB
16S+ Neighborhood / 16S- Neighborhood,0.367409546,0.834918847,40,2093,124,8134,SCUBE2
16S+ Neighborhood / 16S- Neighborhood,0.421190228,1.032918056,1719,2093,2517,8134,SDC1
16S+ Neighborhood / 16S- Neighborhood,0.018605102,0.612895316,36,2093,158,8134,SDC2
16S+ Neighborhood / 16S- Neighborhood,0.040527794,0.821390575,212,2093,507,8134,SDCBP
16S+ Neighborhood / 16S- Neighborhood,0.278765251,0.87160046,108,2093,298,8134,SDCCAG8
16S+ Neighborhood / 16S- Neighborhood,0.855944327,0.982120201,185,2093,492,8134,SDF2L1
16S+ Neighborhood / 16S- Neighborhood,0.307869556,0.933998147,445,2093,1192,8134,SDHA
16S+ Neighborhood / 16S- Neighborhood,0.673882963,1.068757442,75,2093,137,8134,SDHAF2
16S+ Neighborhood / 16S- Neighborhood,0.092458436,1.229723708,125,2093,233,8134,SDHB
16S+ Neighborhood / 16S- Neighborhood,0.005544479,1.23930279,350,2093,568,8134,SDHC
16S+ Neighborhood / 16S- Neighborhood,0.631444267,0.922976626,61,2093,150,8134,SDHD
16S+ Neighborhood / 16S- Neighborhood,0.197151217,0.628592047,11,2093,41,8134,SDK1
16S+ Neighborhood / 16S- Neighborhood,0.025602837,0.665911972,49,2093,155,8134,SDS
16S+ Neighborhood / 16S- Neighborhood,0.061045752,1.209137734,182,2093,420,8134,SEC11A
16S+ Neighborhood / 16S- Neighborhood,0.068201117,1.214707445,185,2093,295,8134,SEC11C
16S+ Neighborhood / 16S- Neighborhood,1.65E-05,1.321302582,621,2093,604,8134,SEC13
16S+ Neighborhood / 16S- Neighborhood,0.246432005,0.889070099,176,2093,340,8134,SEC22B
16S+ Neighborhood / 16S- Neighborhood,0.81591465,1.021671884,280,2093,393,8134,SEC23A
16S+ Neighborhood / 16S- Neighborhood,0.188642599,1.149405511,171,2093,386,8134,SEC23B
16S+ Neighborhood / 16S- Neighborhood,0.170325849,1.155747657,196,2093,329,8134,SEC24A
16S+ Neighborhood / 16S- Neighborhood,0.522011135,0.905548242,79,2093,163,8134,SEC24B
16S+ Neighborhood / 16S- Neighborhood,0.320273819,1.11211417,170,2093,303,8134,SEC24C
16S+ Neighborhood / 16S- Neighborhood,0.147550657,1.205950535,125,2093,195,8134,SEC24D
16S+ Neighborhood / 16S- Neighborhood,0.305699755,1.102173434,263,2093,378,8134,SEC31A
16S+ Neighborhood / 16S- Neighborhood,0.037635407,1.156428824,484,2093,670,8134,SEC61A1
16S+ Neighborhood / 16S- Neighborhood,0.339101771,0.865668383,79,2093,185,8134,SEC61A2
16S+ Neighborhood / 16S- Neighborhood,1.07E-08,1.285372508,1693,2093,1614,8134,SEC61G
16S+ Neighborhood / 16S- Neighborhood,0.030884579,0.840284807,336,2093,571,8134,SEC63
16S+ Neighborhood / 16S- Neighborhood,0.910972362,1.010511929,196,2093,405,8134,SEH1L
16S+ Neighborhood / 16S- Neighborhood,0.851152445,0.981061779,181,2093,513,8134,SEL1L
16S+ Neighborhood / 16S- Neighborhood,0.711187924,1.060584422,73,2093,174,8134,SELE
16S+ Neighborhood / 16S- Neighborhood,0.947671202,1.006619301,210,2093,365,8134,SELENBP1
16S+ Neighborhood / 16S- Neighborhood,0.472315932,1.073015828,197,2093,468,8134,SELENOI
16S+ Neighborhood / 16S- Neighborhood,0.596649136,0.910979194,58,2093,115,8134,SELENOK
16S+ Neighborhood / 16S- Neighborhood,0.127141245,0.807015969,105,2093,255,8134,SELENOP
16S+ Neighborhood / 16S- Neighborhood,0.220959922,1.084696781,467,2093,1034,8134,SELENOS
16S+ Neighborhood / 16S- Neighborhood,1.25E-05,1.298417726,736,2093,936,8134,SELENOW
16S+ Neighborhood / 16S- Neighborhood,0.088096869,0.721279258,47,2093,150,8134,SELL
16S+ Neighborhood / 16S- Neighborhood,0.485803339,0.867108159,43,2093,134,8134,SELP
16S+ Neighborhood / 16S- Neighborhood,0.001396968,0.537786639,38,2093,183,8134,SELPLG
16S+ Neighborhood / 16S- Neighborhood,0.020562969,1.192759427,418,2093,592,8134,SEM1
16S+ Neighborhood / 16S- Neighborhood,0.078705552,0.676172464,31,2093,143,8134,SEMA3A
16S+ Neighborhood / 16S- Neighborhood,0.979806432,0.996143314,78,2093,180,8134,SEMA3C
16S+ Neighborhood / 16S- Neighborhood,0.285148678,1.165186966,99,2093,202,8134,SEMA3E
16S+ Neighborhood / 16S- Neighborhood,0.196724695,1.142189095,199,2093,381,8134,SEMA4B
16S+ Neighborhood / 16S- Neighborhood,0.004043694,0.699844021,91,2093,282,8134,SEMA4D
16S+ Neighborhood / 16S- Neighborhood,0.000656304,0.52829177,46,2093,177,8134,SEMA5A
16S+ Neighborhood / 16S- Neighborhood,0.099543098,0.746316566,52,2093,147,8134,SEMA6A
16S+ Neighborhood / 16S- Neighborhood,0.021063159,0.615164752,38,2093,125,8134,SEMA6D
16S+ Neighborhood / 16S- Neighborhood,0.17852061,0.837046463,107,2093,216,8134,SENP2
16S+ Neighborhood / 16S- Neighborhood,0.738820139,0.953959481,92,2093,227,8134,SENP7
16S+ Neighborhood / 16S- Neighborhood,0.033581999,1.248889002,215,2093,276,8134,SERINC1
16S+ Neighborhood / 16S- Neighborhood,0.191413381,1.187455906,111,2093,191,8134,SERINC2
16S+ Neighborhood / 16S- Neighborhood,0.501540821,0.921780371,118,2093,266,8134,SERINC3
16S+ Neighborhood / 16S- Neighborhood,0.101207261,0.813030391,110,2093,377,8134,SERINC5
16S+ Neighborhood / 16S- Neighborhood,0.37717738,0.887836952,113,2093,193,8134,SERP2
16S+ Neighborhood / 16S- Neighborhood,0.211004317,0.882032973,199,2093,913,8134,SERPINA1
16S+ Neighborhood / 16S- Neighborhood,0.344568541,1.187071753,81,2093,173,8134,SERPINA3
16S+ Neighborhood / 16S- Neighborhood,0.105795036,0.819837639,109,2093,308,8134,SERPINB1
16S+ Neighborhood / 16S- Neighborhood,0.039519762,0.648291782,36,2093,130,8134,SERPINB2
16S+ Neighborhood / 16S- Neighborhood,0.003985926,1.337205847,259,2093,231,8134,SERPINB5
16S+ Neighborhood / 16S- Neighborhood,0.00893843,1.223900561,414,2093,517,8134,SERPINB6
16S+ Neighborhood / 16S- Neighborhood,0.03406031,0.778607228,122,2093,320,8134,SERPINB8
16S+ Neighborhood / 16S- Neighborhood,0.223421757,0.842543601,79,2093,199,8134,SERPINC1
16S+ Neighborhood / 16S- Neighborhood,0.000427931,0.61041466,122,2093,556,8134,SERPINE1
16S+ Neighborhood / 16S- Neighborhood,0.021675105,0.68615284,62,2093,217,8134,SERPINE2
16S+ Neighborhood / 16S- Neighborhood,0.884447986,1.02085895,93,2093,208,8134,SERPINF1
16S+ Neighborhood / 16S- Neighborhood,0.001575417,0.666070745,92,2093,435,8134,SERPING1
16S+ Neighborhood / 16S- Neighborhood,0.589038104,0.959239392,380,2093,1119,8134,SERPINH1
16S+ Neighborhood / 16S- Neighborhood,0.001029535,0.569561248,47,2093,167,8134,SERPINI1
16S+ Neighborhood / 16S- Neighborhood,0.228017681,0.816341296,62,2093,146,8134,SESN1
16S+ Neighborhood / 16S- Neighborhood,0.086607328,0.656639614,22,2093,70,8134,SESN2
16S+ Neighborhood / 16S- Neighborhood,0.451930951,0.878221307,66,2093,167,8134,SESN3
16S+ Neighborhood / 16S- Neighborhood,0.32413949,0.892852728,138,2093,378,8134,SESTD1
16S+ Neighborhood / 16S- Neighborhood,0.658705245,0.960908072,223,2093,466,8134,SETBP1
16S+ Neighborhood / 16S- Neighborhood,0.274440487,0.779026053,34,2093,66,8134,SETD2
16S+ Neighborhood / 16S- Neighborhood,0.693715952,1.041705768,186,2093,332,8134,SETD3
16S+ Neighborhood / 16S- Neighborhood,0.009121604,1.195106462,666,2093,826,8134,SETD5
16S+ Neighborhood / 16S- Neighborhood,0.001611283,1.37744359,247,2093,305,8134,SETD7
16S+ Neighborhood / 16S- Neighborhood,0.006157028,1.357165676,146,2093,232,8134,SETDB1
16S+ Neighborhood / 16S- Neighborhood,0.524321593,0.88768161,53,2093,129,8134,SETDB2
16S+ Neighborhood / 16S- Neighborhood,0.2586541,1.184311253,93,2093,190,8134,SETX
16S+ Neighborhood / 16S- Neighborhood,0.721688489,1.046626322,124,2093,196,8134,SF3A3
16S+ Neighborhood / 16S- Neighborhood,0.284214652,1.082307901,399,2093,706,8134,SF3B1
16S+ Neighborhood / 16S- Neighborhood,0.919409985,1.007371186,380,2093,770,8134,SF3B2
16S+ Neighborhood / 16S- Neighborhood,0.010709285,1.219168437,342,2093,709,8134,SF3B3
16S+ Neighborhood / 16S- Neighborhood,0.416252813,0.904325632,110,2093,313,8134,SFI1
16S+ Neighborhood / 16S- Neighborhood,0.009245291,1.349566618,180,2093,255,8134,SFN
16S+ Neighborhood / 16S- Neighborhood,6.81E-05,1.224383709,990,2093,1457,8134,SFPQ
16S+ Neighborhood / 16S- Neighborhood,0.158348582,0.715455026,28,2093,82,8134,SFRP1
16S+ Neighborhood / 16S- Neighborhood,0.00598462,0.56171794,41,2093,142,8134,SFRP2
16S+ Neighborhood / 16S- Neighborhood,0.07495768,0.699408838,45,2093,143,8134,SFRP4
16S+ Neighborhood / 16S- Neighborhood,0.904893233,1.018832342,77,2093,136,8134,SFSWAP
16S+ Neighborhood / 16S- Neighborhood,0.047368361,0.627783287,27,2093,102,8134,SFTPD
16S+ Neighborhood / 16S- Neighborhood,0.49092594,0.915248688,114,2093,261,8134,SFXN1
16S+ Neighborhood / 16S- Neighborhood,0.106953691,0.673535162,25,2093,76,8134,SGCB
16S+ Neighborhood / 16S- Neighborhood,0.27588683,0.762632622,25,2093,65,8134,SGCG
16S+ Neighborhood / 16S- Neighborhood,0.110631999,0.803253384,110,2093,282,8134,SGF29
16S+ Neighborhood / 16S- Neighborhood,0.468245147,0.929343005,221,2093,425,8134,SGK1
16S+ Neighborhood / 16S- Neighborhood,0.006680896,1.323346851,173,2093,764,8134,SGK2
16S+ Neighborhood / 16S- Neighborhood,0.975652376,1.004711347,92,2093,166,8134,SGMS1
16S+ Neighborhood / 16S- Neighborhood,0.777935663,0.961821903,88,2093,205,8134,SGPP1
16S+ Neighborhood / 16S- Neighborhood,0.065026192,1.148024725,414,2093,733,8134,SGTA
16S+ Neighborhood / 16S- Neighborhood,0.775116035,0.955718335,78,2093,157,8134,SH2B2
16S+ Neighborhood / 16S- Neighborhood,0.785982035,1.054137753,48,2093,114,8134,SH2D1A
16S+ Neighborhood / 16S- Neighborhood,0.032579625,0.665121953,43,2093,135,8134,SH2D1B
16S+ Neighborhood / 16S- Neighborhood,0.012549512,0.659853937,58,2093,183,8134,SH3BGRL
16S+ Neighborhood / 16S- Neighborhood,0.025754957,1.192025915,325,2093,613,8134,SH3BGRL3
16S+ Neighborhood / 16S- Neighborhood,0.305947093,1.147284833,107,2093,290,8134,SH3BP2
16S+ Neighborhood / 16S- Neighborhood,0.065545195,0.771113717,93,2093,199,8134,SH3BP5
16S+ Neighborhood / 16S- Neighborhood,0.343490733,1.079670388,298,2093,729,8134,SH3GL1
16S+ Neighborhood / 16S- Neighborhood,0.560886871,0.854782929,26,2093,51,8134,SH3GL2
16S+ Neighborhood / 16S- Neighborhood,0.043330712,0.682555688,45,2093,139,8134,SH3GL3
16S+ Neighborhood / 16S- Neighborhood,0.158842075,1.158619042,199,2093,278,8134,SH3GLB1
16S+ Neighborhood / 16S- Neighborhood,0.367457623,1.075281774,291,2093,1028,8134,SH3GLB2
16S+ Neighborhood / 16S- Neighborhood,0.158299949,0.728886292,27,2093,78,8134,SH3KBP1
16S+ Neighborhood / 16S- Neighborhood,0.57454739,1.050326354,314,2093,508,8134,SH3PXD2A
16S+ Neighborhood / 16S- Neighborhood,0.334907962,0.86327713,78,2093,254,8134,SH3PXD2B
16S+ Neighborhood / 16S- Neighborhood,0.975782653,0.996494753,142,2093,337,8134,SH3RF1
16S+ Neighborhood / 16S- Neighborhood,0.151439891,0.712333286,26,2093,101,8134,SH3TC1
16S+ Neighborhood / 16S- Neighborhood,0.001208465,0.630550666,84,2093,335,8134,SH3TC2
16S+ Neighborhood / 16S- Neighborhood,0.026230034,1.253563315,205,2093,408,8134,SH3YL1
16S+ Neighborhood / 16S- Neighborhood,0.001138042,1.371400705,350,2093,266,8134,SHANK2
16S+ Neighborhood / 16S- Neighborhood,0.641491693,1.077535207,78,2093,126,8134,SHARPIN
16S+ Neighborhood / 16S- Neighborhood,0.48562317,0.86305807,38,2093,86,8134,SHBG
16S+ Neighborhood / 16S- Neighborhood,0.250992946,1.097027366,308,2093,573,8134,SHC1
16S+ Neighborhood / 16S- Neighborhood,0.388545018,0.87347742,72,2093,200,8134,SHC2
16S+ Neighborhood / 16S- Neighborhood,0.365613157,0.861327716,60,2093,167,8134,SHC3
16S+ Neighborhood / 16S- Neighborhood,0.57682036,0.913186542,61,2093,143,8134,SHC4
16S+ Neighborhood / 16S- Neighborhood,0.253721369,0.823990912,62,2093,206,8134,SHH
16S+ Neighborhood / 16S- Neighborhood,0.266207975,1.120470722,171,2093,317,8134,SHISA5
16S+ Neighborhood / 16S- Neighborhood,0.02176242,1.284449343,188,2093,287,8134,SHMT2
16S+ Neighborhood / 16S- Neighborhood,0.000645556,0.558002635,49,2093,182,8134,SHOC2
16S+ Neighborhood / 16S- Neighborhood,0.003015442,1.451617401,114,2093,166,8134,SHPRH
16S+ Neighborhood / 16S- Neighborhood,0.178001318,0.825407622,80,2093,215,8134,SHTN1
16S+ Neighborhood / 16S- Neighborhood,0.834198586,1.02456093,151,2093,330,8134,SIAH1
16S+ Neighborhood / 16S- Neighborhood,0.851286223,1.021024233,168,2093,258,8134,SIAH2
16S+ Neighborhood / 16S- Neighborhood,0.830652985,0.974082068,116,2093,343,8134,SIGIRR
16S+ Neighborhood / 16S- Neighborhood,0.215035965,0.749161585,31,2093,95,8134,SIGLEC1
16S+ Neighborhood / 16S- Neighborhood,0.343514592,0.843815898,63,2093,218,8134,SIGLEC10
16S+ Neighborhood / 16S- Neighborhood,0.000273654,0.421518329,22,2093,109,8134,SIGLEC5
16S+ Neighborhood / 16S- Neighborhood,0.715317993,0.915595643,29,2093,80,8134,SIGLEC8
16S+ Neighborhood / 16S- Neighborhood,0.29044456,0.92596377,390,2093,918,8134,SIGMAR1
16S+ Neighborhood / 16S- Neighborhood,0.472787114,1.080683133,171,2093,345,8134,SIKE1
16S+ Neighborhood / 16S- Neighborhood,0.611429862,0.904539467,47,2093,86,8134,SIL1
16S+ Neighborhood / 16S- Neighborhood,0.213059203,1.173091475,109,2093,188,8134,SIN3A
16S+ Neighborhood / 16S- Neighborhood,0.204716541,0.855927776,130,2093,414,8134,SIPA1
16S+ Neighborhood / 16S- Neighborhood,0.230939894,0.843636139,81,2093,238,8134,SIPA1L1
16S+ Neighborhood / 16S- Neighborhood,0.070433434,0.734815846,56,2093,180,8134,SIRPA
16S+ Neighborhood / 16S- Neighborhood,0.027774124,0.671508778,51,2093,172,8134,SIRPB2
16S+ Neighborhood / 16S- Neighborhood,0.021056687,0.71123558,80,2093,233,8134,SIRT1
16S+ Neighborhood / 16S- Neighborhood,0.160349392,1.162611448,187,2093,338,8134,SIRT2
16S+ Neighborhood / 16S- Neighborhood,0.452353229,0.8928554,92,2093,212,8134,SIRT3
16S+ Neighborhood / 16S- Neighborhood,0.711337715,1.085891363,34,2093,68,8134,SIRT4
16S+ Neighborhood / 16S- Neighborhood,0.855942469,1.026893098,88,2093,179,8134,SIRT5
16S+ Neighborhood / 16S- Neighborhood,0.262789209,1.130645458,161,2093,377,8134,SIRT6
16S+ Neighborhood / 16S- Neighborhood,0.358680085,0.926186526,275,2093,796,8134,SIRT7
16S+ Neighborhood / 16S- Neighborhood,0.138351471,1.1128912,453,2093,653,8134,SIVA1
16S+ Neighborhood / 16S- Neighborhood,0.307957838,0.885026217,144,2093,263,8134,SIX1
16S+ Neighborhood / 16S- Neighborhood,0.042996477,0.707399859,63,2093,227,8134,SIX2
16S+ Neighborhood / 16S- Neighborhood,0.044123088,0.719552163,65,2093,206,8134,SKA2
16S+ Neighborhood / 16S- Neighborhood,0.007336479,0.669624658,69,2093,297,8134,SKAP2
16S+ Neighborhood / 16S- Neighborhood,0.25447363,1.086446695,422,2093,779,8134,SKI
16S+ Neighborhood / 16S- Neighborhood,0.58617052,1.065426752,125,2093,247,8134,SKIC8
16S+ Neighborhood / 16S- Neighborhood,0.798325618,0.975382841,197,2093,429,8134,SKIL
16S+ Neighborhood / 16S- Neighborhood,0.911542328,0.988791117,204,2093,348,8134,SKP1
16S+ Neighborhood / 16S- Neighborhood,0.006446072,0.657790913,63,2093,224,8134,SKP2
16S+ Neighborhood / 16S- Neighborhood,0.082412246,0.708087991,41,2093,158,8134,SLA
16S+ Neighborhood / 16S- Neighborhood,0.008758956,0.484382135,17,2093,72,8134,SLAMF1
16S+ Neighborhood / 16S- Neighborhood,0.009623988,0.593787669,39,2093,162,8134,SLAMF6
16S+ Neighborhood / 16S- Neighborhood,0.076682448,0.701748903,37,2093,117,8134,SLAMF7
16S+ Neighborhood / 16S- Neighborhood,0.010511082,1.479515748,99,2093,165,8134,SLC10A6
16S+ Neighborhood / 16S- Neighborhood,0.05799226,0.784324244,133,2093,497,8134,SLC11A1
16S+ Neighborhood / 16S- Neighborhood,0.023536347,1.3844039,121,2093,114,8134,SLC11A2
16S+ Neighborhood / 16S- Neighborhood,0.000458389,1.296636303,644,2093,663,8134,SLC12A2
16S+ Neighborhood / 16S- Neighborhood,0.029888303,0.611794688,27,2093,96,8134,SLC12A3
16S+ Neighborhood / 16S- Neighborhood,0.839387988,1.041951144,37,2093,76,8134,SLC13A3
16S+ Neighborhood / 16S- Neighborhood,0.708703515,0.959615388,150,2093,314,8134,SLC15A4
16S+ Neighborhood / 16S- Neighborhood,0.13176395,1.258717749,79,2093,133,8134,SLC16A1
16S+ Neighborhood / 16S- Neighborhood,0.272902358,0.769190082,27,2093,79,8134,SLC16A2
16S+ Neighborhood / 16S- Neighborhood,0.394433541,1.108552221,136,2093,248,8134,SLC17A5
16S+ Neighborhood / 16S- Neighborhood,0.926457874,0.979820961,37,2093,88,8134,SLC17A7
16S+ Neighborhood / 16S- Neighborhood,0.126596526,1.534770338,26,2093,40,8134,SLC18A2
16S+ Neighborhood / 16S- Neighborhood,0.705149826,0.901317716,19,2093,44,8134,SLC18A3
16S+ Neighborhood / 16S- Neighborhood,0.185701041,0.78636753,51,2093,168,8134,SLC1A1
16S+ Neighborhood / 16S- Neighborhood,0.0238739,0.676851119,65,2093,215,8134,SLC1A3
16S+ Neighborhood / 16S- Neighborhood,0.000147726,1.423826697,277,2093,335,8134,SLC1A5
16S+ Neighborhood / 16S- Neighborhood,0.703859028,0.948678496,87,2093,383,8134,SLC22A3
16S+ Neighborhood / 16S- Neighborhood,0.265585447,0.868112951,115,2093,296,8134,SLC23A2
16S+ Neighborhood / 16S- Neighborhood,0.046663493,0.559055889,19,2093,80,8134,SLC24A3
16S+ Neighborhood / 16S- Neighborhood,0.035073597,0.86763718,476,2093,1062,8134,SLC25A1
16S+ Neighborhood / 16S- Neighborhood,0.721811588,1.027202879,372,2093,866,8134,SLC25A10
16S+ Neighborhood / 16S- Neighborhood,0.935001573,1.009143117,154,2093,314,8134,SLC25A11
16S+ Neighborhood / 16S- Neighborhood,0.470339883,1.118056192,77,2093,182,8134,SLC25A12
16S+ Neighborhood / 16S- Neighborhood,0.074666524,0.796358623,110,2093,297,8134,SLC25A17
16S+ Neighborhood / 16S- Neighborhood,0.077082825,0.520788417,10,2093,53,8134,SLC25A20
16S+ Neighborhood / 16S- Neighborhood,0.57829148,0.918381896,78,2093,158,8134,SLC25A24
16S+ Neighborhood / 16S- Neighborhood,0.304752726,1.276035344,31,2093,63,8134,SLC25A27
16S+ Neighborhood / 16S- Neighborhood,0.240554225,0.898448216,223,2093,519,8134,SLC25A37
16S+ Neighborhood / 16S- Neighborhood,0.130909318,1.175329143,219,2093,311,8134,SLC25A4
16S+ Neighborhood / 16S- Neighborhood,0.013632599,1.168149007,571,2093,958,8134,SLC25A6
16S+ Neighborhood / 16S- Neighborhood,0.000881522,1.66219673,125,2093,108,8134,SLC26A2
16S+ Neighborhood / 16S- Neighborhood,0.190340615,0.789527654,43,2093,114,8134,SLC27A1
16S+ Neighborhood / 16S- Neighborhood,0.554591642,0.919627186,94,2093,237,8134,SLC27A3
16S+ Neighborhood / 16S- Neighborhood,0.922296946,1.011559333,126,2093,390,8134,SLC27A4
16S+ Neighborhood / 16S- Neighborhood,0.601715078,0.919696495,71,2093,182,8134,SLC27A5
16S+ Neighborhood / 16S- Neighborhood,0.000670983,1.194067074,1378,2093,1355,8134,SLC2A1
16S+ Neighborhood / 16S- Neighborhood,0.103965976,0.664436248,23,2093,69,8134,SLC2A12
16S+ Neighborhood / 16S- Neighborhood,0.748024249,0.958901296,98,2093,215,8134,SLC2A13
16S+ Neighborhood / 16S- Neighborhood,0.148442323,0.800880801,75,2093,197,8134,SLC2A2
16S+ Neighborhood / 16S- Neighborhood,0.094580279,0.767669441,71,2093,274,8134,SLC2A3
16S+ Neighborhood / 16S- Neighborhood,0.711416493,0.913194034,25,2093,58,8134,SLC2A4
16S+ Neighborhood / 16S- Neighborhood,0.010919262,0.66957041,67,2093,184,8134,SLC2A5
16S+ Neighborhood / 16S- Neighborhood,0.315196036,0.860943763,69,2093,316,8134,SLC2A6
16S+ Neighborhood / 16S- Neighborhood,0.631541788,1.063370234,146,2093,229,8134,SLC2A9
16S+ Neighborhood / 16S- Neighborhood,0.430411656,0.827604439,25,2093,68,8134,SLC32A1
16S+ Neighborhood / 16S- Neighborhood,0.027066912,0.699103011,69,2093,186,8134,SLC35E3
16S+ Neighborhood / 16S- Neighborhood,0.002059642,1.170988429,1486,2093,1432,8134,SLC38A1
16S+ Neighborhood / 16S- Neighborhood,7.05E-10,1.434352339,1146,2093,885,8134,SLC38A2
16S+ Neighborhood / 16S- Neighborhood,0.183312568,0.770728502,43,2093,124,8134,SLC38A9
16S+ Neighborhood / 16S- Neighborhood,0.067564437,0.704617255,37,2093,109,8134,SLC39A10
16S+ Neighborhood / 16S- Neighborhood,0.132803796,1.134707807,317,2093,512,8134,SLC39A11
16S+ Neighborhood / 16S- Neighborhood,0.518467381,1.068212941,181,2093,345,8134,SLC39A6
16S+ Neighborhood / 16S- Neighborhood,0.02789293,0.630510021,38,2093,126,8134,SLC39A8
16S+ Neighborhood / 16S- Neighborhood,0.032653079,1.15374588,525,2093,970,8134,SLC3A2
16S+ Neighborhood / 16S- Neighborhood,0.805438365,1.032260365,113,2093,300,8134,SLC40A1
16S+ Neighborhood / 16S- Neighborhood,0.840197127,0.966840754,61,2093,130,8134,SLC44A1
16S+ Neighborhood / 16S- Neighborhood,0.247085651,1.147660039,136,2093,323,8134,SLC44A2
16S+ Neighborhood / 16S- Neighborhood,0.28106297,1.144803904,141,2093,228,8134,SLC44A5
16S+ Neighborhood / 16S- Neighborhood,0.114577422,0.673942248,22,2093,75,8134,SLC4A10
16S+ Neighborhood / 16S- Neighborhood,0.126267512,0.680292257,24,2093,89,8134,SLC4A4
16S+ Neighborhood / 16S- Neighborhood,0.684028854,0.92668036,50,2093,104,8134,SLC4A8
16S+ Neighborhood / 16S- Neighborhood,0.002414308,0.507433304,29,2093,123,8134,SLC5A11
16S+ Neighborhood / 16S- Neighborhood,0.000661662,0.434200547,21,2093,109,8134,SLC5A7
16S+ Neighborhood / 16S- Neighborhood,0.300994568,0.815836437,48,2093,124,8134,SLC6A1
16S+ Neighborhood / 16S- Neighborhood,0.131819606,0.760317719,45,2093,125,8134,SLC6A11
16S+ Neighborhood / 16S- Neighborhood,0.155467661,0.790960913,68,2093,189,8134,SLC6A15
16S+ Neighborhood / 16S- Neighborhood,0.005826028,0.621647182,50,2093,169,8134,SLC6A3
16S+ Neighborhood / 16S- Neighborhood,0.609948622,1.070613989,109,2093,336,8134,SLC7A11
16S+ Neighborhood / 16S- Neighborhood,0.660578,0.932504862,69,2093,229,8134,SLC7A2
16S+ Neighborhood / 16S- Neighborhood,0.031526223,1.246014219,228,2093,343,8134,SLC7A5
16S+ Neighborhood / 16S- Neighborhood,0.608599613,1.116899794,35,2093,68,8134,SLC8A1
16S+ Neighborhood / 16S- Neighborhood,0.554877763,1.030960057,910,2093,1424,8134,SLC9A3R1
16S+ Neighborhood / 16S- Neighborhood,0.143868624,1.202869288,115,2093,219,8134,SLC9A9
16S+ Neighborhood / 16S- Neighborhood,0.816183921,0.964917443,68,2093,146,8134,SLCO1A2
16S+ Neighborhood / 16S- Neighborhood,0.015018724,0.664320593,65,2093,231,8134,SLCO2B1
16S+ Neighborhood / 16S- Neighborhood,0.303967792,0.823597284,52,2093,131,8134,SLCO3A1
16S+ Neighborhood / 16S- Neighborhood,0.417100021,0.848285825,37,2093,92,8134,SLFN11
16S+ Neighborhood / 16S- Neighborhood,0.274343501,0.783337805,31,2093,86,8134,SLIT1
16S+ Neighborhood / 16S- Neighborhood,0.418085409,0.836248892,33,2093,99,8134,SLIT2
16S+ Neighborhood / 16S- Neighborhood,0.014347255,0.53025728,20,2093,85,8134,SLIT3
16S+ Neighborhood / 16S- Neighborhood,0.030058849,0.743882673,88,2093,254,8134,SLMAP
16S+ Neighborhood / 16S- Neighborhood,0.009862501,0.765065167,144,2093,605,8134,SLPI
16S+ Neighborhood / 16S- Neighborhood,0.760468535,0.955563973,80,2093,179,8134,SLU7
16S+ Neighborhood / 16S- Neighborhood,0.129606983,1.113187344,408,2093,705,8134,SMAD2
16S+ Neighborhood / 16S- Neighborhood,0.131990808,1.171260946,180,2093,566,8134,SMAD3
16S+ Neighborhood / 16S- Neighborhood,0.405859142,1.09546089,163,2093,316,8134,SMAD4
16S+ Neighborhood / 16S- Neighborhood,0.126617049,1.196800936,125,2093,220,8134,SMAD5
16S+ Neighborhood / 16S- Neighborhood,0.040534665,0.656162428,38,2093,131,8134,SMAD7
16S+ Neighborhood / 16S- Neighborhood,0.235050618,1.2411299,54,2093,91,8134,SMAD9
16S+ Neighborhood / 16S- Neighborhood,0.489629589,1.06343145,276,2093,417,8134,SMAP1
16S+ Neighborhood / 16S- Neighborhood,0.483460722,0.877064173,45,2093,108,8134,SMAP2
16S+ Neighborhood / 16S- Neighborhood,0.139974153,1.295918504,55,2093,89,8134,SMARCA2
16S+ Neighborhood / 16S- Neighborhood,0.257545849,0.923149561,323,2093,711,8134,SMARCA4
16S+ Neighborhood / 16S- Neighborhood,0.258804084,1.137324919,164,2093,257,8134,SMARCA5
16S+ Neighborhood / 16S- Neighborhood,0.372957447,0.831992812,38,2093,92,8134,SMARCAD1
16S+ Neighborhood / 16S- Neighborhood,0.837479911,0.981351171,246,2093,433,8134,SMARCB1
16S+ Neighborhood / 16S- Neighborhood,0.025728561,0.836545208,310,2093,671,8134,SMARCC1
16S+ Neighborhood / 16S- Neighborhood,0.456676861,1.06678017,299,2093,483,8134,SMARCC2
16S+ Neighborhood / 16S- Neighborhood,0.132862332,1.111352372,552,2093,545,8134,SMARCD1
16S+ Neighborhood / 16S- Neighborhood,0.000410697,1.258828488,528,2093,804,8134,SMARCD2
16S+ Neighborhood / 16S- Neighborhood,0.000861812,0.517646534,40,2093,177,8134,SMARCD3
16S+ Neighborhood / 16S- Neighborhood,0.382685648,0.94130778,497,2093,743,8134,SMARCE1
16S+ Neighborhood / 16S- Neighborhood,0.95689416,0.993388924,127,2093,256,8134,SMC1A
16S+ Neighborhood / 16S- Neighborhood,0.292052082,0.829781881,52,2093,135,8134,SMC1B
16S+ Neighborhood / 16S- Neighborhood,0.67930738,0.929358219,50,2093,113,8134,SMC2
16S+ Neighborhood / 16S- Neighborhood,0.589837889,1.092515155,78,2093,163,8134,SMC3
16S+ Neighborhood / 16S- Neighborhood,0.788377529,1.0292665,176,2093,375,8134,SMC4
16S+ Neighborhood / 16S- Neighborhood,0.138388321,1.188803173,146,2093,291,8134,SMIM24
16S+ Neighborhood / 16S- Neighborhood,0.009276749,1.332971509,157,2093,248,8134,SMN1/2
16S+ Neighborhood / 16S- Neighborhood,0.125474192,0.670497145,21,2093,80,8134,SMNDC1
16S+ Neighborhood / 16S- Neighborhood,0.421036959,0.830601163,29,2093,68,8134,SMO
16S+ Neighborhood / 16S- Neighborhood,0.293847938,0.841051645,64,2093,188,8134,SMPD1
16S+ Neighborhood / 16S- Neighborhood,0.37587356,1.089219839,204,2093,390,8134,SMPD2
16S+ Neighborhood / 16S- Neighborhood,0.017613112,0.608358355,36,2093,120,8134,SMPD3
16S+ Neighborhood / 16S- Neighborhood,0.019966222,0.670873509,53,2093,168,8134,SMTNL2
16S+ Neighborhood / 16S- Neighborhood,0.765836807,0.958764723,89,2093,223,8134,SMUG1
16S+ Neighborhood / 16S- Neighborhood,0.152409344,0.840668532,118,2093,267,8134,SMURF1
16S+ Neighborhood / 16S- Neighborhood,0.715122326,1.049776036,101,2093,191,8134,SMURF2
16S+ Neighborhood / 16S- Neighborhood,0.10065973,1.202075946,181,2093,250,8134,SMYD2
16S+ Neighborhood / 16S- Neighborhood,0.156337308,1.363549986,45,2093,58,8134,SMYD3
16S+ Neighborhood / 16S- Neighborhood,0.282298208,0.829509636,55,2093,133,8134,SNAI1
16S+ Neighborhood / 16S- Neighborhood,0.816528052,0.964879242,82,2093,183,8134,SNAI2
16S+ Neighborhood / 16S- Neighborhood,0.7719326,1.059103689,46,2093,114,8134,SNAP23
16S+ Neighborhood / 16S- Neighborhood,0.55581165,0.869797778,30,2093,67,8134,SNAP25
16S+ Neighborhood / 16S- Neighborhood,0.022773777,0.675212005,53,2093,157,8134,SNAP29
16S+ Neighborhood / 16S- Neighborhood,0.009191367,0.505916809,22,2093,87,8134,SNCA
16S+ Neighborhood / 16S- Neighborhood,0.551655491,0.875016604,29,2093,71,8134,SNCB
16S+ Neighborhood / 16S- Neighborhood,0.531007941,1.087068365,100,2093,270,8134,SNCG
16S+ Neighborhood / 16S- Neighborhood,0.3392668,0.89789845,137,2093,339,8134,SNF8
16S+ Neighborhood / 16S- Neighborhood,0.116585664,1.412521409,36,2093,52,8134,SNHG11
16S+ Neighborhood / 16S- Neighborhood,0.629383293,1.059768744,151,2093,171,8134,SNN
16S+ Neighborhood / 16S- Neighborhood,0.0288593,1.185661985,342,2093,613,8134,SNRNP200
16S+ Neighborhood / 16S- Neighborhood,0.213749119,0.789616777,45,2093,132,8134,SNRNP40
16S+ Neighborhood / 16S- Neighborhood,0.671715248,0.980072252,1050,2093,2101,8134,SNRNP70
16S+ Neighborhood / 16S- Neighborhood,9.35E-07,0.723521765,628,2093,2121,8134,SNRPA1
16S+ Neighborhood / 16S- Neighborhood,0.355635603,0.90007179,144,2093,367,8134,SNRPB2
16S+ Neighborhood / 16S- Neighborhood,1.66E-06,0.860113596,3459,2093,8065,8134,SNRPD1
16S+ Neighborhood / 16S- Neighborhood,0.648743385,0.937325047,74,2093,168,8134,SNRPD3
16S+ Neighborhood / 16S- Neighborhood,0.067903542,1.133044618,510,2093,860,8134,SNRPF
16S+ Neighborhood / 16S- Neighborhood,0.089115991,0.672233738,27,2093,89,8134,SNRPN
16S+ Neighborhood / 16S- Neighborhood,0.278857952,0.832328939,58,2093,197,8134,SNTB1
16S+ Neighborhood / 16S- Neighborhood,0.187220555,0.905358713,331,2093,819,8134,SNU13
16S+ Neighborhood / 16S- Neighborhood,0.901573575,0.98362256,102,2093,217,8134,SNW1
16S+ Neighborhood / 16S- Neighborhood,0.568195638,1.070198524,124,2093,261,8134,SNX1
16S+ Neighborhood / 16S- Neighborhood,0.114373076,0.818003764,115,2093,285,8134,SNX18
16S+ Neighborhood / 16S- Neighborhood,0.269012279,0.780441625,30,2093,80,8134,SNX2
16S+ Neighborhood / 16S- Neighborhood,0.17603489,1.19798551,126,2093,182,8134,SNX4
16S+ Neighborhood / 16S- Neighborhood,0.762123605,1.038018005,128,2093,244,8134,SNX5
16S+ Neighborhood / 16S- Neighborhood,0.061040855,1.129018601,540,2093,765,8134,SNX6
16S+ Neighborhood / 16S- Neighborhood,0.154699401,1.172676977,171,2093,314,8134,SNX9
16S+ Neighborhood / 16S- Neighborhood,0.047323659,0.763567672,92,2093,255,8134,SOAT1
16S+ Neighborhood / 16S- Neighborhood,0.850648083,1.038732944,41,2093,81,8134,SOCS1
16S+ Neighborhood / 16S- Neighborhood,0.008209587,0.568762768,32,2093,119,8134,SOCS2
16S+ Neighborhood / 16S- Neighborhood,0.264017898,1.177888837,85,2093,244,8134,SOCS3
16S+ Neighborhood / 16S- Neighborhood,0.190931619,1.278303015,51,2093,90,8134,SOCS4
16S+ Neighborhood / 16S- Neighborhood,0.3159255,0.879514229,99,2093,269,8134,SOCS5
16S+ Neighborhood / 16S- Neighborhood,0.008923272,0.684359347,78,2093,231,8134,SOCS6
16S+ Neighborhood / 16S- Neighborhood,1.00E-05,1.27933733,851,2093,889,8134,SOD1
16S+ Neighborhood / 16S- Neighborhood,0.295361164,0.907178956,205,2093,484,8134,SOD2
16S+ Neighborhood / 16S- Neighborhood,0.28969355,0.845077597,76,2093,210,8134,SORBS1
16S+ Neighborhood / 16S- Neighborhood,0.087358517,0.754770089,55,2093,161,8134,SORL1
16S+ Neighborhood / 16S- Neighborhood,0.333274993,1.111894456,188,2093,272,8134,SORT1
16S+ Neighborhood / 16S- Neighborhood,0.138543712,0.808699541,85,2093,207,8134,SOS1
16S+ Neighborhood / 16S- Neighborhood,0.123892456,1.233003984,91,2093,165,8134,SOS2
16S+ Neighborhood / 16S- Neighborhood,0.897161939,0.976490538,56,2093,131,8134,SOST
16S+ Neighborhood / 16S- Neighborhood,0.027587127,0.664146791,53,2093,183,8134,SOSTDC1
16S+ Neighborhood / 16S- Neighborhood,0.350696077,0.837163975,55,2093,156,8134,SOX10
16S+ Neighborhood / 16S- Neighborhood,0.417363878,0.862098403,48,2093,131,8134,SOX11
16S+ Neighborhood / 16S- Neighborhood,0.322568961,0.774515636,25,2093,58,8134,SOX17
16S+ Neighborhood / 16S- Neighborhood,0.007123236,1.239441529,453,2093,509,8134,SOX2
16S+ Neighborhood / 16S- Neighborhood,0.003988768,1.237761572,560,2093,533,8134,SOX4
16S+ Neighborhood / 16S- Neighborhood,0.421250244,0.838891113,36,2093,81,8134,SOX5
16S+ Neighborhood / 16S- Neighborhood,0.895701331,1.019286247,89,2093,214,8134,SOX6
16S+ Neighborhood / 16S- Neighborhood,0.661061982,0.968108752,407,2093,816,8134,SOX9
16S+ Neighborhood / 16S- Neighborhood,0.331902788,1.089122286,273,2093,482,8134,SP1
16S+ Neighborhood / 16S- Neighborhood,0.00885529,0.664356854,66,2093,255,8134,SP100
16S+ Neighborhood / 16S- Neighborhood,0.017432573,0.709363341,82,2093,232,8134,SPA17
16S+ Neighborhood / 16S- Neighborhood,0.016341276,0.659283725,54,2093,175,8134,SPACA3
16S+ Neighborhood / 16S- Neighborhood,0.16093776,0.848653916,128,2093,326,8134,SPAG9
16S+ Neighborhood / 16S- Neighborhood,0.611350022,1.117652197,41,2093,101,8134,SPANXB1
16S+ Neighborhood / 16S- Neighborhood,0.000332287,0.618671757,154,2093,1637,8134,SPARC
16S+ Neighborhood / 16S- Neighborhood,0.733596383,0.94610586,89,2093,365,8134,SPARCL1
16S+ Neighborhood / 16S- Neighborhood,0.74644189,0.930338218,34,2093,85,8134,SPART
16S+ Neighborhood / 16S- Neighborhood,0.438606562,0.888764933,74,2093,166,8134,SPAST
16S+ Neighborhood / 16S- Neighborhood,0.833556762,0.978946317,202,2093,497,8134,SPC24
16S+ Neighborhood / 16S- Neighborhood,0.01239016,1.145311086,1039,2093,882,8134,SPDEF
16S+ Neighborhood / 16S- Neighborhood,0.572747739,1.082502919,96,2093,220,8134,SPECC1
16S+ Neighborhood / 16S- Neighborhood,0.475058993,0.903390827,90,2093,223,8134,SPG11
16S+ Neighborhood / 16S- Neighborhood,0.236560626,0.831319495,67,2093,243,8134,SPG21
16S+ Neighborhood / 16S- Neighborhood,0.306339395,1.094036881,323,2093,388,8134,SPHK1
16S+ Neighborhood / 16S- Neighborhood,0.977920624,1.005296586,52,2093,96,8134,SPHK2
16S+ Neighborhood / 16S- Neighborhood,0.001278498,0.621885064,69,2093,248,8134,SPI1
16S+ Neighborhood / 16S- Neighborhood,0.3019338,0.860597982,92,2093,280,8134,SPIB
16S+ Neighborhood / 16S- Neighborhood,0.864383795,0.983126889,207,2093,389,8134,SPIDR
16S+ Neighborhood / 16S- Neighborhood,0.573191209,0.951386945,402,2093,924,8134,SPINK1
16S+ Neighborhood / 16S- Neighborhood,0.025610776,0.704241435,70,2093,210,8134,SPINK5
16S+ Neighborhood / 16S- Neighborhood,0.097430758,1.073794189,1545,2093,2272,8134,SPINT2
16S+ Neighborhood / 16S- Neighborhood,0.565191414,0.888712383,48,2093,123,8134,SPN
16S+ Neighborhood / 16S- Neighborhood,0.301164652,0.832960793,59,2093,154,8134,SPO11
16S+ Neighborhood / 16S- Neighborhood,0.267801818,0.723612748,18,2093,56,8134,SPOCK1
16S+ Neighborhood / 16S- Neighborhood,0.010959144,0.671297862,64,2093,256,8134,SPOCK2
16S+ Neighborhood / 16S- Neighborhood,0.163957911,0.792258866,53,2093,144,8134,SPON1
16S+ Neighborhood / 16S- Neighborhood,0.029094379,0.793433301,153,2093,571,8134,SPON2
16S+ Neighborhood / 16S- Neighborhood,0.018971102,0.694523099,65,2093,256,8134,SPOP
16S+ Neighborhood / 16S- Neighborhood,0.178098934,1.160037657,161,2093,282,8134,SPOPL
16S+ Neighborhood / 16S- Neighborhood,5.29E-12,0.547322886,2339,2093,10392,8134,SPP1
16S+ Neighborhood / 16S- Neighborhood,0.484677423,0.874442802,46,2093,120,8134,SPP2
16S+ Neighborhood / 16S- Neighborhood,0.840024889,1.027067411,105,2093,215,8134,SPPL2A
16S+ Neighborhood / 16S- Neighborhood,0.086821886,1.166701158,244,2093,452,8134,SPPL2B
16S+ Neighborhood / 16S- Neighborhood,0.151609615,0.786896971,63,2093,195,8134,SPR
16S+ Neighborhood / 16S- Neighborhood,0.009572158,0.679917493,68,2093,214,8134,SPRED1
16S+ Neighborhood / 16S- Neighborhood,0.025409108,1.237676045,281,2093,426,8134,SPRED2
16S+ Neighborhood / 16S- Neighborhood,0.001208662,0.583074213,68,2093,231,8134,SPRR2A
16S+ Neighborhood / 16S- Neighborhood,0.353437586,0.835596779,50,2093,150,8134,SPRR3
16S+ Neighborhood / 16S- Neighborhood,0.140253264,0.794874299,73,2093,258,8134,SPRY1
16S+ Neighborhood / 16S- Neighborhood,0.076036788,0.753075453,66,2093,200,8134,SPRY2
16S+ Neighborhood / 16S- Neighborhood,0.375619603,0.893936429,136,2093,318,8134,SPRY4
16S+ Neighborhood / 16S- Neighborhood,0.123830853,0.828247757,126,2093,325,8134,SPSB1
16S+ Neighborhood / 16S- Neighborhood,0.003479571,0.573857759,40,2093,143,8134,SPTA1
16S+ Neighborhood / 16S- Neighborhood,0.029350769,1.180437408,339,2093,783,8134,SPTAN1
16S+ Neighborhood / 16S- Neighborhood,0.332961401,0.946092959,593,2093,2274,8134,SPTBN1
16S+ Neighborhood / 16S- Neighborhood,0.810790964,0.953833198,44,2093,104,8134,SPTBN4
16S+ Neighborhood / 16S- Neighborhood,0.064132931,0.843787835,233,2093,589,8134,SPTLC1
16S+ Neighborhood / 16S- Neighborhood,0.514337845,1.099043294,89,2093,233,8134,SPTLC2
16S+ Neighborhood / 16S- Neighborhood,0.599436449,1.064624777,154,2093,252,8134,SPTSSA
16S+ Neighborhood / 16S- Neighborhood,0.170491864,0.73551254,33,2093,98,8134,SPX
16S+ Neighborhood / 16S- Neighborhood,0.35318017,1.090750499,219,2093,631,8134,SQLE
16S+ Neighborhood / 16S- Neighborhood,0.551880669,1.032012139,823,2093,1821,8134,SQSTM1
16S+ Neighborhood / 16S- Neighborhood,0.632141176,1.038774278,340,2093,721,8134,SRC
16S+ Neighborhood / 16S- Neighborhood,0.104613349,0.767947196,65,2093,189,8134,SRD5A1
16S+ Neighborhood / 16S- Neighborhood,0.734544783,1.070138026,48,2093,97,8134,SRD5A2
16S+ Neighborhood / 16S- Neighborhood,0.317299559,0.852607707,66,2093,209,8134,SRD5A3
16S+ Neighborhood / 16S- Neighborhood,6.54E-09,1.567039298,492,2093,461,8134,SREBF1
16S+ Neighborhood / 16S- Neighborhood,0.010599966,1.25294776,233,2093,386,8134,SREBF2
16S+ Neighborhood / 16S- Neighborhood,0.403642358,0.926210141,211,2093,505,8134,SRF
16S+ Neighborhood / 16S- Neighborhood,0.485558557,1.077329702,198,2093,333,8134,SRGAP1
16S+ Neighborhood / 16S- Neighborhood,0.075783902,0.851943858,224,2093,693,8134,SRGAP2
16S+ Neighborhood / 16S- Neighborhood,1.66E-05,0.541899597,114,2093,759,8134,SRGN
16S+ Neighborhood / 16S- Neighborhood,0.684278528,1.043342867,172,2093,379,8134,SRI
16S+ Neighborhood / 16S- Neighborhood,0.000332049,1.281694348,518,2093,568,8134,SRP54
16S+ Neighborhood / 16S- Neighborhood,0.035771049,1.302766105,122,2093,203,8134,SRPK1
16S+ Neighborhood / 16S- Neighborhood,0.602436188,0.94007672,137,2093,252,8134,SRPK2
16S+ Neighborhood / 16S- Neighborhood,0.887142402,0.98751944,242,2093,498,8134,SRPRB
16S+ Neighborhood / 16S- Neighborhood,0.488321289,0.868101846,38,2093,99,8134,SRPX
16S+ Neighborhood / 16S- Neighborhood,0.062354554,1.513710408,47,2093,75,8134,SRR
16S+ Neighborhood / 16S- Neighborhood,0.578381925,0.94878043,212,2093,580,8134,SRSF10
16S+ Neighborhood / 16S- Neighborhood,0.000688,1.125528603,2620,2093,4454,8134,SRSF2
16S+ Neighborhood / 16S- Neighborhood,0.710629815,1.039789577,171,2093,316,8134,SRSF4
16S+ Neighborhood / 16S- Neighborhood,0.303193043,1.070868434,521,2093,1015,8134,SRSF5
16S+ Neighborhood / 16S- Neighborhood,0.522573646,0.96161603,537,2093,1128,8134,SRSF6
16S+ Neighborhood / 16S- Neighborhood,0.080759621,1.14493517,353,2093,753,8134,SRSF7
16S+ Neighborhood / 16S- Neighborhood,0.230286409,0.901608083,253,2093,548,8134,SRSF8
16S+ Neighborhood / 16S- Neighborhood,0.163738867,1.102810859,471,2093,638,8134,SRSF9
16S+ Neighborhood / 16S- Neighborhood,0.889900791,1.013830039,194,2093,403,8134,SS18
16S+ Neighborhood / 16S- Neighborhood,0.877788629,0.988464467,335,2093,709,8134,SSBP1
16S+ Neighborhood / 16S- Neighborhood,0.332616366,0.866450236,76,2093,179,8134,SSBP3
16S+ Neighborhood / 16S- Neighborhood,0.397947659,0.907754395,125,2093,297,8134,SSH2
16S+ Neighborhood / 16S- Neighborhood,0.598190048,1.032382083,558,2093,1147,8134,SSNA1
16S+ Neighborhood / 16S- Neighborhood,1.58E-05,1.277635026,920,2093,984,8134,SSR1
16S+ Neighborhood / 16S- Neighborhood,0.00429183,1.208530808,476,2093,779,8134,SSR2
16S+ Neighborhood / 16S- Neighborhood,0.417065673,1.139909248,84,2093,116,8134,SSR3
16S+ Neighborhood / 16S- Neighborhood,0.023786493,0.681854872,50,2093,151,8134,SST
16S+ Neighborhood / 16S- Neighborhood,0.009029337,0.658790793,77,2093,173,8134,SSTR1
16S+ Neighborhood / 16S- Neighborhood,0.080118729,0.74925093,69,2093,164,8134,SSTR2
16S+ Neighborhood / 16S- Neighborhood,0.493204451,0.865041095,35,2093,99,8134,SSTR3
16S+ Neighborhood / 16S- Neighborhood,0.089546216,0.780348852,91,2093,222,8134,SSTR4
16S+ Neighborhood / 16S- Neighborhood,0.003532369,0.656127128,78,2093,255,8134,SSTR5
16S+ Neighborhood / 16S- Neighborhood,0.024790014,0.476988885,12,2093,53,8134,SSX4
16S+ Neighborhood / 16S- Neighborhood,0.360950133,0.803009594,25,2093,68,8134,ST18
16S+ Neighborhood / 16S- Neighborhood,0.505930743,0.876440886,44,2093,153,8134,ST3GAL6
16S+ Neighborhood / 16S- Neighborhood,0.454680917,0.832373847,25,2093,64,8134,ST6GAL1
16S+ Neighborhood / 16S- Neighborhood,0.000239728,0.375979011,20,2093,108,8134,ST6GAL2
16S+ Neighborhood / 16S- Neighborhood,0.11958967,0.7555041,56,2093,162,8134,ST6GALNAC3
16S+ Neighborhood / 16S- Neighborhood,0.02252027,0.669966876,52,2093,174,8134,ST8SIA1
16S+ Neighborhood / 16S- Neighborhood,0.001135087,0.611410979,99,2093,428,8134,STAB1
16S+ Neighborhood / 16S- Neighborhood,0.001146412,1.59244243,118,2093,140,8134,STAG1
16S+ Neighborhood / 16S- Neighborhood,0.25089894,0.869102056,109,2093,258,8134,STAG2
16S+ Neighborhood / 16S- Neighborhood,0.012466973,1.300947881,208,2093,301,8134,STAM
16S+ Neighborhood / 16S- Neighborhood,0.55605599,1.079332461,115,2093,206,8134,STAM2
16S+ Neighborhood / 16S- Neighborhood,0.682236213,1.045838166,141,2093,278,8134,STAMBP
16S+ Neighborhood / 16S- Neighborhood,0.003055528,0.580678647,45,2093,190,8134,STAMBPL1
16S+ Neighborhood / 16S- Neighborhood,0.002280184,1.291996242,296,2093,567,8134,STARD10
16S+ Neighborhood / 16S- Neighborhood,0.43392368,0.823385699,26,2093,77,8134,STARD13
16S+ Neighborhood / 16S- Neighborhood,0.754815298,0.973661571,294,2093,928,8134,STARD3
16S+ Neighborhood / 16S- Neighborhood,0.656359426,0.938774267,84,2093,223,8134,STARD3NL
16S+ Neighborhood / 16S- Neighborhood,0.111215245,1.204666037,157,2093,264,8134,STARD7
16S+ Neighborhood / 16S- Neighborhood,0.03307321,0.775879944,116,2093,485,8134,STAT1
16S+ Neighborhood / 16S- Neighborhood,0.102270744,1.166326241,235,2093,554,8134,STAT2
16S+ Neighborhood / 16S- Neighborhood,0.967472378,1.002977033,310,2093,653,8134,STAT3
16S+ Neighborhood / 16S- Neighborhood,0.018867826,0.686915715,71,2093,234,8134,STAT4
16S+ Neighborhood / 16S- Neighborhood,0.165977883,1.239563422,74,2093,165,8134,STAT5A
16S+ Neighborhood / 16S- Neighborhood,0.16442451,1.157066169,164,2093,298,8134,STAT5B
16S+ Neighborhood / 16S- Neighborhood,0.225388247,0.873215552,138,2093,423,8134,STAT6
16S+ Neighborhood / 16S- Neighborhood,2.45E-05,1.260588784,919,2093,1027,8134,STAU1
16S+ Neighborhood / 16S- Neighborhood,0.007258156,0.578588072,46,2093,206,8134,STC1
16S+ Neighborhood / 16S- Neighborhood,0.024064101,0.711661473,70,2093,252,8134,STING1
16S+ Neighborhood / 16S- Neighborhood,0.900978223,0.989176895,263,2093,546,8134,STK11
16S+ Neighborhood / 16S- Neighborhood,0.60575223,0.883568825,27,2093,97,8134,STK17A
16S+ Neighborhood / 16S- Neighborhood,0.022940053,1.179276652,412,2093,753,8134,STK24
16S+ Neighborhood / 16S- Neighborhood,0.03456096,1.163455663,424,2093,732,8134,STK25
16S+ Neighborhood / 16S- Neighborhood,0.069877767,0.589547181,16,2093,74,8134,STK26
16S+ Neighborhood / 16S- Neighborhood,0.493477379,0.905455851,82,2093,246,8134,STK3
16S+ Neighborhood / 16S- Neighborhood,0.164012198,1.150655392,215,2093,370,8134,STK39
16S+ Neighborhood / 16S- Neighborhood,0.733025287,0.942332209,57,2093,133,8134,STK4
16S+ Neighborhood / 16S- Neighborhood,0.061838089,1.100892158,1053,2093,1373,8134,STMN1
16S+ Neighborhood / 16S- Neighborhood,0.011609962,0.519456936,23,2093,90,8134,STMN2
16S+ Neighborhood / 16S- Neighborhood,0.100086833,0.715621783,35,2093,106,8134,STMN3
16S+ Neighborhood / 16S- Neighborhood,0.047921149,0.806542675,140,2093,477,8134,STOM
16S+ Neighborhood / 16S- Neighborhood,0.769487666,1.03398006,194,2093,335,8134,STON2
16S+ Neighborhood / 16S- Neighborhood,0.215330315,1.10847872,333,2093,455,8134,STRAP
16S+ Neighborhood / 16S- Neighborhood,0.036066511,1.178082877,466,2093,483,8134,STRN3
16S+ Neighborhood / 16S- Neighborhood,0.196470447,0.913556832,357,2093,1079,8134,STT3A
16S+ Neighborhood / 16S- Neighborhood,0.535862687,0.925600056,100,2093,233,8134,STT3B
16S+ Neighborhood / 16S- Neighborhood,0.096778021,1.126333915,447,2093,687,8134,STUB1
16S+ Neighborhood / 16S- Neighborhood,0.158180694,0.797197543,60,2093,165,8134,STX12
16S+ Neighborhood / 16S- Neighborhood,0.841260974,1.017183446,287,2093,541,8134,STX18
16S+ Neighborhood / 16S- Neighborhood,0.95257632,0.995249139,287,2093,823,8134,STX4
16S+ Neighborhood / 16S- Neighborhood,0.079621004,0.835390648,172,2093,451,8134,STX7
16S+ Neighborhood / 16S- Neighborhood,0.003360061,0.430610025,16,2093,101,8134,STXBP1
16S+ Neighborhood / 16S- Neighborhood,0.014198527,0.77145167,130,2093,669,8134,STXBP2
16S+ Neighborhood / 16S- Neighborhood,0.588661805,0.90933924,57,2093,122,8134,STXBP3
16S+ Neighborhood / 16S- Neighborhood,0.865653929,1.020434535,119,2093,246,8134,SUCLA2
16S+ Neighborhood / 16S- Neighborhood,0.486861281,0.933756472,177,2093,411,8134,SUCLG1
16S+ Neighborhood / 16S- Neighborhood,0.452290159,1.170876362,44,2093,82,8134,SUCLG2
16S+ Neighborhood / 16S- Neighborhood,0.782345596,0.976078612,266,2093,518,8134,SUCO
16S+ Neighborhood / 16S- Neighborhood,0.063487985,1.193215922,274,2093,357,8134,SUDS3
16S+ Neighborhood / 16S- Neighborhood,0.543164436,0.876489374,35,2093,88,8134,SUGT1
16S+ Neighborhood / 16S- Neighborhood,0.001462587,0.697963852,119,2093,522,8134,SULF2
16S+ Neighborhood / 16S- Neighborhood,0.757081922,1.03227812,226,2093,374,8134,SUMF1
16S+ Neighborhood / 16S- Neighborhood,0.17305921,1.070080814,1025,2093,1610,8134,SUMF2
16S+ Neighborhood / 16S- Neighborhood,0.23530558,0.805629633,49,2093,130,8134,SUMO1
16S+ Neighborhood / 16S- Neighborhood,0.479341714,1.063805374,228,2093,724,8134,SUMO3
16S+ Neighborhood / 16S- Neighborhood,0.60620522,0.954491721,236,2093,680,8134,SUN1
16S+ Neighborhood / 16S- Neighborhood,0.429337217,1.076870286,227,2093,522,8134,SUN2
16S+ Neighborhood / 16S- Neighborhood,0.599825215,0.928314605,98,2093,194,8134,SUPT20H
16S+ Neighborhood / 16S- Neighborhood,0.913639709,0.985021211,81,2093,175,8134,SUPT3H
16S+ Neighborhood / 16S- Neighborhood,0.574775064,0.956236797,255,2093,564,8134,SUPT4H1
16S+ Neighborhood / 16S- Neighborhood,0.389400095,1.174495993,56,2093,98,8134,SUPT7L
16S+ Neighborhood / 16S- Neighborhood,0.356057546,0.912940992,185,2093,538,8134,SURF4
16S+ Neighborhood / 16S- Neighborhood,0.426960382,1.129011523,75,2093,136,8134,SUV39H2
16S+ Neighborhood / 16S- Neighborhood,0.913770367,1.011453922,170,2093,363,8134,SUZ12
16S+ Neighborhood / 16S- Neighborhood,0.027475362,0.669255642,46,2093,150,8134,SV2A
16S+ Neighborhood / 16S- Neighborhood,0.206845968,0.746962074,34,2093,109,8134,SV2B
16S+ Neighborhood / 16S- Neighborhood,0.001165766,0.508585214,34,2093,151,8134,SV2C
16S+ Neighborhood / 16S- Neighborhood,0.766922696,1.029164893,237,2093,384,8134,SVIL
16S+ Neighborhood / 16S- Neighborhood,0.291538084,0.80245135,37,2093,96,8134,SVIP
16S+ Neighborhood / 16S- Neighborhood,0.891507405,0.965432757,23,2093,50,8134,SYCP1
16S+ Neighborhood / 16S- Neighborhood,0.477734864,0.916475747,119,2093,253,8134,SYF2
16S+ Neighborhood / 16S- Neighborhood,0.277517726,0.848558723,77,2093,216,8134,SYK
16S+ Neighborhood / 16S- Neighborhood,0.013524298,0.565889752,26,2093,98,8134,SYN2
16S+ Neighborhood / 16S- Neighborhood,0.176806801,0.748862763,37,2093,106,8134,SYN3
16S+ Neighborhood / 16S- Neighborhood,0.002819497,0.532733456,34,2093,142,8134,SYNDIG1
16S+ Neighborhood / 16S- Neighborhood,0.001426653,0.510721366,31,2093,130,8134,SYNE1
16S+ Neighborhood / 16S- Neighborhood,0.154782178,1.156106314,227,2093,328,8134,SYNE2
16S+ Neighborhood / 16S- Neighborhood,0.575003969,1.086177263,100,2093,147,8134,SYNGR1
16S+ Neighborhood / 16S- Neighborhood,0.871169714,0.975784358,80,2093,160,8134,SYNJ1
16S+ Neighborhood / 16S- Neighborhood,0.348537406,0.904641922,160,2093,411,8134,SYNJ2
16S+ Neighborhood / 16S- Neighborhood,0.090049209,0.655486044,25,2093,90,8134,SYNPO2
16S+ Neighborhood / 16S- Neighborhood,0.122104525,0.706550787,35,2093,102,8134,SYNPR
16S+ Neighborhood / 16S- Neighborhood,0.201833199,0.803399878,64,2093,176,8134,SYP
16S+ Neighborhood / 16S- Neighborhood,0.107949062,1.172076752,227,2093,311,8134,SYPL1
16S+ Neighborhood / 16S- Neighborhood,0.39233635,1.17133232,52,2093,94,8134,SYT1
16S+ Neighborhood / 16S- Neighborhood,0.125111983,0.699949534,26,2093,80,8134,SYT10
16S+ Neighborhood / 16S- Neighborhood,0.213803042,0.792908669,46,2093,140,8134,SYT11
16S+ Neighborhood / 16S- Neighborhood,0.093618359,0.696720522,35,2093,101,8134,SYT14
16S+ Neighborhood / 16S- Neighborhood,0.08041255,0.793941791,92,2093,234,8134,SYT17
16S+ Neighborhood / 16S- Neighborhood,0.095262169,0.831246974,143,2093,355,8134,SYTL3
16S+ Neighborhood / 16S- Neighborhood,0.843378732,1.016565994,275,2093,610,8134,SYVN1
16S+ Neighborhood / 16S- Neighborhood,0.025270725,1.291315335,177,2093,215,8134,SZT2
16S+ Neighborhood / 16S- Neighborhood,0.464342038,0.912132184,125,2093,324,8134,TAB1
16S+ Neighborhood / 16S- Neighborhood,0.212281734,1.162482003,145,2093,240,8134,TAB2
16S+ Neighborhood / 16S- Neighborhood,0.184449798,0.799658689,57,2093,153,8134,TAB3
16S+ Neighborhood / 16S- Neighborhood,0.020947433,0.605836339,33,2093,113,8134,TAC1
16S+ Neighborhood / 16S- Neighborhood,0.999454366,0.999887691,69,2093,169,8134,TAC4
16S+ Neighborhood / 16S- Neighborhood,0.095302353,0.803346885,90,2093,296,8134,TACC1
16S+ Neighborhood / 16S- Neighborhood,0.336309453,1.099044895,236,2093,526,8134,TACC3
16S+ Neighborhood / 16S- Neighborhood,0.441318124,0.827099553,27,2093,68,8134,TACR1
16S+ Neighborhood / 16S- Neighborhood,0.18351655,0.760126893,36,2093,101,8134,TACR3
16S+ Neighborhood / 16S- Neighborhood,0.922049952,1.005074457,1337,2093,1914,8134,TACSTD2
16S+ Neighborhood / 16S- Neighborhood,0.640973727,0.93848923,93,2093,228,8134,TADA2A
16S+ Neighborhood / 16S- Neighborhood,0.23844865,1.125753765,212,2093,363,8134,TADA3
16S+ Neighborhood / 16S- Neighborhood,0.211138943,0.835921947,91,2093,222,8134,TAF1
16S+ Neighborhood / 16S- Neighborhood,0.390683191,1.092035286,167,2093,347,8134,TAF10
16S+ Neighborhood / 16S- Neighborhood,0.008200014,1.516995444,95,2093,108,8134,TAF11
16S+ Neighborhood / 16S- Neighborhood,0.90097272,0.9802805,78,2093,164,8134,TAF12
16S+ Neighborhood / 16S- Neighborhood,1.70E-07,1.369909149,530,2093,804,8134,TAF15
16S+ Neighborhood / 16S- Neighborhood,0.585856427,0.934220314,120,2093,254,8134,TAF2
16S+ Neighborhood / 16S- Neighborhood,0.168669089,0.772712587,41,2093,114,8134,TAF3
16S+ Neighborhood / 16S- Neighborhood,0.949538323,0.991647896,115,2093,200,8134,TAF4
16S+ Neighborhood / 16S- Neighborhood,0.467813747,1.136729037,60,2093,146,8134,TAF4B
16S+ Neighborhood / 16S- Neighborhood,0.006193427,0.64762424,66,2093,217,8134,TAF5
16S+ Neighborhood / 16S- Neighborhood,0.826326281,0.970778031,92,2093,217,8134,TAF5L
16S+ Neighborhood / 16S- Neighborhood,0.610970292,1.075854148,93,2093,183,8134,TAF6L
16S+ Neighborhood / 16S- Neighborhood,0.136581746,1.162319099,212,2093,352,8134,TAF7
16S+ Neighborhood / 16S- Neighborhood,0.02980062,0.759843809,103,2093,309,8134,TAF8
16S+ Neighborhood / 16S- Neighborhood,0.12863705,0.811466796,90,2093,236,8134,TAF9
16S+ Neighborhood / 16S- Neighborhood,0.000268445,0.640691131,153,2093,1050,8134,TAGLN
16S+ Neighborhood / 16S- Neighborhood,0.52223271,0.897418912,57,2093,138,8134,TAL1
16S+ Neighborhood / 16S- Neighborhood,0.899856192,0.987502488,173,2093,390,8134,TALDO1
16S+ Neighborhood / 16S- Neighborhood,0.548586888,0.917958166,78,2093,174,8134,TANC2
16S+ Neighborhood / 16S- Neighborhood,0.71002738,1.049105469,121,2093,262,8134,TANK
16S+ Neighborhood / 16S- Neighborhood,0.02648342,1.40520769,103,2093,116,8134,TAOK1
16S+ Neighborhood / 16S- Neighborhood,0.496919441,0.812556477,15,2093,39,8134,TAOK3
16S+ Neighborhood / 16S- Neighborhood,0.424236218,0.894829772,82,2093,302,8134,TAP1
16S+ Neighborhood / 16S- Neighborhood,0.550056396,0.896863542,48,2093,160,8134,TAP2
16S+ Neighborhood / 16S- Neighborhood,0.01790469,0.837399848,298,2093,829,8134,TAPBP
16S+ Neighborhood / 16S- Neighborhood,0.739907946,1.041087847,124,2093,275,8134,TAPBPL
16S+ Neighborhood / 16S- Neighborhood,0.00075244,1.283236066,468,2093,662,8134,TARDBP
16S+ Neighborhood / 16S- Neighborhood,0.156463786,0.74172801,36,2093,127,8134,TARP
16S+ Neighborhood / 16S- Neighborhood,0.608784692,1.050702065,193,2093,397,8134,TAX1BP1
16S+ Neighborhood / 16S- Neighborhood,0.936403525,1.011074763,98,2093,245,8134,TBC1D1
16S+ Neighborhood / 16S- Neighborhood,0.032709477,0.692449197,55,2093,161,8134,TBC1D10C
16S+ Neighborhood / 16S- Neighborhood,0.086272433,0.80291401,108,2093,324,8134,TBC1D4
16S+ Neighborhood / 16S- Neighborhood,0.800288614,0.962653792,69,2093,155,8134,TBC1D5
16S+ Neighborhood / 16S- Neighborhood,0.950429101,1.00478611,372,2093,950,8134,TBC1D8
16S+ Neighborhood / 16S- Neighborhood,0.674354658,0.93902893,79,2093,188,8134,TBCE
16S+ Neighborhood / 16S- Neighborhood,0.123856725,0.824195988,101,2093,248,8134,TBK1
16S+ Neighborhood / 16S- Neighborhood,0.782288504,0.960566828,88,2093,208,8134,TBL1X
16S+ Neighborhood / 16S- Neighborhood,0.078293006,1.225016626,166,2093,280,8134,TBL1XR1
16S+ Neighborhood / 16S- Neighborhood,0.552441862,0.913934628,85,2093,185,8134,TBPL1
16S+ Neighborhood / 16S- Neighborhood,0.177384827,0.791716066,57,2093,149,8134,TBX21
16S+ Neighborhood / 16S- Neighborhood,0.51755547,0.872598454,39,2093,82,8134,TBX3
16S+ Neighborhood / 16S- Neighborhood,0.760402692,1.048745415,81,2093,186,8134,TBXA2R
16S+ Neighborhood / 16S- Neighborhood,0.567655386,0.895965815,47,2093,136,8134,TBXAS1
16S+ Neighborhood / 16S- Neighborhood,0.575181376,1.053254951,282,2093,1655,8134,TCAP
16S+ Neighborhood / 16S- Neighborhood,0.001071448,1.395402772,246,2093,305,8134,TCEA1
16S+ Neighborhood / 16S- Neighborhood,0.463113156,1.073130453,225,2093,458,8134,TCERG1
16S+ Neighborhood / 16S- Neighborhood,0.72839314,0.95669451,108,2093,277,8134,TCF12
16S+ Neighborhood / 16S- Neighborhood,1.55E-13,1.264698499,3038,2093,4901,8134,TCF3
16S+ Neighborhood / 16S- Neighborhood,0.458740446,0.884508826,69,2093,189,8134,TCF4
16S+ Neighborhood / 16S- Neighborhood,0.763508561,1.068843989,42,2093,89,8134,TCF7
16S+ Neighborhood / 16S- Neighborhood,0.00991444,0.620367494,47,2093,166,8134,TCF7L1
16S+ Neighborhood / 16S- Neighborhood,0.996755163,0.999466248,107,2093,322,8134,TCF7L2
16S+ Neighborhood / 16S- Neighborhood,0.044448317,0.847507294,313,2093,1225,8134,TCIRG1
16S+ Neighborhood / 16S- Neighborhood,0.781210768,1.039360781,93,2093,193,8134,TCL1A
16S+ Neighborhood / 16S- Neighborhood,0.007435888,0.577839,35,2093,121,8134,TCL1B
16S+ Neighborhood / 16S- Neighborhood,0.006191552,0.640207792,59,2093,263,8134,TCN2
16S+ Neighborhood / 16S- Neighborhood,0.006432484,1.331649679,221,2093,255,8134,TDG
16S+ Neighborhood / 16S- Neighborhood,0.010740949,0.546864841,28,2093,98,8134,TDO2
16S+ Neighborhood / 16S- Neighborhood,0.027233863,1.255373969,238,2093,243,8134,TDP2
16S+ Neighborhood / 16S- Neighborhood,0.748286516,1.036609284,153,2093,328,8134,TEAD1
16S+ Neighborhood / 16S- Neighborhood,0.788261972,0.964796957,102,2093,260,8134,TEAD2
16S+ Neighborhood / 16S- Neighborhood,0.831281065,0.977792398,157,2093,320,8134,TEAD3
16S+ Neighborhood / 16S- Neighborhood,0.887127475,0.988295867,250,2093,613,8134,TECR
16S+ Neighborhood / 16S- Neighborhood,0.003643451,0.407506449,14,2093,72,8134,TEK
16S+ Neighborhood / 16S- Neighborhood,0.00284583,0.527122382,33,2093,137,8134,TENM2
16S+ Neighborhood / 16S- Neighborhood,0.331807625,0.845204076,54,2093,140,8134,TENM3
16S+ Neighborhood / 16S- Neighborhood,0.021939087,0.635772693,40,2093,155,8134,TENM4
16S+ Neighborhood / 16S- Neighborhood,0.410534398,1.09128329,190,2093,316,8134,TERF1
16S+ Neighborhood / 16S- Neighborhood,0.462266432,1.064871034,326,2093,521,8134,TERF2IP
16S+ Neighborhood / 16S- Neighborhood,0.661238733,0.911315403,34,2093,88,8134,TERT
16S+ Neighborhood / 16S- Neighborhood,0.522111192,0.938247098,215,2093,443,8134,TES
16S+ Neighborhood / 16S- Neighborhood,0.442731071,0.869576562,57,2093,130,8134,TESPA1
16S+ Neighborhood / 16S- Neighborhood,0.047826971,0.626707915,28,2093,92,8134,TET1
16S+ Neighborhood / 16S- Neighborhood,0.93822547,1.022777569,22,2093,39,8134,TET2
16S+ Neighborhood / 16S- Neighborhood,0.372875172,0.907752337,154,2093,435,8134,TEX264
16S+ Neighborhood / 16S- Neighborhood,0.727758808,1.043726598,131,2093,251,8134,TFB1M
16S+ Neighborhood / 16S- Neighborhood,0.458407996,0.915589266,107,2093,254,8134,TFDP1
16S+ Neighborhood / 16S- Neighborhood,0.096007556,1.228722343,168,2093,212,8134,TFDP2
16S+ Neighborhood / 16S- Neighborhood,0.067772967,1.46599305,42,2093,64,8134,TFE3
16S+ Neighborhood / 16S- Neighborhood,0.313908283,0.867556065,82,2093,198,8134,TFEB
16S+ Neighborhood / 16S- Neighborhood,0.309297573,0.909407312,276,2093,1078,8134,TFF1
16S+ Neighborhood / 16S- Neighborhood,0.000129721,0.59985988,101,2093,694,8134,TFF2
16S+ Neighborhood / 16S- Neighborhood,0.109624104,1.083379185,2114,2093,10974,8134,TFF3
16S+ Neighborhood / 16S- Neighborhood,0.000218079,0.739897575,437,2093,1139,8134,TFPI
16S+ Neighborhood / 16S- Neighborhood,0.911328701,0.988096114,154,2093,359,8134,TFPT
16S+ Neighborhood / 16S- Neighborhood,0.019472268,0.662235083,48,2093,172,8134,TFR2
16S+ Neighborhood / 16S- Neighborhood,0.011471533,1.211409417,376,2093,745,8134,TFRC
16S+ Neighborhood / 16S- Neighborhood,0.093806248,0.766754014,72,2093,209,8134,TGFB1
16S+ Neighborhood / 16S- Neighborhood,0.016461054,0.559263656,23,2093,107,8134,TGFB2
16S+ Neighborhood / 16S- Neighborhood,0.073190056,0.750684941,69,2093,218,8134,TGFB3
16S+ Neighborhood / 16S- Neighborhood,6.16E-06,0.522499653,78,2093,464,8134,TGFBI
16S+ Neighborhood / 16S- Neighborhood,0.538580286,1.090107522,112,2093,183,8134,TGFBR1
16S+ Neighborhood / 16S- Neighborhood,0.097457639,0.798538428,91,2093,319,8134,TGFBR2
16S+ Neighborhood / 16S- Neighborhood,0.26702818,0.832988739,63,2093,159,8134,TGFBR3
16S+ Neighborhood / 16S- Neighborhood,0.029351137,1.292224454,178,2093,225,8134,TGIF1
16S+ Neighborhood / 16S- Neighborhood,0.071982579,1.236357842,133,2093,224,8134,TGIF2
16S+ Neighborhood / 16S- Neighborhood,0.003345625,0.689034846,91,2093,559,8134,TGM2
16S+ Neighborhood / 16S- Neighborhood,0.484478675,1.059551187,289,2093,605,8134,TGOLN2
16S+ Neighborhood / 16S- Neighborhood,0.016694293,1.337963509,153,2093,201,8134,TGS1
16S+ Neighborhood / 16S- Neighborhood,0.00132947,0.604611372,70,2093,324,8134,THBD
16S+ Neighborhood / 16S- Neighborhood,1.21E-09,0.330532847,51,2093,456,8134,THBS1
16S+ Neighborhood / 16S- Neighborhood,0.006063474,0.636479573,80,2093,335,8134,THBS2
16S+ Neighborhood / 16S- Neighborhood,0.756934697,1.086341766,25,2093,50,8134,THBS4
16S+ Neighborhood / 16S- Neighborhood,0.709037601,0.951314914,104,2093,267,8134,THEM4
16S+ Neighborhood / 16S- Neighborhood,0.476166535,1.12563266,66,2093,121,8134,THOC1
16S+ Neighborhood / 16S- Neighborhood,0.009063545,1.342982031,153,2093,319,8134,THOC2
16S+ Neighborhood / 16S- Neighborhood,0.923822663,1.008487064,248,2093,589,8134,THOP1
16S+ Neighborhood / 16S- Neighborhood,0.15060286,0.806641242,74,2093,215,8134,THRA
16S+ Neighborhood / 16S- Neighborhood,0.013012855,1.258171389,257,2093,368,8134,THRAP3
16S+ Neighborhood / 16S- Neighborhood,0.011055456,0.698038811,81,2093,230,8134,THRB
16S+ Neighborhood / 16S- Neighborhood,0.01411834,0.65258221,53,2093,202,8134,THSD4
16S+ Neighborhood / 16S- Neighborhood,0.005576343,0.607608924,58,2093,258,8134,THY1
16S+ Neighborhood / 16S- Neighborhood,0.043649254,1.289904172,127,2093,244,8134,TIAL1
16S+ Neighborhood / 16S- Neighborhood,0.700783889,1.07446102,63,2093,95,8134,TIAM1
16S+ Neighborhood / 16S- Neighborhood,0.176557791,0.706077423,21,2093,61,8134,TIAM2
16S+ Neighborhood / 16S- Neighborhood,0.213523946,0.743364287,24,2093,67,8134,TICAM1
16S+ Neighborhood / 16S- Neighborhood,0.162116902,0.780823858,50,2093,135,8134,TICAM2
16S+ Neighborhood / 16S- Neighborhood,0.008085259,0.632050311,61,2093,162,8134,TIE1
16S+ Neighborhood / 16S- Neighborhood,0.487072125,0.864503598,37,2093,87,8134,TIFA
16S+ Neighborhood / 16S- Neighborhood,0.00176307,0.535972694,40,2093,156,8134,TIGIT
16S+ Neighborhood / 16S- Neighborhood,0.484867637,1.071442835,209,2093,363,8134,TIMMDC1
16S+ Neighborhood / 16S- Neighborhood,0.223960077,0.883320498,299,2093,1411,8134,TIMP1
16S+ Neighborhood / 16S- Neighborhood,0.001532507,0.732468402,184,2093,866,8134,TIMP2
16S+ Neighborhood / 16S- Neighborhood,0.042813486,0.732374638,86,2093,354,8134,TIMP3
16S+ Neighborhood / 16S- Neighborhood,0.914083616,0.986865399,126,2093,240,8134,TINF2
16S+ Neighborhood / 16S- Neighborhood,0.69380429,0.935955156,59,2093,182,8134,TIRAP
16S+ Neighborhood / 16S- Neighborhood,0.142773232,0.789510635,59,2093,165,8134,TJP1
16S+ Neighborhood / 16S- Neighborhood,0.066034483,1.302920106,103,2093,126,8134,TJP2
16S+ Neighborhood / 16S- Neighborhood,0.909690914,0.990696207,322,2093,671,8134,TK1
16S+ Neighborhood / 16S- Neighborhood,0.001891351,0.626760263,63,2093,203,8134,TKFC
16S+ Neighborhood / 16S- Neighborhood,0.997022372,0.999709865,327,2093,758,8134,TKT
16S+ Neighborhood / 16S- Neighborhood,0.043490066,0.700583116,51,2093,182,8134,TLDC2
16S+ Neighborhood / 16S- Neighborhood,0.295804452,0.873364261,109,2093,266,8134,TLE1
16S+ Neighborhood / 16S- Neighborhood,0.534206938,0.941544006,201,2093,459,8134,TLE3
16S+ Neighborhood / 16S- Neighborhood,0.445276075,0.910977505,121,2093,267,8134,TLE4
16S+ Neighborhood / 16S- Neighborhood,7.48E-08,1.235776247,2159,2093,2538,8134,TLE5
16S+ Neighborhood / 16S- Neighborhood,0.328082577,0.901713919,176,2093,400,8134,TLK2
16S+ Neighborhood / 16S- Neighborhood,0.532668194,1.110961894,56,2093,109,8134,TLN1
16S+ Neighborhood / 16S- Neighborhood,0.135442347,0.70184102,30,2093,102,8134,TLR1
16S+ Neighborhood / 16S- Neighborhood,0.000434565,0.446492185,27,2093,151,8134,TLR10
16S+ Neighborhood / 16S- Neighborhood,0.028945231,0.669278814,55,2093,179,8134,TLR2
16S+ Neighborhood / 16S- Neighborhood,0.273882215,0.813995846,46,2093,137,8134,TLR3
16S+ Neighborhood / 16S- Neighborhood,0.002270813,0.406872423,17,2093,85,8134,TLR4
16S+ Neighborhood / 16S- Neighborhood,0.678831834,1.101113024,35,2093,69,8134,TLR5
16S+ Neighborhood / 16S- Neighborhood,0.468064345,0.887283164,60,2093,155,8134,TLR6
16S+ Neighborhood / 16S- Neighborhood,0.659680482,0.926676258,63,2093,192,8134,TLR7
16S+ Neighborhood / 16S- Neighborhood,0.090047767,0.663486424,26,2093,92,8134,TLR8
16S+ Neighborhood / 16S- Neighborhood,0.329675754,0.841264971,57,2093,164,8134,TLR9
16S+ Neighborhood / 16S- Neighborhood,0.267282934,0.792968636,34,2093,93,8134,TLX1
16S+ Neighborhood / 16S- Neighborhood,0.420908097,0.946574578,455,2093,1271,8134,TM4SF1
16S+ Neighborhood / 16S- Neighborhood,0.010799096,1.452348453,110,2093,138,8134,TM7SF2
16S+ Neighborhood / 16S- Neighborhood,0.031397519,0.783326038,135,2093,363,8134,TM7SF3
16S+ Neighborhood / 16S- Neighborhood,0.69310863,1.047800727,119,2093,415,8134,TMBIM1
16S+ Neighborhood / 16S- Neighborhood,0.953032766,1.00463863,315,2093,1018,8134,TMC6
16S+ Neighborhood / 16S- Neighborhood,0.011349818,0.689780481,72,2093,208,8134,TMC7
16S+ Neighborhood / 16S- Neighborhood,0.79996048,1.075428667,21,2093,36,8134,TMCC1
16S+ Neighborhood / 16S- Neighborhood,0.001493096,1.229999459,655,2093,765,8134,TMED2
16S+ Neighborhood / 16S- Neighborhood,0.063069863,0.79733708,115,2093,297,8134,TMED5
16S+ Neighborhood / 16S- Neighborhood,0.040581187,0.613029726,26,2093,101,8134,TMEFF2
16S+ Neighborhood / 16S- Neighborhood,0.312924274,0.815531796,41,2093,104,8134,TMEM108
16S+ Neighborhood / 16S- Neighborhood,0.163572954,0.797687052,62,2093,165,8134,TMEM119
16S+ Neighborhood / 16S- Neighborhood,0.887616877,0.978321671,78,2093,194,8134,TMEM135
16S+ Neighborhood / 16S- Neighborhood,0.012755324,0.672029923,71,2093,228,8134,TMEM140
16S+ Neighborhood / 16S- Neighborhood,0.139138578,1.200627121,120,2093,240,8134,TMEM161A
16S+ Neighborhood / 16S- Neighborhood,0.19191545,0.814530789,67,2093,203,8134,TMEM163
16S+ Neighborhood / 16S- Neighborhood,0.570493537,1.058059561,174,2093,354,8134,TMEM179B
16S+ Neighborhood / 16S- Neighborhood,0.723774821,1.050053812,99,2093,186,8134,TMEM192
16S+ Neighborhood / 16S- Neighborhood,0.122185073,0.736863217,41,2093,125,8134,TMEM25
16S+ Neighborhood / 16S- Neighborhood,0.00057647,1.441594832,182,2093,263,8134,TMEM30A
16S+ Neighborhood / 16S- Neighborhood,0.001884725,0.707655188,134,2093,517,8134,TMEM37
16S+ Neighborhood / 16S- Neighborhood,0.641273474,1.055030019,135,2093,377,8134,TMEM45B
16S+ Neighborhood / 16S- Neighborhood,0.011653609,1.20285096,451,2093,807,8134,TMEM63A
16S+ Neighborhood / 16S- Neighborhood,0.791475688,1.056554392,37,2093,117,8134,TMPRSS2
16S+ Neighborhood / 16S- Neighborhood,8.16E-36,1.544581811,4379,2093,4875,8134,TMSB10
16S+ Neighborhood / 16S- Neighborhood,2.96E-05,1.202165981,1556,2093,2700,8134,TMSB4X
16S+ Neighborhood / 16S- Neighborhood,0.352147956,0.827967911,39,2093,110,8134,TMSB4Y
16S+ Neighborhood / 16S- Neighborhood,0.467206819,1.092705108,125,2093,240,8134,TMTC4
16S+ Neighborhood / 16S- Neighborhood,0.035159317,0.603132194,23,2093,81,8134,TMX3
16S+ Neighborhood / 16S- Neighborhood,0.013974884,0.613018655,49,2093,167,8134,TNC
16S+ Neighborhood / 16S- Neighborhood,0.373320942,0.847949088,57,2093,153,8134,TNF
16S+ Neighborhood / 16S- Neighborhood,0.0042915,0.711812258,133,2093,374,8134,TNFAIP3
16S+ Neighborhood / 16S- Neighborhood,0.081690983,0.72449382,48,2093,158,8134,TNFAIP6
16S+ Neighborhood / 16S- Neighborhood,0.032369774,0.625847359,31,2093,130,8134,TNFAIP8
16S+ Neighborhood / 16S- Neighborhood,0.813569906,0.96187547,65,2093,190,8134,TNFAIP8L1
16S+ Neighborhood / 16S- Neighborhood,0.211233006,0.853882548,117,2093,314,8134,TNFRSF10A
16S+ Neighborhood / 16S- Neighborhood,0.484581378,1.072848985,179,2093,521,8134,TNFRSF10B
16S+ Neighborhood / 16S- Neighborhood,0.722446737,0.951129602,90,2093,214,8134,TNFRSF10C
16S+ Neighborhood / 16S- Neighborhood,0.260188191,0.819452361,51,2093,172,8134,TNFRSF10D
16S+ Neighborhood / 16S- Neighborhood,0.534839906,1.098839225,71,2093,251,8134,TNFRSF11A
16S+ Neighborhood / 16S- Neighborhood,0.159126755,0.778627098,54,2093,154,8134,TNFRSF11B
16S+ Neighborhood / 16S- Neighborhood,0.620789397,0.967727313,493,2093,1187,8134,TNFRSF12A
16S+ Neighborhood / 16S- Neighborhood,0.816613149,0.943988796,29,2093,83,8134,TNFRSF13B
16S+ Neighborhood / 16S- Neighborhood,0.116545417,0.736255353,44,2093,125,8134,TNFRSF13C
16S+ Neighborhood / 16S- Neighborhood,0.092489502,1.183504278,186,2093,584,8134,TNFRSF14
16S+ Neighborhood / 16S- Neighborhood,0.170219579,0.777633975,49,2093,132,8134,TNFRSF17
16S+ Neighborhood / 16S- Neighborhood,0.373887649,0.877784396,82,2093,232,8134,TNFRSF18
16S+ Neighborhood / 16S- Neighborhood,0.176655664,0.744433402,35,2093,101,8134,TNFRSF19
16S+ Neighborhood / 16S- Neighborhood,0.044558196,1.166105592,346,2093,626,8134,TNFRSF1A
16S+ Neighborhood / 16S- Neighborhood,0.005515221,0.687819938,88,2093,407,8134,TNFRSF1B
16S+ Neighborhood / 16S- Neighborhood,0.007764843,0.654417951,62,2093,244,8134,TNFRSF21
16S+ Neighborhood / 16S- Neighborhood,0.149519634,0.805628483,81,2093,249,8134,TNFRSF25
16S+ Neighborhood / 16S- Neighborhood,0.280004518,0.845137679,71,2093,194,8134,TNFRSF4
16S+ Neighborhood / 16S- Neighborhood,0.316958035,1.166316398,90,2093,213,8134,TNFRSF8
16S+ Neighborhood / 16S- Neighborhood,0.003886389,0.600985247,53,2093,177,8134,TNFRSF9
16S+ Neighborhood / 16S- Neighborhood,0.047958429,1.176092167,412,2093,534,8134,TNFSF10
16S+ Neighborhood / 16S- Neighborhood,0.036424122,0.556357235,19,2093,69,8134,TNFSF11
16S+ Neighborhood / 16S- Neighborhood,0.003257944,0.632237538,72,2093,235,8134,TNFSF12
16S+ Neighborhood / 16S- Neighborhood,0.854137702,1.025697424,92,2093,255,8134,TNFSF13
16S+ Neighborhood / 16S- Neighborhood,0.627004961,0.908673459,43,2093,146,8134,TNFSF13B
16S+ Neighborhood / 16S- Neighborhood,0.0514215,0.627754166,28,2093,97,8134,TNFSF14
16S+ Neighborhood / 16S- Neighborhood,0.057486825,0.714403514,53,2093,179,8134,TNFSF15
16S+ Neighborhood / 16S- Neighborhood,0.094109627,0.60026693,15,2093,53,8134,TNFSF18
16S+ Neighborhood / 16S- Neighborhood,0.08795029,0.552178327,13,2093,49,8134,TNFSF4
16S+ Neighborhood / 16S- Neighborhood,0.327265966,0.800779092,36,2093,99,8134,TNFSF8
16S+ Neighborhood / 16S- Neighborhood,0.782144727,0.964311742,94,2093,310,8134,TNFSF9
16S+ Neighborhood / 16S- Neighborhood,0.387367865,0.871688166,64,2093,203,8134,TNIK
16S+ Neighborhood / 16S- Neighborhood,0.741543486,1.044882828,93,2093,301,8134,TNIP1
16S+ Neighborhood / 16S- Neighborhood,0.045048772,1.188088062,259,2093,457,8134,TNIP2
16S+ Neighborhood / 16S- Neighborhood,0.000935628,0.318336002,10,2093,65,8134,TNKS
16S+ Neighborhood / 16S- Neighborhood,0.311533354,0.866291607,93,2093,215,8134,TNKS2
16S+ Neighborhood / 16S- Neighborhood,0.135831245,0.768388401,55,2093,143,8134,TNN
16S+ Neighborhood / 16S- Neighborhood,0.662384643,1.077731978,70,2093,148,8134,TNNC1
16S+ Neighborhood / 16S- Neighborhood,0.598148823,1.085948518,82,2093,189,8134,TNNC2
16S+ Neighborhood / 16S- Neighborhood,0.028053019,0.715304059,87,2093,271,8134,TNNT2
16S+ Neighborhood / 16S- Neighborhood,0.248574754,0.856276693,98,2093,203,8134,TNPO1
16S+ Neighborhood / 16S- Neighborhood,0.00972934,1.364076277,161,2093,211,8134,TNRC6A
16S+ Neighborhood / 16S- Neighborhood,0.796861173,0.966705129,106,2093,226,8134,TNRC6B
16S+ Neighborhood / 16S- Neighborhood,0.732322806,1.04528099,106,2093,209,8134,TNRC6C
16S+ Neighborhood / 16S- Neighborhood,0.931349296,0.989274151,99,2093,498,8134,TNS3
16S+ Neighborhood / 16S- Neighborhood,0.133521553,0.614886066,15,2093,50,8134,TNXA/B
16S+ Neighborhood / 16S- Neighborhood,0.159513447,0.819865354,83,2093,243,8134,TOLLIP
16S+ Neighborhood / 16S- Neighborhood,0.000894815,0.610471763,66,2093,236,8134,TOM1
16S+ Neighborhood / 16S- Neighborhood,0.689219505,0.968908802,307,2093,752,8134,TOMM22
16S+ Neighborhood / 16S- Neighborhood,0.9345959,0.990177118,117,2093,241,8134,TOMM40
16S+ Neighborhood / 16S- Neighborhood,0.584923703,1.04373221,333,2093,730,8134,TOMM5
16S+ Neighborhood / 16S- Neighborhood,0.956664222,0.989188864,46,2093,85,8134,TOMM70
16S+ Neighborhood / 16S- Neighborhood,0.152151807,1.15658723,239,2093,444,8134,TOP2A
16S+ Neighborhood / 16S- Neighborhood,0.062334723,1.268676048,118,2093,215,8134,TOPBP1
16S+ Neighborhood / 16S- Neighborhood,0.197239847,0.842879113,93,2093,324,8134,TOR1A
16S+ Neighborhood / 16S- Neighborhood,0.75665586,0.949485547,68,2093,139,8134,TOX
16S+ Neighborhood / 16S- Neighborhood,0.721809282,0.961689448,160,2093,389,8134,TOX3
16S+ Neighborhood / 16S- Neighborhood,0.336404257,1.105313796,172,2093,402,8134,TP53
16S+ Neighborhood / 16S- Neighborhood,0.107812016,0.818478856,97,2093,249,8134,TP53BP1
16S+ Neighborhood / 16S- Neighborhood,0.318602378,1.125051127,126,2093,243,8134,TP53BP2
16S+ Neighborhood / 16S- Neighborhood,0.534402729,0.904213022,67,2093,158,8134,TP53I3
16S+ Neighborhood / 16S- Neighborhood,0.370981547,0.883752705,108,2093,215,8134,TP53INP1
16S+ Neighborhood / 16S- Neighborhood,0.985366163,0.997218316,73,2093,157,8134,TP73
16S+ Neighborhood / 16S- Neighborhood,0.498131039,0.929251203,183,2093,392,8134,TPCN1
16S+ Neighborhood / 16S- Neighborhood,0.036884606,1.174463209,539,2093,662,8134,TPCN2
16S+ Neighborhood / 16S- Neighborhood,0.011833276,1.216252984,482,2093,503,8134,TPD52
16S+ Neighborhood / 16S- Neighborhood,0.180458517,0.749133093,34,2093,105,8134,TPH2
16S+ Neighborhood / 16S- Neighborhood,4.20E-06,1.249051956,1091,2093,2188,8134,TPI1
16S+ Neighborhood / 16S- Neighborhood,0.886439545,0.975242951,56,2093,116,8134,TPK1
16S+ Neighborhood / 16S- Neighborhood,0.486927927,1.040399857,660,2093,2542,8134,TPM1
16S+ Neighborhood / 16S- Neighborhood,0.006036364,0.790121679,233,2093,825,8134,TPM2
16S+ Neighborhood / 16S- Neighborhood,0.439540112,0.808480092,21,2093,54,8134,TPO
16S+ Neighborhood / 16S- Neighborhood,0.278435578,0.887868757,152,2093,382,8134,TPP1
16S+ Neighborhood / 16S- Neighborhood,0.9337977,1.012083378,88,2093,239,8134,TPP2
16S+ Neighborhood / 16S- Neighborhood,0.386683166,0.876146828,75,2093,196,8134,TPPP
16S+ Neighborhood / 16S- Neighborhood,0.391705828,0.89339271,110,2093,213,8134,TPR
16S+ Neighborhood / 16S- Neighborhood,0.787845015,1.039775092,91,2093,197,8134,TPSAB1/2
16S+ Neighborhood / 16S- Neighborhood,0.875572105,1.020934667,101,2093,240,8134,TPST1
16S+ Neighborhood / 16S- Neighborhood,0.003398871,0.602545965,53,2093,202,8134,TPTE
16S+ Neighborhood / 16S- Neighborhood,0.915213609,0.987347384,136,2093,345,8134,TPX2
16S+ Neighborhood / 16S- Neighborhood,0.509902884,1.05770144,265,2093,917,8134,TRA2A
16S+ Neighborhood / 16S- Neighborhood,0.001461764,1.2758305,424,2093,512,8134,TRA2B
16S+ Neighborhood / 16S- Neighborhood,0.137076791,0.789748667,57,2093,150,8134,TRABD2A
16S+ Neighborhood / 16S- Neighborhood,0.024358779,0.721360212,74,2093,210,8134,TRAC
16S+ Neighborhood / 16S- Neighborhood,0.019644322,0.772464461,142,2093,483,8134,TRADD
16S+ Neighborhood / 16S- Neighborhood,0.805413531,0.961984481,73,2093,211,8134,TRAF1
16S+ Neighborhood / 16S- Neighborhood,0.078781686,1.13279224,392,2093,1283,8134,TRAF2
16S+ Neighborhood / 16S- Neighborhood,0.371790458,1.097762889,207,2093,344,8134,TRAF3
16S+ Neighborhood / 16S- Neighborhood,0.007326957,0.618753151,50,2093,207,8134,TRAF5
16S+ Neighborhood / 16S- Neighborhood,0.097007117,0.740906774,59,2093,169,8134,TRAF6
16S+ Neighborhood / 16S- Neighborhood,0.008021699,1.238339922,325,2093,492,8134,TRAF7
16S+ Neighborhood / 16S- Neighborhood,0.118571411,0.799816752,80,2093,197,8134,TRAFD1
16S+ Neighborhood / 16S- Neighborhood,0.047456368,0.732254824,69,2093,237,8134,TRAK2
16S+ Neighborhood / 16S- Neighborhood,0.019560515,0.865522279,634,2093,1522,8134,TRAM1
16S+ Neighborhood / 16S- Neighborhood,0.511303271,1.047310306,442,2093,775,8134,TRAP1
16S+ Neighborhood / 16S- Neighborhood,0.101363714,1.184960964,176,2093,322,8134,TRAPPC1
16S+ Neighborhood / 16S- Neighborhood,0.386387026,0.816821515,34,2093,94,8134,TRAT1
16S+ Neighborhood / 16S- Neighborhood,0.493249653,0.876362928,42,2093,103,8134,TRAV19
16S+ Neighborhood / 16S- Neighborhood,0.009556827,0.478037117,19,2093,78,8134,TRAV29DV5
16S+ Neighborhood / 16S- Neighborhood,0.705211075,0.935324785,58,2093,118,8134,TRAV8-4
16S+ Neighborhood / 16S- Neighborhood,3.33E-05,0.354006359,24,2093,140,8134,TRBC1
16S+ Neighborhood / 16S- Neighborhood,0.284653494,1.137334914,140,2093,285,8134,TRBC2
16S+ Neighborhood / 16S- Neighborhood,0.012986592,0.635696179,44,2093,149,8134,TRBV12-3
16S+ Neighborhood / 16S- Neighborhood,0.004029118,0.644808483,70,2093,226,8134,TRBV7-9
16S+ Neighborhood / 16S- Neighborhood,0.009272298,0.623148836,44,2093,143,8134,TRDC
16S+ Neighborhood / 16S- Neighborhood,0.854135684,0.967534272,57,2093,181,8134,TREM1
16S+ Neighborhood / 16S- Neighborhood,0.296332853,0.81813727,38,2093,104,8134,TREM2
16S+ Neighborhood / 16S- Neighborhood,0.405348013,0.872290014,70,2093,190,8134,TREML1
16S+ Neighborhood / 16S- Neighborhood,0.002390307,0.534053072,36,2093,143,8134,TRGC1/2
16S+ Neighborhood / 16S- Neighborhood,0.353696174,1.121843262,111,2093,513,8134,TRIB3
16S+ Neighborhood / 16S- Neighborhood,0.018419858,1.209334605,302,2093,505,8134,TRIM11
16S+ Neighborhood / 16S- Neighborhood,0.379801689,0.872859803,63,2093,148,8134,TRIM13
16S+ Neighborhood / 16S- Neighborhood,0.005203516,0.687111378,88,2093,278,8134,TRIM14
16S+ Neighborhood / 16S- Neighborhood,0.036072019,0.574676405,21,2093,82,8134,TRIM2
16S+ Neighborhood / 16S- Neighborhood,0.251987016,0.814266652,51,2093,141,8134,TRIM21
16S+ Neighborhood / 16S- Neighborhood,0.201430167,0.794588713,53,2093,204,8134,TRIM22
16S+ Neighborhood / 16S- Neighborhood,0.516833259,0.885367816,47,2093,111,8134,TRIM23
16S+ Neighborhood / 16S- Neighborhood,0.043937162,1.290819666,125,2093,199,8134,TRIM24
16S+ Neighborhood / 16S- Neighborhood,0.012536808,0.778428852,159,2093,635,8134,TRIM25
16S+ Neighborhood / 16S- Neighborhood,0.587292877,1.054794361,229,2093,379,8134,TRIM26
16S+ Neighborhood / 16S- Neighborhood,0.579258677,0.955899004,362,2093,620,8134,TRIM27
16S+ Neighborhood / 16S- Neighborhood,0.005566355,1.204196487,568,2093,798,8134,TRIM28
16S+ Neighborhood / 16S- Neighborhood,0.027660323,1.456050451,77,2093,101,8134,TRIM33
16S+ Neighborhood / 16S- Neighborhood,0.078485842,0.696611384,37,2093,120,8134,TRIM34
16S+ Neighborhood / 16S- Neighborhood,0.013014575,0.705951834,74,2093,215,8134,TRIM37
16S+ Neighborhood / 16S- Neighborhood,0.788610852,0.954642947,54,2093,174,8134,TRIM38
16S+ Neighborhood / 16S- Neighborhood,0.059539005,0.781518197,100,2093,263,8134,TRIM39
16S+ Neighborhood / 16S- Neighborhood,0.754789098,0.957650026,100,2093,217,8134,TRIM4
16S+ Neighborhood / 16S- Neighborhood,0.298242671,0.888868779,138,2093,320,8134,TRIM41
16S+ Neighborhood / 16S- Neighborhood,0.103240924,0.771523746,64,2093,233,8134,TRIM5
16S+ Neighborhood / 16S- Neighborhood,0.846347306,1.029447631,75,2093,174,8134,TRIM56
16S+ Neighborhood / 16S- Neighborhood,0.435684491,0.933299259,209,2093,469,8134,TRIM65
16S+ Neighborhood / 16S- Neighborhood,0.48778319,0.814305183,17,2093,44,8134,TRIM69
16S+ Neighborhood / 16S- Neighborhood,0.582605522,1.061949109,148,2093,305,8134,TRIM8
16S+ Neighborhood / 16S- Neighborhood,0.016976462,0.739737567,106,2093,299,8134,TRIM9
16S+ Neighborhood / 16S- Neighborhood,0.015923787,0.767419044,137,2093,470,8134,TRIO
16S+ Neighborhood / 16S- Neighborhood,0.979921307,0.998104511,342,2093,686,8134,TRIP12
16S+ Neighborhood / 16S- Neighborhood,0.441911709,1.061962509,333,2093,667,8134,TRIP6
16S+ Neighborhood / 16S- Neighborhood,0.729310674,0.964410356,166,2093,419,8134,TRMT1
16S+ Neighborhood / 16S- Neighborhood,0.037363577,1.189428289,268,2093,458,8134,TRMT112
16S+ Neighborhood / 16S- Neighborhood,0.642383501,0.926012018,68,2093,162,8134,TRPC6
16S+ Neighborhood / 16S- Neighborhood,9.12E-05,0.655069656,131,2093,388,8134,TRPM3
16S+ Neighborhood / 16S- Neighborhood,0.963231563,0.993070306,83,2093,184,8134,TRPM7
16S+ Neighborhood / 16S- Neighborhood,0.02634972,1.289543341,148,2093,241,8134,TRPV1
16S+ Neighborhood / 16S- Neighborhood,0.102266891,0.773291787,68,2093,190,8134,TRPV2
16S+ Neighborhood / 16S- Neighborhood,0.195049271,0.735145105,25,2093,72,8134,TRPV5
16S+ Neighborhood / 16S- Neighborhood,0.254704459,0.884475477,159,2093,367,8134,TRRAP
16S+ Neighborhood / 16S- Neighborhood,0.177371536,0.801406294,59,2093,190,8134,TSC1
16S+ Neighborhood / 16S- Neighborhood,0.047524564,0.826144266,195,2093,453,8134,TSC2
16S+ Neighborhood / 16S- Neighborhood,0.603466144,0.914379029,56,2093,154,8134,TSC22D1
16S+ Neighborhood / 16S- Neighborhood,0.184558942,1.178420451,108,2093,194,8134,TSG101
16S+ Neighborhood / 16S- Neighborhood,0.239215711,0.770191332,35,2093,106,8134,TSHR
16S+ Neighborhood / 16S- Neighborhood,0.046609652,0.713224853,61,2093,202,8134,TSHZ2
16S+ Neighborhood / 16S- Neighborhood,0.134290761,0.723907595,34,2093,98,8134,TSLP
16S+ Neighborhood / 16S- Neighborhood,0.06963705,1.15785997,386,2093,486,8134,TSPAN1
16S+ Neighborhood / 16S- Neighborhood,0.203079656,1.118576702,260,2093,547,8134,TSPAN14
16S+ Neighborhood / 16S- Neighborhood,0.005787201,1.172787402,692,2093,1971,8134,TSPAN3
16S+ Neighborhood / 16S- Neighborhood,0.070829346,1.23604433,163,2093,261,8134,TSPAN5
16S+ Neighborhood / 16S- Neighborhood,0.009500222,0.529261282,21,2093,82,8134,TSPAN7
16S+ Neighborhood / 16S- Neighborhood,0.019256735,1.240069368,256,2093,444,8134,TSPO
16S+ Neighborhood / 16S- Neighborhood,0.004845818,0.628530022,60,2093,206,8134,TSPO2
16S+ Neighborhood / 16S- Neighborhood,0.857431128,0.977007409,100,2093,223,8134,TSPYL2
16S+ Neighborhood / 16S- Neighborhood,0.623960103,1.047616526,226,2093,434,8134,TTC14
16S+ Neighborhood / 16S- Neighborhood,0.069295993,0.757015851,73,2093,236,8134,TTC21B
16S+ Neighborhood / 16S- Neighborhood,0.01208227,0.740292506,128,2093,402,8134,TTC3
16S+ Neighborhood / 16S- Neighborhood,0.001803895,0.665298641,104,2093,318,8134,TTC30A
16S+ Neighborhood / 16S- Neighborhood,0.190440411,1.253291602,62,2093,100,8134,TTK
16S+ Neighborhood / 16S- Neighborhood,0.002631343,0.567977521,37,2093,139,8134,TTN
16S+ Neighborhood / 16S- Neighborhood,0.09078565,0.727320482,47,2093,137,8134,TTPA
16S+ Neighborhood / 16S- Neighborhood,0.213676836,0.786859464,47,2093,133,8134,TTR
16S+ Neighborhood / 16S- Neighborhood,0.765679489,1.038732642,144,2093,211,8134,TTYH2
16S+ Neighborhood / 16S- Neighborhood,0.004624012,1.262831677,338,2093,550,8134,TUBA1A
16S+ Neighborhood / 16S- Neighborhood,1.24E-06,1.289017784,1034,2093,1862,8134,TUBA1B
16S+ Neighborhood / 16S- Neighborhood,0.000239871,1.265877231,659,2093,807,8134,TUBA1C
16S+ Neighborhood / 16S- Neighborhood,0.765582921,1.05959262,42,2093,83,8134,TUBA3C
16S+ Neighborhood / 16S- Neighborhood,0.020008644,1.250991858,213,2093,462,8134,TUBA4A
16S+ Neighborhood / 16S- Neighborhood,0.001632987,1.169039439,1252,2093,1422,8134,TUBB
16S+ Neighborhood / 16S- Neighborhood,0.000755315,0.612712936,74,2093,238,8134,TUBB1
16S+ Neighborhood / 16S- Neighborhood,0.663108428,1.063230533,113,2093,181,8134,TUBB2A
16S+ Neighborhood / 16S- Neighborhood,0.763809345,1.040874103,112,2093,217,8134,TUBB2B
16S+ Neighborhood / 16S- Neighborhood,0.583929718,0.914641423,67,2093,154,8134,TUBB4A
16S+ Neighborhood / 16S- Neighborhood,0.111086314,1.160735106,258,2093,465,8134,TUBB4B
16S+ Neighborhood / 16S- Neighborhood,0.168947647,1.142122988,188,2093,364,8134,TUBB6
16S+ Neighborhood / 16S- Neighborhood,0.048416257,0.760571549,93,2093,283,8134,TUBD1
16S+ Neighborhood / 16S- Neighborhood,0.641981805,1.048096053,185,2093,421,8134,TUBG1
16S+ Neighborhood / 16S- Neighborhood,0.850564924,0.975903419,104,2093,225,8134,TUBGCP2
16S+ Neighborhood / 16S- Neighborhood,0.040008175,0.761627077,92,2093,272,8134,TUBGCP3
16S+ Neighborhood / 16S- Neighborhood,0.628849151,0.93218927,94,2093,220,8134,TUBGCP5
16S+ Neighborhood / 16S- Neighborhood,0.883929722,0.977516603,71,2093,138,8134,TULP3
16S+ Neighborhood / 16S- Neighborhood,0.439668798,1.204955382,34,2093,54,8134,TUSC3
16S+ Neighborhood / 16S- Neighborhood,0.93899619,1.010288327,114,2093,208,8134,TUT4
16S+ Neighborhood / 16S- Neighborhood,0.776243939,1.028730869,177,2093,363,8134,TWF1
16S+ Neighborhood / 16S- Neighborhood,0.006400277,0.615459469,59,2093,285,8134,TWIST1
16S+ Neighborhood / 16S- Neighborhood,0.01670947,0.689279891,73,2093,238,8134,TWIST2
16S+ Neighborhood / 16S- Neighborhood,0.004708721,0.555789849,32,2093,125,8134,TXK
16S+ Neighborhood / 16S- Neighborhood,0.01768307,1.250504949,210,2093,346,8134,TXLNA
16S+ Neighborhood / 16S- Neighborhood,0.952426859,0.991994176,89,2093,188,8134,TXN2
16S+ Neighborhood / 16S- Neighborhood,0.472441279,0.855430195,31,2093,78,8134,TXNDC16
16S+ Neighborhood / 16S- Neighborhood,0.006038436,1.202403609,734,2093,860,8134,TXNIP
16S+ Neighborhood / 16S- Neighborhood,0.223819096,1.218765578,72,2093,146,8134,TXNL4A
16S+ Neighborhood / 16S- Neighborhood,0.838489251,0.977394013,148,2093,313,8134,TXNRD1
16S+ Neighborhood / 16S- Neighborhood,0.259535972,1.176232873,102,2093,162,8134,TXNRD2
16S+ Neighborhood / 16S- Neighborhood,0.83312239,1.019861601,213,2093,645,8134,TYK2
16S+ Neighborhood / 16S- Neighborhood,0.284902061,0.866987867,103,2093,383,8134,TYMP
16S+ Neighborhood / 16S- Neighborhood,0.86076528,0.982531451,207,2093,404,8134,TYMS
16S+ Neighborhood / 16S- Neighborhood,0.000169169,0.584168274,90,2093,397,8134,TYROBP
16S+ Neighborhood / 16S- Neighborhood,0.044858227,0.79025013,130,2093,323,8134,TYW3
16S+ Neighborhood / 16S- Neighborhood,0.020484496,1.337875927,114,2093,263,8134,U2AF1
16S+ Neighborhood / 16S- Neighborhood,0.071158191,1.112892963,609,2093,946,8134,U2AF2
16S+ Neighborhood / 16S- Neighborhood,0.178318611,1.14430511,241,2093,353,8134,U2SURP
16S+ Neighborhood / 16S- Neighborhood,0.678257356,1.037845382,254,2093,527,8134,UBA1
16S+ Neighborhood / 16S- Neighborhood,0.008179978,1.278540736,218,2093,585,8134,UBA2
16S+ Neighborhood / 16S- Neighborhood,0.868906139,0.982649006,149,2093,317,8134,UBA3
16S+ Neighborhood / 16S- Neighborhood,0.000450364,1.536940824,141,2093,181,8134,UBA5
16S+ Neighborhood / 16S- Neighborhood,0.300880186,1.130105139,140,2093,233,8134,UBA6
16S+ Neighborhood / 16S- Neighborhood,0.000502932,0.429720825,24,2093,141,8134,UBA7
16S+ Neighborhood / 16S- Neighborhood,0.312257562,1.142171255,109,2093,248,8134,UBAC1
16S+ Neighborhood / 16S- Neighborhood,0.943091556,0.990166369,95,2093,210,8134,UBAP1
16S+ Neighborhood / 16S- Neighborhood,0.989017926,0.996685031,31,2093,69,8134,UBASH3A
16S+ Neighborhood / 16S- Neighborhood,0.000111587,1.131322955,4236,2093,6744,8134,UBB
16S+ Neighborhood / 16S- Neighborhood,0.030674013,0.748135969,94,2093,273,8134,UBE2A
16S+ Neighborhood / 16S- Neighborhood,0.007802181,1.441110351,95,2093,148,8134,UBE2B
16S+ Neighborhood / 16S- Neighborhood,0.206151565,0.887614179,235,2093,617,8134,UBE2C
16S+ Neighborhood / 16S- Neighborhood,0.101389138,0.747620857,54,2093,152,8134,UBE2D1
16S+ Neighborhood / 16S- Neighborhood,0.483536678,0.921512355,118,2093,278,8134,UBE2D2
16S+ Neighborhood / 16S- Neighborhood,0.082114269,0.805308098,108,2093,400,8134,UBE2D4
16S+ Neighborhood / 16S- Neighborhood,0.128475067,0.804343625,86,2093,213,8134,UBE2E1
16S+ Neighborhood / 16S- Neighborhood,0.866859247,0.978323435,128,2093,243,8134,UBE2E2
16S+ Neighborhood / 16S- Neighborhood,0.039441527,1.231793801,196,2093,346,8134,UBE2E3
16S+ Neighborhood / 16S- Neighborhood,0.577993042,1.180827853,21,2093,41,8134,UBE2F
16S+ Neighborhood / 16S- Neighborhood,0.021825796,1.558672299,68,2093,70,8134,UBE2G1
16S+ Neighborhood / 16S- Neighborhood,0.838907296,1.024241938,122,2093,436,8134,UBE2G2
16S+ Neighborhood / 16S- Neighborhood,0.077804251,1.187704305,244,2093,345,8134,UBE2H
16S+ Neighborhood / 16S- Neighborhood,0.012749361,1.155416024,721,2093,950,8134,UBE2I
16S+ Neighborhood / 16S- Neighborhood,0.078048231,1.251582274,124,2093,181,8134,UBE2J1
16S+ Neighborhood / 16S- Neighborhood,0.533204695,1.078043095,129,2093,241,8134,UBE2J2
16S+ Neighborhood / 16S- Neighborhood,0.046813623,1.283939737,110,2093,178,8134,UBE2K
16S+ Neighborhood / 16S- Neighborhood,0.848514388,0.975982817,101,2093,219,8134,UBE2L3
16S+ Neighborhood / 16S- Neighborhood,0.090442509,0.780793865,76,2093,372,8134,UBE2L6
16S+ Neighborhood / 16S- Neighborhood,0.079187562,1.209543459,175,2093,342,8134,UBE2M
16S+ Neighborhood / 16S- Neighborhood,0.054417793,0.620106707,28,2093,79,8134,UBE2N
16S+ Neighborhood / 16S- Neighborhood,0.245246116,1.119061076,223,2093,379,8134,UBE2O
16S+ Neighborhood / 16S- Neighborhood,0.310483878,1.177848445,82,2093,119,8134,UBE2Q1
16S+ Neighborhood / 16S- Neighborhood,0.346156377,1.095539526,192,2093,351,8134,UBE2Q2
16S+ Neighborhood / 16S- Neighborhood,0.475881754,1.078779398,174,2093,297,8134,UBE2R2
16S+ Neighborhood / 16S- Neighborhood,0.96561897,0.996770904,432,2093,933,8134,UBE2S
16S+ Neighborhood / 16S- Neighborhood,0.014700951,1.370330379,120,2093,206,8134,UBE2T
16S+ Neighborhood / 16S- Neighborhood,0.015308509,1.194804127,422,2093,623,8134,UBE2V1
16S+ Neighborhood / 16S- Neighborhood,0.217301664,1.133261232,233,2093,301,8134,UBE2V2
16S+ Neighborhood / 16S- Neighborhood,0.637593557,1.082754135,56,2093,108,8134,UBE2W
16S+ Neighborhood / 16S- Neighborhood,0.90061584,0.987616779,202,2093,394,8134,UBE2Z
16S+ Neighborhood / 16S- Neighborhood,0.352764743,1.094565336,202,2093,387,8134,UBE3A
16S+ Neighborhood / 16S- Neighborhood,0.954071479,0.992943003,138,2093,230,8134,UBE3B
16S+ Neighborhood / 16S- Neighborhood,0.066283753,1.269997529,133,2093,195,8134,UBE3C
16S+ Neighborhood / 16S- Neighborhood,0.542536406,1.089811044,98,2093,177,8134,UBE3D
16S+ Neighborhood / 16S- Neighborhood,0.092365894,0.783213961,77,2093,228,8134,UBE4A
16S+ Neighborhood / 16S- Neighborhood,0.090437566,1.194217977,204,2093,300,8134,UBE4B
16S+ Neighborhood / 16S- Neighborhood,0.379352295,1.095510315,182,2093,409,8134,UBL4A
16S+ Neighborhood / 16S- Neighborhood,0.027900047,1.269526539,178,2093,270,8134,UBQLN1
16S+ Neighborhood / 16S- Neighborhood,0.38244479,0.88015933,84,2093,214,8134,UBQLN2
16S+ Neighborhood / 16S- Neighborhood,0.100369978,1.287719539,72,2093,117,8134,UBR1
16S+ Neighborhood / 16S- Neighborhood,0.964973567,0.994150385,103,2093,265,8134,UBR2
16S+ Neighborhood / 16S- Neighborhood,0.340781386,1.100364044,214,2093,405,8134,UBR4
16S+ Neighborhood / 16S- Neighborhood,0.578378718,1.057132209,183,2093,565,8134,UBR5
16S+ Neighborhood / 16S- Neighborhood,0.000857571,1.307129076,296,2093,467,8134,UBXN4
16S+ Neighborhood / 16S- Neighborhood,0.011123369,1.201201015,474,2093,702,8134,UBXN6
16S+ Neighborhood / 16S- Neighborhood,0.745374778,0.962315605,127,2093,365,8134,UCHL3
16S+ Neighborhood / 16S- Neighborhood,0.696924171,0.941522621,71,2093,182,8134,UCHL5
16S+ Neighborhood / 16S- Neighborhood,0.590107706,0.903958579,46,2093,109,8134,UCN3
16S+ Neighborhood / 16S- Neighborhood,0.600289758,0.946051608,175,2093,413,8134,UCP2
16S+ Neighborhood / 16S- Neighborhood,0.72418829,1.044019733,120,2093,230,8134,UFD1
16S+ Neighborhood / 16S- Neighborhood,0.099941758,1.235114427,116,2093,192,8134,UFL1
16S+ Neighborhood / 16S- Neighborhood,0.036258912,0.73902487,87,2093,238,8134,UFM1
16S+ Neighborhood / 16S- Neighborhood,0.587273771,0.922791435,93,2093,198,8134,UGCG
16S+ Neighborhood / 16S- Neighborhood,0.853002959,0.983215742,252,2093,586,8134,UGGT1
16S+ Neighborhood / 16S- Neighborhood,0.004667069,0.637017683,58,2093,186,8134,UGGT2
16S+ Neighborhood / 16S- Neighborhood,0.766751654,0.947320592,46,2093,101,8134,UGP2
16S+ Neighborhood / 16S- Neighborhood,0.212003101,0.767619652,37,2093,136,8134,UGT8
16S+ Neighborhood / 16S- Neighborhood,0.153189172,0.829836197,105,2093,289,8134,UIMC1
16S+ Neighborhood / 16S- Neighborhood,0.16543651,0.804623775,66,2093,175,8134,ULBP1
16S+ Neighborhood / 16S- Neighborhood,0.175433035,0.78822426,55,2093,180,8134,ULBP2
16S+ Neighborhood / 16S- Neighborhood,0.509296961,0.925934637,130,2093,283,8134,ULBP3
16S+ Neighborhood / 16S- Neighborhood,0.782034252,1.025470613,304,2093,457,8134,ULK1
16S+ Neighborhood / 16S- Neighborhood,0.322174253,1.155471286,94,2093,162,8134,ULK2
16S+ Neighborhood / 16S- Neighborhood,0.573531766,0.889744978,39,2093,116,8134,UMODL1
16S+ Neighborhood / 16S- Neighborhood,0.391280336,0.87854809,80,2093,193,8134,UNC13C
16S+ Neighborhood / 16S- Neighborhood,0.649445602,0.932883841,68,2093,297,8134,UNC13D
16S+ Neighborhood / 16S- Neighborhood,0.051488769,0.739790299,69,2093,223,8134,UNC5B
16S+ Neighborhood / 16S- Neighborhood,0.832244764,1.061583037,19,2093,38,8134,UNC5C
16S+ Neighborhood / 16S- Neighborhood,0.696529443,0.900111584,22,2093,55,8134,UNC5D
16S+ Neighborhood / 16S- Neighborhood,0.071356871,0.712576085,39,2093,114,8134,UNC79
16S+ Neighborhood / 16S- Neighborhood,0.566643589,1.030620499,937,2093,1619,8134,UNC93B1
16S+ Neighborhood / 16S- Neighborhood,9.55E-06,1.251767377,893,2093,2014,8134,UNKL
16S+ Neighborhood / 16S- Neighborhood,0.043924114,0.638334478,32,2093,133,8134,UPK3A
16S+ Neighborhood / 16S- Neighborhood,0.264239398,0.863440913,85,2093,602,8134,UPP1
16S+ Neighborhood / 16S- Neighborhood,0.090596397,0.806711215,113,2093,280,8134,UQCR10
16S+ Neighborhood / 16S- Neighborhood,0.632392459,1.049165311,183,2093,416,8134,UQCR11
16S+ Neighborhood / 16S- Neighborhood,0.194614032,1.127033392,241,2093,504,8134,UQCRC1
16S+ Neighborhood / 16S- Neighborhood,0.077364556,1.161116205,310,2093,474,8134,UQCRC2
16S+ Neighborhood / 16S- Neighborhood,0.208379544,1.109537604,259,2093,879,8134,UQCRFS1
16S+ Neighborhood / 16S- Neighborhood,0.006453663,1.245653807,337,2093,550,8134,UQCRQ
16S+ Neighborhood / 16S- Neighborhood,0.069980132,0.66998303,32,2093,109,8134,URAD
16S+ Neighborhood / 16S- Neighborhood,0.60582238,0.970025308,538,2093,1678,8134,USF2
16S+ Neighborhood / 16S- Neighborhood,0.069816597,1.215374445,194,2093,289,8134,USO1
16S+ Neighborhood / 16S- Neighborhood,0.586857634,1.075210326,124,2093,197,8134,USP1
16S+ Neighborhood / 16S- Neighborhood,0.658334421,1.055189498,128,2093,226,8134,USP10
16S+ Neighborhood / 16S- Neighborhood,0.904479035,1.019489192,74,2093,148,8134,USP15
16S+ Neighborhood / 16S- Neighborhood,0.698060554,1.059896825,83,2093,198,8134,USP18
16S+ Neighborhood / 16S- Neighborhood,0.897838847,0.983824924,119,2093,256,8134,USP21
16S+ Neighborhood / 16S- Neighborhood,0.026813317,1.185407911,408,2093,503,8134,USP22
16S+ Neighborhood / 16S- Neighborhood,0.565467122,0.93468688,134,2093,336,8134,USP3
16S+ Neighborhood / 16S- Neighborhood,0.493617889,1.067206424,222,2093,438,8134,USP34
16S+ Neighborhood / 16S- Neighborhood,0.092004023,1.183493311,214,2093,354,8134,USP39
16S+ Neighborhood / 16S- Neighborhood,0.319704737,0.894603218,139,2093,351,8134,USP4
16S+ Neighborhood / 16S- Neighborhood,0.035963249,1.329675866,112,2093,192,8134,USP5
16S+ Neighborhood / 16S- Neighborhood,0.643317667,1.059201463,132,2093,210,8134,USP7
16S+ Neighborhood / 16S- Neighborhood,0.086015905,0.758752771,66,2093,186,8134,USP8
16S+ Neighborhood / 16S- Neighborhood,0.629405806,1.089705505,64,2093,118,8134,USP9X
16S+ Neighborhood / 16S- Neighborhood,0.880037724,0.955347962,22,2093,40,8134,USP9Y
16S+ Neighborhood / 16S- Neighborhood,0.181848653,1.326382758,46,2093,86,8134,UTF1
16S+ Neighborhood / 16S- Neighborhood,0.542214839,1.105679914,73,2093,124,8134,UTRN
16S+ Neighborhood / 16S- Neighborhood,0.798468655,0.945586716,36,2093,74,8134,UTY
16S+ Neighborhood / 16S- Neighborhood,0.323055339,1.174096884,73,2093,152,8134,UVRAG
16S+ Neighborhood / 16S- Neighborhood,0.558488797,1.057739243,202,2093,396,8134,VAC14
16S+ Neighborhood / 16S- Neighborhood,0.459204096,0.928896715,214,2093,390,8134,VAMP2
16S+ Neighborhood / 16S- Neighborhood,0.325753748,1.158696387,99,2093,126,8134,VAMP3
16S+ Neighborhood / 16S- Neighborhood,0.129112297,0.82013745,115,2093,307,8134,VAMP5
16S+ Neighborhood / 16S- Neighborhood,0.211622902,0.869233507,133,2093,332,8134,VAMP7
16S+ Neighborhood / 16S- Neighborhood,0.840442619,0.982423218,222,2093,469,8134,VAMP8
16S+ Neighborhood / 16S- Neighborhood,0.182020916,0.805566435,76,2093,162,8134,VANGL2
16S+ Neighborhood / 16S- Neighborhood,0.467531827,0.926800152,151,2093,330,8134,VAPB
16S+ Neighborhood / 16S- Neighborhood,0.854951659,1.01318306,459,2093,850,8134,VASP
16S+ Neighborhood / 16S- Neighborhood,0.699811688,0.964154402,197,2093,567,8134,VAT1
16S+ Neighborhood / 16S- Neighborhood,0.015093788,0.557613384,24,2093,104,8134,VAV1
16S+ Neighborhood / 16S- Neighborhood,0.064693142,1.166510889,466,2093,492,8134,VAV3
16S+ Neighborhood / 16S- Neighborhood,0.090291075,0.671521234,28,2093,92,8134,VCAM1
16S+ Neighborhood / 16S- Neighborhood,0.10868213,0.710420706,42,2093,168,8134,VCAN
16S+ Neighborhood / 16S- Neighborhood,0.234067186,0.885428509,172,2093,396,8134,VCL
16S+ Neighborhood / 16S- Neighborhood,0.000932556,1.314836735,314,2093,456,8134,VCP
16S+ Neighborhood / 16S- Neighborhood,0.837970023,1.016931601,296,2093,515,8134,VDAC1
16S+ Neighborhood / 16S- Neighborhood,0.383352846,1.101533796,164,2093,283,8134,VDAC2
16S+ Neighborhood / 16S- Neighborhood,5.43E-06,1.35757565,688,2093,532,8134,VDAC3
16S+ Neighborhood / 16S- Neighborhood,0.54806888,1.030807258,1409,2093,6124,8134,VEGFA
16S+ Neighborhood / 16S- Neighborhood,0.106158823,1.122587845,428,2093,757,8134,VEGFB
16S+ Neighborhood / 16S- Neighborhood,0.757869254,0.950172634,72,2093,150,8134,VEGFC
16S+ Neighborhood / 16S- Neighborhood,0.043890844,0.568951289,17,2093,62,8134,VEGFD
16S+ Neighborhood / 16S- Neighborhood,0.850214539,0.959448342,40,2093,90,8134,VGLL3
16S+ Neighborhood / 16S- Neighborhood,0.20368245,1.129150356,249,2093,332,8134,VHL
16S+ Neighborhood / 16S- Neighborhood,0.626154563,0.932391257,113,2093,374,8134,VIM
16S+ Neighborhood / 16S- Neighborhood,0.112434758,0.664224845,20,2093,64,8134,VIP
16S+ Neighborhood / 16S- Neighborhood,0.937323679,1.01209658,78,2093,159,8134,VIPR1
16S+ Neighborhood / 16S- Neighborhood,0.030232525,0.670916209,52,2093,172,8134,VIPR2
16S+ Neighborhood / 16S- Neighborhood,0.384453295,0.917732562,174,2093,434,8134,VKORC1
16S+ Neighborhood / 16S- Neighborhood,0.170051246,0.792347284,56,2093,143,8134,VKORC1L1
16S+ Neighborhood / 16S- Neighborhood,0.532660611,1.057131312,249,2093,546,8134,VMP1
16S+ Neighborhood / 16S- Neighborhood,0.230482223,0.791939999,44,2093,113,8134,VPREB3
16S+ Neighborhood / 16S- Neighborhood,0.409003287,0.930885817,253,2093,592,8134,VPS25
16S+ Neighborhood / 16S- Neighborhood,0.819565815,1.034557816,89,2093,156,8134,VPS26A
16S+ Neighborhood / 16S- Neighborhood,0.520780255,0.93075566,143,2093,388,8134,VPS26B
16S+ Neighborhood / 16S- Neighborhood,0.615197306,0.961108403,315,2093,668,8134,VPS28
16S+ Neighborhood / 16S- Neighborhood,0.027260838,0.934331008,3678,2093,7065,8134,VPS29
16S+ Neighborhood / 16S- Neighborhood,0.004714503,1.498204284,110,2093,134,8134,VPS35
16S+ Neighborhood / 16S- Neighborhood,0.143756485,1.210382213,124,2093,185,8134,VPS35L
16S+ Neighborhood / 16S- Neighborhood,0.993694183,0.998968583,109,2093,222,8134,VPS36
16S+ Neighborhood / 16S- Neighborhood,0.536373209,1.094717847,88,2093,193,8134,VPS37A
16S+ Neighborhood / 16S- Neighborhood,0.042517819,1.201703834,296,2093,386,8134,VPS37B
16S+ Neighborhood / 16S- Neighborhood,0.383527383,0.889265688,109,2093,261,8134,VPS37D
16S+ Neighborhood / 16S- Neighborhood,0.987641832,1.001540384,213,2093,340,8134,VPS4A
16S+ Neighborhood / 16S- Neighborhood,0.954258565,1.008410597,85,2093,199,8134,VPS4B
16S+ Neighborhood / 16S- Neighborhood,0.292164338,1.103729948,189,2093,357,8134,VPS72
16S+ Neighborhood / 16S- Neighborhood,0.551872989,0.926861704,119,2093,348,8134,VRK1
16S+ Neighborhood / 16S- Neighborhood,0.881383515,0.977210412,74,2093,182,8134,VRK2
16S+ Neighborhood / 16S- Neighborhood,0.015437982,0.738342883,111,2093,292,8134,VRK3
16S+ Neighborhood / 16S- Neighborhood,0.008996715,0.630983432,71,2093,338,8134,VSIG4
16S+ Neighborhood / 16S- Neighborhood,0.011790071,0.635083581,47,2093,169,8134,VSIR
16S+ Neighborhood / 16S- Neighborhood,0.002698904,0.496905847,28,2093,117,8134,VSNL1
16S+ Neighborhood / 16S- Neighborhood,0.823208092,1.025605509,164,2093,264,8134,VTA1
16S+ Neighborhood / 16S- Neighborhood,6.69E-05,0.557057361,74,2093,309,8134,VTCN1
16S+ Neighborhood / 16S- Neighborhood,0.032833425,1.227337797,227,2093,351,8134,VTI1B
16S+ Neighborhood / 16S- Neighborhood,0.000966952,0.546321369,47,2093,194,8134,VTN
16S+ Neighborhood / 16S- Neighborhood,0.302946373,1.078334868,361,2093,1117,8134,VWA1
16S+ Neighborhood / 16S- Neighborhood,0.000379259,0.518884067,72,2093,352,8134,VWF
16S+ Neighborhood / 16S- Neighborhood,0.777590485,1.024091168,298,2093,513,8134,WAC
16S+ Neighborhood / 16S- Neighborhood,0.399857458,0.883722637,79,2093,199,8134,WAPL
16S+ Neighborhood / 16S- Neighborhood,0.073808132,1.176501375,274,2093,455,8134,WARS1
16S+ Neighborhood / 16S- Neighborhood,0.821162978,1.04702093,47,2093,113,8134,WAS
16S+ Neighborhood / 16S- Neighborhood,0.321813241,0.860601908,68,2093,166,8134,WASF1
16S+ Neighborhood / 16S- Neighborhood,0.095756399,1.156344982,309,2093,457,8134,WASF2
16S+ Neighborhood / 16S- Neighborhood,0.603957403,0.932385808,101,2093,200,8134,WASF3
16S+ Neighborhood / 16S- Neighborhood,0.682472567,1.053122451,113,2093,220,8134,WASHC3
16S+ Neighborhood / 16S- Neighborhood,0.129863653,0.774276653,56,2093,156,8134,WASHC4
16S+ Neighborhood / 16S- Neighborhood,0.486422846,1.085988011,135,2093,343,8134,WASHC5
16S+ Neighborhood / 16S- Neighborhood,0.35451166,1.125996894,115,2093,191,8134,WASL
16S+ Neighborhood / 16S- Neighborhood,0.124035675,1.158762487,261,2093,387,8134,WBP11
16S+ Neighborhood / 16S- Neighborhood,0.201233462,1.118854685,249,2093,433,8134,WBP2
16S+ Neighborhood / 16S- Neighborhood,0.295252852,0.875245918,109,2093,246,8134,WDPCP
16S+ Neighborhood / 16S- Neighborhood,2.28E-06,1.256424294,1216,2093,1533,8134,WDR1
16S+ Neighborhood / 16S- Neighborhood,0.127080067,0.813126669,95,2093,241,8134,WDR19
16S+ Neighborhood / 16S- Neighborhood,0.00913805,0.622824907,45,2093,150,8134,WDR41
16S+ Neighborhood / 16S- Neighborhood,0.696439298,1.046718022,146,2093,313,8134,WDR45
16S+ Neighborhood / 16S- Neighborhood,0.038520748,1.146483828,526,2093,931,8134,WDR45B
16S+ Neighborhood / 16S- Neighborhood,0.830222961,0.974934761,137,2093,333,8134,WDR5
16S+ Neighborhood / 16S- Neighborhood,0.319921272,0.843421218,52,2093,125,8134,WDR59
16S+ Neighborhood / 16S- Neighborhood,0.005491595,0.695842696,103,2093,332,8134,WDR70
16S+ Neighborhood / 16S- Neighborhood,0.369070856,0.883201897,94,2093,215,8134,WDR76
16S+ Neighborhood / 16S- Neighborhood,0.603381658,0.950039326,212,2093,398,8134,WDR77
16S+ Neighborhood / 16S- Neighborhood,0.480012303,1.103008439,89,2093,171,8134,WDR82
16S+ Neighborhood / 16S- Neighborhood,0.25831473,1.258620749,40,2093,66,8134,WDTC1
16S+ Neighborhood / 16S- Neighborhood,0.195873148,1.215928713,85,2093,150,8134,WEE1
16S+ Neighborhood / 16S- Neighborhood,0.884099945,1.017803214,135,2093,259,8134,WFS1
16S+ Neighborhood / 16S- Neighborhood,0.068009453,0.713630797,47,2093,146,8134,WIF1
16S+ Neighborhood / 16S- Neighborhood,0.02844871,0.63407081,36,2093,134,8134,WIPF1
16S+ Neighborhood / 16S- Neighborhood,0.477043015,1.104099492,111,2093,165,8134,WIPF2
16S+ Neighborhood / 16S- Neighborhood,0.239910199,0.803650615,46,2093,117,8134,WIPF3
16S+ Neighborhood / 16S- Neighborhood,0.003986953,1.269742941,367,2093,464,8134,WIPI1
16S+ Neighborhood / 16S- Neighborhood,0.095815769,0.831369806,137,2093,476,8134,WIPI2
16S+ Neighborhood / 16S- Neighborhood,0.326480582,1.1905435,63,2093,136,8134,WNT10A
16S+ Neighborhood / 16S- Neighborhood,0.018087339,0.56058186,25,2093,99,8134,WNT10B
16S+ Neighborhood / 16S- Neighborhood,0.376243323,1.152192212,66,2093,118,8134,WNT11
16S+ Neighborhood / 16S- Neighborhood,0.020599579,0.488181169,15,2093,69,8134,WNT16
16S+ Neighborhood / 16S- Neighborhood,0.198413171,0.804038049,58,2093,135,8134,WNT2
16S+ Neighborhood / 16S- Neighborhood,0.28722587,0.833760886,52,2093,129,8134,WNT2B
16S+ Neighborhood / 16S- Neighborhood,0.278330671,0.84659101,75,2093,206,8134,WNT3
16S+ Neighborhood / 16S- Neighborhood,0.110973958,0.755589732,54,2093,131,8134,WNT3A
16S+ Neighborhood / 16S- Neighborhood,0.761664223,1.038631848,113,2093,380,8134,WNT4
16S+ Neighborhood / 16S- Neighborhood,0.017626491,0.599350794,32,2093,124,8134,WNT5A
16S+ Neighborhood / 16S- Neighborhood,0.131601564,0.636500028,15,2093,49,8134,WNT5B
16S+ Neighborhood / 16S- Neighborhood,0.447143685,0.862492759,51,2093,149,8134,WNT6
16S+ Neighborhood / 16S- Neighborhood,0.231555334,0.831920097,65,2093,166,8134,WNT7A
16S+ Neighborhood / 16S- Neighborhood,0.834629278,1.030325392,85,2093,248,8134,WNT7B
16S+ Neighborhood / 16S- Neighborhood,0.377564687,0.842232492,51,2093,113,8134,WNT9A
16S+ Neighborhood / 16S- Neighborhood,0.607333123,1.107883155,47,2093,122,8134,WRN
16S+ Neighborhood / 16S- Neighborhood,0.140109483,0.845170539,142,2093,392,8134,WSB1
16S+ Neighborhood / 16S- Neighborhood,0.608632053,0.85580109,17,2093,41,8134,WSCD1
16S+ Neighborhood / 16S- Neighborhood,0.001524617,0.548184712,40,2093,146,8134,WT1
16S+ Neighborhood / 16S- Neighborhood,0.924912489,1.010874303,175,2093,349,8134,WWOX
16S+ Neighborhood / 16S- Neighborhood,0.019811403,0.779102078,163,2093,322,8134,WWP1
16S+ Neighborhood / 16S- Neighborhood,0.68262284,1.050195531,141,2093,235,8134,WWP2
16S+ Neighborhood / 16S- Neighborhood,0.026591723,0.694459094,65,2093,162,8134,WWTR1
16S+ Neighborhood / 16S- Neighborhood,2.14E-06,1.285831517,1236,2093,1044,8134,XBP1
16S+ Neighborhood / 16S- Neighborhood,0.53569486,1.125978458,58,2093,117,8134,XCL1/2
16S+ Neighborhood / 16S- Neighborhood,0.817398176,0.954648673,46,2093,111,8134,XCR1
16S+ Neighborhood / 16S- Neighborhood,0.183477759,0.815915889,68,2093,191,8134,XIAP
16S+ Neighborhood / 16S- Neighborhood,0.038570875,0.690106779,47,2093,146,8134,XKR4
16S+ Neighborhood / 16S- Neighborhood,0.028986987,0.78151326,134,2093,390,8134,XKR6
16S+ Neighborhood / 16S- Neighborhood,0.000174297,1.374790532,328,2093,574,8134,XPA
16S+ Neighborhood / 16S- Neighborhood,0.016165441,1.353846487,133,2093,179,8134,XPC
16S+ Neighborhood / 16S- Neighborhood,0.035217566,1.172750175,319,2093,572,8134,XPO1
16S+ Neighborhood / 16S- Neighborhood,0.337783017,0.876735839,94,2093,190,8134,XRCC1
16S+ Neighborhood / 16S- Neighborhood,0.554806457,0.919058922,78,2093,186,8134,XRCC4
16S+ Neighborhood / 16S- Neighborhood,0.789318746,1.021331937,324,2093,768,8134,XRCC5
16S+ Neighborhood / 16S- Neighborhood,0.461119027,0.943293402,325,2093,658,8134,XRCC6
16S+ Neighborhood / 16S- Neighborhood,0.749547042,0.952348147,79,2093,158,8134,XRN1
16S+ Neighborhood / 16S- Neighborhood,0.007579613,0.492834541,20,2093,76,8134,XYLT1
16S+ Neighborhood / 16S- Neighborhood,0.016012714,1.294437813,167,2093,260,8134,YAP1
16S+ Neighborhood / 16S- Neighborhood,0.315454418,0.86053702,81,2093,229,8134,YARS1
16S+ Neighborhood / 16S- Neighborhood,7.33E-24,1.381276605,5704,2093,4392,8134,YBX1
16S+ Neighborhood / 16S- Neighborhood,0.030505327,1.191038738,344,2093,530,8134,YBX3
16S+ Neighborhood / 16S- Neighborhood,0.032187532,1.362910408,107,2093,155,8134,YEATS2
16S+ Neighborhood / 16S- Neighborhood,0.195217382,0.81649941,66,2093,167,8134,YEATS4
16S+ Neighborhood / 16S- Neighborhood,0.10105848,1.200309435,154,2093,294,8134,YES1
16S+ Neighborhood / 16S- Neighborhood,0.107819662,1.115272069,464,2093,936,8134,YIF1A
16S+ Neighborhood / 16S- Neighborhood,0.934731912,0.991126196,156,2093,398,8134,YJU2B
16S+ Neighborhood / 16S- Neighborhood,0.553810827,1.105806584,72,2093,101,8134,YPEL5
16S+ Neighborhood / 16S- Neighborhood,0.153525271,0.819150093,84,2093,207,8134,YTHDF2
16S+ Neighborhood / 16S- Neighborhood,0.004561759,1.192825757,673,2093,789,8134,YWHAE
16S+ Neighborhood / 16S- Neighborhood,0.000241946,1.311328934,460,2093,639,8134,YWHAG
16S+ Neighborhood / 16S- Neighborhood,0.66946341,1.069725963,69,2093,127,8134,YWHAH
16S+ Neighborhood / 16S- Neighborhood,2.09E-09,1.407291863,647,2093,1003,8134,YWHAQ
16S+ Neighborhood / 16S- Neighborhood,0.000284129,1.154550802,2038,2093,3983,8134,YWHAZ
16S+ Neighborhood / 16S- Neighborhood,0.14613332,1.11356589,428,2093,623,8134,YY1
16S+ Neighborhood / 16S- Neighborhood,0.003213304,0.538750272,32,2093,120,8134,ZAP70
16S+ Neighborhood / 16S- Neighborhood,0.011336755,0.643295292,54,2093,204,8134,ZBP1
16S+ Neighborhood / 16S- Neighborhood,0.001983886,0.653765593,99,2093,397,8134,ZBTB16
16S+ Neighborhood / 16S- Neighborhood,0.955913432,0.992705111,105,2093,229,8134,ZBTB17
16S+ Neighborhood / 16S- Neighborhood,0.434187026,0.871700526,51,2093,126,8134,ZBTB20
16S+ Neighborhood / 16S- Neighborhood,0.711360303,0.906905998,22,2093,50,8134,ZBTB32
16S+ Neighborhood / 16S- Neighborhood,0.087040652,0.809876237,128,2093,283,8134,ZBTB37
16S+ Neighborhood / 16S- Neighborhood,0.251698061,0.865648026,111,2093,266,8134,ZC3H12A
16S+ Neighborhood / 16S- Neighborhood,0.392557328,1.102855522,145,2093,311,8134,ZDHHC21
16S+ Neighborhood / 16S- Neighborhood,0.755079339,0.963423992,127,2093,288,8134,ZDHHC8
16S+ Neighborhood / 16S- Neighborhood,0.021081491,0.638116833,48,2093,168,8134,ZEB1
16S+ Neighborhood / 16S- Neighborhood,0.000936486,0.580979649,60,2093,278,8134,ZEB2
16S+ Neighborhood / 16S- Neighborhood,0.16128265,1.172026677,170,2093,321,8134,ZFAND1
16S+ Neighborhood / 16S- Neighborhood,0.871138127,1.021555273,100,2093,210,8134,ZFHX3
16S+ Neighborhood / 16S- Neighborhood,0.126571018,0.707395066,29,2093,82,8134,ZFHX4
16S+ Neighborhood / 16S- Neighborhood,0.786641632,0.975001488,240,2093,545,8134,ZFP36
16S+ Neighborhood / 16S- Neighborhood,0.600879806,1.049777327,267,2093,429,8134,ZFP36L1
16S+ Neighborhood / 16S- Neighborhood,0.320199266,0.931939725,413,2093,1298,8134,ZFP36L2
16S+ Neighborhood / 16S- Neighborhood,0.235194659,0.798416249,45,2093,119,8134,ZFPM2
16S+ Neighborhood / 16S- Neighborhood,4.08E-05,0.540191837,70,2093,263,8134,ZFYVE16
16S+ Neighborhood / 16S- Neighborhood,0.122371204,1.174978153,185,2093,332,8134,ZFYVE27
16S+ Neighborhood / 16S- Neighborhood,0.617393109,1.093458476,55,2093,99,8134,ZFYVE9
16S+ Neighborhood / 16S- Neighborhood,0.484520077,0.931079079,178,2093,375,8134,ZG16B
16S+ Neighborhood / 16S- Neighborhood,0.706205339,1.081304707,41,2093,74,8134,ZHX2
16S+ Neighborhood / 16S- Neighborhood,0.851835701,0.966925211,54,2093,148,8134,ZIC2
16S+ Neighborhood / 16S- Neighborhood,0.713321265,0.952816895,89,2093,198,8134,ZIC3
16S+ Neighborhood / 16S- Neighborhood,0.986341398,1.002100876,122,2093,251,8134,ZNF205
16S+ Neighborhood / 16S- Neighborhood,0.028948507,0.726606905,71,2093,200,8134,ZNF277
16S+ Neighborhood / 16S- Neighborhood,0.868596168,0.975754068,94,2093,166,8134,ZNF296
16S+ Neighborhood / 16S- Neighborhood,0.89669459,0.979641293,81,2093,186,8134,ZNF304
16S+ Neighborhood / 16S- Neighborhood,0.000315026,0.447518887,28,2093,131,8134,ZNF521
16S+ Neighborhood / 16S- Neighborhood,0.22662157,0.790002976,52,2093,147,8134,ZNF536
16S+ Neighborhood / 16S- Neighborhood,0.727734695,1.06320395,62,2093,105,8134,ZNF580
16S+ Neighborhood / 16S- Neighborhood,0.070884608,1.198043092,205,2093,339,8134,ZNF598
16S+ Neighborhood / 16S- Neighborhood,0.379079794,1.189049227,49,2093,104,8134,ZNF622
16S+ Neighborhood / 16S- Neighborhood,0.198219009,0.908430602,329,2093,1052,8134,ZNF706
16S+ Neighborhood / 16S- Neighborhood,0.783334054,1.025308601,280,2093,325,8134,ZNF750
16S+ Neighborhood / 16S- Neighborhood,0.293405146,0.830461788,49,2093,127,8134,ZNF804A
16S+ Neighborhood / 16S- Neighborhood,0.838074575,1.022274199,177,2093,343,8134,ZNRF1
16S+ Neighborhood / 16S- Neighborhood,0.155824335,0.814658256,78,2093,204,8134,ZNRF2
16S+ Neighborhood / 16S- Neighborhood,0.084438537,0.682658491,29,2093,91,8134,ZNRF3
16S+ Neighborhood / 16S- Neighborhood,0.41122882,0.871862977,65,2093,182,8134,ZP3
16S+ Neighborhood / 16S- Neighborhood,0.012547428,1.414120354,93,2093,138,8134,ZSWIM6
16S+ Neighborhood / 16S- Neighborhood,0.063906779,1.215326453,173,2093,295,8134,ZWINT
16S+ Neighborhood / 16S- Neighborhood,0.791715793,0.964490842,109,2093,208,8134,ZYG11B
16S+ Neighborhood / 16S- Neighborhood,0.891590231,0.991164484,579,2093,920,8134,ZYX
16S+ Neighborhood / 16S- Neighborhood,0.915944558,1.020553859,55,2093,85,8134,ZZZ3