feature	metadata	value	log2fc	stderr	pval	qval
LKT_f__Clostridia_unclassified	glioma_progression_overall	Y	0.26646419711728403	0.8642007110645178	0.7597079226066857	1
LKT_f__Clostridia_unclassified	age_at	SURGERY	0.020187150210031746	0.022558084681529894	0.377134232338323	1
LKT_f__Clostridia_unclassified	steroids_at_surgery	Y	-1.434544354364481	0.9785462754684103	0.15183773157369357	1
LKT_f__Clostridia_unclassified	grade_category	HIGH	1.538799517395352	1.0322575325117394	0.14525687618732014	1
LKT_f__Clostridia_unclassified	glioma_idh_mutation	MUTANT	0.580428148549594	0.7738640326584536	0.45839031274665065	1
LKT_f__Clostridiaceae	glioma_progression_overall	Y	-0.4072025348449764	0.5347194105899374	0.4544296865001266	1
LKT_f__Clostridiaceae	age_at	SURGERY	-0.007809836015796289	0.018448920567425527	0.6761699769479952	1
LKT_f__Clostridiaceae	steroids_at_surgery	Y	2.0705013881726937	0.5299380064233169	7.563415439172009e-4	0.13689781944901336
LKT_f__Clostridiaceae	grade_category	HIGH	-3.4754453311490394	0.7609084171552338	1.5084967271701986e-4	0.027756339779931655
LKT_f__Clostridiaceae	glioma_idh_mutation	MUTANT	-0.023340378291906924	0.6189675364012593	0.9702601329757436	1
LKT_f__Eggerthellaceae	glioma_progression_overall	Y	-0.47726289230906077	0.40629834184492253	0.2539271896522435	1
LKT_f__Eggerthellaceae	age_at	SURGERY	-0.013223287577340457	0.015183694869586472	0.39414935025682774	1
LKT_f__Eggerthellaceae	steroids_at_surgery	Y	0.3745858916169381	0.597128851637814	0.5375515562535934	1
LKT_f__Eggerthellaceae	grade_category	HIGH	-0.3039228461238554	0.7391643488355399	0.68531966415053025	1
LKT_f__Eggerthellaceae	glioma_idh_mutation	MUTANT	-0.9673205096969081	0.6115064320449765	0.12936634569921188	1
LKT_f__Lachnospiraceae	glioma_progression_overall	Y	-0.1298582587808323	0.5861962042389647	0.8258380097316733	1
LKT_f__Lachnospiraceae	age_at	SURGERY	0.00409727125575364	0.017763069101660752	0.8187828814094944	1
LKT_f__Lachnospiraceae	steroids_at_surgery	Y	-0.4658742971295277	0.5436140122813311	0.3966834580568205	1
LKT_f__Lachnospiraceae	grade_category	HIGH	-0.3722058524194776	0.8737029552629314	0.6724428877751847	1
LKT_f__Lachnospiraceae	glioma_idh_mutation	MUTANT	0.56214646175236	0.5544963044867528	0.3169283578513003	1
LKT_f__Marinilabiliaceae	glioma_progression_overall	Y	0.0768550409909327	0.42012937683044826	0.8566931854190407	1
LKT_f__Marinilabiliaceae	age_at	SURGERY	-0.006077828728579627	0.016068093710764703	0.7092265889380649	1
LKT_f__Marinilabiliaceae	steroids_at_surgery	Y	0.058376344645759845	0.47769530152428435	0.9039569359527372	1
LKT_f__Marinilabiliaceae	grade_category	HIGH	-0.5690409948973845	0.677738834432095	0.4110477600169269	1
LKT_f__Marinilabiliaceae	glioma_idh_mutation	MUTANT	-0.2754954617262374	0.5157549616188402	0.5991190576018874	1
LKT_f__Ruminococcaceae	glioma_progression_overall	Y	-0.40422214303934184	0.7612456327767931	0.5982830861862618	1
LKT_f__Ruminococcaceae	age_at	SURGERY	-0.016030665775979995	0.025458357874529356	0.5323962879622466	1
LKT_f__Ruminococcaceae	steroids_at_surgery	Y	-0.41610120142453516	1.020259829520574	0.6855142090846289	1
LKT_f__Ruminococcaceae	grade_category	HIGH	0.6609241042375856	1.3361387807805247	0.6234859034316169	1
LKT_f__Ruminococcaceae	glioma_idh_mutation	MUTANT	0.2882997564176163	1.0194382472401269	0.7787511032631643	1
LKT_p__Actinobacteria	glioma_progression_overall	Y	-1.0468715079071838	0.42717432682160605	0.02700478360737901	1
LKT_p__Actinobacteria	age_at	SURGERY	0.012424762406829907	0.019127952997675654	0.5257988853546154	1
LKT_p__Actinobacteria	steroids_at_surgery	Y	-0.9604531812899273	0.605687356027815	0.13365391004825009	1
LKT_p__Actinobacteria	grade_category	HIGH	2.3087580301246877	0.6988348407542382	0.004821937284523315	0.7570441536701604
LKT_p__Actinobacteria	glioma_idh_mutation	MUTANT	1.496190785198495	0.5722651164892755	0.019526584660070755	1
LKT_p__Firmicutes	glioma_progression_overall	Y	0.14081261495489325	0.5470621455946978	0.7981591577622388	1
LKT_p__Firmicutes	age_at	SURGERY	-0.02401729236718513	0.019186870067127583	0.21775311973020664	1
LKT_p__Firmicutes	steroids_at_surgery	Y	0.6080090913265023	0.514290468393703	0.24392605384264607	1
LKT_p__Firmicutes	grade_category	HIGH	-0.37480669352078777	0.9272981982903293	0.6881721467416608	1
LKT_p__Firmicutes	glioma_idh_mutation	MUTANT	-0.1403127270637309	0.6815096171579749	0.8378995259442289	1
s__Acidaminococcus_intestini	glioma_progression_overall	Y	2.4154838729567367	0.5013711335436036	0.0013251514098777586	0.2610548277459184
s__Acidaminococcus_intestini	age_at	SURGERY	-0.0056457992836410845	0.015274525305369631	0.7212569195484844	1
s__Acidaminococcus_intestini	steroids_at_surgery	Y	-0.7195471429264687	0.42602870851779145	0.12970002202981337	1
s__Acidaminococcus_intestini	grade_category	HIGH	-2.0474046863402453	0.6131132993912841	0.010240927155418285	1
s__Acidaminococcus_intestini	glioma_idh_mutation	MUTANT	-1.043738686154616	0.46119941639336387	0.053463393086225594	1
s__Actinomyces_graevenitzii	glioma_progression_overall	Y	-0.44173956946473875	0.3797761772079857	0.26420826471334125	1
s__Actinomyces_graevenitzii	age_at	SURGERY	0.00372083656326112	0.015601599743157422	0.814956008488158	1
s__Actinomyces_graevenitzii	steroids_at_surgery	Y	-2.0144948023342293	0.3963195918957114	1.6683782073506018e-4	0.03136551029819132
s__Actinomyces_graevenitzii	grade_category	HIGH	2.5694757670960593	0.5708605218527417	4.981831901293984e-4	0.08817842465290351
s__Actinomyces_graevenitzii	glioma_idh_mutation	MUTANT	2.3582605045634764	0.48352209521415573	2.4446813111621204e-4	0.046448944912080285
s__Actinomyces_oris	glioma_progression_overall	Y	-0.34224263493626506	0.34962807547790486	0.3413669218765575	1
s__Actinomyces_oris	age_at	SURGERY	-0.004181205991237987	0.018568076570331125	0.824521946610518	1
s__Actinomyces_oris	steroids_at_surgery	Y	-1.2360423626117318	0.5506882784541469	0.03839607962526149	1
s__Actinomyces_oris	grade_category	HIGH	1.0067197849840632	0.8786534508453623	0.26777072116742356	1
s__Actinomyces_oris	glioma_idh_mutation	MUTANT	0.016511843785667515	0.5883028799091176	0.9779356431092086	1
s__Actinomyces_SGB17168	glioma_progression_overall	Y	0.8456741409277416	0.29954970689546256	0.022384989516155095	1
s__Actinomyces_SGB17168	age_at	SURGERY	0.01743418398815678	0.014499213797745608	0.2635786532419202	1
s__Actinomyces_SGB17168	steroids_at_surgery	Y	0.6537488397445569	0.4024824237651041	0.1429684235976499	1
s__Actinomyces_SGB17168	grade_category	HIGH	-6.103360633737021	0.5192979216013196	2.5115120504301766e-6	4.947678739347448e-4
s__Actinomyces_SGB17168	glioma_idh_mutation	MUTANT	-3.3474195195902716	0.3718502044944245	1.849996257936699e-5	0.003681492553294031
s__Actinomyces_sp_ICM47	glioma_progression_overall	Y	0.1354707550854273	0.38940123027147244	0.7334875597463428	1
s__Actinomyces_sp_ICM47	age_at	SURGERY	0.011840784170470332	0.016116099656877336	0.4755567789488657	1
s__Actinomyces_sp_ICM47	steroids_at_surgery	Y	-0.4736392685088573	0.39236906000344274	0.24888904511696802	1
s__Actinomyces_sp_ICM47	grade_category	HIGH	-1.6652930672148973	0.5796882958477867	0.01307425464740032	1
s__Actinomyces_sp_ICM47	glioma_idh_mutation	MUTANT	-2.2395923912660103	0.4856564402405868	4.8742613692385355e-4	0.0901738353309129
s__Actinomyces_sp_ICM58	glioma_progression_overall	Y	0.15251157435029283	0.4048828434743269	0.7142803580381873	1
s__Actinomyces_sp_ICM58	age_at	SURGERY	0.040136822946442635	0.01570945851366864	0.028620156260819703	1
s__Actinomyces_sp_ICM58	steroids_at_surgery	Y	-1.835131740064309	0.3290460321744109	2.3504444853233184e-4	0.04348322297848139
s__Actinomyces_sp_ICM58	grade_category	HIGH	-4.377421947278586	0.4594212464677095	2.471134140205891e-6	4.892845597607664e-4
s__Actinomyces_sp_ICM58	glioma_idh_mutation	MUTANT	-1.398782211711848	0.3854991310820497	0.0046240767419419996	0.8138375065817919
s__Actinomyces_sp_S6_Spd3	glioma_progression_overall	Y	0.45281004481797865	0.32313470625785606	0.1887005113320737	1
s__Actinomyces_sp_S6_Spd3	age_at	SURGERY	-0.0022680521887032336	0.01438137846779892	0.8775449599914491	1
s__Actinomyces_sp_S6_Spd3	steroids_at_surgery	Y	1.1688020573494802	0.4221101971405927	0.018261246353301314	1
s__Actinomyces_sp_S6_Spd3	grade_category	HIGH	-1.522706169603901	0.5520426743598738	0.018611951938769352	1
s__Actinomyces_sp_S6_Spd3	glioma_idh_mutation	MUTANT	0.2814446744955917	0.4013940491207259	0.49776335359828383	1
s__Adlercreutzia_equolifaciens	glioma_progression_overall	Y	0.14733544144806754	0.5481846124998847	0.7900097484102323	1
s__Adlercreutzia_equolifaciens	age_at	SURGERY	-0.0352238603863523	0.01815339974701824	0.062116390948304664	1
s__Adlercreutzia_equolifaciens	steroids_at_surgery	Y	0.7140245125994411	0.5832611580124258	0.23073186184453232	1
s__Adlercreutzia_equolifaciens	grade_category	HIGH	-1.64331712805871	0.8892926114871436	0.07484093715905288	1
s__Adlercreutzia_equolifaciens	glioma_idh_mutation	MUTANT	-0.6663988865783278	0.7596635542907089	0.3875718725728521	1
s__Agathobaculum_butyriciproducens	glioma_progression_overall	Y	-0.13360287649176908	0.48240639979458994	0.7840948808192088	1
s__Agathobaculum_butyriciproducens	age_at	SURGERY	0.025410226761991266	0.020348909939016748	0.22333238607722722	1
s__Agathobaculum_butyriciproducens	steroids_at_surgery	Y	1.0548641962663952	0.8478438081394483	0.2249752025264345	1
s__Agathobaculum_butyriciproducens	grade_category	HIGH	-1.447789950544147	1.5276438678253497	0.3523399191429061	1
s__Agathobaculum_butyriciproducens	glioma_idh_mutation	MUTANT	0.35990667956578837	1.0263306913520023	0.7287712402157065	1
s__Akkermansia_muciniphila	glioma_progression_overall	Y	-0.5336479387140496	0.6843624300872558	0.44512954617605804	1
s__Akkermansia_muciniphila	age_at	SURGERY	0.033321817076353503	0.018325170352041256	0.0848097384521891	1
s__Akkermansia_muciniphila	steroids_at_surgery	Y	-0.5327630383032623	0.6273111317482927	0.4062994260737197	1
s__Akkermansia_muciniphila	grade_category	HIGH	2.002907203416874	1.2677815794517302	0.13064497448931975	1
s__Akkermansia_muciniphila	glioma_idh_mutation	MUTANT	1.0934253505653437	0.8642283789672297	0.22109534799306566	1
s__Alistipes_communis	glioma_progression_overall	Y	0.40854437157989426	0.489356938586083	0.41474052116092486	1
s__Alistipes_communis	age_at	SURGERY	-0.022447541689657922	0.021429030646259166	0.30871852091260166	1
s__Alistipes_communis	steroids_at_surgery	Y	-0.1187821087479059	0.6612844919034678	0.859454884531902	1
s__Alistipes_communis	grade_category	HIGH	-1.7935313083328233	1.141628057472371	0.1335877848107836	1
s__Alistipes_communis	glioma_idh_mutation	MUTANT	-0.30300515892530533	0.9302835757414801	0.7483976627175954	1
s__Alistipes_finegoldii	glioma_progression_overall	Y	-0.6383516647595363	0.5893225855556481	0.28764590535564566	1
s__Alistipes_finegoldii	age_at	SURGERY	-0.04574299580301346	0.0180486409859632	0.016919793660949044	1
s__Alistipes_finegoldii	steroids_at_surgery	Y	1.0160408317086826	0.6663688257273565	0.1381559801360119	1
s__Alistipes_finegoldii	grade_category	HIGH	-1.3832719280317107	1.0480659953126439	0.1972152988848232	1
s__Alistipes_finegoldii	glioma_idh_mutation	MUTANT	-0.547868427965267	0.772124908440955	0.48364392067791406	1
s__Alistipes_ihumii	glioma_progression_overall	Y	-0.5942370084331462	0.532259832781511	0.2817986384393486	1
s__Alistipes_ihumii	age_at	SURGERY	-0.025988005543937934	0.022079282300299225	0.25752316528368707	1
s__Alistipes_ihumii	steroids_at_surgery	Y	-0.3319967729366498	0.7352264976423296	0.6580483143580969	1
s__Alistipes_ihumii	grade_category	HIGH	-1.4918378885673695	0.820904638345999	0.08919931646599581	1
s__Alistipes_ihumii	glioma_idh_mutation	MUTANT	0.5105927239179288	0.7112377782895889	0.48385500035811535	1
s__Alistipes_indistinctus	glioma_progression_overall	Y	0.5039260815669028	0.45038226674747944	0.2820198914402473	1
s__Alistipes_indistinctus	age_at	SURGERY	-0.034704001403110155	0.01670113174292415	0.05659257393710516	1
s__Alistipes_indistinctus	steroids_at_surgery	Y	0.44729440075288507	0.48296740867220056	0.3700648496252892	1
s__Alistipes_indistinctus	grade_category	HIGH	-3.1227938672472253	0.4899184262076016	1.727385934670747e-5	0.0033165809945678343
s__Alistipes_indistinctus	glioma_idh_mutation	MUTANT	-1.0047021546631936	0.4442742672966942	0.040176797609641636	1
s__Alistipes_onderdonkii	glioma_progression_overall	Y	-0.4023363774269447	0.5345984604472862	0.4582048445982375	1
s__Alistipes_onderdonkii	age_at	SURGERY	-0.027294512393037915	0.021409082484689406	0.21320577149523884	1
s__Alistipes_onderdonkii	steroids_at_surgery	Y	0.7702805969446216	0.7218050017186437	0.295349592182509	1
s__Alistipes_onderdonkii	grade_category	HIGH	-2.802093538549407	0.7296952678556278	6.746081952028022e-4	0.11670721777008478
s__Alistipes_onderdonkii	glioma_idh_mutation	MUTANT	-1.1345178319220353	0.5830829262773192	0.06216695123174571	1
s__Alistipes_putredinis	glioma_progression_overall	Y	0.06508846988809922	0.46921964495131124	0.890447317427121	1
s__Alistipes_putredinis	age_at	SURGERY	-0.011810884823828574	0.01701682050835692	0.49209242245968843	1
s__Alistipes_putredinis	steroids_at_surgery	Y	0.8978257887870065	0.6355080197914579	0.16631142156198683	1
s__Alistipes_putredinis	grade_category	HIGH	-1.6460304690669427	0.7368607764070376	0.03179663934810288	1
s__Alistipes_putredinis	glioma_idh_mutation	MUTANT	0.31762289875296784	0.5939367627980733	0.5960928699250303	1
s__Alistipes_shahii	glioma_progression_overall	Y	-0.3213078028767798	0.4675401672567944	0.49704714607553246	1
s__Alistipes_shahii	age_at	SURGERY	-0.016458689298135553	0.018559179126668674	0.3820032452575278	1
s__Alistipes_shahii	steroids_at_surgery	Y	0.44392774566617704	0.872647301232329	0.6145544954312656	1
s__Alistipes_shahii	grade_category	HIGH	0.007513780599601238	0.9332626117266485	0.9936278191623438	1
s__Alistipes_shahii	glioma_idh_mutation	MUTANT	0.11770478837281897	0.7461775848978621	0.8756818165229769	1
s__Anaerobutyricum_hallii	glioma_progression_overall	Y	-0.25844598098435606	0.5239298989832682	0.6249835197927045	1
s__Anaerobutyricum_hallii	age_at	SURGERY	-0.03694567205656768	0.017870867538755934	0.046378831320011735	1
s__Anaerobutyricum_hallii	steroids_at_surgery	Y	-0.7921247794360399	0.5475735774993457	0.15716347021376376	1
s__Anaerobutyricum_hallii	grade_category	HIGH	-0.445991989804877	0.6540851318724576	0.49994874200462325	1
s__Anaerobutyricum_hallii	glioma_idh_mutation	MUTANT	-0.97432304746094	0.608839729434411	0.11878553588331911	1
s__Anaeromassilibacillus_sp_An250	glioma_progression_overall	Y	-0.0258615094692756	0.5424309446578791	0.962471211544635	1
s__Anaeromassilibacillus_sp_An250	age_at	SURGERY	0.012692133666221232	0.016097920079722692	0.4401704519132248	1
s__Anaeromassilibacillus_sp_An250	steroids_at_surgery	Y	-0.2837143401262978	0.431959620878302	0.5191817564649583	1
s__Anaeromassilibacillus_sp_An250	grade_category	HIGH	-1.156669324317187	0.6158438156448512	0.07579064185499225	1
s__Anaeromassilibacillus_sp_An250	glioma_idh_mutation	MUTANT	-0.3055403243521189	0.5039939187524561	0.5515316512097675	1
s__Anaerostipes_caccae	glioma_progression_overall	Y	1.5396148432983567	0.49668657351741946	0.017327842259111315	1
s__Anaerostipes_caccae	age_at	SURGERY	-0.026673775668700255	0.01692080816490203	0.1589408347501204	1
s__Anaerostipes_caccae	steroids_at_surgery	Y	-0.8199617375895757	0.534680877393985	0.16900779089895832	1
s__Anaerostipes_caccae	grade_category	HIGH	-3.218975258788329	1.1352353213013646	0.025206153150138074	1
s__Anaerostipes_caccae	glioma_idh_mutation	MUTANT	-1.068953809166233	0.6751370191025288	0.1573663556345289	1
s__Anaerostipes_hadrus	glioma_progression_overall	Y	-0.09796737341310988	0.5817508314575709	0.8672656861440824	1
s__Anaerostipes_hadrus	age_at	SURGERY	-0.05672679288887412	0.021929313631978257	0.014139703185351998	1
s__Anaerostipes_hadrus	steroids_at_surgery	Y	-1.0112080956265521	0.8186133102481928	0.22519821881895125	1
s__Anaerostipes_hadrus	grade_category	HIGH	-1.7213836333135295	1.0517349205391382	0.11091588439615976	1
s__Anaerostipes_hadrus	glioma_idh_mutation	MUTANT	-1.893834308776039	0.7134432035333171	0.011994864943390433	1
s__Anaerotignum_faecicola	glioma_progression_overall	Y	NA	NA	1	1
s__Anaerotignum_faecicola	age_at	SURGERY	NA	NA	1	1
s__Anaerotignum_faecicola	steroids_at_surgery	Y	NA	NA	1	1
s__Anaerotignum_faecicola	grade_category	HIGH	NA	NA	1	1
s__Anaerotignum_faecicola	glioma_idh_mutation	MUTANT	NA	NA	1	1
s__Anaerotruncus_colihominis	glioma_progression_overall	Y	-0.4527387575054515	0.5018387274009308	0.3746675115578231	1
s__Anaerotruncus_colihominis	age_at	SURGERY	-0.05686564813288969	0.018712977649550912	0.005101659334418051	0.9642136142050116
s__Anaerotruncus_colihominis	steroids_at_surgery	Y	-0.379609226208922	0.5134951725784538	0.46589869697314157	1
s__Anaerotruncus_colihominis	grade_category	HIGH	-0.20889408025775832	0.8416261409494462	0.8057887269611727	1
s__Anaerotruncus_colihominis	glioma_idh_mutation	MUTANT	-1.121506797679593	0.6237230708631626	0.08295507253929607	1
s__Anaerotruncus_massiliensis	glioma_progression_overall	Y	-0.7493129350421953	0.5349593136897076	0.18887898952599433	1
s__Anaerotruncus_massiliensis	age_at	SURGERY	0.015836417554007762	0.017016318352996575	0.3720037392571892	1
s__Anaerotruncus_massiliensis	steroids_at_surgery	Y	-1.4347914272197948	0.6246413138438965	0.04225547903315004	1
s__Anaerotruncus_massiliensis	grade_category	HIGH	-0.8432810832930278	1.1553839299459057	0.48072369155526085	1
s__Anaerotruncus_massiliensis	glioma_idh_mutation	MUTANT	-0.7582252166122841	0.791506993625267	0.358668870116875	1
s__Anaerotruncus_rubiinfantis	glioma_progression_overall	Y	-0.3264904719197511	0.523599588377526	0.5407450722554403	1
s__Anaerotruncus_rubiinfantis	age_at	SURGERY	0.025865976178005946	0.01744616979103859	0.1554732930257608	1
s__Anaerotruncus_rubiinfantis	steroids_at_surgery	Y	-1.5556843094968176	0.5092161293725245	0.006816826028203381	1
s__Anaerotruncus_rubiinfantis	grade_category	HIGH	2.759668346400834	0.8970865159214904	0.0065085100817656415	1
s__Anaerotruncus_rubiinfantis	glioma_idh_mutation	MUTANT	2.414027078799012	0.6162551025531293	0.001009836757902234	0.18177061642240214
s__Bacteroides_caccae	glioma_progression_overall	Y	-1.2810796049061526	0.4690375811250443	0.010622650459337298	1
s__Bacteroides_caccae	age_at	SURGERY	0.006230198608109792	0.01696957731264395	0.7161807281002063	1
s__Bacteroides_caccae	steroids_at_surgery	Y	0.023884491431321066	0.39977232328202933	0.952768367510486	1
s__Bacteroides_caccae	grade_category	HIGH	0.20289910259566785	0.5479008783290399	0.7138345445073797	1
s__Bacteroides_caccae	glioma_idh_mutation	MUTANT	0.801563347225495	0.47553222766327147	0.10260271367997037	1
s__Bacteroides_cellulosilyticus	glioma_progression_overall	Y	0.00616973785870217	0.37335552387749904	0.9870486717369504	1
s__Bacteroides_cellulosilyticus	age_at	SURGERY	-0.03923499494414203	0.01798595122565388	0.0466963941564687	1
s__Bacteroides_cellulosilyticus	steroids_at_surgery	Y	0.8395822571431778	0.3485845860153324	0.030367545326295882	1
s__Bacteroides_cellulosilyticus	grade_category	HIGH	-2.34597101409093	0.5315561323717135	5.894187926567035e-4	0.10255886992226641
s__Bacteroides_cellulosilyticus	glioma_idh_mutation	MUTANT	2.041603556777561	0.4665233046827755	6.331691434404514e-4	0.11586995324960261
s__Bacteroides_finegoldii	glioma_progression_overall	Y	1.5387639403267541	0.3908262874877565	0.0019728280409662753	0.3827286399474574
s__Bacteroides_finegoldii	age_at	SURGERY	0.021185651872798583	0.016932305686507363	0.23470599596413694	1
s__Bacteroides_finegoldii	steroids_at_surgery	Y	-1.4239184054993612	0.43228201911095415	0.006412132890446342	1
s__Bacteroides_finegoldii	grade_category	HIGH	-2.1136777408827334	0.6011801928568652	0.004255580401981077	0.6808928643169723
s__Bacteroides_finegoldii	glioma_idh_mutation	MUTANT	-0.5227056103984995	0.561719894425033	0.3704315684905126	1
s__Bacteroides_fragilis	glioma_progression_overall	Y	-0.039479928116539095	0.6171411431370923	0.9497385092672359	1
s__Bacteroides_fragilis	age_at	SURGERY	-0.03170727269735956	0.02343226324598516	0.19373084059679033	1
s__Bacteroides_fragilis	steroids_at_surgery	Y	-1.119286970624793	0.6914478751340277	0.12390101114880121	1
s__Bacteroides_fragilis	grade_category	HIGH	-2.442552700234476	1.449339282389354	0.11019993392559374	1
s__Bacteroides_fragilis	glioma_idh_mutation	MUTANT	-2.4752199769427485	1.1886486680260628	0.05272498061878743	1
s__Bacteroides_nordii	glioma_progression_overall	Y	0.08369704995392659	0.5092832403515479	0.8716553513059592	1
s__Bacteroides_nordii	age_at	SURGERY	-0.07839289439201234	0.01720177710470256	3.7770978373299777e-4	0.07629737631406555
s__Bacteroides_nordii	steroids_at_surgery	Y	-0.5039222632898394	0.3693122038223151	0.1925357140593119	1
s__Bacteroides_nordii	grade_category	HIGH	-2.276258835781061	0.501381266386043	3.9091160153747567e-4	0.06958226507367067
s__Bacteroides_nordii	glioma_idh_mutation	MUTANT	-1.708019319235897	0.42002275142570233	0.0010128114970735218	0.18177061642240214
s__Bacteroides_ovatus	glioma_progression_overall	Y	-0.24744423836836835	0.5358387873939878	0.6467985754409014	1
s__Bacteroides_ovatus	age_at	SURGERY	-0.029598211777733183	0.022416336139628044	0.19440312158854411	1
s__Bacteroides_ovatus	steroids_at_surgery	Y	-1.3816588514839006	0.6895579686155628	0.052085634194548106	1
s__Bacteroides_ovatus	grade_category	HIGH	-0.27523297662206786	0.8980968430284207	0.7608827593108152	1
s__Bacteroides_ovatus	glioma_idh_mutation	MUTANT	0.4849830399730769	0.6686284638392852	0.4725735296504191	1
s__Bacteroides_stercoris	glioma_progression_overall	Y	-0.7355222979403965	0.512348071939388	0.16402476121761633	1
s__Bacteroides_stercoris	age_at	SURGERY	-0.029286351757500405	0.020199027043059658	0.1600327985634818	1
s__Bacteroides_stercoris	steroids_at_surgery	Y	1.8282828204427035	0.5377609309789644	0.0023587183668636754	0.41041699583427954
s__Bacteroides_stercoris	grade_category	HIGH	-3.1566051508877027	0.8181547790127772	7.53385388634614e-4	0.1295822868451536
s__Bacteroides_stercoris	glioma_idh_mutation	MUTANT	0.9288133802669819	0.6660767229422161	0.1759557801697074	1
s__Bacteroides_thetaiotaomicron	glioma_progression_overall	Y	0.1851212091237441	0.38097567917416775	0.6300569258303579	1
s__Bacteroides_thetaiotaomicron	age_at	SURGERY	-0.0056782980103860575	0.01703980637044839	0.7409433104257526	1
s__Bacteroides_thetaiotaomicron	steroids_at_surgery	Y	-0.20472025738045177	0.4974306251138458	0.683174791908514	1
s__Bacteroides_thetaiotaomicron	grade_category	HIGH	-1.7814865799618718	0.5818099840307219	0.004208583900738285	0.6775820080188639
s__Bacteroides_thetaiotaomicron	glioma_idh_mutation	MUTANT	0.4385285048448004	0.47621733142101047	0.36342857097773185	1
s__Bacteroides_uniformis	glioma_progression_overall	Y	0.34591759871870986	0.5889785179387861	0.5601346086378518	1
s__Bacteroides_uniformis	age_at	SURGERY	-0.011500184041079534	0.026924826306195374	0.6714722639729241	1
s__Bacteroides_uniformis	steroids_at_surgery	Y	-0.21281887041591135	0.714467173654006	0.7672703673152879	1
s__Bacteroides_uniformis	grade_category	HIGH	0.9966817220560379	0.8875923444195749	0.26785600886953065	1
s__Bacteroides_uniformis	glioma_idh_mutation	MUTANT	0.8528532405039666	0.7045006203749045	0.232825671694087	1
s__Bacteroides_xylanisolvens	glioma_progression_overall	Y	0.22672910010961767	0.5335352123391823	0.6749961317076418	1
s__Bacteroides_xylanisolvens	age_at	SURGERY	-0.003932948126204674	0.026126820142790778	0.8817158004273566	1
s__Bacteroides_xylanisolvens	steroids_at_surgery	Y	0.5405304753312443	0.5541159980971555	0.3399259551628001	1
s__Bacteroides_xylanisolvens	grade_category	HIGH	-3.3202479393848208	0.6846728303306167	7.591737575659007e-5	0.014196549266482342
s__Bacteroides_xylanisolvens	glioma_idh_mutation	MUTANT	-0.06684433819699483	0.7316872829493457	0.9280361168873796	1
s__Barnesiella_intestinihominis	glioma_progression_overall	Y	-0.9934740220159226	0.42618465159738883	0.030323940672829938	1
s__Barnesiella_intestinihominis	age_at	SURGERY	-0.02625986689682527	0.016222943371551387	0.12117725869389116	1
s__Barnesiella_intestinihominis	steroids_at_surgery	Y	0.6089335957988647	0.4638628255976173	0.204133856634412	1
s__Barnesiella_intestinihominis	grade_category	HIGH	-1.804012486885577	0.6616544771753206	0.01300013587224268	1
s__Barnesiella_intestinihominis	glioma_idh_mutation	MUTANT	-0.14602726049380932	0.6191155344676883	0.8159364999206876	1
s__Bifidobacterium_adolescentis	glioma_progression_overall	Y	-0.4665768468935713	0.44211024748854383	0.3120544302094817	1
s__Bifidobacterium_adolescentis	age_at	SURGERY	-0.013432697403858404	0.018887937644431738	0.4905670191790572	1
s__Bifidobacterium_adolescentis	steroids_at_surgery	Y	-1.9774587820460614	0.6347401974785158	0.008931086577084083	1
s__Bifidobacterium_adolescentis	grade_category	HIGH	1.49487749859269	0.7825045553099859	0.08026913955755523	1
s__Bifidobacterium_adolescentis	glioma_idh_mutation	MUTANT	-0.43354266540398917	0.4826160385158032	0.3866857828808994	1
s__Bifidobacterium_dentium	glioma_progression_overall	Y	1.2208421817914257	0.5997126302744807	0.059841236818820615	1
s__Bifidobacterium_dentium	age_at	SURGERY	0.02195834428421608	0.014919622114922312	0.1617500389207703	1
s__Bifidobacterium_dentium	steroids_at_surgery	Y	-0.6410245305240696	0.4071415438022022	0.13623520125154265	1
s__Bifidobacterium_dentium	grade_category	HIGH	-0.8508570730519913	0.4805114138849654	0.09691872226800252	1
s__Bifidobacterium_dentium	glioma_idh_mutation	MUTANT	-4.277742619840223	0.40812136178291014	2.6820113273983994e-8	5.471303107892735e-6
s__Bifidobacterium_longum	glioma_progression_overall	Y	-0.10600558745897448	0.7189024500072779	0.8835736885408068	1
s__Bifidobacterium_longum	age_at	SURGERY	-0.031921312378985225	0.01841486499065724	0.0913425164800999	1
s__Bifidobacterium_longum	steroids_at_surgery	Y	-1.1741820872286417	1.0188141135170898	0.25650811728373124	1
s__Bifidobacterium_longum	grade_category	HIGH	-0.5087150637232217	0.8674511773686264	0.5611355582316244	1
s__Bifidobacterium_longum	glioma_idh_mutation	MUTANT	0.3111208996142574	0.6434340164626106	0.6315674389933623	1
s__Bifidobacterium_pseudocatenulatum	glioma_progression_overall	Y	0.12076201804125933	0.5680719172638695	0.8349498811113698	1
s__Bifidobacterium_pseudocatenulatum	age_at	SURGERY	-0.063233335667355	0.016334631608041838	0.0019287730186605093	0.3780395116574598
s__Bifidobacterium_pseudocatenulatum	steroids_at_surgery	Y	-0.4001391749281108	0.5025074375635508	0.4401661026101652	1
s__Bifidobacterium_pseudocatenulatum	grade_category	HIGH	0.23854879946111926	0.7090369828144	0.7419075785642285	1
s__Bifidobacterium_pseudocatenulatum	glioma_idh_mutation	MUTANT	1.3978542603329847	0.5931053957676644	0.034779709928124965	1
s__Bilophila_wadsworthia	glioma_progression_overall	Y	-0.7187168996892294	0.4430927090239205	0.11352011260882994	1
s__Bilophila_wadsworthia	age_at	SURGERY	-0.02684563846721423	0.01652116425417599	0.11290310671821968	1
s__Bilophila_wadsworthia	steroids_at_surgery	Y	0.24430281816798152	0.5719072662918769	0.6717981613552599	1
s__Bilophila_wadsworthia	grade_category	HIGH	-0.42970458501609643	0.6391241093141188	0.5056639787414229	1
s__Bilophila_wadsworthia	glioma_idh_mutation	MUTANT	0.21798662502461283	0.5171135330510801	0.6758636925748776	1
s__Bittarella_massiliensis	glioma_progression_overall	Y	-0.041176789245671065	0.4834032276931135	0.9327700108471245	1
s__Bittarella_massiliensis	age_at	SURGERY	-0.032594249509327815	0.017065513402679783	0.06723036190541433	1
s__Bittarella_massiliensis	steroids_at_surgery	Y	-0.4112302899054133	0.5408233425418669	0.45386922492524806	1
s__Bittarella_massiliensis	grade_category	HIGH	-0.5853222563964775	0.9388423032095784	0.5384195400769617	1
s__Bittarella_massiliensis	glioma_idh_mutation	MUTANT	-0.33051041196527914	0.6701886755767151	0.6260390734249712	1
s__Blautia_caecimuris	glioma_progression_overall	Y	0.018807421818244054	0.5086885215778806	0.9708927297501082	1
s__Blautia_caecimuris	age_at	SURGERY	0.022695857631929776	0.01876017121936594	0.2411973202498198	1
s__Blautia_caecimuris	steroids_at_surgery	Y	0.49954540550976856	0.4866429525719925	0.31754188339086997	1
s__Blautia_caecimuris	grade_category	HIGH	-3.384532960508605	0.8648702743283722	9.339124829776744e-4	0.15783120962322697
s__Blautia_caecimuris	glioma_idh_mutation	MUTANT	-0.44690991667096147	0.803269293385822	0.5844560244415458	1
s__Blautia_faecis	glioma_progression_overall	Y	0.24896210434465038	0.4790718922774007	0.6061535982919851	1
s__Blautia_faecis	age_at	SURGERY	-0.038452115873324505	0.016831771642582528	0.02772408925890999	1
s__Blautia_faecis	steroids_at_surgery	Y	0.4392108499887672	0.6286026447022478	0.4887761677330006	1
s__Blautia_faecis	grade_category	HIGH	-0.9831163162829822	0.8991306784631522	0.280756160538291	1
s__Blautia_faecis	glioma_idh_mutation	MUTANT	-0.5337154750659239	0.6741919955394874	0.4332417811812834	1
s__Blautia_hydrogenotrophica	glioma_progression_overall	Y	-0.3954215532116015	0.35254535896272776	0.28231534666581415	1
s__Blautia_hydrogenotrophica	age_at	SURGERY	0.019975293892837493	0.016532131739754916	0.2484637021107497	1
s__Blautia_hydrogenotrophica	steroids_at_surgery	Y	-1.2865218936508567	0.44524390964533606	0.012661065781640028	1
s__Blautia_hydrogenotrophica	grade_category	HIGH	0.9393278516276081	0.5286268708577306	0.09897245792364924	1
s__Blautia_hydrogenotrophica	glioma_idh_mutation	MUTANT	1.0509490300410393	0.4615020884102842	0.040324847725310115	1
s__Blautia_massiliensis	glioma_progression_overall	Y	0.0922277314502862	0.6219774005773784	0.8829965741946537	1
s__Blautia_massiliensis	age_at	SURGERY	-0.01879806454473818	0.02018900086772569	0.35836429590027297	1
s__Blautia_massiliensis	steroids_at_surgery	Y	-0.04837114421263334	0.6284432284255288	0.9390987424012582	1
s__Blautia_massiliensis	grade_category	HIGH	-1.4204119586202497	0.8434336076998991	0.10132619862435455	1
s__Blautia_massiliensis	glioma_idh_mutation	MUTANT	-0.22400888527193563	0.6135198540094297	0.7172827536919761	1
s__Blautia_obeum	glioma_progression_overall	Y	-0.020281201330283865	0.46547672770787835	0.9654808101319977	1
s__Blautia_obeum	age_at	SURGERY	-0.03912887254174957	0.018100955904006177	0.03718095294026121	1
s__Blautia_obeum	steroids_at_surgery	Y	-1.361055318084337	0.5712663041884205	0.022445328946176034	1
s__Blautia_obeum	grade_category	HIGH	-0.7326973883731536	0.8155027374925268	0.37474968004347087	1
s__Blautia_obeum	glioma_idh_mutation	MUTANT	-1.4190599077406882	0.7439024350738204	0.06422913853782676	1
s__Blautia_producta	glioma_progression_overall	Y	-0.8769572002274663	0.6160949675685439	0.16864464203652899	1
s__Blautia_producta	age_at	SURGERY	0.0068854635099376655	0.021906714150080997	0.7562480950638814	1
s__Blautia_producta	steroids_at_surgery	Y	0.05542827950641856	0.737549147619545	0.9407729855118018	1
s__Blautia_producta	grade_category	HIGH	-1.7735248986879713	1.1691133656109591	0.14351005946639825	1
s__Blautia_producta	glioma_idh_mutation	MUTANT	-1.6403706089708152	0.829280721072584	0.06057949592924372	1
s__Blautia_SGB4815	glioma_progression_overall	Y	0.1603437339932066	0.5568647302857466	0.7756753588289208	1
s__Blautia_SGB4815	age_at	SURGERY	-0.016048011853961302	0.020066003199056662	0.43109583331735524	1
s__Blautia_SGB4815	steroids_at_surgery	Y	0.9278836432976363	0.7508895675370957	0.22761440178852566	1
s__Blautia_SGB4815	grade_category	HIGH	-0.07028504989662257	0.7841131043590683	0.9292631232412936	1
s__Blautia_SGB4815	glioma_idh_mutation	MUTANT	0.4836440919450452	0.6225493486073619	0.44424254397638063	1
s__Blautia_SGB4831	glioma_progression_overall	Y	0.5377351293479398	0.43754503899350117	0.240860881666053	1
s__Blautia_SGB4831	age_at	SURGERY	-0.03924630798333845	0.016595399766209343	0.034261174104207794	1
s__Blautia_SGB4831	steroids_at_surgery	Y	0.5516949508063461	0.38447726045176084	0.17492813405342125	1
s__Blautia_SGB4831	grade_category	HIGH	-1.4451336097279541	0.4940945612369944	0.011830674232801418	1
s__Blautia_SGB4831	glioma_idh_mutation	MUTANT	-2.3178188898913032	0.42833295933379556	1.1883046367901117e-4	0.023053109953728168
s__Blautia_sp_OF03_15BH	glioma_progression_overall	Y	-0.2994346439369674	0.43480930640885	0.5084002043417528	1
s__Blautia_sp_OF03_15BH	age_at	SURGERY	0.0340382982661702	0.014734006859736025	0.046222417958149443	1
s__Blautia_sp_OF03_15BH	steroids_at_surgery	Y	0.4015915584931801	0.3004970826481629	0.21421216164649076	1
s__Blautia_sp_OF03_15BH	grade_category	HIGH	-0.45336344738824935	0.5073182538594674	0.3947790464327616	1
s__Blautia_sp_OF03_15BH	glioma_idh_mutation	MUTANT	1.7227289015225011	0.3981345356363247	0.0019134728305423953	0.34059816383654634
s__Blautia_wexlerae	glioma_progression_overall	Y	-0.14206419714361454	0.5978030012240935	0.8132860556775142	1
s__Blautia_wexlerae	age_at	SURGERY	-0.022713742916021393	0.021982413811970827	0.3072546881640621	1
s__Blautia_wexlerae	steroids_at_surgery	Y	-0.3081856651709926	0.8622093264412772	0.7225129970972648	1
s__Blautia_wexlerae	grade_category	HIGH	-0.6337259641052818	1.1471141719549403	0.5834989159927069	1
s__Blautia_wexlerae	glioma_idh_mutation	MUTANT	-0.4460515644411658	0.7951790862655602	0.5777467688807352	1
s__Butyricimonas_faecihominis	glioma_progression_overall	Y	-1.4528240496615117	0.46447427691643395	0.009613773912608614	1
s__Butyricimonas_faecihominis	age_at	SURGERY	-0.005989285873422208	0.01682820897633186	0.7286415538769138	1
s__Butyricimonas_faecihominis	steroids_at_surgery	Y	0.4419800034447122	0.6330429400897704	0.49955613886630534	1
s__Butyricimonas_faecihominis	grade_category	HIGH	-1.2871646482653583	0.7349710809207309	0.1076881668270412	1
s__Butyricimonas_faecihominis	glioma_idh_mutation	MUTANT	-1.245404204014239	0.6387873940299038	0.07716514681638098	1
s__Candidatus_Avimicrobium_caecorum	glioma_progression_overall	Y	0.2777060393920312	0.47818066729328385	0.5675861567366383	1
s__Candidatus_Avimicrobium_caecorum	age_at	SURGERY	0.010404780224624459	0.016909818015319468	0.5449611240472614	1
s__Candidatus_Avimicrobium_caecorum	steroids_at_surgery	Y	0.04679068623170537	0.4946711552737207	0.9255376532850736	1
s__Candidatus_Avimicrobium_caecorum	grade_category	HIGH	-1.6111731644298193	0.7208830978855421	0.03641222832433786	1
s__Candidatus_Avimicrobium_caecorum	glioma_idh_mutation	MUTANT	0.18456974373815185	0.7951226192833604	0.8186862330037907	1
s__Candidatus_Avimonas_narfia	glioma_progression_overall	Y	-1.1861203839903107	0.3628122838152707	0.007475265968502781	1
s__Candidatus_Avimonas_narfia	age_at	SURGERY	0.006047042795848579	0.014734783469078446	0.68939821898291	1
s__Candidatus_Avimonas_narfia	steroids_at_surgery	Y	-0.06868635284209716	0.3145716147203073	0.8311553323719943	1
s__Candidatus_Avimonas_narfia	grade_category	HIGH	1.2260599178914233	0.4620856722420298	0.02245301658428969	1
s__Candidatus_Avimonas_narfia	glioma_idh_mutation	MUTANT	1.1904413792753694	0.42128510467755004	0.016497455422236372	1
s__Candidatus_Borkfalkia_ceftriaxoniphila	glioma_progression_overall	Y	1.0364785085269588	0.39546384000630525	0.02013987321012017	1
s__Candidatus_Borkfalkia_ceftriaxoniphila	age_at	SURGERY	-0.04835501413880377	0.016825218633015008	0.012256497455380183	1
s__Candidatus_Borkfalkia_ceftriaxoniphila	steroids_at_surgery	Y	-2.0095304364007114	0.5290040467033359	0.0019558028177624662	0.3422654931084316
s__Candidatus_Borkfalkia_ceftriaxoniphila	grade_category	HIGH	0.26605644061573513	0.7190164640034064	0.7168991034183396	1
s__Candidatus_Borkfalkia_ceftriaxoniphila	glioma_idh_mutation	MUTANT	0.31309408598433053	0.6770119609136084	0.650853899249956	1
s__Candidatus_Cibiobacter_qucibialis	glioma_progression_overall	Y	0.03746548053603928	0.4792745170437519	0.9381639233658301	1
s__Candidatus_Cibiobacter_qucibialis	age_at	SURGERY	-0.02456463617119594	0.01746151050962598	0.16883882244837262	1
s__Candidatus_Cibiobacter_qucibialis	steroids_at_surgery	Y	-0.9449203556679839	0.4703819352080491	0.05279378331455929	1
s__Candidatus_Cibiobacter_qucibialis	grade_category	HIGH	0.8245363913725995	0.5750904600339294	0.16105136293885403	1
s__Candidatus_Cibiobacter_qucibialis	glioma_idh_mutation	MUTANT	0.6546310014654161	0.44779563710525955	0.1532278835277677	1
s__Candidatus_Pararuminococcus_gallinarum	glioma_progression_overall	Y	0.5858653644424971	0.4266286823638746	0.1875187351630091	1
s__Candidatus_Pararuminococcus_gallinarum	age_at	SURGERY	0.011907476072136238	0.014818842031716682	0.43275737950037974	1
s__Candidatus_Pararuminococcus_gallinarum	steroids_at_surgery	Y	-0.7193686156037663	0.36383535708709813	0.06447015082595535	1
s__Candidatus_Pararuminococcus_gallinarum	grade_category	HIGH	-0.030248203175995952	0.5762407757873232	0.9587483319081047	1
s__Candidatus_Pararuminococcus_gallinarum	glioma_idh_mutation	MUTANT	0.49036384411143114	0.46988690379788633	0.3112941537393029	1
s__Candidatus_Schneewindia_gallinarum	glioma_progression_overall	Y	-0.48119153984036855	0.4578723000299686	0.3124351225503331	1
s__Candidatus_Schneewindia_gallinarum	age_at	SURGERY	-0.049626174655019985	0.0181304406788781	0.01694802766236968	1
s__Candidatus_Schneewindia_gallinarum	steroids_at_surgery	Y	0.5128934852576476	0.4109521603076718	0.2340205700261666	1
s__Candidatus_Schneewindia_gallinarum	grade_category	HIGH	-1.31278187606108	0.6923580177146291	0.08039185344625578	1
s__Candidatus_Schneewindia_gallinarum	glioma_idh_mutation	MUTANT	-0.7428778067890099	0.4898641545750802	0.15332796006438426	1
s__Catabacter_hongkongensis	glioma_progression_overall	Y	0.996640427316887	0.5276917486823468	0.08333949825738926	1
s__Catabacter_hongkongensis	age_at	SURGERY	0.008602313370641379	0.016318397564112675	0.6076946742974787	1
s__Catabacter_hongkongensis	steroids_at_surgery	Y	-1.8242705674684618	0.37797199812746857	4.1446093349527675e-4	0.07543188989614037
s__Catabacter_hongkongensis	grade_category	HIGH	0.0953058389267392	0.6262501737102354	0.8815698493304381	1
s__Catabacter_hongkongensis	glioma_idh_mutation	MUTANT	-0.16189753004916033	0.5356054456301392	0.7676211928375318	1
s__Catenibacillus_scindens	glioma_progression_overall	Y	0.07899185310485911	0.3104968561549343	0.8049003070873832	1
s__Catenibacillus_scindens	age_at	SURGERY	-0.04182200820149453	0.014924319841293294	0.020635889995995405	1
s__Catenibacillus_scindens	steroids_at_surgery	Y	1.4450017483352313	0.2927869469532156	8.073972443535348e-4	0.14533150398363626
s__Catenibacillus_scindens	grade_category	HIGH	-1.7293025210258561	0.42309975035528824	0.0027283548299084134	0.44472183727507136
s__Catenibacillus_scindens	glioma_idh_mutation	MUTANT	0.5214845385939785	0.3710910366108088	0.19350550902918212	1
s__Christensenella_massiliensis	glioma_progression_overall	Y	-0.38737332622296206	0.3730846757794109	0.32949219634465843	1
s__Christensenella_massiliensis	age_at	SURGERY	-0.015734330695672698	0.01552643779301062	0.3405391191390365	1
s__Christensenella_massiliensis	steroids_at_surgery	Y	-1.680604589440243	0.3630646014733364	0.0016903809388455154	0.29919742617565626
s__Christensenella_massiliensis	grade_category	HIGH	3.1139757054358994	0.5046777209223686	2.6799708809551484e-4	0.048507472945288184
s__Christensenella_massiliensis	glioma_idh_mutation	MUTANT	1.627917776592467	0.39716834761251096	0.003443413357878255	0.6094841643444512
s__Christensenella_minuta	glioma_progression_overall	Y	2.7302738569277447	0.3199404893223553	3.516753978563749e-6	7.103843036698773e-4
s__Christensenella_minuta	age_at	SURGERY	-0.08042419613668635	0.014770902347699068	2.024329079188675e-4	0.04129631321544897
s__Christensenella_minuta	steroids_at_surgery	Y	-1.7219054453736442	0.33133310478078504	2.9589579045037964e-4	0.054444825442869854
s__Christensenella_minuta	grade_category	HIGH	-2.0920644581429224	0.4777620451725375	0.0011011518557190944	0.18499351176080786
s__Christensenella_minuta	glioma_idh_mutation	MUTANT	-2.589423171484639	0.45445079195499544	1.386171340860898e-4	0.026753106878615332
s__Christensenellaceae_bacterium	glioma_progression_overall	Y	0.9094225671759298	0.43491291125683895	0.046067262318841985	1
s__Christensenellaceae_bacterium	age_at	SURGERY	-0.04584568621712992	0.016168475576015823	0.008564751491742845	1
s__Christensenellaceae_bacterium	steroids_at_surgery	Y	-1.7157083782350682	0.3379843224488667	2.4811262180725152e-5	0.004838196125241404
s__Christensenellaceae_bacterium	grade_category	HIGH	0.8626791463969399	0.6448143135322144	0.19209823415946134	1
s__Christensenellaceae_bacterium	glioma_idh_mutation	MUTANT	0.026566686757515216	0.41742815400051975	0.9497227581014687	1
s__Clostridia_bacterium	glioma_progression_overall	Y	-0.1491884660797764	0.5321414105125548	0.7805191786693599	1
s__Clostridia_bacterium	age_at	SURGERY	-0.0011896062299400526	0.01965115602118217	0.9520027219693221	1
s__Clostridia_bacterium	steroids_at_surgery	Y	-0.18538224576214465	0.70565052120552	0.7939994602153961	1
s__Clostridia_bacterium	grade_category	HIGH	-0.4109804133353797	1.1071037375547486	0.7122542859147684	1
s__Clostridia_bacterium	glioma_idh_mutation	MUTANT	-0.1901532632078651	0.8769010660201612	0.8293300101148787	1
s__Clostridia_bacterium_UC5_1_1D1	glioma_progression_overall	Y	-0.39962151001660046	0.3893842564911601	0.3164316450956738	1
s__Clostridia_bacterium_UC5_1_1D1	age_at	SURGERY	-0.014175235364168193	0.01809191666883872	0.44207419370552814	1
s__Clostridia_bacterium_UC5_1_1D1	steroids_at_surgery	Y	0.37567830478541	0.35503375533031156	0.3020084968109457	1
s__Clostridia_bacterium_UC5_1_1D1	grade_category	HIGH	-1.1548106522057526	0.5272839514731642	0.03994383238238728	1
s__Clostridia_bacterium_UC5_1_1D1	glioma_idh_mutation	MUTANT	0.26758743581369654	0.5022526141093211	0.5997826908338375	1
s__Clostridia_unclassified_SGB4121	glioma_progression_overall	Y	-0.19018395397301271	0.5040152123600269	0.7093820863968154	1
s__Clostridia_unclassified_SGB4121	age_at	SURGERY	-0.004544339215392522	0.01701485390815061	0.7917872113735627	1
s__Clostridia_unclassified_SGB4121	steroids_at_surgery	Y	-0.20151313869846937	0.44380044236451405	0.6540396798047836	1
s__Clostridia_unclassified_SGB4121	grade_category	HIGH	-0.37249847158855903	0.8764206512160314	0.6747702917328575	1
s__Clostridia_unclassified_SGB4121	glioma_idh_mutation	MUTANT	0.06275495459617224	0.8107848089366304	0.9389745329793966	1
s__Clostridiaceae_bacterium	glioma_progression_overall	Y	0.2243625665966706	0.5060637605280345	0.6599025347404157	1
s__Clostridiaceae_bacterium	age_at	SURGERY	0.013028704505933972	0.01692114752446607	0.4458438190791536	1
s__Clostridiaceae_bacterium	steroids_at_surgery	Y	-0.7343958635353172	0.45724344053236443	0.11611050856372886	1
s__Clostridiaceae_bacterium	grade_category	HIGH	-0.3941011268172829	0.5973432161405383	0.5131911237885314	1
s__Clostridiaceae_bacterium	glioma_idh_mutation	MUTANT	0.7245220259767987	0.5068124738413431	0.16060587467239448	1
s__Clostridiaceae_bacterium_OM08_6BH	glioma_progression_overall	Y	-0.8803586866231374	0.3880443614443143	0.042537237250916494	1
s__Clostridiaceae_bacterium_OM08_6BH	age_at	SURGERY	0.008074722191143044	0.01682665605491938	0.6399430611750425	1
s__Clostridiaceae_bacterium_OM08_6BH	steroids_at_surgery	Y	-2.2171721640287942	0.6419422783323742	0.00477097548213667	0.8110658319632339
s__Clostridiaceae_bacterium_OM08_6BH	grade_category	HIGH	4.776664078906382	0.5202883850271691	8.94478121779148e-7	1.8157905872116705e-4
s__Clostridiaceae_bacterium_OM08_6BH	glioma_idh_mutation	MUTANT	2.4203679404351615	0.44872239527114616	1.6166975472560843e-4	0.031040592907316818
s__Clostridiales_bacterium	glioma_progression_overall	Y	0.7502197371497628	0.6335824867455563	0.24354347073400132	1
s__Clostridiales_bacterium	age_at	SURGERY	0.002774430816310516	0.01819311802590671	0.8795796849840808	1
s__Clostridiales_bacterium	steroids_at_surgery	Y	0.9557938956827449	0.5825633688629193	0.10890792927285174	1
s__Clostridiales_bacterium	grade_category	HIGH	-3.0040747557615646	1.0648905266836626	0.007490999583222288	1
s__Clostridiales_bacterium	glioma_idh_mutation	MUTANT	-0.35352262761636816	0.9791673988760626	0.7200149497063892	1
s__Clostridiales_bacterium_1_7_47FAA	glioma_progression_overall	Y	-0.9080428569748425	0.6182144420267293	0.15195829800555388	1
s__Clostridiales_bacterium_1_7_47FAA	age_at	SURGERY	-0.03239148852623986	0.020255190723629246	0.11992681315679847	1
s__Clostridiales_bacterium_1_7_47FAA	steroids_at_surgery	Y	-0.5672301708289353	0.8044874155592661	0.4860231397797852	1
s__Clostridiales_bacterium_1_7_47FAA	grade_category	HIGH	-2.3112943113330147	0.9171741981985039	0.017099346243573205	1
s__Clostridiales_bacterium_1_7_47FAA	glioma_idh_mutation	MUTANT	-1.3277995681860963	0.7172817472193402	0.07369538134758605	1
s__Clostridiales_bacterium_KLE1615	glioma_progression_overall	Y	1.033221892111159	0.5405587021297371	0.06849351494878432	1
s__Clostridiales_bacterium_KLE1615	age_at	SURGERY	-0.04635661467811806	0.019282166492071904	0.024663447552785413	1
s__Clostridiales_bacterium_KLE1615	steroids_at_surgery	Y	-0.657732921825147	0.751182492033948	0.39030213742374764	1
s__Clostridiales_bacterium_KLE1615	grade_category	HIGH	0.1602431156006288	0.9173059547957272	0.8628527675929442	1
s__Clostridiales_bacterium_KLE1615	glioma_idh_mutation	MUTANT	-0.3358627969739847	0.7206627998526081	0.645565383478061	1
s__Clostridium_fessum	glioma_progression_overall	Y	1.1322600165136771	0.5588086407500751	0.05353962329138143	1
s__Clostridium_fessum	age_at	SURGERY	0.016246462752129206	0.017936339543861462	0.37369722689305107	1
s__Clostridium_fessum	steroids_at_surgery	Y	-1.8263823801183514	0.589916988840944	0.004788811696064265	0.8110658319632339
s__Clostridium_fessum	grade_category	HIGH	-0.483317763150313	0.6828704426852069	0.48563246259975557	1
s__Clostridium_fessum	glioma_idh_mutation	MUTANT	0.5156126605418933	0.6285124737393871	0.4197589958228569	1
s__Clostridium_innocuum	glioma_progression_overall	Y	0.1395372993294822	0.6168872714172156	0.8224443631665539	1
s__Clostridium_innocuum	age_at	SURGERY	0.01822253852921207	0.02061755964773287	0.3831789018545477	1
s__Clostridium_innocuum	steroids_at_surgery	Y	0.24735560554552943	0.7805571619985592	0.7533185247635067	1
s__Clostridium_innocuum	grade_category	HIGH	-1.9453434339219955	0.9257297933060418	0.043321854404804634	1
s__Clostridium_innocuum	glioma_idh_mutation	MUTANT	0.005676944449289824	0.701067456991353	0.9935878983082319	1
s__Clostridium_leptum	glioma_progression_overall	Y	0.020040055879977953	0.5114709435871472	0.9689685506095107	1
s__Clostridium_leptum	age_at	SURGERY	-0.032572848937570176	0.017891251972021203	0.07722660388154738	1
s__Clostridium_leptum	steroids_at_surgery	Y	-0.3331898168400434	0.5560623791075671	0.5529019458175096	1
s__Clostridium_leptum	grade_category	HIGH	-2.1964454122628454	0.8106525651421272	0.010362514979618874	1
s__Clostridium_leptum	glioma_idh_mutation	MUTANT	-1.2682022640245698	0.675195401631824	0.06869466692382116	1
s__Clostridium_phoceensis	glioma_progression_overall	Y	0.25886149105014056	0.5315679159887051	0.6289324502813123	1
s__Clostridium_phoceensis	age_at	SURGERY	0.009037194678618202	0.017343966162544355	0.6051999514709788	1
s__Clostridium_phoceensis	steroids_at_surgery	Y	-0.9943723343561499	0.5898575363124119	0.09962413154782453	1
s__Clostridium_phoceensis	grade_category	HIGH	0.013491823407234928	0.7056352819263532	0.9848403476505354	1
s__Clostridium_phoceensis	glioma_idh_mutation	MUTANT	0.7474718767180256	0.5700764918884131	0.19727489858325525	1
s__Clostridium_scindens	glioma_progression_overall	Y	-0.8635935881739839	0.5177190796051704	0.10644805915158653	1
s__Clostridium_scindens	age_at	SURGERY	-0.048484269303612416	0.017813590085271194	0.01104231503609213	1
s__Clostridium_scindens	steroids_at_surgery	Y	-0.6893918727661267	0.41731580065248736	0.10971362593165489	1
s__Clostridium_scindens	grade_category	HIGH	-1.02397064519701	0.6483278166629813	0.12547585109189438	1
s__Clostridium_scindens	glioma_idh_mutation	MUTANT	-1.5484014941800244	0.5908818385193036	0.014027080919026515	1
s__Clostridium_sp_AF34_10BH	glioma_progression_overall	Y	-1.0872005779472342	0.5445342204820814	0.05567774702805932	1
s__Clostridium_sp_AF34_10BH	age_at	SURGERY	-0.0028279740275602722	0.019291615294485264	0.88450534931995	1
s__Clostridium_sp_AF34_10BH	steroids_at_surgery	Y	0.1712341014451899	0.5209293154653475	0.7448216112043506	1
s__Clostridium_sp_AF34_10BH	grade_category	HIGH	-0.4512970279824679	0.878337059182355	0.6114171320449373	1
s__Clostridium_sp_AF34_10BH	glioma_idh_mutation	MUTANT	-0.5523958331545196	0.6609406447004629	0.4103586775473582	1
s__Clostridium_sp_AF36_4	glioma_progression_overall	Y	-0.8150188912540287	0.3474123726222811	0.03698248089996523	1
s__Clostridium_sp_AF36_4	age_at	SURGERY	-0.020013632417876466	0.018264405695803808	0.2946830913795309	1
s__Clostridium_sp_AF36_4	steroids_at_surgery	Y	1.4853192762062513	0.4198009730915126	0.004084695287273433	0.7025675894110304
s__Clostridium_sp_AF36_4	grade_category	HIGH	0.2863732138287378	0.6485924973254049	0.6666801901942367	1
s__Clostridium_sp_AF36_4	glioma_idh_mutation	MUTANT	0.12146289386853068	0.6188629370438165	0.8476850724119935	1
s__Clostridium_sp_AM22_11AC	glioma_progression_overall	Y	0.561365257296415	0.5144786978587952	0.2913733310623491	1
s__Clostridium_sp_AM22_11AC	age_at	SURGERY	-0.014216174493223772	0.022607496496203243	0.538337837517012	1
s__Clostridium_sp_AM22_11AC	steroids_at_surgery	Y	0.29931223755569847	0.6443187405770746	0.6485190650662507	1
s__Clostridium_sp_AM22_11AC	grade_category	HIGH	-4.4938987170661555	0.8107271722955028	4.4547200093098475e-5	0.00846396801768871
s__Clostridium_sp_AM22_11AC	glioma_idh_mutation	MUTANT	-0.5297639665084874	0.5679200689874975	0.3647798113569748	1
s__Clostridium_sp_AM33_3	glioma_progression_overall	Y	0.8072230960618635	0.2969472180265058	0.023669497871589177	1
s__Clostridium_sp_AM33_3	age_at	SURGERY	-0.026308869091107426	0.014746700223842713	0.10808238272824554	1
s__Clostridium_sp_AM33_3	steroids_at_surgery	Y	2.198633917649797	0.2892334470726626	3.321180293522262e-5	0.006443089769433188
s__Clostridium_sp_AM33_3	grade_category	HIGH	-2.817364898203223	0.4549197036323837	1.6018702297845332e-4	0.029314225205056957
s__Clostridium_sp_AM33_3	glioma_idh_mutation	MUTANT	0.27713110402328023	0.358123703986036	0.45886802065647325	1
s__Clostridium_sp_AM49_4BH	glioma_progression_overall	Y	0.6275672550446715	0.3694276124117286	0.11743605607606725	1
s__Clostridium_sp_AM49_4BH	age_at	SURGERY	-0.04211596492027737	0.0173578802266657	0.03362760181699074	1
s__Clostridium_sp_AM49_4BH	steroids_at_surgery	Y	-1.1966356506996174	0.3597704964246228	0.006757711316549018	1
s__Clostridium_sp_AM49_4BH	grade_category	HIGH	0.6803718178706595	0.5309925791955828	0.22643308746916535	1
s__Clostridium_sp_AM49_4BH	glioma_idh_mutation	MUTANT	-0.08186659277272758	0.5174708289366123	0.877162031088546	1
s__Clostridium_sp_AT4	glioma_progression_overall	Y	0.4856173202828078	0.4538725836185185	0.29960232092922023	1
s__Clostridium_sp_AT4	age_at	SURGERY	0.024851748533951674	0.019115568077377076	0.21092534769405696	1
s__Clostridium_sp_AT4	steroids_at_surgery	Y	0.5464457188927835	0.7265033039840072	0.46224374049043415	1
s__Clostridium_sp_AT4	grade_category	HIGH	-1.5448785421540312	1.410926132284187	0.2888143427757949	1
s__Clostridium_sp_AT4	glioma_idh_mutation	MUTANT	0.736704384601361	0.9076720107572714	0.42821604999734786	1
s__Clostridium_sp_Marseille_P3244	glioma_progression_overall	Y	0.8577841736027436	0.3555064296551508	0.042319493155157865	1
s__Clostridium_sp_Marseille_P3244	age_at	SURGERY	0.007373838371701099	0.014697394318150836	0.6293847230633804	1
s__Clostridium_sp_Marseille_P3244	steroids_at_surgery	Y	-1.2240556602127814	0.38977726563560106	0.013796944239322049	1
s__Clostridium_sp_Marseille_P3244	grade_category	HIGH	-2.0357039976461304	0.554965962941724	0.006326254306140305	0.9868956717578875
s__Clostridium_sp_Marseille_P3244	glioma_idh_mutation	MUTANT	-1.1574201379570017	0.4854887578587964	0.044266314556054995	1
s__Clostridium_sp_SN20	glioma_progression_overall	Y	0.0021549669293897218	0.47429341177646506	0.9964561520190109	1
s__Clostridium_sp_SN20	age_at	SURGERY	0.026216005853576627	0.01570105182488873	0.12315813260548895	1
s__Clostridium_sp_SN20	steroids_at_surgery	Y	6.610832582485516	0.32168059168185187	3.992115376045155e-10	8.143915367132116e-8
s__Clostridium_sp_SN20	grade_category	HIGH	-5.6645950649902765	0.4616055777130411	9.239886267314644e-8	1.8849367985321873e-5
s__Clostridium_sp_SN20	glioma_idh_mutation	MUTANT	3.1392135236088285	0.42964814538430945	1.530250435992644e-5	0.003060500871985288
s__Clostridium_spiroforme	glioma_progression_overall	Y	-0.326235307753482	0.36500323088482933	0.40111937563703554	1
s__Clostridium_spiroforme	age_at	SURGERY	-0.028465575606946417	0.015357044414797866	0.10620697727189711	1
s__Clostridium_spiroforme	steroids_at_surgery	Y	-1.5100781256103837	0.43470257689669217	0.010352322990186607	1
s__Clostridium_spiroforme	grade_category	HIGH	0.8173517731077539	0.5690148954181387	0.19402605882069568	1
s__Clostridium_spiroforme	glioma_idh_mutation	MUTANT	1.075017270112509	0.4288397195974997	0.04058618004760991	1
s__Clostridium_symbiosum	glioma_progression_overall	Y	-2.0204562371447494	0.5797242946668165	0.0014112359266570996	0.2766022416247915
s__Clostridium_symbiosum	age_at	SURGERY	-0.05567830035498465	0.017483327132730923	0.003158313912069368	0.6127128989414574
s__Clostridium_symbiosum	steroids_at_surgery	Y	-0.9998507685230025	0.4191796703958972	0.022965786404415777	1
s__Clostridium_symbiosum	grade_category	HIGH	0.12785715011058293	0.8497503059706836	0.8813142023205305	1
s__Clostridium_symbiosum	glioma_idh_mutation	MUTANT	-0.612684284912251	0.6073662943060801	0.3204314905563063	1
s__Collinsella_aerofaciens	glioma_progression_overall	Y	-0.6551413113373484	0.5063200179075166	0.20556377868567932	1
s__Collinsella_aerofaciens	age_at	SURGERY	-0.024883474914749477	0.018377362118234482	0.18583995539566786	1
s__Collinsella_aerofaciens	steroids_at_surgery	Y	-0.7920691672599032	0.7059537236063843	0.270769243236633	1
s__Collinsella_aerofaciens	grade_category	HIGH	-1.1859287741006412	0.82115003190537	0.1590381415978894	1
s__Collinsella_aerofaciens	glioma_idh_mutation	MUTANT	-0.9881293439945656	0.6803120218488861	0.15675221982359547	1
s__Coprococcus_catus	glioma_progression_overall	Y	0.4712398177853097	0.4150416127885854	0.2719610438790326	1
s__Coprococcus_catus	age_at	SURGERY	-0.030343972087940676	0.01683498352845145	0.08923455311617544	1
s__Coprococcus_catus	steroids_at_surgery	Y	-0.42760577022405455	0.5046453931579802	0.40857751832543665	1
s__Coprococcus_catus	grade_category	HIGH	-1.5057513824732536	0.6666350487347577	0.037330727495213434	1
s__Coprococcus_catus	glioma_idh_mutation	MUTANT	-1.7285773048225923	0.6464201879194527	0.016017857771830953	1
s__Coprococcus_comes	glioma_progression_overall	Y	0.1279823415258159	0.4678822225691259	0.7868830506745468	1
s__Coprococcus_comes	age_at	SURGERY	-0.04826768814490729	0.015803616300683325	0.005624716117470553	1
s__Coprococcus_comes	steroids_at_surgery	Y	-0.310574432871442	0.4225199858717219	0.46973671227177993	1
s__Coprococcus_comes	grade_category	HIGH	-0.7585222075202191	0.6762963241184196	0.27361359853846207	1
s__Coprococcus_comes	glioma_idh_mutation	MUTANT	-0.9957236186471311	0.38225509408800684	0.015836349186881447	1
s__Dialister_invisus	glioma_progression_overall	Y	-0.7676564056514742	0.3800337744055214	0.06161977634728449	1
s__Dialister_invisus	age_at	SURGERY	-0.07197966866785378	0.017186326917080146	7.915599983867903e-4	0.15831199967735807
s__Dialister_invisus	steroids_at_surgery	Y	-0.6490226836224582	0.4030090225356442	0.12813975308836256	1
s__Dialister_invisus	grade_category	HIGH	0.3798784204535931	0.5175207330791931	0.47424579030368474	1
s__Dialister_invisus	glioma_idh_mutation	MUTANT	0.008705119976026313	0.4623204539836427	0.9852255461974418	1
s__Dorea_formicigenerans	glioma_progression_overall	Y	1.202271001041633	0.5098059652979886	0.025574865003647147	1
s__Dorea_formicigenerans	age_at	SURGERY	-0.052512981588804665	0.01816559731190142	0.007346244973147768	1
s__Dorea_formicigenerans	steroids_at_surgery	Y	-1.3571596037313383	0.5346526557846082	0.016980684334021928	1
s__Dorea_formicigenerans	grade_category	HIGH	-1.259539451186106	0.7233767469957016	0.0926285441980647	1
s__Dorea_formicigenerans	glioma_idh_mutation	MUTANT	-1.6029369464390062	0.5964010477975796	0.011973157195487817	1
s__Dorea_longicatena	glioma_progression_overall	Y	0.09774517772843579	0.41520979897667987	0.8158070619750901	1
s__Dorea_longicatena	age_at	SURGERY	-0.05267842458482859	0.018362416585224743	0.008256180549767317	1
s__Dorea_longicatena	steroids_at_surgery	Y	0.3821623093503922	0.5933181263975316	0.5253699204197622	1
s__Dorea_longicatena	grade_category	HIGH	-3.485322669990526	0.5607935670106499	1.68241025087099e-6	3.3479963992332705e-4
s__Dorea_longicatena	glioma_idh_mutation	MUTANT	-2.4113499236425917	0.5165073165610905	8.796858491280882e-5	0.01715387405799772
s__Dorea_sp_AF24_7LB	glioma_progression_overall	Y	-1.7828075075034717	0.42372569515864883	0.0022813740007895105	0.4403051821523755
s__Dorea_sp_AF24_7LB	age_at	SURGERY	-0.03962825632773825	0.015788817100862527	0.03331655317097188	1
s__Dorea_sp_AF24_7LB	steroids_at_surgery	Y	-0.10574109632349227	0.4974081534203994	0.836388172480334	1
s__Dorea_sp_AF24_7LB	grade_category	HIGH	-0.47988622178624557	0.7570115201773162	0.5419057520365875	1
s__Dorea_sp_AF24_7LB	glioma_idh_mutation	MUTANT	0.025807229058991507	0.6432586337515132	0.968873727267583	1
s__Dorea_sp_AF36_15AT	glioma_progression_overall	Y	0.4577482150241725	0.45389261816405996	0.32418116317725443	1
s__Dorea_sp_AF36_15AT	age_at	SURGERY	-0.03234461617207182	0.016829161087310758	0.06765982080295217	1
s__Dorea_sp_AF36_15AT	steroids_at_surgery	Y	-0.5760262047424769	0.45574606695526826	0.2194876405239066	1
s__Dorea_sp_AF36_15AT	grade_category	HIGH	-0.14621138412519405	0.6024458367815793	0.8104890346820839	1
s__Dorea_sp_AF36_15AT	glioma_idh_mutation	MUTANT	-2.364058013827232	0.5617056888548007	3.6240326075726026e-4	0.06813181302236493
s__Dysosmobacter_sp_NSJ_60	glioma_progression_overall	Y	0.09536083898994609	0.43746897146772634	0.8288708499109577	1
s__Dysosmobacter_sp_NSJ_60	age_at	SURGERY	-0.012597731074386928	0.015242611663765334	0.41484742239743777	1
s__Dysosmobacter_sp_NSJ_60	steroids_at_surgery	Y	1.3337957891467758	0.5000751820202132	0.012048774702237001	1
s__Dysosmobacter_sp_NSJ_60	grade_category	HIGH	-2.6444782817155885	0.7751016154010989	0.0018135456861812294	0.30286212959226533
s__Dysosmobacter_sp_NSJ_60	glioma_idh_mutation	MUTANT	0.21558307536928223	0.6264824372459028	0.733081907769912	1
s__Dysosmobacter_welbionis	glioma_progression_overall	Y	-0.33805222878904906	0.577102122272323	0.5612373191373881	1
s__Dysosmobacter_welbionis	age_at	SURGERY	0.001120872705044144	0.020930040333301383	0.9575511617893396	1
s__Dysosmobacter_welbionis	steroids_at_surgery	Y	-0.7138430772102312	1.0049957497795337	0.4815423072473798	1
s__Dysosmobacter_welbionis	grade_category	HIGH	-0.31826083590260934	1.2446438890003775	0.799457681962416	1
s__Dysosmobacter_welbionis	glioma_idh_mutation	MUTANT	0.1295551377813349	0.6896168328328784	0.8519088808853708	1
s__Eggerthella_lenta	glioma_progression_overall	Y	-0.9330734704239182	0.6792384696563634	0.1775834003801272	1
s__Eggerthella_lenta	age_at	SURGERY	-0.011303409538966677	0.020489157164380312	0.5843991529957615	1
s__Eggerthella_lenta	steroids_at_surgery	Y	0.84545810575584035	0.8352580200843372	0.3178387626178592	1
s__Eggerthella_lenta	grade_category	HIGH	-1.688186482768707	0.954571464087245	0.08500004919018299	1
s__Eggerthella_lenta	glioma_idh_mutation	MUTANT	-0.7341173123675782	0.7455872380316542	0.3310405563240383	1
s__Eggerthellaceae_unclassified_SGB14341	glioma_progression_overall	Y	1.3408302852296354	0.4525353922262049	0.008716417310133348	1
s__Eggerthellaceae_unclassified_SGB14341	age_at	SURGERY	0.0024137078610295634	0.0155827697262516	0.8787275436105371	1
s__Eggerthellaceae_unclassified_SGB14341	steroids_at_surgery	Y	-2.2464961373785766	0.4396040099924923	8.705727175481093e-5	0.016453824361659267
s__Eggerthellaceae_unclassified_SGB14341	grade_category	HIGH	-0.11565099024642223	0.6409334845387048	0.8589395535582391	1
s__Eggerthellaceae_unclassified_SGB14341	glioma_idh_mutation	MUTANT	0.12806741490378812	0.7417790673892071	0.8649661517731617	1
s__Eisenbergiella_massiliensis	glioma_progression_overall	Y	-0.7686247476226522	0.5918414285513739	0.20502950443972012	1
s__Eisenbergiella_massiliensis	age_at	SURGERY	-0.0059350839795966615	0.019820681267952115	0.7668981324904299	1
s__Eisenbergiella_massiliensis	steroids_at_surgery	Y	1.616134191515521	0.6861238099481182	0.026018807391694283	1
s__Eisenbergiella_massiliensis	grade_category	HIGH	-2.0468781640448834	0.9782707368767443	0.04594192401420759	1
s__Eisenbergiella_massiliensis	glioma_idh_mutation	MUTANT	0.49607403022055935	0.8371520444386586	0.5583974157557386	1
s__Eisenbergiella_tayi	glioma_progression_overall	Y	-0.8350925391167096	0.5310854719456484	0.12950830607247918	1
s__Eisenbergiella_tayi	age_at	SURGERY	-0.005518872613559776	0.02220486961621892	0.8059198715391439	1
s__Eisenbergiella_tayi	steroids_at_surgery	Y	-0.5018921304250578	0.5630662363003068	0.381968857316757	1
s__Eisenbergiella_tayi	grade_category	HIGH	-1.7249935575143887	0.7488213766080105	0.03062283081546302	1
s__Eisenbergiella_tayi	glioma_idh_mutation	MUTANT	0.2606599929677556	0.6411221789276864	0.6880834631293683	1
s__Enterocloster_aldensis	glioma_progression_overall	Y	-0.2614437927514429	0.48943846442114847	0.5975945283267405	1
s__Enterocloster_aldensis	age_at	SURGERY	-0.002387828039796562	0.015470973600310944	0.8784876488298585	1
s__Enterocloster_aldensis	steroids_at_surgery	Y	0.21437284697420786	0.4741040355744806	0.6547626240700056	1
s__Enterocloster_aldensis	grade_category	HIGH	-1.9716184081408528	0.7111690640825505	0.009960111405477125	1
s__Enterocloster_aldensis	glioma_idh_mutation	MUTANT	-0.9425901411328113	0.5259781167522144	0.08433600417068843	1
s__Enterocloster_asparagiformis	glioma_progression_overall	Y	-1.19748984674581	0.6572334274992306	0.08093886306439392	1
s__Enterocloster_asparagiformis	age_at	SURGERY	-0.045728018754830256	0.025404677036559627	0.08444740376821505	1
s__Enterocloster_asparagiformis	steroids_at_surgery	Y	0.7099187323675917	0.6981376396789228	0.31935503437135737	1
s__Enterocloster_asparagiformis	grade_category	HIGH	-2.4787633002227545	0.8579846635372376	0.008064908165516515	1
s__Enterocloster_asparagiformis	glioma_idh_mutation	MUTANT	-0.17250174993607295	0.7277559385318373	0.8146432346540446	1
s__Enterocloster_bolteae	glioma_progression_overall	Y	-1.2550119628386773	0.7239928260695265	0.09018029848759053	1
s__Enterocloster_bolteae	age_at	SURGERY	-0.01001455623166405	0.0305260604908009	0.7444540743390176	1
s__Enterocloster_bolteae	steroids_at_surgery	Y	-0.8816522051478355	0.9889892688323636	0.3776395835852976	1
s__Enterocloster_bolteae	grade_category	HIGH	-1.5269969581426925	1.2574127765197651	0.23122382022992682	1
s__Enterocloster_bolteae	glioma_idh_mutation	MUTANT	-0.6015341561745402	1.1167487396190543	0.592907743161712	1
s__Enterocloster_citroniae	glioma_progression_overall	Y	-0.4207961118023645	0.6073862525359144	0.4930078365696401	1
s__Enterocloster_citroniae	age_at	SURGERY	-0.0350525068153859	0.01788093824044407	0.057955994792588846	1
s__Enterocloster_citroniae	steroids_at_surgery	Y	-1.4646899369891733	0.8291361263216567	0.08602879388361996	1
s__Enterocloster_citroniae	grade_category	HIGH	-0.6614296196708843	0.773275339960506	0.39816906116309314	1
s__Enterocloster_citroniae	glioma_idh_mutation	MUTANT	-0.9028546800741748	0.518732449641418	0.09055751997007071	1
s__Enterocloster_clostridioformis	glioma_progression_overall	Y	0.7890497625475349	0.4469624031630668	0.09357020097357807	1
s__Enterocloster_clostridioformis	age_at	SURGERY	0.010486666202717786	0.018767326986129727	0.5828433950133948	1
s__Enterocloster_clostridioformis	steroids_at_surgery	Y	-1.6538784147358163	0.6596363867918841	0.02141016988430381	1
s__Enterocloster_clostridioformis	grade_category	HIGH	-1.8749041618996791	0.8516213631273085	0.04025345471160355	1
s__Enterocloster_clostridioformis	glioma_idh_mutation	MUTANT	0.6690107914604976	0.5036846113228309	0.19983619666429964	1
s__Enterocloster_lavalensis	glioma_progression_overall	Y	-0.06373893699985166	0.550459975238462	0.9086437532769576	1
s__Enterocloster_lavalensis	age_at	SURGERY	-0.023730632098190464	0.017876891941092883	0.19508303427319118	1
s__Enterocloster_lavalensis	steroids_at_surgery	Y	-2.9042973805831287	0.6227124902455153	6.948563408243389e-5	0.013271756109744872
s__Enterocloster_lavalensis	grade_category	HIGH	-0.9927470947496434	0.924381235075906	0.29200973486129356	1
s__Enterocloster_lavalensis	glioma_idh_mutation	MUTANT	-1.2013410480127673	0.8055064671168799	0.14703509757471112	1
s__Enterococcus_faecalis	glioma_progression_overall	Y	2.1190045780913933	0.5915227306479267	0.003002176222786308	0.5764178347749711
s__Enterococcus_faecalis	age_at	SURGERY	-0.0934180029470196	0.019081479202843445	2.3616661137010726e-4	0.047941822108131776
s__Enterococcus_faecalis	steroids_at_surgery	Y	-2.639236880128599	0.47286253824101276	6.766261429579827e-5	0.012991221944793269
s__Enterococcus_faecalis	grade_category	HIGH	-3.918334452841846	0.8261268993977392	3.1456523741652225e-4	0.05630717749755748
s__Enterococcus_faecalis	glioma_idh_mutation	MUTANT	-6.321023800578863	0.6763240092088401	2.14419405931919e-7	4.352713940417956e-5
s__Enterococcus_faecium	glioma_progression_overall	Y	0.21915874470667895	0.5804242868219249	0.7129238283663203	1
s__Enterococcus_faecium	age_at	SURGERY	-0.045429882385534484	0.018099467890735608	0.028985838385118277	1
s__Enterococcus_faecium	steroids_at_surgery	Y	-4.269382077137385	0.3544585435130053	1.1195595174909649e-7	2.261510225331749e-5
s__Enterococcus_faecium	grade_category	HIGH	4.3417777530882065	0.6798742062415837	5.178819904934991e-5	0.009787969620327134
s__Enterococcus_faecium	glioma_idh_mutation	MUTANT	NA	NA	1	1
s__Erysipelatoclostridium_ramosum	glioma_progression_overall	Y	-1.2896865999835718	0.46014038552557746	0.012767109138158948	1
s__Erysipelatoclostridium_ramosum	age_at	SURGERY	0.02749741883041005	0.017381717553927548	0.1332195633779794	1
s__Erysipelatoclostridium_ramosum	steroids_at_surgery	Y	1.1061297224034967	0.5948992559928215	0.08146596366561126	1
s__Erysipelatoclostridium_ramosum	grade_category	HIGH	-0.5907765122210177	0.926985317946817	0.5329375141304826	1
s__Erysipelatoclostridium_ramosum	glioma_idh_mutation	MUTANT	1.4632331751058614	0.5653081336078905	0.019802409082164116	1
s__Escherichia_coli	glioma_progression_overall	Y	-1.151515764066858	0.7371531495758408	0.1267753084824504	1
s__Escherichia_coli	age_at	SURGERY	-0.0033774570586587956	0.022447819717485013	0.8812204359396565	1
s__Escherichia_coli	steroids_at_surgery	Y	1.6396033050830874	0.6817850001392048	0.02129671202065149	1
s__Escherichia_coli	grade_category	HIGH	-1.3813527199295548	0.9677375696723237	0.16184924034061812	1
s__Escherichia_coli	glioma_idh_mutation	MUTANT	-0.30571999601508076	0.7829325215168175	0.6984203598047465	1
s__Eubacteriaceae_bacterium	glioma_progression_overall	Y	-0.21873572384751747	0.4382138794706687	0.6231178476012365	1
s__Eubacteriaceae_bacterium	age_at	SURGERY	-0.013853047120436975	0.01643711239158342	0.4093117551457599	1
s__Eubacteriaceae_bacterium	steroids_at_surgery	Y	-0.8242745125656529	0.6341781789595369	0.20846780441486373	1
s__Eubacteriaceae_bacterium	grade_category	HIGH	-1.835457542098716	0.7325079143466926	0.020975819314880264	1
s__Eubacteriaceae_bacterium	glioma_idh_mutation	MUTANT	-0.9233842989804447	0.5576577761850685	0.1133641181213567	1
s__Eubacterium_ramulus	glioma_progression_overall	Y	2.8371104727583885	0.3532344040042961	3.457827631786488e-7	7.053968368844436e-5
s__Eubacterium_ramulus	age_at	SURGERY	0.0070259883792316655	0.014474913374535488	0.6335955351014753	1
s__Eubacterium_ramulus	steroids_at_surgery	Y	-2.325391273509906	0.37784422329460426	1.0595581686194396e-5	0.0020979251738664903
s__Eubacterium_ramulus	grade_category	HIGH	-1.9988850893373407	0.4973002098882648	8.889036324163673e-4	0.15111361751078245
s__Eubacterium_ramulus	glioma_idh_mutation	MUTANT	-0.7923408700757295	0.4709129566981031	0.11073418994266448	1
s__Eubacterium_rectale	glioma_progression_overall	Y	-1.0609091516603124	0.5950348881594206	0.08439249975949925	1
s__Eubacterium_rectale	age_at	SURGERY	-0.04884697141237772	0.02415449195920888	0.05184938183888677	1
s__Eubacterium_rectale	steroids_at_surgery	Y	0.2346642312642404	0.6739832897084402	0.7300620158589837	1
s__Eubacterium_rectale	grade_category	HIGH	-0.14138866870433897	0.94374657443006	0.8818800008135369	1
s__Eubacterium_rectale	glioma_idh_mutation	MUTANT	0.09290623680864153	0.7664501555929029	0.9043020443241188	1
s__Eubacterium_siraeum	glioma_progression_overall	Y	-0.46451127421569993	0.4897969575507201	0.3590227566147345	1
s__Eubacterium_siraeum	age_at	SURGERY	-0.053673992133683825	0.01607524725309267	0.00487013844127091	0.9253263038414729
s__Eubacterium_siraeum	steroids_at_surgery	Y	-0.8289611240695725	0.6399340083043614	0.2161405906592358	1
s__Eubacterium_siraeum	grade_category	HIGH	1.1769354728370922	0.614021587957168	0.07590827783903138	1
s__Eubacterium_siraeum	glioma_idh_mutation	MUTANT	-1.0836870152918874	0.4673985793845061	0.03605812473496511	1
s__Evtepia_gabavorous	glioma_progression_overall	Y	0.6793712827610744	0.4826721635065051	0.1711166233282337	1
s__Evtepia_gabavorous	age_at	SURGERY	0.009520645541484879	0.01733151514725193	0.5874695754558953	1
s__Evtepia_gabavorous	steroids_at_surgery	Y	-1.2805103512059914	0.44135075648890976	0.00746796982732108	1
s__Evtepia_gabavorous	grade_category	HIGH	0.9982271801272753	0.7170527493125471	0.1756787707489608	1
s__Evtepia_gabavorous	glioma_idh_mutation	MUTANT	0.6722977384082174	0.6077986963173193	0.2788050296948164	1
s__Faecalibacillus_intestinalis	glioma_progression_overall	Y	1.410617044226514	0.3457406310451863	0.0018202448668035557	0.35494774902669335
s__Faecalibacillus_intestinalis	age_at	SURGERY	-0.02084932269270426	0.01547199293304745	0.2049020847717805	1
s__Faecalibacillus_intestinalis	steroids_at_surgery	Y	-0.5506119904979393	0.4972818239563651	0.29181370955484126	1
s__Faecalibacillus_intestinalis	grade_category	HIGH	-2.1173392060454046	0.7082590211226079	0.012308728909663795	1
s__Faecalibacillus_intestinalis	glioma_idh_mutation	MUTANT	-0.5562746371163843	0.606898184700675	0.3790162869846708	1
s__Faecalibacterium_prausnitzii	glioma_progression_overall	Y	0.33988813983578087	0.5974836800933127	0.5726275475609026	1
s__Faecalibacterium_prausnitzii	age_at	SURGERY	6.071968646100056e-4	0.016412013411865406	0.9706713469302907	1
s__Faecalibacterium_prausnitzii	steroids_at_surgery	Y	-0.8677497782067244	0.7032565552944661	0.22444035934292114	1
s__Faecalibacterium_prausnitzii	grade_category	HIGH	0.21970508663459973	0.7464820358183648	0.7700348972345903	1
s__Faecalibacterium_prausnitzii	glioma_idh_mutation	MUTANT	0.35970376433449125	0.6021419517390576	0.5536247928183599	1
s__Faecalibacterium_SGB15346	glioma_progression_overall	Y	0.9040206796614068	0.46683299678811985	0.06466738519837191	1
s__Faecalibacterium_SGB15346	age_at	SURGERY	-0.02219307196752885	0.017007907536872136	0.20431145499472267	1
s__Faecalibacterium_SGB15346	steroids_at_surgery	Y	0.6187147429354765	0.5017873303263362	0.2295089660387071	1
s__Faecalibacterium_SGB15346	grade_category	HIGH	0.3793222916318322	0.61984565498873	0.5463169307555227	1
s__Faecalibacterium_SGB15346	glioma_idh_mutation	MUTANT	0.5420388082587964	0.4881357362453821	0.2778172153854514	1
s__Faecalicatena_contorta	glioma_progression_overall	Y	-0.6850474062763799	0.4706692737428931	0.15592327747396778	1
s__Faecalicatena_contorta	age_at	SURGERY	-0.03254235737449691	0.016996239971621783	0.0651124359610248	1
s__Faecalicatena_contorta	steroids_at_surgery	Y	-0.8408265345041726	0.5400272248411899	0.12995656684236978	1
s__Faecalicatena_contorta	grade_category	HIGH	-0.07283192212058937	0.9254390596029327	0.9377939641877041	1
s__Faecalicatena_contorta	glioma_idh_mutation	MUTANT	-0.563023315350723	0.6635958198025894	0.4029104564491961	1
s__Firmicutes_bacterium_AF16_15	glioma_progression_overall	Y	1.1025546366149874	0.514873530731136	0.042175267553155	1
s__Firmicutes_bacterium_AF16_15	age_at	SURGERY	-0.0011785948319946813	0.016407413346617834	0.9433063502291377	1
s__Firmicutes_bacterium_AF16_15	steroids_at_surgery	Y	0.5433237072357968	0.5919505043611251	0.3674663948606025	1
s__Firmicutes_bacterium_AF16_15	grade_category	HIGH	0.16583716837330975	0.8660667066933408	0.8496937988288559	1
s__Firmicutes_bacterium_AF16_15	glioma_idh_mutation	MUTANT	-0.24213925639545958	0.7206720149979239	0.739681385454483	1
s__Flavonifractor_plautii	glioma_progression_overall	Y	-0.8261425804738111	0.4386476631522344	0.06712090067976145	1
s__Flavonifractor_plautii	age_at	SURGERY	-0.025016231242666016	0.018067777097796906	0.17405282417465143	1
s__Flavonifractor_plautii	steroids_at_surgery	Y	0.7237157750840818	0.5641808786541489	0.20714333786757785	1
s__Flavonifractor_plautii	grade_category	HIGH	-1.1942346174692136	0.9105021012458494	0.19731688255785043	1
s__Flavonifractor_plautii	glioma_idh_mutation	MUTANT	0.011475216596979407	0.5560140524438122	0.9836393734715748	1
s__Fusicatenibacter_saccharivorans	glioma_progression_overall	Y	1.013952065656641	0.6442087760624374	0.1237892362776302	1
s__Fusicatenibacter_saccharivorans	age_at	SURGERY	-0.01882924938955868	0.01784780099267624	0.298091681847985	1
s__Fusicatenibacter_saccharivorans	steroids_at_surgery	Y	-1.6353910180116216	0.5428615624815964	0.004591303038119075	0.7851128195183619
s__Fusicatenibacter_saccharivorans	grade_category	HIGH	0.0668768034649222	0.9156706869330477	0.9421606662944298	1
s__Fusicatenibacter_saccharivorans	glioma_idh_mutation	MUTANT	0.09406703707357324	0.734921604213365	0.8988271194168603	1
s__Gemmiger_formicilis	glioma_progression_overall	Y	-0.6415618102965566	0.5609095671647112	0.2623961863075207	1
s__Gemmiger_formicilis	age_at	SURGERY	-0.017913624071284533	0.01804644582510949	0.3293867253544249	1
s__Gemmiger_formicilis	steroids_at_surgery	Y	-0.6331615928303312	0.5037852895641678	0.21920684516245537	1
s__Gemmiger_formicilis	grade_category	HIGH	0.8321946222374376	0.7110304994365373	0.25170302323322813	1
s__Gemmiger_formicilis	glioma_idh_mutation	MUTANT	0.1725489711098773	0.6027764508168875	0.7767886632738668	1
s__Gordonibacter_pamelaeae	glioma_progression_overall	Y	0.23360462280049502	0.45946801789029384	0.6196737338281635	1
s__Gordonibacter_pamelaeae	age_at	SURGERY	0.00973187845938429	0.016722823600007024	0.5705539161183142	1
s__Gordonibacter_pamelaeae	steroids_at_surgery	Y	-2.379818863090064	0.4034319177403224	5.245275096864327e-5	0.01012338093694815
s__Gordonibacter_pamelaeae	grade_category	HIGH	1.1274098193958828	0.6088851371044259	0.08692643861269812	1
s__Gordonibacter_pamelaeae	glioma_idh_mutation	MUTANT	0.9894868999778952	0.5130689133350634	0.07591015525490759	1
s__Gordonibacter_urolithinfaciens	glioma_progression_overall	Y	-0.5082119666711681	0.436593530380592	0.2670300373127811	1
s__Gordonibacter_urolithinfaciens	age_at	SURGERY	-0.03288015062760986	0.015039576852167152	0.04933907790831588	1
s__Gordonibacter_urolithinfaciens	steroids_at_surgery	Y	-0.553848177320216	0.36166706680396343	0.15160433989239389	1
s__Gordonibacter_urolithinfaciens	grade_category	HIGH	-1.0052814379242665	0.46713993713421786	0.05245636501337491	1
s__Gordonibacter_urolithinfaciens	glioma_idh_mutation	MUTANT	-1.9674851803848432	0.38475015933933104	2.559306146679835e-4	0.04837088617224888
s__Haemophilus_parainfluenzae	glioma_progression_overall	Y	1.5387405523562658	0.5407136971065378	0.01117388353750045	1
s__Haemophilus_parainfluenzae	age_at	SURGERY	-0.06591623883464864	0.017173254079837663	0.0013166720654577229	0.2620177410260868
s__Haemophilus_parainfluenzae	steroids_at_surgery	Y	-2.8448278159215676	0.47407547193567523	1.4317307992672877e-5	0.0028205096745565566
s__Haemophilus_parainfluenzae	grade_category	HIGH	0.8909480277366156	0.8036293859289345	0.28301755416971835	1
s__Haemophilus_parainfluenzae	glioma_idh_mutation	MUTANT	-2.374436286295818	0.5719657676989474	6.682484061630564e-4	0.12095296151551321
s__Harryflintia_acetispora	glioma_progression_overall	Y	0.2879972013249714	0.3617154845476023	0.44138397586704237	1
s__Harryflintia_acetispora	age_at	SURGERY	-0.01970979998758733	0.015458726873806448	0.22644415230934137	1
s__Harryflintia_acetispora	steroids_at_surgery	Y	-0.5545815733913239	0.30129197004912756	0.09051652629246623	1
s__Harryflintia_acetispora	grade_category	HIGH	-1.8347657540517226	0.4955893136648048	0.0030236468703477262	0.48983079299633164
s__Harryflintia_acetispora	glioma_idh_mutation	MUTANT	0.13362978483100532	0.45534440575741697	0.7741767570212449	1
s__Holdemania_filiformis	glioma_progression_overall	Y	-0.9505624315460737	0.45735049641034015	0.04954260215549733	1
s__Holdemania_filiformis	age_at	SURGERY	0.0012672970387035065	0.015202841502067582	0.9343197618820649	1
s__Holdemania_filiformis	steroids_at_surgery	Y	-0.6359856140281478	0.38169388014078437	0.10984602215868818	1
s__Holdemania_filiformis	grade_category	HIGH	0.23397921839684135	0.6406513271097608	0.7184343202270056	1
s__Holdemania_filiformis	glioma_idh_mutation	MUTANT	-0.3798801737297457	0.7008272373404623	0.5932356165159427	1
s__Hungatella_hathewayi	glioma_progression_overall	Y	-1.5427775138837057	0.7087514164989545	0.03613756712598527	1
s__Hungatella_hathewayi	age_at	SURGERY	-0.06186409984255917	0.020590450858326437	0.0048199174518611995	0.9206042333054891
s__Hungatella_hathewayi	steroids_at_surgery	Y	-1.3400792031948605	0.9203933434052322	0.15406307814032313	1
s__Hungatella_hathewayi	grade_category	HIGH	0.2295442988237946	1.1629917197958466	0.8446450945955953	1
s__Hungatella_hathewayi	glioma_idh_mutation	MUTANT	-0.5717597654625737	0.9890387364089077	0.5667979336786308	1
s__Hydrogeniiclostidium_mannosilyticum	glioma_progression_overall	Y	-0.4760154758798063	0.5558312718581782	0.40368562024488086	1
s__Hydrogeniiclostidium_mannosilyticum	age_at	SURGERY	-0.04466559892682649	0.01850893700528955	0.027385360626670678	1
s__Hydrogeniiclostidium_mannosilyticum	steroids_at_surgery	Y	-1.0426773547890058	0.4432608402360156	0.030967133687559698	1
s__Hydrogeniiclostidium_mannosilyticum	grade_category	HIGH	0.409445293533943	0.7952747123224966	0.6132886126870971	1
s__Hydrogeniiclostidium_mannosilyticum	glioma_idh_mutation	MUTANT	-0.558650068528586	0.7904861257884164	0.48931659722171095	1
s__Intestinibacter_bartlettii	glioma_progression_overall	Y	0.17133129705476297	0.387573611991414	0.6640170335408349	1
s__Intestinibacter_bartlettii	age_at	SURGERY	-0.027964596144972643	0.016519647276517804	0.10873614517600144	1
s__Intestinibacter_bartlettii	steroids_at_surgery	Y	-2.190891007126797	0.5582606072525164	0.0010920989823579145	0.1954857178420667
s__Intestinibacter_bartlettii	grade_category	HIGH	1.6421078334719588	0.5818526668274684	0.011743136382254504	1
s__Intestinibacter_bartlettii	glioma_idh_mutation	MUTANT	-0.3629675155566229	0.47326158731801604	0.45363200089214106	1
s__Intestinimonas_butyriciproducens	glioma_progression_overall	Y	-0.4582872582421619	0.4316437682044992	0.29892793362565884	1
s__Intestinimonas_butyriciproducens	age_at	SURGERY	-0.05371202374197102	0.017155663664504314	0.004538182552988896	0.8758692327268569
s__Intestinimonas_butyriciproducens	steroids_at_surgery	Y	0.8048136588622653	0.5461686219567712	0.15359544398064626	1
s__Intestinimonas_butyriciproducens	grade_category	HIGH	0.11605469399763864	1.0934875632728913	0.9163592696900184	1
s__Intestinimonas_butyriciproducens	glioma_idh_mutation	MUTANT	-0.7637187249719558	0.7785924980251395	0.3364290498797746	1
s__Intestinimonas_gabonensis	glioma_progression_overall	Y	0.18047712803619756	0.4173185888553317	0.6730708482792556	1
s__Intestinimonas_gabonensis	age_at	SURGERY	0.05338195147284208	0.016340588848784195	0.006742702193886879	1
s__Intestinimonas_gabonensis	steroids_at_surgery	Y	-0.1565662416280606	0.44143125654787846	0.7289853788032481	1
s__Intestinimonas_gabonensis	grade_category	HIGH	0.3367008642808931	0.5816407077444143	0.573374897677825	1
s__Intestinimonas_gabonensis	glioma_idh_mutation	MUTANT	1.3260043936412265	0.49986421203036757	0.021072554256949396	1
s__Intestinimonas_massiliensis	glioma_progression_overall	Y	-0.6974664417949918	0.6213640391499792	0.27822237246422793	1
s__Intestinimonas_massiliensis	age_at	SURGERY	0.04483702381825107	0.016042839594216003	0.01297900283156031	1
s__Intestinimonas_massiliensis	steroids_at_surgery	Y	-0.14938692792565952	0.3692282791422742	0.6911344796589196	1
s__Intestinimonas_massiliensis	grade_category	HIGH	-1.2411438402185762	0.5582352981107876	0.04094764442728188	1
s__Intestinimonas_massiliensis	glioma_idh_mutation	MUTANT	1.7011467773611313	0.39876369924626426	5.910548559664062e-4	0.10875409349781874
s__Isoptericola_variabilis	glioma_progression_overall	Y	0.8713779952067202	0.4718327315305861	0.07891786089059678	1
s__Isoptericola_variabilis	age_at	SURGERY	-0.029010810653968398	0.016210716017294534	0.08794988973119496	1
s__Isoptericola_variabilis	steroids_at_surgery	Y	-0.21171728930292322	0.481750759912108	0.6648067758714882	1
s__Isoptericola_variabilis	grade_category	HIGH	-0.43892446264559293	0.6829951133226523	0.527408261671873	1
s__Isoptericola_variabilis	glioma_idh_mutation	MUTANT	-0.06685475307391844	0.5681455554767668	0.9074458805416372	1
s__Klebsiella_pneumoniae	glioma_progression_overall	Y	-4.237247523368738	0.413543533870982	1.2713610586864363e-6	2.580862949133466e-4
s__Klebsiella_pneumoniae	age_at	SURGERY	-0.004744960929662187	0.017076512057480283	0.7867763810494506	1
s__Klebsiella_pneumoniae	steroids_at_surgery	Y	3.850930451605973	0.3608656035619173	8.735207227530813e-7	1.7470414455061627e-4
s__Klebsiella_pneumoniae	grade_category	HIGH	-0.9075797417840135	0.4811347491686802	0.08859558514658765	1
s__Klebsiella_pneumoniae	glioma_idh_mutation	MUTANT	-5.012573310016814	0.44881520977847184	5.72257563445688e-7	1.1559602781602898e-4
s__Lachnoclostridium_sp_An138	glioma_progression_overall	Y	-1.0224599256911366	0.4533599086426635	0.0477485576673532	1
s__Lachnoclostridium_sp_An138	age_at	SURGERY	-0.013061633070013262	0.01614150709071856	0.43723243007823465	1
s__Lachnoclostridium_sp_An138	steroids_at_surgery	Y	-0.43611170930498194	0.3137576480447524	0.19470274391128092	1
s__Lachnoclostridium_sp_An138	grade_category	HIGH	NA	NA	1	1
s__Lachnoclostridium_sp_An138	glioma_idh_mutation	MUTANT	0.8765297331250644	0.3611496994359581	0.035629265519611694	1
s__Lachnospira_eligens	glioma_progression_overall	Y	0.6228387492260781	0.7513064578342716	0.4143691912422194	1
s__Lachnospira_eligens	age_at	SURGERY	-0.01481738206963445	0.019943076217644833	0.4639075559977376	1
s__Lachnospira_eligens	steroids_at_surgery	Y	-0.5225502239273101	0.7955795997031407	0.5168584072452957	1
s__Lachnospira_eligens	grade_category	HIGH	-1.4863133639574109	0.9048630035230623	0.11206652485271545	1
s__Lachnospira_eligens	glioma_idh_mutation	MUTANT	0.042698361065693954	0.7300940469292787	0.9537943096315713	1
s__Lachnospira_pectinoschiza	glioma_progression_overall	Y	1.3707907799934582	0.4752590269623329	0.01135017020228723	1
s__Lachnospira_pectinoschiza	age_at	SURGERY	-0.003712973764900539	0.016860144533127282	0.8286674741107078	1
s__Lachnospira_pectinoschiza	steroids_at_surgery	Y	2.1457456010729015	0.548403902859914	0.0013848625160868305	0.24650552786345584
s__Lachnospira_pectinoschiza	grade_category	HIGH	-3.58373921230171	0.7037148029603522	1.3242531353261215e-4	0.024498683003533247
s__Lachnospira_pectinoschiza	glioma_idh_mutation	MUTANT	-0.31609518713002677	0.6043074554917888	0.6085661838971149	1
s__Lachnospiraceae_bacterium	glioma_progression_overall	Y	0.7096678831309384	0.460965330625718	0.13100336251120595	1
s__Lachnospiraceae_bacterium	age_at	SURGERY	-0.010777308626238895	0.015943413513890937	0.502677761844761	1
s__Lachnospiraceae_bacterium	steroids_at_surgery	Y	-1.0002311030386553	0.588274863970069	0.09630172562456757	1
s__Lachnospiraceae_bacterium	grade_category	HIGH	0.4782430675948608	0.7949861568229044	0.550616354016757	1
s__Lachnospiraceae_bacterium	glioma_idh_mutation	MUTANT	-0.26101363943031636	0.5149315616734228	0.6148216805264289	1
s__Lachnospiraceae_bacterium_NSJ_29	glioma_progression_overall	Y	-0.1473242001817405	0.5349109344592942	0.7845696919851248	1
s__Lachnospiraceae_bacterium_NSJ_29	age_at	SURGERY	-0.01659990536833944	0.016549054146436183	0.3225206611160829	1
s__Lachnospiraceae_bacterium_NSJ_29	steroids_at_surgery	Y	-1.7398958569445366	0.3920342949006831	8.2424014053072e-5	0.01566056267008368
s__Lachnospiraceae_bacterium_NSJ_29	grade_category	HIGH	-0.9021232619260992	0.6210735320551344	0.15501743648148572	1
s__Lachnospiraceae_bacterium_NSJ_29	glioma_idh_mutation	MUTANT	-0.3333486080270485	0.541472502774451	0.5420093058387617	1
s__Lachnospiraceae_bacterium_WCA3_601_WT_6H	glioma_progression_overall	Y	-1.006306840264441	0.5088903777070654	0.06268178960042126	1
s__Lachnospiraceae_bacterium_WCA3_601_WT_6H	age_at	SURGERY	-0.007105446078472394	0.015280222678267699	0.6472098778412135	1
s__Lachnospiraceae_bacterium_WCA3_601_WT_6H	steroids_at_surgery	Y	0.5802801819718248	0.47184729596175023	0.23378147210346215	1
s__Lachnospiraceae_bacterium_WCA3_601_WT_6H	grade_category	HIGH	-1.7286729421952722	0.7262529874756622	0.027926735145646683	1
s__Lachnospiraceae_bacterium_WCA3_601_WT_6H	glioma_idh_mutation	MUTANT	0.3686425569752403	0.7964806851050751	0.648736656557908	1
s__Lacrimispora_amygdalina	glioma_progression_overall	Y	-0.615557812949256	0.49763558440094235	0.22858168630732542	1
s__Lacrimispora_amygdalina	age_at	SURGERY	-3.282052824447199e-4	0.019186316553615787	0.9864994079831522	1
s__Lacrimispora_amygdalina	steroids_at_surgery	Y	1.9617450412507305	0.8288012437705432	0.02672933571371864	1
s__Lacrimispora_amygdalina	grade_category	HIGH	-2.2955374582099948	0.9317850536401846	0.021661074823198394	1
s__Lacrimispora_amygdalina	glioma_idh_mutation	MUTANT	0.12592401900081257	0.8638086316692288	0.8853669844568444	1
s__Lacrimispora_celerecrescens	glioma_progression_overall	Y	0.29739680431962784	0.5122994017781444	0.5677461688491523	1
s__Lacrimispora_celerecrescens	age_at	SURGERY	-0.03843747915755396	0.0197862167843954	0.06558907422373562	1
s__Lacrimispora_celerecrescens	steroids_at_surgery	Y	0.03172936639620467	0.791486569039073	0.9684013999984707	1
s__Lacrimispora_celerecrescens	grade_category	HIGH	-2.0887035994094796	1.2280531467215585	0.10373862052877722	1
s__Lacrimispora_celerecrescens	glioma_idh_mutation	MUTANT	-0.5365301194024047	0.8615351196439663	0.5401463814187375	1
s__Lactococcus_lactis	glioma_progression_overall	Y	0.013622717588000472	0.36457386394576324	0.9706043651933033	1
s__Lactococcus_lactis	age_at	SURGERY	-0.011987551193600055	0.01629777997539095	0.4714914264966663	1
s__Lactococcus_lactis	steroids_at_surgery	Y	-1.7576654262533347	0.482997461420992	0.0018767086608964083	0.33030072431776786
s__Lactococcus_lactis	grade_category	HIGH	-0.13681106791571654	0.6538369607144451	0.8366080736937631	1
s__Lactococcus_lactis	glioma_idh_mutation	MUTANT	-2.241800450018322	0.5239922267643572	4.523405785102295e-4	0.08413534760290269
s__Lactonifactor_sp_BIOML_A6	glioma_progression_overall	Y	-0.2011160155328091	0.3791056975943294	0.6101700855362893	1
s__Lactonifactor_sp_BIOML_A6	age_at	SURGERY	-0.026806599930736533	0.018410392878205034	0.18347129131762585	1
s__Lactonifactor_sp_BIOML_A6	steroids_at_surgery	Y	-0.7909294712979134	0.5195875921051941	0.16645009066256858	1
s__Lactonifactor_sp_BIOML_A6	grade_category	HIGH	-0.26553939319280384	0.551063834028686	0.6428066124431301	1
s__Lactonifactor_sp_BIOML_A6	glioma_idh_mutation	MUTANT	0.5423676887961848	0.4767353491807486	0.2881815471264529	1
s__Lawsonibacter_sp_NSJ_51	glioma_progression_overall	Y	NA	NA	1	1
s__Lawsonibacter_sp_NSJ_51	age_at	SURGERY	NA	NA	1	1
s__Lawsonibacter_sp_NSJ_51	steroids_at_surgery	Y	NA	NA	1	1
s__Lawsonibacter_sp_NSJ_51	grade_category	HIGH	NA	NA	1	1
s__Lawsonibacter_sp_NSJ_51	glioma_idh_mutation	MUTANT	NA	NA	1	1
s__Longicatena_caecimuris	glioma_progression_overall	Y	-0.7970717332528732	0.497516740558372	0.13144922667071948	1
s__Longicatena_caecimuris	age_at	SURGERY	0.0041435806977766915	0.021228377444415	0.8480481216313256	1
s__Longicatena_caecimuris	steroids_at_surgery	Y	-1.6077409609128321	0.5602732082196037	0.012363285597601885	1
s__Longicatena_caecimuris	grade_category	HIGH	-0.11605795115606152	1.0852168081390814	0.9163504308874076	1
s__Longicatena_caecimuris	glioma_idh_mutation	MUTANT	-0.15926305926084777	0.7875659370098052	0.8426524159571289	1
s__Massilimaliae_timonensis	glioma_progression_overall	Y	-1.5648256260396045	0.5084251073794497	0.00550331287973903	1
s__Massilimaliae_timonensis	age_at	SURGERY	0.005718693441224314	0.017208963829957832	0.7428014093020192	1
s__Massilimaliae_timonensis	steroids_at_surgery	Y	-1.0960623199071629	0.6460602615897861	0.10389077979391792	1
s__Massilimaliae_timonensis	grade_category	HIGH	1.3912994420419482	0.7942982058339785	0.0937719329335974	1
s__Massilimaliae_timonensis	glioma_idh_mutation	MUTANT	0.25740954857625736	0.5670179885733134	0.6542967701914085	1
s__Massilioclostridium_coli	glioma_progression_overall	Y	-0.2831753789173197	0.45838313175578455	0.5493026970940649	1
s__Massilioclostridium_coli	age_at	SURGERY	-0.034073663481544635	0.014658322951740193	0.0402554930705007	1
s__Massilioclostridium_coli	steroids_at_surgery	Y	-1.7557942201621728	0.32240118812211294	2.0205948375080166e-4	0.03758306397764911
s__Massilioclostridium_coli	grade_category	HIGH	1.6653269805872986	0.4677173100623564	0.0044686047765825606	0.7105081594766272
s__Massilioclostridium_coli	glioma_idh_mutation	MUTANT	-0.48041513840351885	0.38421743222921173	0.23710806962452746	1
s__Mediterraneibacter_butyricigenes	glioma_progression_overall	Y	0.22940387986827324	0.5195173354376362	0.6655432364314448	1
s__Mediterraneibacter_butyricigenes	age_at	SURGERY	-0.011471579331089636	0.017461138059185782	0.5218494957714283	1
s__Mediterraneibacter_butyricigenes	steroids_at_surgery	Y	-1.912528175971709	0.5234151964195013	0.0026044350891363663	0.45056727042059136
s__Mediterraneibacter_butyricigenes	grade_category	HIGH	0.4296614115264666	0.5866023209119132	0.47597400217442687	1
s__Mediterraneibacter_butyricigenes	glioma_idh_mutation	MUTANT	0.03833905834674627	0.5042114595814347	0.9404650572303855	1
s__Mediterraneibacter_glycyrrhizinilyticus	glioma_progression_overall	Y	1.151663671880317	0.5803941576047915	0.06044650780910602	1
s__Mediterraneibacter_glycyrrhizinilyticus	age_at	SURGERY	0.020921497648242537	0.01644731250113671	0.21726826734746096	1
s__Mediterraneibacter_glycyrrhizinilyticus	steroids_at_surgery	Y	1.3307806028461862	0.45909561480351074	0.008589957631771686	1
s__Mediterraneibacter_glycyrrhizinilyticus	grade_category	HIGH	-4.97226760227541	0.934246815873208	2.812002087800052e-5	0.005370923987698099
s__Mediterraneibacter_glycyrrhizinilyticus	glioma_idh_mutation	MUTANT	0.1222526667832484	0.717248834587198	0.866290363717269	1
s__Monoglobus_pectinilyticus	glioma_progression_overall	Y	-0.13524669119784732	0.43702101982436486	0.7633131903413349	1
s__Monoglobus_pectinilyticus	age_at	SURGERY	0.007550788786846053	0.01800276602858049	0.6837741847404537	1
s__Monoglobus_pectinilyticus	steroids_at_surgery	Y	0.20004712143604603	0.3968960620123545	0.6251593130940042	1
s__Monoglobus_pectinilyticus	grade_category	HIGH	-0.9575272638505276	0.6419349591314628	0.1666536844092232	1
s__Monoglobus_pectinilyticus	glioma_idh_mutation	MUTANT	0.779283374956669	0.6861979352952206	0.2825864661699363	1
s__Neglecta_timonensis	glioma_progression_overall	Y	1.2131922310951477	0.3663989707590982	0.006939683639317286	1
s__Neglecta_timonensis	age_at	SURGERY	-0.04442986895171937	0.015682524413156023	0.016282151846306183	1
s__Neglecta_timonensis	steroids_at_surgery	Y	-0.022044095517922566	0.400786889579974	0.9571231209207809	1
s__Neglecta_timonensis	grade_category	HIGH	-4.067236412728693	0.5500748790769311	1.3702305876868176e-5	0.0026582473401124264
s__Neglecta_timonensis	glioma_idh_mutation	MUTANT	-3.0588023231078436	0.572832128433261	2.3748848644142116e-4	0.045360300910311444
s__Neobittarella_massiliensis	glioma_progression_overall	Y	0.4557320787824367	0.38389717331510625	0.26018421278930914	1
s__Neobittarella_massiliensis	age_at	SURGERY	-0.009022494222701908	0.015228352727175317	0.5655094686804617	1
s__Neobittarella_massiliensis	steroids_at_surgery	Y	0.5801701427064259	0.3820021005128423	0.1570278407781609	1
s__Neobittarella_massiliensis	grade_category	HIGH	-0.42000843696319423	0.5613077238198118	0.46999516401857266	1
s__Neobittarella_massiliensis	glioma_idh_mutation	MUTANT	0.20374765615828674	0.4915961496677705	0.6865035832746075	1
s__Odoribacter_splanchnicus	glioma_progression_overall	Y	-0.2177951710705303	0.37232656088930194	0.5626786670482125	1
s__Odoribacter_splanchnicus	age_at	SURGERY	-0.030926661940421523	0.016978672181848665	0.07789105244094072	1
s__Odoribacter_splanchnicus	steroids_at_surgery	Y	0.659133737712051	0.42605250597146477	0.13167990005428934	1
s__Odoribacter_splanchnicus	grade_category	HIGH	-1.5800509242662935	0.5195558852718153	0.004675216154905008	0.7386841524749913
s__Odoribacter_splanchnicus	glioma_idh_mutation	MUTANT	-0.5268406746820314	0.47879909657775793	0.2793938249554748	1
s__Oscillibacter_sp_ER4	glioma_progression_overall	Y	0.1278536119225993	0.5095974638458962	0.8049054084317805	1
s__Oscillibacter_sp_ER4	age_at	SURGERY	0.043861841948819466	0.014965494996618815	0.009331169648842723	1
s__Oscillibacter_sp_ER4	steroids_at_surgery	Y	-0.11117711696939434	0.4981186882093267	0.8260443804285829	1
s__Oscillibacter_sp_ER4	grade_category	HIGH	-1.2605676760954279	0.5043801973531408	0.022983480283588917	1
s__Oscillibacter_sp_ER4	glioma_idh_mutation	MUTANT	0.27685690502461796	0.4199276841495763	0.5185373325098186	1
s__Parabacteroides_distasonis	glioma_progression_overall	Y	0.0031575653798850832	0.4437848210555063	0.9943593055259097	1
s__Parabacteroides_distasonis	age_at	SURGERY	-0.037332081899691484	0.016885157205595476	0.032971784023394665	1
s__Parabacteroides_distasonis	steroids_at_surgery	Y	0.8092649522391087	0.4899046076674702	0.10658874391868967	1
s__Parabacteroides_distasonis	grade_category	HIGH	-3.3210459793998197	0.5785388283472281	1.1880239434961498e-6	2.387928126427261e-4
s__Parabacteroides_distasonis	glioma_idh_mutation	MUTANT	-0.46836457309958396	0.45962273632355904	0.3144737187413781	1
s__Parabacteroides_goldsteinii	glioma_progression_overall	Y	0.040911890930418235	0.5652687660632865	0.9438856023307698	1
s__Parabacteroides_goldsteinii	age_at	SURGERY	-0.06675773933780879	0.01470601257217367	0.0014069485968714673	0.27857582218055055
s__Parabacteroides_goldsteinii	steroids_at_surgery	Y	-0.7339109439260434	0.39053382635077655	0.09291736197899733	1
s__Parabacteroides_goldsteinii	grade_category	HIGH	-4.627626153928671	0.6613045828373728	6.340660040298781e-5	0.011920440875761707
s__Parabacteroides_goldsteinii	glioma_idh_mutation	MUTANT	-3.9813990135879562	0.5822308676330802	7.573112405486538e-5	0.014843300314753614
s__Parabacteroides_merdae	glioma_progression_overall	Y	0.316443638866692	0.45827363029163765	0.4945592507958736	1
s__Parabacteroides_merdae	age_at	SURGERY	-0.019514804686881878	0.01758297754184413	0.27484370451921103	1
s__Parabacteroides_merdae	steroids_at_surgery	Y	-0.6698772039417779	0.46697919847127756	0.16056697487914132	1
s__Parabacteroides_merdae	grade_category	HIGH	-0.902979043808637	0.6778741147721424	0.19169631011978217	1
s__Parabacteroides_merdae	glioma_idh_mutation	MUTANT	0.011005314352769515	0.5942968758013536	0.9853336976611001	1
s__Paraprevotella_clara	glioma_progression_overall	Y	1.9967195295518299	0.38373123708003914	5.614758799350366e-4	0.11173370010707229
s__Paraprevotella_clara	age_at	SURGERY	-0.014642065480695845	0.01543527619903014	0.3675931302220917	1
s__Paraprevotella_clara	steroids_at_surgery	Y	-2.0288420564848106	0.33457542144974983	1.8727919684075468e-4	0.035021209809221125
s__Paraprevotella_clara	grade_category	HIGH	-2.830921430224049	0.4363501486401391	1.1305372281610655e-4	0.02102799244379582
s__Paraprevotella_clara	glioma_idh_mutation	MUTANT	-0.4707354312417695	0.39565133409000425	0.2645741462916352	1
s__Parasutterella_excrementihominis	glioma_progression_overall	Y	0.5647137220766221	0.5157542564066979	0.2832198594807901	1
s__Parasutterella_excrementihominis	age_at	SURGERY	-0.025629747531386454	0.01835584979394447	0.17400753920619821	1
s__Parasutterella_excrementihominis	steroids_at_surgery	Y	1.574654390880056	0.7536543245634638	0.0462305482095125	1
s__Parasutterella_excrementihominis	grade_category	HIGH	-2.012562893459272	0.8399185229756545	0.023763376877019078	1
s__Parasutterella_excrementihominis	glioma_idh_mutation	MUTANT	0.5096897792693966	0.5393468830893816	0.35303300758354883	1
s__Phascolarctobacterium_faecium	glioma_progression_overall	Y	-0.21476300841193455	0.4268630201548207	0.6213364190175081	1
s__Phascolarctobacterium_faecium	age_at	SURGERY	-0.0032070230745913407	0.017053439834644378	0.8530582688679389	1
s__Phascolarctobacterium_faecium	steroids_at_surgery	Y	0.30254507993346397	0.42988579151019	0.49109791378249046	1
s__Phascolarctobacterium_faecium	grade_category	HIGH	-4.0524142265672465	0.6499962561984948	9.066394053424545e-6	0.001777013234471211
s__Phascolarctobacterium_faecium	glioma_idh_mutation	MUTANT	-2.481330120841936	0.5966478836369901	6.576162616905268e-4	0.11968615962767587
s__Phocaeicola_dorei	glioma_progression_overall	Y	0.1742623981478917	0.3720513306488936	0.6495536467704579	1
s__Phocaeicola_dorei	age_at	SURGERY	-0.08059511495579999	0.016059728734414778	5.22922740039566e-4	0.10510747074795276
s__Phocaeicola_dorei	steroids_at_surgery	Y	2.3604101955367423	0.31929789561972866	2.3353644024385933e-5	0.004577314228779643
s__Phocaeicola_dorei	grade_category	HIGH	-5.2362461433936485	0.6417065961010885	9.897060103513722e-6	0.0019299267201851758
s__Phocaeicola_dorei	glioma_idh_mutation	MUTANT	-3.6131319796291077	0.4951103251080201	2.608509258540663e-5	0.005164848331910513
s__Phocaeicola_massiliensis	glioma_progression_overall	Y	0.2325507324511391	0.5095255107477731	0.6538748403121507	1
s__Phocaeicola_massiliensis	age_at	SURGERY	0.027862192233875958	0.01829284358166889	0.14611379440755776	1
s__Phocaeicola_massiliensis	steroids_at_surgery	Y	0.09607099245424137	0.7434339235499403	0.8986954410812995	1
s__Phocaeicola_massiliensis	grade_category	HIGH	-3.151844686189116	0.6941112800214587	2.8936575337577537e-4	0.05208583560763957
s__Phocaeicola_massiliensis	glioma_idh_mutation	MUTANT	0.0988331965749671	0.45284704432285133	0.8298338856050381	1
s__Phocaeicola_vulgatus	glioma_progression_overall	Y	0.07238669399577238	0.5169043285568392	0.8893320746893689	1
s__Phocaeicola_vulgatus	age_at	SURGERY	-0.0060266011822105656	0.021778795835467078	0.7834210051256876	1
s__Phocaeicola_vulgatus	steroids_at_surgery	Y	0.03246995014409094	0.6498508709182721	0.9603987647292389	1
s__Phocaeicola_vulgatus	grade_category	HIGH	-0.7332017781207435	0.7647449218278008	0.34344255398324985	1
s__Phocaeicola_vulgatus	glioma_idh_mutation	MUTANT	1.0556592371507216	0.6433673317040698	0.10867305616033124	1
s__Phocea_massiliensis	glioma_progression_overall	Y	0.11425038858486061	0.4617742296322477	0.8064579920502803	1
s__Phocea_massiliensis	age_at	SURGERY	-0.00499566234848766	0.016590941981320703	0.7656389991451513	1
s__Phocea_massiliensis	steroids_at_surgery	Y	-0.505978321730367	0.40391945480273655	0.22106677788439472	1
s__Phocea_massiliensis	grade_category	HIGH	0.1685762690554018	0.7009815462645091	0.8117701509487124	1
s__Phocea_massiliensis	glioma_idh_mutation	MUTANT	0.41613117462484184	0.6013125327840516	0.4948222544581592	1
s__Romboutsia_timonensis	glioma_progression_overall	Y	0.1962010348679323	0.4311607070463652	0.6560478189650205	1
s__Romboutsia_timonensis	age_at	SURGERY	-0.04261389357880877	0.017072919478481326	0.025664523953548218	1
s__Romboutsia_timonensis	steroids_at_surgery	Y	-1.150763527723313	0.48137357197496433	0.03143047572990915	1
s__Romboutsia_timonensis	grade_category	HIGH	-0.36923911383897523	0.640821669209149	0.5736295904261857	1
s__Romboutsia_timonensis	glioma_idh_mutation	MUTANT	-2.328332863382708	0.5089489166257188	4.3275009243465615e-4	0.0809242672852807
s__Roseburia_faecis	glioma_progression_overall	Y	1.838412319151527	0.5693346063619025	0.0038584286421065816	0.7369598706423571
s__Roseburia_faecis	age_at	SURGERY	-0.03887543150098047	0.021162209026034547	0.07975436897050481	1
s__Roseburia_faecis	steroids_at_surgery	Y	1.9542982860621416	0.8254986133580222	0.027126949900143516	1
s__Roseburia_faecis	grade_category	HIGH	-4.644510471205077	1.1435521477969484	5.191740942219234e-4	0.09137464058305853
s__Roseburia_faecis	glioma_idh_mutation	MUTANT	-2.501334743270618	0.8812208326271341	0.009560469070098339	1
s__Roseburia_hominis	glioma_progression_overall	Y	1.343312163907417	0.5437704530769121	0.020104331540933242	1
s__Roseburia_hominis	age_at	SURGERY	-0.011019761309803446	0.018385766613596786	0.5539269983583317	1
s__Roseburia_hominis	steroids_at_surgery	Y	-0.5927206769717638	0.5682166253913468	0.306140953865101	1
s__Roseburia_hominis	grade_category	HIGH	-0.7109379341833886	0.8350400598626516	0.40204549148090063	1
s__Roseburia_hominis	glioma_idh_mutation	MUTANT	-0.64726417046348	0.6521912637835475	0.3297918111415603	1
s__Roseburia_intestinalis	glioma_progression_overall	Y	0.9397440288221045	0.5070703396867366	0.07671479743262989	1
s__Roseburia_intestinalis	age_at	SURGERY	-0.015115585146692766	0.018686184869800875	0.4268515253462861	1
s__Roseburia_intestinalis	steroids_at_surgery	Y	0.5203672327410723	0.6134600713609466	0.4050407623362765	1
s__Roseburia_intestinalis	grade_category	HIGH	-1.6073740003232655	0.9955885932528961	0.12005665305056189	1
s__Roseburia_intestinalis	glioma_idh_mutation	MUTANT	0.5062862039002763	0.7556124787872326	0.5095078949187386	1
s__Roseburia_inulinivorans	glioma_progression_overall	Y	-0.2487991793479998	0.5371688008835732	0.6472510808746066	1
s__Roseburia_inulinivorans	age_at	SURGERY	5.32839272132952e-4	0.01624635966877121	0.9740965584722303	1
s__Roseburia_inulinivorans	steroids_at_surgery	Y	0.38360836920257363	0.5588983440268056	0.49879987904040013	1
s__Roseburia_inulinivorans	grade_category	HIGH	-2.6233785101932794	0.9796140091657415	0.0128984766360518	1
s__Roseburia_inulinivorans	glioma_idh_mutation	MUTANT	-0.929255283249325	0.9349750930364045	0.3298031191082492	1
s__Roseburia_sp_AF02_12	glioma_progression_overall	Y	-0.41751580922573617	0.40602589560245134	0.32409120602791597	1
s__Roseburia_sp_AF02_12	age_at	SURGERY	0.021790159176052853	0.017115733770596938	0.22709098555296167	1
s__Roseburia_sp_AF02_12	steroids_at_surgery	Y	-0.24245425019037167	0.4590910756513862	0.6070459012332605	1
s__Roseburia_sp_AF02_12	grade_category	HIGH	-2.7294475226828836	0.5884475218822373	5.717712851078122e-4	0.10005997489386714
s__Roseburia_sp_AF02_12	glioma_idh_mutation	MUTANT	0.07776620241871558	0.45602930497571215	0.8674355973934721	1
s__Rothia_dentocariosa	glioma_progression_overall	Y	0.001609648804393486	0.3069697321934043	0.9959193065499765	1
s__Rothia_dentocariosa	age_at	SURGERY	0.004424931487777469	0.014477200627637396	0.7661402644474907	1
s__Rothia_dentocariosa	steroids_at_surgery	Y	-2.8662856389208526	0.28808719897729046	1.6652224970770992e-6	3.313792769183427e-4
s__Rothia_dentocariosa	grade_category	HIGH	1.6592458363033078	0.41917999933403405	0.0026937870692002163	0.4417810793488355
s__Rothia_dentocariosa	glioma_idh_mutation	MUTANT	1.229056560220134	0.3678144697370235	0.007471436344476683	1
s__Rothia_mucilaginosa	glioma_progression_overall	Y	0.861079607265508	0.4782665718985954	0.08153261333090177	1
s__Rothia_mucilaginosa	age_at	SURGERY	0.006561759674958021	0.01739428307905791	0.7085680943482059	1
s__Rothia_mucilaginosa	steroids_at_surgery	Y	-1.25632767335592	0.6177138305969923	0.050602670718096585	1
s__Rothia_mucilaginosa	grade_category	HIGH	0.24594472606096127	0.7168251570926327	0.7338370321094789	1
s__Rothia_mucilaginosa	glioma_idh_mutation	MUTANT	-0.048741806710421116	0.5749118133542294	0.9329803851825436	1
s__Ruminococcaceae_bacterium	glioma_progression_overall	Y	-0.3191234087915437	0.6775028882579854	0.640244289604458	1
s__Ruminococcaceae_bacterium	age_at	SURGERY	-0.01176563825078374	0.027515424357864863	0.6712931219026967	1
s__Ruminococcaceae_bacterium	steroids_at_surgery	Y	0.6356018027467067	0.9262536381043052	0.496642144996569	1
s__Ruminococcaceae_bacterium	grade_category	HIGH	0.03228088699123225	1.6090895460987815	0.984096533593589	1
s__Ruminococcaceae_bacterium	glioma_idh_mutation	MUTANT	-0.14054205099258205	1.2178576632164346	0.9087193929109978	1
s__Ruminococcaceae_unclassified_SGB15234	glioma_progression_overall	Y	-2.7370610775627893	0.38273216651717307	1.1620334777251938e-5	0.0023356872902276396
s__Ruminococcaceae_unclassified_SGB15234	age_at	SURGERY	0.05782732557294526	0.016627490414543013	0.004564719972790338	0.8764262347757449
s__Ruminococcaceae_unclassified_SGB15234	steroids_at_surgery	Y	-5.04421895565162	0.3631227925411093	9.321753297414685e-9	1.892315919375181e-6
s__Ruminococcaceae_unclassified_SGB15234	grade_category	HIGH	5.570348819242003	0.6170580271290678	1.0693614322664037e-6	2.1601100931781353e-4
s__Ruminococcaceae_unclassified_SGB15234	glioma_idh_mutation	MUTANT	1.0004998231865547	0.7220863233474826	0.1910912346670452	1
s__Ruminococcaceae_unclassified_SGB15265	glioma_progression_overall	Y	-0.5309625629189956	0.35362643449573133	0.15907973312990734	1
s__Ruminococcaceae_unclassified_SGB15265	age_at	SURGERY	0.06632111272022966	0.01626173328554367	0.0015305263062970963	0.301513682340528
s__Ruminococcaceae_unclassified_SGB15265	steroids_at_surgery	Y	0.08214232916816604	0.4465101353267668	0.8571128237477489	1
s__Ruminococcaceae_unclassified_SGB15265	grade_category	HIGH	-1.1237092242191724	0.6090812772776549	0.08985963403178221	1
s__Ruminococcaceae_unclassified_SGB15265	glioma_idh_mutation	MUTANT	-0.1856937314251468	0.6388187730266036	0.7762564602969164	1
s__Ruminococcus_bicirculans	glioma_progression_overall	Y	-1.5373148833289376	0.36426172853808747	8.560013136956901e-4	0.16948826011174664
s__Ruminococcus_bicirculans	age_at	SURGERY	-0.06350922492319548	0.017591885929017795	0.0028407366421471045	0.5539436452186853
s__Ruminococcus_bicirculans	steroids_at_surgery	Y	-0.36390745787645845	0.4428856732952983	0.425035211957433	1
s__Ruminococcus_bicirculans	grade_category	HIGH	-0.5792371298427421	0.7110250286058101	0.4289128610304006	1
s__Ruminococcus_bicirculans	glioma_idh_mutation	MUTANT	-1.4165804177718864	0.6570685187173141	0.04897473876742429	1
s__Ruminococcus_bromii	glioma_progression_overall	Y	1.1558261801915963	0.40916963947037477	0.01652489143685355	1
s__Ruminococcus_bromii	age_at	SURGERY	-0.0248185350583877	0.015279265454872074	0.13258861967897587	1
s__Ruminococcus_bromii	steroids_at_surgery	Y	1.3503377876133655	0.4186741090108263	0.00808291364119465	1
s__Ruminococcus_bromii	grade_category	HIGH	-3.900117375906847	0.5289277234148525	1.4057537209039725e-5	0.002713104681344667
s__Ruminococcus_bromii	glioma_idh_mutation	MUTANT	-0.5566048232200285	0.4368721312406206	0.22889915154043852	1
s__Ruminococcus_gnavus	glioma_progression_overall	Y	0.837578178446991	0.5531234856643416	0.14357977332123892	1
s__Ruminococcus_gnavus	age_at	SURGERY	-0.005574137797219855	0.021319223390529767	0.7960644272359538	1
s__Ruminococcus_gnavus	steroids_at_surgery	Y	1.2044646902405087	0.4275818021727832	0.009781846281583453	1
s__Ruminococcus_gnavus	grade_category	HIGH	-3.337364112240897	0.7756080881104536	2.6465433685146015e-4	0.04816708930696575
s__Ruminococcus_gnavus	glioma_idh_mutation	MUTANT	0.912362862249907	0.5553910292603453	0.11403992804665247	1
s__Ruminococcus_lactaris	glioma_progression_overall	Y	2.3689354903919986	0.38496003938204726	3.466964346747016e-5	0.006933928693494032
s__Ruminococcus_lactaris	age_at	SURGERY	-0.0384552515656999	0.015571557710071274	0.0281567988908532	1
s__Ruminococcus_lactaris	steroids_at_surgery	Y	-1.6021272119492789	0.4719443680745542	0.004790518928419497	0.8110658319632339
s__Ruminococcus_lactaris	grade_category	HIGH	-1.642153029034499	0.5983131257977583	0.016708127176317065	1
s__Ruminococcus_lactaris	glioma_idh_mutation	MUTANT	-1.3143913557572156	0.6323374902454673	0.0580175651724529	1
s__Ruminococcus_torques	glioma_progression_overall	Y	-0.8935270578074387	0.5833926396859472	0.13294469867571757	1
s__Ruminococcus_torques	age_at	SURGERY	-0.0018854911045674836	0.01915510026982637	0.9220460229325855	1
s__Ruminococcus_torques	steroids_at_surgery	Y	0.9900047288350464	0.7452268035476484	0.19103353676007107	1
s__Ruminococcus_torques	grade_category	HIGH	-1.5799046349958223	0.7909045977883321	0.05211256545953474	1
s__Ruminococcus_torques	glioma_idh_mutation	MUTANT	-0.20807359069209522	0.5810457932839608	0.7220190894436688	1
s__Ruthenibacterium_lactatiformans	glioma_progression_overall	Y	-0.6178702449807639	0.5646905146323723	0.27996977468404216	1
s__Ruthenibacterium_lactatiformans	age_at	SURGERY	-0.02271907606690115	0.019956455632261304	0.26124310441369253	1
s__Ruthenibacterium_lactatiformans	steroids_at_surgery	Y	-0.42721860642811343	0.7490121657658954	0.5713912532089069	1
s__Ruthenibacterium_lactatiformans	grade_category	HIGH	-1.3116571041659508	1.0391195860497968	0.21365240466295599	1
s__Ruthenibacterium_lactatiformans	glioma_idh_mutation	MUTANT	-0.9321022957648128	0.7901637398909799	0.24463209077428386	1
s__Sellimonas_intestinalis	glioma_progression_overall	Y	0.6008649392769133	0.524869750629985	0.2631387876632348	1
s__Sellimonas_intestinalis	age_at	SURGERY	-0.007482768989453675	0.017269987002819613	0.6685257133449729	1
s__Sellimonas_intestinalis	steroids_at_surgery	Y	-0.022637524618943517	0.5562574679381169	0.9678614190199422	1
s__Sellimonas_intestinalis	grade_category	HIGH	-0.026266888910478223	1.0650784043334318	0.9805204218075796	1
s__Sellimonas_intestinalis	glioma_idh_mutation	MUTANT	1.1395151153825878	0.8021204349817829	0.16777775915774262	1
s__Streptococcus_anginosus	glioma_progression_overall	Y	-0.48325972603288087	0.37977096075941846	0.22392290937904405	1
s__Streptococcus_anginosus	age_at	SURGERY	-0.050672309117363416	0.018201205749831976	0.014633575806463838	1
s__Streptococcus_anginosus	steroids_at_surgery	Y	1.0760100329173063	0.34275755191820867	0.007244440739245033	1
s__Streptococcus_anginosus	grade_category	HIGH	-1.6428843882327544	0.44615781173701247	0.0024621546710544727	0.40871767539504245
s__Streptococcus_anginosus	glioma_idh_mutation	MUTANT	-3.2304924165833806	0.38486064227488065	7.791797519873115e-7	1.566151301494496e-4
s__Streptococcus_gordonii	glioma_progression_overall	Y	NA	NA	1	1
s__Streptococcus_gordonii	age_at	SURGERY	NA	NA	1	1
s__Streptococcus_gordonii	steroids_at_surgery	Y	NA	NA	1	1
s__Streptococcus_gordonii	grade_category	HIGH	NA	NA	1	1
s__Streptococcus_gordonii	glioma_idh_mutation	MUTANT	NA	NA	1	1
s__Streptococcus_parasanguinis	glioma_progression_overall	Y	0.775931915106966	0.8273867336505341	0.35583109886343367	1
s__Streptococcus_parasanguinis	age_at	SURGERY	-0.048349788565076546	0.01994722700522333	0.0215947272333752	1
s__Streptococcus_parasanguinis	steroids_at_surgery	Y	-0.11696988096126223	0.5442669676584982	0.8312896847110725	1
s__Streptococcus_parasanguinis	grade_category	HIGH	-1.9301284895289028	1.069585708444455	0.08119227257779163	1
s__Streptococcus_parasanguinis	glioma_idh_mutation	MUTANT	-2.4650699817127286	0.847592676108446	0.006778439105039869	1
s__Streptococcus_salivarius	glioma_progression_overall	Y	0.7696141102759726	0.6790030137324965	0.2641270389839292	1
s__Streptococcus_salivarius	age_at	SURGERY	-0.04863199630596717	0.02421702095916256	0.051771692654557305	1
s__Streptococcus_salivarius	steroids_at_surgery	Y	-0.3491357773453993	0.9055051905596267	0.7019651194759169	1
s__Streptococcus_salivarius	grade_category	HIGH	-0.45380513882274603	1.2124844734673463	0.7102786671940404	1
s__Streptococcus_salivarius	glioma_idh_mutation	MUTANT	-1.4421261274900203	0.907375156089734	0.12027064096995337	1
s__Streptococcus_sp_A12	glioma_progression_overall	Y	-0.9195905630205724	0.3647245034436519	0.028408267999247595	1
s__Streptococcus_sp_A12	age_at	SURGERY	0.0028571299784020724	0.015557188392378211	0.8576269652801464	1
s__Streptococcus_sp_A12	steroids_at_surgery	Y	0.07201895884576676	0.42710428007361634	0.8691549440475452	1
s__Streptococcus_sp_A12	grade_category	HIGH	-0.25706465095035846	0.5939808705557357	0.6735358074687424	1
s__Streptococcus_sp_A12	glioma_idh_mutation	MUTANT	-1.0522486191191482	0.5382056533467066	0.07644973636808837	1
s__Streptococcus_thermophilus	glioma_progression_overall	Y	1.4367478991257385	0.5746321480513769	0.017394401023680523	1
s__Streptococcus_thermophilus	age_at	SURGERY	-0.02117865919779736	0.023235778983430138	0.3684664851391588	1
s__Streptococcus_thermophilus	steroids_at_surgery	Y	0.5935243705497703	0.9012090901104005	0.5145966117238048	1
s__Streptococcus_thermophilus	grade_category	HIGH	-2.7665249244536025	1.238680756364765	0.03220679327711238	1
s__Streptococcus_thermophilus	glioma_idh_mutation	MUTANT	-1.1526966291212415	0.856999965096682	0.1875169497526023	1
s__Sutterella_wadsworthensis	glioma_progression_overall	Y	0.5211536153056839	0.4098310197204959	0.22167870611368642	1
s__Sutterella_wadsworthensis	age_at	SURGERY	-0.005235382693573013	0.014370545788399323	0.7203939246945339	1
s__Sutterella_wadsworthensis	steroids_at_surgery	Y	0.8854770751893816	0.5285342644013589	0.11329612280938857	1
s__Sutterella_wadsworthensis	grade_category	HIGH	-0.4567773626334265	0.5073386405330049	0.38129114956100374	1
s__Sutterella_wadsworthensis	glioma_idh_mutation	MUTANT	2.22263313982411	0.39967023197165835	4.300106691981197e-5	0.008471210183202958
s__Trueperella_pyogenes	glioma_progression_overall	Y	0.9276090756846871	0.36048028890136985	0.02773519362039919	1
s__Trueperella_pyogenes	age_at	SURGERY	0.01868743089354238	0.015286802520117992	0.24956565583506854	1
s__Trueperella_pyogenes	steroids_at_surgery	Y	1.9025577773227003	0.35520899796301103	3.207765010700417e-4	0.058702099695817626
s__Trueperella_pyogenes	grade_category	HIGH	-5.40859303504713	0.5310315028519834	1.3432889378846288e-6	2.6865778757692577e-4
s__Trueperella_pyogenes	glioma_idh_mutation	MUTANT	-0.47174200940869443	0.4177684992397613	0.2851750990911847	1
s__Turicibacter_sanguinis	glioma_progression_overall	Y	0.6573900184262101	0.32095549476074253	0.07081647714027435	1
s__Turicibacter_sanguinis	age_at	SURGERY	-0.023440025347609184	0.014636622111179344	0.14373811190027885	1
s__Turicibacter_sanguinis	steroids_at_surgery	Y	0.6472116539869154	0.37126160600071056	0.11525608959326794	1
s__Turicibacter_sanguinis	grade_category	HIGH	-1.9844607770245124	0.4780302718852961	0.0024794773700865655	0.4091137660642833
s__Turicibacter_sanguinis	glioma_idh_mutation	MUTANT	-0.9037307135118916	0.3644315844061822	0.03500083344955869	1
s__Veillonella_parvula	glioma_progression_overall	Y	-0.2184895173645923	0.44163231302469025	0.6267738257155206	1
s__Veillonella_parvula	age_at	SURGERY	-0.002276282234215752	0.020765361964612494	0.9139242623654081	1
s__Veillonella_parvula	steroids_at_surgery	Y	-2.903205391340276	0.383995666645831	5.427596364391046e-7	1.0909468692426001e-4
s__Veillonella_parvula	grade_category	HIGH	2.148852765570282	0.5327732442714864	7.797446721047062e-4	0.13333633892990476
s__Veillonella_parvula	glioma_idh_mutation	MUTANT	NA	NA	1	1
