feature	metadata	value	log2fc	stderr	pval	qval
s__Barnesiella_intestinihominis	glioma_progression_overall	Y	0.44733472016511666	1.6848441597710069	0.7906203801791625	1
s__Barnesiella_intestinihominis	age_at	SURGERY	0.06868617449270202	0.04959396331612443	0.16606149827631933	1
s__Barnesiella_intestinihominis	steroids_at_surgery	Y	-4.968348952135024	1.8454527233954825	0.0070979927165009836	1
s__Barnesiella_intestinihominis	grade_category	HIGH	0.5803444832239264	2.7783568498578037	0.8345415509457794	1
s__Barnesiella_intestinihominis	glioma_idh_mutation	MUTANT	0.8418644772350916	2.0587765577518695	0.6826020901594946	1
s__Paraprevotella_clara	glioma_progression_overall	Y	0.19097637987548927	1.5952787148018746	0.9047101150295515	1
s__Paraprevotella_clara	age_at	SURGERY	0.01573922362264727	0.06099269818793494	0.7963675870955872	1
s__Paraprevotella_clara	steroids_at_surgery	Y	0.1526473584431141	2.0548309567654943	0.9407819701584375	1
s__Paraprevotella_clara	grade_category	HIGH	-2.185577333316513	2.7039319584390094	0.4189202159249364	1
s__Paraprevotella_clara	glioma_idh_mutation	MUTANT	-1.5774674603587577	2.2131869220640628	0.4759953022024184	1
s__Bacteroides_caccae	glioma_progression_overall	Y	-2.007733535999325	1.8077870110345653	0.2667393046807071	1
s__Bacteroides_caccae	age_at	SURGERY	0.0887674650270351	0.048044489859972124	0.06465882686844257	1
s__Bacteroides_caccae	steroids_at_surgery	Y	2.53316963576712	2.1562002931250426	0.24006257840876674	1
s__Bacteroides_caccae	grade_category	HIGH	2.162351368325451	3.641067512616828	0.5525934433333917	1
s__Bacteroides_caccae	glioma_idh_mutation	MUTANT	3.956100988664603	2.686658491447107	0.14088627260230702	1
s__Bacteroides_xylanisolvens	glioma_progression_overall	Y	2.0168922537060734	1.9593420732456353	0.30330480908969804	1
s__Bacteroides_xylanisolvens	age_at	SURGERY	0.039502106193913505	0.07674741980920016	0.6067607682002782	1
s__Bacteroides_xylanisolvens	steroids_at_surgery	Y	-1.5275236123769187	1.8822568281820449	0.4170565752439785	1
s__Bacteroides_xylanisolvens	grade_category	HIGH	1.666296011033653	2.9539313322532736	0.5726899146741344	1
s__Bacteroides_xylanisolvens	glioma_idh_mutation	MUTANT	0.9032266596775551	2.677609172519169	0.7358713117171247	1
s__Bacteroides_ovatus	glioma_progression_overall	Y	-0.7211792214498455	0.8686288264328195	0.40639736107720337	1
s__Bacteroides_ovatus	age_at	SURGERY	-0.013536641276566624	0.04255471506364974	0.7504093257809736	1
s__Bacteroides_ovatus	steroids_at_surgery	Y	-1.3711746640172278	1.1945591341206412	0.2510305053437489	1
s__Bacteroides_ovatus	grade_category	HIGH	2.271511659493931	2.4318400358350623	0.3502671839785396	1
s__Bacteroides_ovatus	glioma_idh_mutation	MUTANT	0.2863551592664273	1.4334015011867758	0.8416579869415466	1
s__Bacteroides_finegoldii	glioma_progression_overall	Y	0.030220565735292026	1.686076868637289	0.9856998027294891	1
s__Bacteroides_finegoldii	age_at	SURGERY	0.07062470151410115	0.06369927792563192	0.26755073319629247	1
s__Bacteroides_finegoldii	steroids_at_surgery	Y	-1.464287422420542	2.043195589821379	0.4735806290350923	1
s__Bacteroides_finegoldii	grade_category	HIGH	1.9445907727928198	3.0253572001985622	0.5203772293037641	1
s__Bacteroides_finegoldii	glioma_idh_mutation	MUTANT	1.7515169720684771	2.5834342360897318	0.49778431810116036	1
s__Bacteroides_thetaiotaomicron	glioma_progression_overall	Y	1.9631523784549438	1.5569142298388516	0.20733579984901165	1
s__Bacteroides_thetaiotaomicron	age_at	SURGERY	0.029356106351342344	0.06778966239334863	0.6649806636793592	1
s__Bacteroides_thetaiotaomicron	steroids_at_surgery	Y	-1.7978512364152872	1.398390851681446	0.19856273213968967	1
s__Bacteroides_thetaiotaomicron	grade_category	HIGH	-1.5889447407213222	2.7771061231953893	0.5672146322701304	1
s__Bacteroides_thetaiotaomicron	glioma_idh_mutation	MUTANT	-0.41941996719233404	2.155903649868825	0.8457492758239018	1
s__Bacteroides_nordii	glioma_progression_overall	Y	-2.0175867597801034	1.4161762498377348	0.15425201419378448	1
s__Bacteroides_nordii	age_at	SURGERY	0.10670166141258039	0.040512360331273485	0.008443393825390933	1
s__Bacteroides_nordii	steroids_at_surgery	Y	0.8873598832106554	1.4252004324554821	0.5335335318983925	1
s__Bacteroides_nordii	grade_category	HIGH	1.7579951908593756	2.3895518645517075	0.4619128097192109	1
s__Bacteroides_nordii	glioma_idh_mutation	MUTANT	3.7642896090915006	1.892582744625792	0.0467045547696897	1
s__Bacteroides_fragilis	glioma_progression_overall	Y	1.2538487860247531	1.8592898158926032	0.5000762772104905	1
s__Bacteroides_fragilis	age_at	SURGERY	-0.04567821099981557	0.06151380990926479	0.45774302999939037	1
s__Bacteroides_fragilis	steroids_at_surgery	Y	-0.7223952523497882	2.128471485036255	0.7343112389117172	1
s__Bacteroides_fragilis	grade_category	HIGH	0.5675710539907572	3.384586682405652	0.8668249058013243	1
s__Bacteroides_fragilis	glioma_idh_mutation	MUTANT	-0.16803203199855457	2.792810721564615	0.9520234868398575	1
s__Bacteroides_cellulosilyticus	glioma_progression_overall	Y	3.157454758753408	1.6078901583276044	0.049561944320619	1
s__Bacteroides_cellulosilyticus	age_at	SURGERY	0.07831311597017952	0.04816272663543271	0.10394734771752635	1
s__Bacteroides_cellulosilyticus	steroids_at_surgery	Y	-1.2354733300179885	1.5542721678195568	0.4266782678064977	1
s__Bacteroides_cellulosilyticus	grade_category	HIGH	-0.5137444547188499	2.9028213339390225	0.8595232509528767	1
s__Bacteroides_cellulosilyticus	glioma_idh_mutation	MUTANT	3.031321099693817	2.4588857529182486	0.2176493679037778	1
s__Bacteroides_uniformis	glioma_progression_overall	Y	0.32432957800695783	0.7849450308057653	0.6794691494096541	1
s__Bacteroides_uniformis	age_at	SURGERY	0.020109492459529175	0.035386983265018275	0.5698491238541057	1
s__Bacteroides_uniformis	steroids_at_surgery	Y	0.13105459458824364	0.946119515933675	0.8898310352113229	1
s__Bacteroides_uniformis	grade_category	HIGH	2.137203943690184	2.2273229305218756	0.3372871181767856	1
s__Bacteroides_uniformis	glioma_idh_mutation	MUTANT	0.675680377818383	1.3574493699675134	0.6186550925391203	1
s__Bacteroides_stercoris	glioma_progression_overall	Y	-1.0971542713879665	2.047405061285704	0.5920445775575232	1
s__Bacteroides_stercoris	age_at	SURGERY	0.041728902928036896	0.06882007254386133	0.5442837913562601	1
s__Bacteroides_stercoris	steroids_at_surgery	Y	-2.2369244124123293	1.9861516584374828	0.2600552181381501	1
s__Bacteroides_stercoris	grade_category	HIGH	-0.6428276860834459	3.544811674512696	0.8560981565322134	1
s__Bacteroides_stercoris	glioma_idh_mutation	MUTANT	0.9978199882255099	2.9806788520487006	0.7378041280639143	1
s__Phocaeicola_dorei	glioma_progression_overall	Y	1.7129607081046347	1.9025741657644442	0.3679401558791668	1
s__Phocaeicola_dorei	age_at	SURGERY	0.02179157196423602	0.04641135741002392	0.6386901178581224	1
s__Phocaeicola_dorei	steroids_at_surgery	Y	0.5350839428266118	1.72260550778089	0.756085892953957	1
s__Phocaeicola_dorei	grade_category	HIGH	-5.386855951786927	3.335210009195694	0.1062787667560462	1
s__Phocaeicola_dorei	glioma_idh_mutation	MUTANT	-1.514272829517986	2.6724266287086076	0.5709666744002273	1
s__Phocaeicola_vulgatus	glioma_progression_overall	Y	-0.6788544758501766	0.8951181215819756	0.4482136355868351	1
s__Phocaeicola_vulgatus	age_at	SURGERY	0.007295989926874097	0.04588764512683286	0.8736713745226488	1
s__Phocaeicola_vulgatus	steroids_at_surgery	Y	0.009170653753716021	1.3175188807391192	0.9944463308532996	1
s__Phocaeicola_vulgatus	grade_category	HIGH	3.0171201988440908	3.150899362093987	0.3382934822959742	1
s__Phocaeicola_vulgatus	glioma_idh_mutation	MUTANT	3.425706288397781	2.127603305823468	0.10737067133689387	1
s__Phocaeicola_massiliensis	glioma_progression_overall	Y	-0.22383070087191947	1.868222215493454	0.9046340853552333	1
s__Phocaeicola_massiliensis	age_at	SURGERY	0.04700783276381296	0.058679655150766875	0.423078086731491	1
s__Phocaeicola_massiliensis	steroids_at_surgery	Y	1.6371114091081587	2.122232146178281	0.4404638632889061	1
s__Phocaeicola_massiliensis	grade_category	HIGH	-6.34337572191629	3.616998122629139	0.0794702608362236	1
s__Phocaeicola_massiliensis	glioma_idh_mutation	MUTANT	-1.5313831333428938	2.6942563175421808	0.5697714931354978	1
s__Parabacteroides_merdae	glioma_progression_overall	Y	-0.04598645966015713	1.4482394744009062	0.9746687465516544	1
s__Parabacteroides_merdae	age_at	SURGERY	0.041055957469272604	0.06821349464088625	0.5472577332341733	1
s__Parabacteroides_merdae	steroids_at_surgery	Y	-1.514365645950828	1.6650814490991173	0.3630944749714214	1
s__Parabacteroides_merdae	grade_category	HIGH	3.868754740246179	2.6518620165547113	0.14459748665237646	1
s__Parabacteroides_merdae	glioma_idh_mutation	MUTANT	1.1540763581413858	1.9269706430854185	0.549234850912703	1
s__Parabacteroides_goldsteinii	glioma_progression_overall	Y	0.9205729864142953	1.6742551783350683	0.5824289077376132	1
s__Parabacteroides_goldsteinii	age_at	SURGERY	0.046890140857061356	0.0455938123646604	0.3037466085200344	1
s__Parabacteroides_goldsteinii	steroids_at_surgery	Y	0.8707865829444759	1.576638986632463	0.5807389764996091	1
s__Parabacteroides_goldsteinii	grade_category	HIGH	0.4463008037703551	2.778884976066979	0.8724050885323845	1
s__Parabacteroides_goldsteinii	glioma_idh_mutation	MUTANT	3.722084594463931	2.112035691369086	0.07801509830807235	1
s__Parabacteroides_distasonis	glioma_progression_overall	Y	0.7811243515207312	1.1134712556400195	0.4829774392334375	1
s__Parabacteroides_distasonis	age_at	SURGERY	-0.034650891188710224	0.06053537585743412	0.5670460698712312	1
s__Parabacteroides_distasonis	steroids_at_surgery	Y	-0.04850000757302421	1.7761890830560219	0.9782159459497137	1
s__Parabacteroides_distasonis	grade_category	HIGH	-2.0261275943455046	3.70290381191905	0.5842601422096758	1
s__Parabacteroides_distasonis	glioma_idh_mutation	MUTANT	-2.89349814934919	2.459977085195719	0.23950309267995418	1
s__Butyricimonas_faecihominis	glioma_progression_overall	Y	-0.33183048482236943	1.574903775672847	0.8331222371323419	1
s__Butyricimonas_faecihominis	age_at	SURGERY	0.02010075229992829	0.0550725977606356	0.715121516141583	1
s__Butyricimonas_faecihominis	steroids_at_surgery	Y	-1.418102377126606	1.7308310950798862	0.4126045750894125	1
s__Butyricimonas_faecihominis	grade_category	HIGH	0.4721939449986472	2.809801113087439	0.8665420211404888	1
s__Butyricimonas_faecihominis	glioma_idh_mutation	MUTANT	0.7301891875963153	2.187904557304109	0.738576480039971	1
s__Odoribacter_splanchnicus	glioma_progression_overall	Y	-0.21993554738871496	1.5692353839700264	0.8885378468264287	1
s__Odoribacter_splanchnicus	age_at	SURGERY	-0.047071528435060815	0.04278223736199973	0.2712194255710489	1
s__Odoribacter_splanchnicus	steroids_at_surgery	Y	-0.163557859348773	1.5328179261558963	0.9150237805350172	1
s__Odoribacter_splanchnicus	grade_category	HIGH	-0.17900983902228207	2.8900996252950315	0.9506114210789653	1
s__Odoribacter_splanchnicus	glioma_idh_mutation	MUTANT	-1.5237334041240118	1.8157623504018012	0.40137388468485125	1
s__Alistipes_shahii	glioma_progression_overall	Y	-0.5703492100779445	1.7375051660937304	0.7427169284296069	1
s__Alistipes_shahii	age_at	SURGERY	0.008078251664149126	0.04270739302057136	0.8499725333567605	1
s__Alistipes_shahii	steroids_at_surgery	Y	-3.556172816517005	1.305289894215854	0.006441230357473938	1
s__Alistipes_shahii	grade_category	HIGH	2.969305990308115	2.687090964451775	0.26914822485362133	1
s__Alistipes_shahii	glioma_idh_mutation	MUTANT	-0.43947329247519784	1.9557674171569803	0.8222077503192087	1
s__Alistipes_finegoldii	glioma_progression_overall	Y	2.623572093630692	1.8720448852204283	0.16108038122499274	1
s__Alistipes_finegoldii	age_at	SURGERY	0.014137537909628127	0.05227826446009976	0.7868305392516692	1
s__Alistipes_finegoldii	steroids_at_surgery	Y	1.812377838226515	2.2864187484762817	0.42796952995467485	1
s__Alistipes_finegoldii	grade_category	HIGH	-5.133083522353309	3.967970350824401	0.19579342579578332	1
s__Alistipes_finegoldii	glioma_idh_mutation	MUTANT	-0.28810195000846256	2.776620854216569	0.9173598761334136	1
s__Alistipes_onderdonkii	glioma_progression_overall	Y	0.6055503988371136	1.9123749684384495	0.7515104359866638	1
s__Alistipes_onderdonkii	age_at	SURGERY	-0.04743164448652361	0.05087626442059726	0.35118452210500595	1
s__Alistipes_onderdonkii	steroids_at_surgery	Y	-1.9427656428359694	1.9927056754003964	0.32959072716857807	1
s__Alistipes_onderdonkii	grade_category	HIGH	-0.3143253573363096	3.5810629767501263	0.9300560509328155	1
s__Alistipes_onderdonkii	glioma_idh_mutation	MUTANT	-0.5176906483462727	2.634957009217765	0.8442421200810796	1
s__Alistipes_putredinis	glioma_progression_overall	Y	0.9333531387659759	1.5005903096982158	0.5339480175946536	1
s__Alistipes_putredinis	age_at	SURGERY	0.08527749147133469	0.04058031443671237	0.035601505006881196	1
s__Alistipes_putredinis	steroids_at_surgery	Y	-2.3172636897675907	1.3492880136069259	0.08590659136725316	1
s__Alistipes_putredinis	grade_category	HIGH	2.1493582273750045	2.506108007624917	0.39108692627265856	1
s__Alistipes_putredinis	glioma_idh_mutation	MUTANT	2.314699791121172	1.6746248519312448	0.16690419243532895	1
s__Alistipes_communis	glioma_progression_overall	Y	-1.0028277240690577	1.7187548509249309	0.5595824948524148	1
s__Alistipes_communis	age_at	SURGERY	0.0019309956505372417	0.0510990514065101	0.9698557026801743	1
s__Alistipes_communis	steroids_at_surgery	Y	-1.5614532677430242	1.798459000724096	0.3852753700537218	1
s__Alistipes_communis	grade_category	HIGH	4.185229435916888	3.24198256622948	0.19672186713456458	1
s__Alistipes_communis	glioma_idh_mutation	MUTANT	3.574045357307541	2.3690716443247686	0.13139414001284605	1
s__Alistipes_indistinctus	glioma_progression_overall	Y	-0.8957647705204836	1.558211474100157	0.5653810694995074	1
s__Alistipes_indistinctus	age_at	SURGERY	-0.004333402613433764	0.048516965145629254	0.9288297737405167	1
s__Alistipes_indistinctus	steroids_at_surgery	Y	-0.9530672235689265	1.8193610239293185	0.6003848039354944	1
s__Alistipes_indistinctus	grade_category	HIGH	-0.05996947890778026	2.8550676350991164	0.9832420070994444	1
s__Alistipes_indistinctus	glioma_idh_mutation	MUTANT	-1.3071383275242063	2.217549819739466	0.5555583592593409	1
s__Alistipes_ihumii	glioma_progression_overall	Y	0.6176605541513328	1.5851866758107218	0.6967988422795914	1
s__Alistipes_ihumii	age_at	SURGERY	-0.05863445155702734	0.04297793232702438	0.17247566585112536	1
s__Alistipes_ihumii	steroids_at_surgery	Y	-5.141731748784465	1.2904592901548602	6.764515287549496e-5	0.01393490149235196
s__Alistipes_ihumii	grade_category	HIGH	4.3624332309243465	2.4797774120770613	0.07854294121683618	1
s__Alistipes_ihumii	glioma_idh_mutation	MUTANT	0.8799854822977804	2.026124806642143	0.6640564564011473	1
s__Akkermansia_muciniphila	glioma_progression_overall	Y	-2.162778445958393	2.021034169757463	0.28455875964849037	1
s__Akkermansia_muciniphila	age_at	SURGERY	0.0862393622053125	0.06751438962950164	0.2014794581123285	1
s__Akkermansia_muciniphila	steroids_at_surgery	Y	-0.3067838262153065	2.415171536503073	0.8989217056448457	1
s__Akkermansia_muciniphila	grade_category	HIGH	1.8468932761516532	4.7838586502042695	0.6994465352298478	1
s__Akkermansia_muciniphila	glioma_idh_mutation	MUTANT	1.9187892082134252	3.6651184152660803	0.6006074227103608	1
s__Escherichia_coli	glioma_progression_overall	Y	-0.32638465617036394	1.2839260792030533	0.7993346445791306	1
s__Escherichia_coli	age_at	SURGERY	-0.0443120703769161	0.03991796559117459	0.26696525488597667	1
s__Escherichia_coli	steroids_at_surgery	Y	4.483565779400928	1.7503744467766456	0.01042243894986077	1
s__Escherichia_coli	grade_category	HIGH	-4.554441543840177	2.8544236394682425	0.11058413976016329	1
s__Escherichia_coli	glioma_idh_mutation	MUTANT	-1.954653893793089	1.9019813829270291	0.3040940289634875	1
s__Klebsiella_pneumoniae	glioma_progression_overall	Y	1.4507640576362502	1.670778393781564	0.38522121944289794	1
s__Klebsiella_pneumoniae	age_at	SURGERY	0.09950715528797217	0.043800806483687595	0.02309792637937253	1
s__Klebsiella_pneumoniae	steroids_at_surgery	Y	2.488265339655306	1.1836085377087169	0.035529585173549226	1
s__Klebsiella_pneumoniae	grade_category	HIGH	-6.599639324141373	2.108166928154991	0.0017450258626806646	0.35773030184953625
s__Klebsiella_pneumoniae	glioma_idh_mutation	MUTANT	-3.9783686028809244	1.4248050552655251	0.005234781581724962	1
s__Haemophilus_parainfluenzae	glioma_progression_overall	Y	3.1044921618437664	1.3036679480359175	0.017249224610764703	1
s__Haemophilus_parainfluenzae	age_at	SURGERY	0.017057480921709278	0.04647052806798762	0.7135741205695361	1
s__Haemophilus_parainfluenzae	steroids_at_surgery	Y	0.010892428450575795	1.7319395126503712	0.9949820169037321	1
s__Haemophilus_parainfluenzae	grade_category	HIGH	-5.016523031060542	2.5203953887651176	0.0465500322180041	1
s__Haemophilus_parainfluenzae	glioma_idh_mutation	MUTANT	-3.95162594539533	2.0200212621405567	0.050438080460527314	1
s__Sutterella_wadsworthensis	glioma_progression_overall	Y	0.1113996569746725	1.7692033491545724	0.9497935791432203	1
s__Sutterella_wadsworthensis	age_at	SURGERY	0.05502896895192286	0.05557143794150798	0.32205763243530067	1
s__Sutterella_wadsworthensis	steroids_at_surgery	Y	-6.496753149973085	1.592015036831537	4.48739035824303e-5	0.009288898041563073
s__Sutterella_wadsworthensis	grade_category	HIGH	-0.004642296936012258	3.4254827274600976	0.998918687901009	1
s__Sutterella_wadsworthensis	glioma_idh_mutation	MUTANT	-2.2230047831468807	2.4849824225635793	0.3710139695666681	1
s__Parasutterella_excrementihominis	glioma_progression_overall	Y	3.276496316272919	1.4384680832677872	0.02274041431592878	1
s__Parasutterella_excrementihominis	age_at	SURGERY	-0.08421993372848909	0.035354155182391024	0.017210519248655395	1
s__Parasutterella_excrementihominis	steroids_at_surgery	Y	1.8986770180130894	1.408341480912404	0.17760524472354458	1
s__Parasutterella_excrementihominis	grade_category	HIGH	-5.025183852741961	2.6171842047814975	0.05484872141455979	1
s__Parasutterella_excrementihominis	glioma_idh_mutation	MUTANT	-1.5750977286971986	1.9329259724977537	0.4151424795619795	1
s__Bilophila_wadsworthia	glioma_progression_overall	Y	-0.6714791725693464	1.3169400752855756	0.6101367224085938	1
s__Bilophila_wadsworthia	age_at	SURGERY	-0.01732178961259709	0.03679607426895387	0.637818543275523	1
s__Bilophila_wadsworthia	steroids_at_surgery	Y	-0.15161556099618564	1.3678891949009455	0.9117439658676365	1
s__Bilophila_wadsworthia	grade_category	HIGH	-0.3892425640342978	2.251948005608063	0.8627716549539808	1
s__Bilophila_wadsworthia	glioma_idh_mutation	MUTANT	1.6270262586075164	1.3893927445045995	0.24158507751313163	1
s__Enterococcus_faecium	glioma_progression_overall	Y	1.7810114092911673	1.7801313002078036	0.317071303049271	1
s__Enterococcus_faecium	age_at	SURGERY	-0.02917743854219427	0.04578011991314779	0.5239042988014306	1
s__Enterococcus_faecium	steroids_at_surgery	Y	0.7234561050341133	2.019105704705194	0.7201149153202631	1
s__Enterococcus_faecium	grade_category	HIGH	-6.137720410237048	2.7565550266628995	0.025974625936402727	1
s__Enterococcus_faecium	glioma_idh_mutation	MUTANT	-3.4424555931762617	1.7971542375634353	0.055428297619311846	1
s__Enterococcus_faecalis	glioma_progression_overall	Y	0.3557538640392115	1.6940987675133947	0.8336708413847719	1
s__Enterococcus_faecalis	age_at	SURGERY	-0.04082265348046934	0.06285502040438273	0.5160325404886128	1
s__Enterococcus_faecalis	steroids_at_surgery	Y	-0.5450323507539603	1.869420421795262	0.770629553084489	1
s__Enterococcus_faecalis	grade_category	HIGH	-4.752148688751719	2.663246309379066	0.07436771660669357	1
s__Enterococcus_faecalis	glioma_idh_mutation	MUTANT	-3.983101439133172	2.1028661538747206	0.058207783660646856	1
s__Lactococcus_lactis	glioma_progression_overall	Y	0.6572548926287124	1.299334550575547	0.6129692438557659	1
s__Lactococcus_lactis	age_at	SURGERY	-0.04598051905226059	0.036589975735446326	0.2088831132370079	1
s__Lactococcus_lactis	steroids_at_surgery	Y	-1.4183912309209827	1.5057307934099882	0.3461950800576423	1
s__Lactococcus_lactis	grade_category	HIGH	-1.605796522369082	2.43233477645822	0.5091336428788622	1
s__Lactococcus_lactis	glioma_idh_mutation	MUTANT	-2.0046163129223027	1.7269150459905405	0.2457201037896287	1
s__Streptococcus_salivarius	glioma_progression_overall	Y	-0.04541296643115289	0.9321373210199986	0.9611430901647229	1
s__Streptococcus_salivarius	age_at	SURGERY	-0.043028564457579126	0.03351199933742855	0.19915075403591537	1
s__Streptococcus_salivarius	steroids_at_surgery	Y	-0.8343342992619436	1.102032092605868	0.4489976721248909	1
s__Streptococcus_salivarius	grade_category	HIGH	-0.07118734314417896	2.4522145397762287	0.9768408088444631	1
s__Streptococcus_salivarius	glioma_idh_mutation	MUTANT	-3.0126089527474633	1.9038103027714528	0.11355594442357711	1
s__Streptococcus_thermophilus	glioma_progression_overall	Y	-0.017133746299386993	1.538996509192344	0.9911172837879809	1
s__Streptococcus_thermophilus	age_at	SURGERY	-0.03369445720237169	0.05003322167694117	0.5006663353543921	1
s__Streptococcus_thermophilus	steroids_at_surgery	Y	1.3603258891153476	1.4977726649501304	0.36375536934005887	1
s__Streptococcus_thermophilus	grade_category	HIGH	-3.311821146574843	2.3562013360033336	0.15984992845717405	1
s__Streptococcus_thermophilus	glioma_idh_mutation	MUTANT	-1.7019987389398377	1.7307997181532166	0.32543042379219583	1
s__Streptococcus_gordonii	glioma_progression_overall	Y	0.8954131416800314	1.0489644351039893	0.3933176231139885	1
s__Streptococcus_gordonii	age_at	SURGERY	-0.01692469283884026	0.036382164160791125	0.6417939449755994	1
s__Streptococcus_gordonii	steroids_at_surgery	Y	0.924638605247981	1.2271217157736076	0.4511483401881308	1
s__Streptococcus_gordonii	grade_category	HIGH	-1.7696314478859954	1.9869946562701624	0.37314001606974967	1
s__Streptococcus_gordonii	glioma_idh_mutation	MUTANT	-2.077651672911187	1.559260236088633	0.1827091238022783	1
s__Streptococcus_anginosus	glioma_progression_overall	Y	-0.2638072436615935	1.233434329118448	0.8306404414564807	1
s__Streptococcus_anginosus	age_at	SURGERY	-0.03715786880708029	0.03724262712615088	0.3184131352064957	1
s__Streptococcus_anginosus	steroids_at_surgery	Y	3.3375277640286933	1.2921829371010423	0.009798504402613003	1
s__Streptococcus_anginosus	grade_category	HIGH	-3.321521785742324	2.18664606626623	0.12876175797891162	1
s__Streptococcus_anginosus	glioma_idh_mutation	MUTANT	-3.191291643133484	1.6365886015022932	0.05118020699861128	1
s__Streptococcus_parasanguinis	glioma_progression_overall	Y	1.4019324905633097	1.3348540008018748	0.29360247184198834	1
s__Streptococcus_parasanguinis	age_at	SURGERY	0.012614435013394792	0.04009431315162883	0.7530509077116213	1
s__Streptococcus_parasanguinis	steroids_at_surgery	Y	2.2868060768687877	1.6711384785899455	0.17118312599355356	1
s__Streptococcus_parasanguinis	grade_category	HIGH	-2.693644581971613	2.41430438329997	0.2645496516050819	1
s__Streptococcus_parasanguinis	glioma_idh_mutation	MUTANT	-1.6098620536531667	1.9682513914537996	0.4134058067406453	1
s__Streptococcus_sp_A12	glioma_progression_overall	Y	0.5836271372914668	1.2835072760484312	0.6493158990580195	1
s__Streptococcus_sp_A12	age_at	SURGERY	-0.04818164906574961	0.03895445743580421	0.21613487929219574	1
s__Streptococcus_sp_A12	steroids_at_surgery	Y	1.2930315006196298	1.628168572431403	0.4271004514590912	1
s__Streptococcus_sp_A12	grade_category	HIGH	-3.348636627443028	1.9855393678617903	0.09169716205793024	1
s__Streptococcus_sp_A12	glioma_idh_mutation	MUTANT	-1.1074194282664447	1.33994559239491	0.4085398167038913	1
s__Holdemania_filiformis	glioma_progression_overall	Y	0.24576098608194752	1.4794220371957867	0.868062835724591	1
s__Holdemania_filiformis	age_at	SURGERY	0.020876977430245067	0.04663245299668434	0.6543754762074756	1
s__Holdemania_filiformis	steroids_at_surgery	Y	-0.4281488893265961	1.6300423384456184	0.7928117188686229	1
s__Holdemania_filiformis	grade_category	HIGH	-1.281166522666578	2.8233332601367	0.6499886190148736	1
s__Holdemania_filiformis	glioma_idh_mutation	MUTANT	1.371430214126002	2.1857392284235093	0.5303678586731222	1
s__Clostridium_innocuum	glioma_progression_overall	Y	-1.92812010869676	1.3466266479797078	0.1521967999008472	1
s__Clostridium_innocuum	age_at	SURGERY	-0.01975616994758113	0.045535645227889956	0.6643889134520616	1
s__Clostridium_innocuum	steroids_at_surgery	Y	0.5063335190360385	1.9441539695183692	0.7945251615976855	1
s__Clostridium_innocuum	grade_category	HIGH	-2.7503365592954485	2.7254029884175814	0.31290338199124135	1
s__Clostridium_innocuum	glioma_idh_mutation	MUTANT	-0.29783195053579004	2.027143799279486	0.8831936144157466	1
s__Longicatena_caecimuris	glioma_progression_overall	Y	-1.532443314932066	2.0110934568292134	0.4460629419602271	1
s__Longicatena_caecimuris	age_at	SURGERY	0.01515234182933841	0.057070300700479845	0.790621921055202	1
s__Longicatena_caecimuris	steroids_at_surgery	Y	1.0089280007270587	1.8976958587954529	0.5949618582052697	1
s__Longicatena_caecimuris	grade_category	HIGH	-2.073865366434488	3.3277071104611706	0.5331455403171059	1
s__Longicatena_caecimuris	glioma_idh_mutation	MUTANT	-2.1205151645053553	2.5334226057587848	0.4025835947535812	1
s__Erysipelatoclostridium_ramosum	glioma_progression_overall	Y	-1.9862920661899455	1.443788942737326	0.16889916882922426	1
s__Erysipelatoclostridium_ramosum	age_at	SURGERY	-0.03369644381876679	0.039850555300034354	0.3977925303257	1
s__Erysipelatoclostridium_ramosum	steroids_at_surgery	Y	2.267122178925957	1.7866330667245145	0.2044640585811016	1
s__Erysipelatoclostridium_ramosum	grade_category	HIGH	-7.187005591783898	2.121601511126199	7.052296506601104e-4	0.14598253768664285
s__Erysipelatoclostridium_ramosum	glioma_idh_mutation	MUTANT	-5.1192129997295615	1.2067643082955999	2.2143950963875904e-5	0.004561653898558437
s__Clostridium_spiroforme	glioma_progression_overall	Y	0.01792833299828961	1.1351153894461157	0.9873985098663617	1
s__Clostridium_spiroforme	age_at	SURGERY	-0.014519292806911067	0.033266056969437116	0.6625032419140979	1
s__Clostridium_spiroforme	steroids_at_surgery	Y	-0.5839787716458922	1.4671518204776393	0.6906038856399359	1
s__Clostridium_spiroforme	grade_category	HIGH	-2.3839559981909595	1.7991842871411814	0.18516436418004287	1
s__Clostridium_spiroforme	glioma_idh_mutation	MUTANT	-0.8924184487375231	1.3964307833549137	0.5227767298530339	1
s__Faecalibacillus_intestinalis	glioma_progression_overall	Y	1.3572760566925617	1.311353694236484	0.3006600140717254	1
s__Faecalibacillus_intestinalis	age_at	SURGERY	-0.05794919397625555	0.038287346496267166	0.13014411603549617	1
s__Faecalibacillus_intestinalis	steroids_at_surgery	Y	-0.9993711278731334	1.5952080173923169	0.5309980098715408	1
s__Faecalibacillus_intestinalis	grade_category	HIGH	-1.0902560944615185	2.45737805062271	0.6572837850952163	1
s__Faecalibacillus_intestinalis	glioma_idh_mutation	MUTANT	0.55984129946196	1.9895908535484297	0.778415014982352	1
s__Turicibacter_sanguinis	glioma_progression_overall	Y	1.352328147363975	1.2189179887980985	0.2672362497225657	1
s__Turicibacter_sanguinis	age_at	SURGERY	0.01139829143761578	0.035677725739652326	0.7493631582205026	1
s__Turicibacter_sanguinis	steroids_at_surgery	Y	2.6750963745309972	1.3792184520505382	0.052431472212933976	1
s__Turicibacter_sanguinis	grade_category	HIGH	-4.029544511178445	2.2129752250978885	0.0686263241147807	1
s__Turicibacter_sanguinis	glioma_idh_mutation	MUTANT	0.5621807107696019	1.6051849593708507	0.7261675982362132	1
LKT_p__Firmicutes	glioma_progression_overall	Y	-0.14842542906996553	0.5993796276346695	0.804419338904078	1
LKT_p__Firmicutes	age_at	SURGERY	0.017315668837617294	0.022851196812480087	0.44859608898201647	1
LKT_p__Firmicutes	steroids_at_surgery	Y	0.5179272161328851	1.4100207911361338	0.7133811947294468	1
LKT_p__Firmicutes	grade_category	HIGH	0.7043426343250538	1.9967057716315286	0.7242741163983308	1
LKT_p__Firmicutes	glioma_idh_mutation	MUTANT	0.04703031571467492	1.0279003716456443	0.9635065075296354	1
LKT_f__Clostridia_unclassified	glioma_progression_overall	Y	-0.7366668007945252	1.4405749300601645	0.6090919981542342	1
LKT_f__Clostridia_unclassified	age_at	SURGERY	0.005050341446684566	0.05437055674559833	0.9259929895973561	1
LKT_f__Clostridia_unclassified	steroids_at_surgery	Y	-0.6690716998651841	1.9681383089152276	0.733893002765936	1
LKT_f__Clostridia_unclassified	grade_category	HIGH	2.2417677476634275	3.809235178148641	0.5561909479722527	1
LKT_f__Clostridia_unclassified	glioma_idh_mutation	MUTANT	1.1369417669317496	2.726476041524865	0.6766780703289168	1
s__Ruminococcus_bromii	glioma_progression_overall	Y	-1.5473975187590323	1.7762612231069352	0.3836699346093794	1
s__Ruminococcus_bromii	age_at	SURGERY	-0.035625621061160934	0.06205231352535901	0.5658849992391974	1
s__Ruminococcus_bromii	steroids_at_surgery	Y	0.5814741618092822	2.2415626759668084	0.7953222230324779	1
s__Ruminococcus_bromii	grade_category	HIGH	3.4057479031726343	3.324547360287393	0.30563479549869577	1
s__Ruminococcus_bromii	glioma_idh_mutation	MUTANT	2.8412543764462193	2.613686652803875	0.27700688482926045	1
s__Clostridium_leptum	glioma_progression_overall	Y	0.27490738117124675	1.1157417812226378	0.8053805104556848	1
s__Clostridium_leptum	age_at	SURGERY	0.009409153816135933	0.03812600224753166	0.805069984270537	1
s__Clostridium_leptum	steroids_at_surgery	Y	-0.4798988794011353	1.4901600710153284	0.7474184619020634	1
s__Clostridium_leptum	grade_category	HIGH	-2.038556923134151	2.8163915376487503	0.4691770338877609	1
s__Clostridium_leptum	glioma_idh_mutation	MUTANT	-1.521323132181289	2.020835208472659	0.4515586902579085	1
s__Clostridia_unclassified_SGB4121	glioma_progression_overall	Y	1.6921645380996289	1.2659604032838518	0.18133212089455422	1
s__Clostridia_unclassified_SGB4121	age_at	SURGERY	0.044401776361103505	0.038523775284306117	0.2490823530615751	1
s__Clostridia_unclassified_SGB4121	steroids_at_surgery	Y	0.741293183595424	1.1173823886419276	0.507061967399215	1
s__Clostridia_unclassified_SGB4121	grade_category	HIGH	-0.03875806805569493	1.9775967418060134	0.9843636046383419	1
s__Clostridia_unclassified_SGB4121	glioma_idh_mutation	MUTANT	2.4069178220631358	1.3546329385058455	0.07560042083195737	1
s__Neglecta_timonensis	glioma_progression_overall	Y	1.562932194719192	1.3371709792200699	0.24247013005044418	1
s__Neglecta_timonensis	age_at	SURGERY	0.07884500560122223	0.041062959396046476	0.05484521620994831	1
s__Neglecta_timonensis	steroids_at_surgery	Y	0.6722140012347575	1.4861498977506995	0.6510391099118896	1
s__Neglecta_timonensis	grade_category	HIGH	-3.8165820877623595	2.5362188783077375	0.13236740006862405	1
s__Neglecta_timonensis	glioma_idh_mutation	MUTANT	-1.62724809429384	2.01297676375507	0.4188724512120769	1
s__Clostridia_bacterium	glioma_progression_overall	Y	-0.33144862904542105	0.45978134895534706	0.470981408248508	1
s__Clostridia_bacterium	age_at	SURGERY	0.025059095525109105	0.024328967678152034	0.3030050117364828	1
s__Clostridia_bacterium	steroids_at_surgery	Y	-0.06218608159359154	0.9113305501058201	0.9455973067885224	1
s__Clostridia_bacterium	grade_category	HIGH	-0.8751882114150158	2.15984351133628	0.6853238280710532	1
s__Clostridia_bacterium	glioma_idh_mutation	MUTANT	-0.1670827248649612	1.2451038346681107	0.8932509098526045	1
s__Hydrogeniiclostidium_mannosilyticum	glioma_progression_overall	Y	-2.0583090555479826	1.3188195281375044	0.11858964378818768	1
s__Hydrogeniiclostidium_mannosilyticum	age_at	SURGERY	0.00831295890949504	0.042630835129822534	0.845393938172212	1
s__Hydrogeniiclostidium_mannosilyticum	steroids_at_surgery	Y	-0.4903302366569059	1.5681657106813902	0.754525641696504	1
s__Hydrogeniiclostidium_mannosilyticum	grade_category	HIGH	2.8166292822253167	2.308914000898578	0.2225052337134766	1
s__Hydrogeniiclostidium_mannosilyticum	glioma_idh_mutation	MUTANT	1.4806571411984915	1.8810146832430759	0.43118894916152295	1
s__Anaeromassilibacillus_sp_An250	glioma_progression_overall	Y	-1.50362879965977	1.3022798816965586	0.2482490921294958	1
s__Anaeromassilibacillus_sp_An250	age_at	SURGERY	-0.03866046129611483	0.036595533303459764	0.29077377696705103	1
s__Anaeromassilibacillus_sp_An250	steroids_at_surgery	Y	-1.0117156612227798	1.174113260852291	0.3888609402224818	1
s__Anaeromassilibacillus_sp_An250	grade_category	HIGH	1.8050235802136552	2.185773616591585	0.4089145099867075	1
s__Anaeromassilibacillus_sp_An250	glioma_idh_mutation	MUTANT	0.0502352277235964	1.6446376038851669	0.9756325158043533	1
s__Candidatus_Avimonas_narfia	glioma_progression_overall	Y	-0.4227719467050002	1.2574517564555392	0.736710058899121	1
s__Candidatus_Avimonas_narfia	age_at	SURGERY	0.028460440654429556	0.040990468853399874	0.48748249464595833	1
s__Candidatus_Avimonas_narfia	steroids_at_surgery	Y	-0.813738606683306	1.339366408249841	0.54348272917486	1
s__Candidatus_Avimonas_narfia	grade_category	HIGH	1.9103416182503024	2.4738869633451785	0.4399945201265068	1
s__Candidatus_Avimonas_narfia	glioma_idh_mutation	MUTANT	1.2206378500371562	1.988352688287475	0.5392853537728468	1
s__Faecalibacterium_prausnitzii	glioma_progression_overall	Y	1.0596236091946445	1.2290064586830065	0.3885890016361532	1
s__Faecalibacterium_prausnitzii	age_at	SURGERY	0.03678008184064628	0.043631825750705525	0.39924827700447385	1
s__Faecalibacterium_prausnitzii	steroids_at_surgery	Y	-2.682637332080263	1.6468395282506023	0.10332127949510919	1
s__Faecalibacterium_prausnitzii	grade_category	HIGH	3.926476940492619	3.3320114579978566	0.23863303532326854	1
s__Faecalibacterium_prausnitzii	glioma_idh_mutation	MUTANT	2.918326436141979	2.1982061817127643	0.184312102572248	1
s__Faecalibacterium_SGB15346	glioma_progression_overall	Y	-0.0987684126435136	1.7164583042512316	0.9541134647840215	1
s__Faecalibacterium_SGB15346	age_at	SURGERY	-0.03897504535712619	0.054205746390017046	0.4721282605445969	1
s__Faecalibacterium_SGB15346	steroids_at_surgery	Y	-2.9757506635981255	1.4455569315802834	0.0395374037770703	1
s__Faecalibacterium_SGB15346	grade_category	HIGH	3.862065074579146	3.2038990104458542	0.22803865980635826	1
s__Faecalibacterium_SGB15346	glioma_idh_mutation	MUTANT	0.27401561391808194	2.6232631086864338	0.9168074712176179	1
s__Gemmiger_formicilis	glioma_progression_overall	Y	1.6635432081095944	1.7806214895784733	0.3501756499010762	1
s__Gemmiger_formicilis	age_at	SURGERY	-0.025374084992480644	0.04623088780272169	0.5831045009574352	1
s__Gemmiger_formicilis	steroids_at_surgery	Y	-3.078169864233593	1.7249611099698419	0.07434464178454218	1
s__Gemmiger_formicilis	grade_category	HIGH	4.318126410691982	3.160722681351635	0.17188145097119084	1
s__Gemmiger_formicilis	glioma_idh_mutation	MUTANT	1.131054681730738	2.2793578754769968	0.6197417654370064	1
s__Candidatus_Cibiobacter_qucibialis	glioma_progression_overall	Y	2.407578949195151	1.4894135183908799	0.10599466676281369	1
s__Candidatus_Cibiobacter_qucibialis	age_at	SURGERY	-0.04549380812858497	0.050356135184648314	0.36629177230149185	1
s__Candidatus_Cibiobacter_qucibialis	steroids_at_surgery	Y	-2.2694808382219542	1.3700590324189341	0.09762384674246138	1
s__Candidatus_Cibiobacter_qucibialis	grade_category	HIGH	1.4289638804375309	3.2179329589754246	0.6569972794989807	1
s__Candidatus_Cibiobacter_qucibialis	glioma_idh_mutation	MUTANT	-1.8188637714717022	2.3710770811737025	0.443019418563242	1
s__Ruthenibacterium_lactatiformans	glioma_progression_overall	Y	-1.0870629681219306	0.6105485770773674	0.07499919712638772	1
s__Ruthenibacterium_lactatiformans	age_at	SURGERY	-0.007386093500712789	0.02685617078896521	0.7832977428968082	1
s__Ruthenibacterium_lactatiformans	steroids_at_surgery	Y	0.8696114367063714	1.447637080688395	0.5480325287944741	1
s__Ruthenibacterium_lactatiformans	grade_category	HIGH	-2.468104192231376	2.702435661342544	0.3610906771004893	1
s__Ruthenibacterium_lactatiformans	glioma_idh_mutation	MUTANT	-0.7602880783019063	1.6059003360686233	0.6359034628104361	1
s__Candidatus_Schneewindia_gallinarum	glioma_progression_overall	Y	-0.4197280148504632	1.027205972251833	0.6828249029699266	1
s__Candidatus_Schneewindia_gallinarum	age_at	SURGERY	-0.01540810365409274	0.02763360478080655	0.5771273040209617	1
s__Candidatus_Schneewindia_gallinarum	steroids_at_surgery	Y	0.5613915554528264	0.9772063126376416	0.5656388264564249	1
s__Candidatus_Schneewindia_gallinarum	grade_category	HIGH	0.04924216027481698	1.5462343667960288	0.9745944599128843	1
s__Candidatus_Schneewindia_gallinarum	glioma_idh_mutation	MUTANT	-0.3562473120138808	1.268731039604418	0.7788712785178548	1
LKT_f__Marinilabiliaceae	glioma_progression_overall	Y	-1.379869987961765	1.072003359328878	0.19802872724817736	1
LKT_f__Marinilabiliaceae	age_at	SURGERY	0.015952223163122146	0.0333097471479348	0.632005814258956	1
LKT_f__Marinilabiliaceae	steroids_at_surgery	Y	-0.9655305757070781	1.050760765270787	0.358154596465688	1
LKT_f__Marinilabiliaceae	grade_category	HIGH	0.153536552287024	1.5881529333930673	0.9229835600966201	1
LKT_f__Marinilabiliaceae	glioma_idh_mutation	MUTANT	-0.13137004628002866	1.3589502941095293	0.9229882769557888	1
s__Bittarella_massiliensis	glioma_progression_overall	Y	-1.6353774376534342	1.0091964869638126	0.10513033134125441	1
s__Bittarella_massiliensis	age_at	SURGERY	0.02685561367039781	0.03363619513868113	0.42463020285353914	1
s__Bittarella_massiliensis	steroids_at_surgery	Y	-2.7356988781610285	1.0485308415939127	0.009078651379670668	1
s__Bittarella_massiliensis	grade_category	HIGH	1.6492729690764127	1.9567543809496863	0.39930589734827865	1
s__Bittarella_massiliensis	glioma_idh_mutation	MUTANT	0.7412511303829645	1.5779939056381032	0.6385388511415617	1
s__Neobittarella_massiliensis	glioma_progression_overall	Y	-0.7085314364287193	1.0923663294683896	0.5165835586859358	1
s__Neobittarella_massiliensis	age_at	SURGERY	3.773734580708142e-4	0.034772953874634985	0.9913411283205044	1
s__Neobittarella_massiliensis	steroids_at_surgery	Y	-1.207305589247902	1.322978263163472	0.3614706013423233	1
s__Neobittarella_massiliensis	grade_category	HIGH	-0.5071819019252684	2.3127897676645803	0.8264207045314715	1
s__Neobittarella_massiliensis	glioma_idh_mutation	MUTANT	0.06472717018546048	1.8273814091839957	0.9717442607434278	1
s__Anaerotruncus_rubiinfantis	glioma_progression_overall	Y	-0.14421739548782286	1.183172400937044	0.9029857930095908	1
s__Anaerotruncus_rubiinfantis	age_at	SURGERY	0.09000838232822986	0.03547636978466802	0.011176346012043105	1
s__Anaerotruncus_rubiinfantis	steroids_at_surgery	Y	0.22423924180198973	1.2453873897170906	0.8571087499046163	1
s__Anaerotruncus_rubiinfantis	grade_category	HIGH	-0.7221898277821273	2.2655840182503266	0.7499044066877775	1
s__Anaerotruncus_rubiinfantis	glioma_idh_mutation	MUTANT	1.1323761287906757	1.9394248875917717	0.559306349059857	1
s__Anaerotruncus_massiliensis	glioma_progression_overall	Y	-0.9713742581807043	1.5117148303505556	0.5205067354490346	1
s__Anaerotruncus_massiliensis	age_at	SURGERY	0.08167635734389977	0.04426220792898234	0.06499619320034808	1
s__Anaerotruncus_massiliensis	steroids_at_surgery	Y	-0.4657665897503351	1.5211168859310387	0.759452072456714	1
s__Anaerotruncus_massiliensis	grade_category	HIGH	0.13599427190955904	2.466885574349384	0.9560365525917977	1
s__Anaerotruncus_massiliensis	glioma_idh_mutation	MUTANT	0.3481428839903532	2.009017966908571	0.8624234208308657	1
s__Anaerotruncus_colihominis	glioma_progression_overall	Y	-1.9566740697661074	1.2371646667708631	0.11374563485547572	1
s__Anaerotruncus_colihominis	age_at	SURGERY	0.029217062049219096	0.0492134478783742	0.5527258590377307	1
s__Anaerotruncus_colihominis	steroids_at_surgery	Y	-1.7026273293563143	1.5573661991542738	0.2742736966105582	1
s__Anaerotruncus_colihominis	grade_category	HIGH	-0.2125130204096899	2.4300588801814453	0.9303123975138669	1
s__Anaerotruncus_colihominis	glioma_idh_mutation	MUTANT	-0.6767822221331166	2.003309055445662	0.7354896742941495	1
s__Candidatus_Pararuminococcus_gallinarum	glioma_progression_overall	Y	-0.14486232249509845	1.0100220339143318	0.8859546085232598	1
s__Candidatus_Pararuminococcus_gallinarum	age_at	SURGERY	0.004831340778999015	0.03319895961653559	0.8842949000243445	1
s__Candidatus_Pararuminococcus_gallinarum	steroids_at_surgery	Y	-0.050985603700479956	1.0374657039114485	0.9608042398980458	1
s__Candidatus_Pararuminococcus_gallinarum	grade_category	HIGH	1.3585526965353	1.6801255581324626	0.4187441790895761	1
s__Candidatus_Pararuminococcus_gallinarum	glioma_idh_mutation	MUTANT	0.9318758308199657	1.3819535981617723	0.5001093262503339	1
s__Phocea_massiliensis	glioma_progression_overall	Y	0.7163374777967217	1.1963863878891765	0.549338980414471	1
s__Phocea_massiliensis	age_at	SURGERY	0.07157746392684622	0.033555357382502905	0.03291522572500595	1
s__Phocea_massiliensis	steroids_at_surgery	Y	1.536576803788586	1.308328478111438	0.24021163881898064	1
s__Phocea_massiliensis	grade_category	HIGH	-1.2402480706318224	1.9109801663720285	0.5163309544079958	1
s__Phocea_massiliensis	glioma_idh_mutation	MUTANT	3.991218648406333	1.3004659394797726	0.0021472757233674295	0.4380442475669556
s__Candidatus_Avimicrobium_caecorum	glioma_progression_overall	Y	3.5274337887308773	1.294971093386058	0.006450668182225651	1
s__Candidatus_Avimicrobium_caecorum	age_at	SURGERY	-0.007394227084158008	0.03839449169177644	0.8472835056986435	1
s__Candidatus_Avimicrobium_caecorum	steroids_at_surgery	Y	-0.06016627045858513	1.3804535937704001	0.9652356702205818	1
s__Candidatus_Avimicrobium_caecorum	grade_category	HIGH	-2.362647972300164	2.625656460293672	0.36821001312784357	1
s__Candidatus_Avimicrobium_caecorum	glioma_idh_mutation	MUTANT	0.8936314937145107	1.9973744624999263	0.6545840497498157	1
s__Harryflintia_acetispora	glioma_progression_overall	Y	0.0723947143452027	1.0557413670721223	0.945329992498151	1
s__Harryflintia_acetispora	age_at	SURGERY	-0.015485526235527425	0.03337886336766846	0.6426963924762008	1
s__Harryflintia_acetispora	steroids_at_surgery	Y	1.083974166141606	1.175595256369273	0.35649514844091573	1
s__Harryflintia_acetispora	grade_category	HIGH	0.3704415082870707	2.1889656466573104	0.865614708760199	1
s__Harryflintia_acetispora	glioma_idh_mutation	MUTANT	1.973116283216796	1.6382290475102166	0.22842717866738882	1
s__Eubacterium_siraeum	glioma_progression_overall	Y	0.3299093879049638	1.690374427680286	0.84526032203924	1
s__Eubacterium_siraeum	age_at	SURGERY	0.08267157961451004	0.04535824640954221	0.0683585166459983	1
s__Eubacterium_siraeum	steroids_at_surgery	Y	-3.3010901599211513	2.127778746835721	0.12079975337898391	1
s__Eubacterium_siraeum	grade_category	HIGH	1.9105421772942552	3.007294738108663	0.5252310757787517	1
s__Eubacterium_siraeum	glioma_idh_mutation	MUTANT	2.05924583898636	2.3379580546858043	0.37843247409009356	1
s__Ruminococcus_bicirculans	glioma_progression_overall	Y	2.0027414625646065	1.6779732594775072	0.232654863821829	1
s__Ruminococcus_bicirculans	age_at	SURGERY	-0.059236814451132665	0.04730632679009235	0.21049828940490592	1
s__Ruminococcus_bicirculans	steroids_at_surgery	Y	0.11689619269538305	1.966961373203191	0.9526097490075921	1
s__Ruminococcus_bicirculans	grade_category	HIGH	0.0069804829910875554	3.0243657335536676	0.9981584189376865	1
s__Ruminococcus_bicirculans	glioma_idh_mutation	MUTANT	1.2200850980192104	2.099925966521846	0.56123143124337	1
s__Massilioclostridium_coli	glioma_progression_overall	Y	-0.6635618890781375	1.1035702024806493	0.5476491648577975	1
s__Massilioclostridium_coli	age_at	SURGERY	0.021772386820021573	0.036595335639230765	0.5518770419378353	1
s__Massilioclostridium_coli	steroids_at_surgery	Y	-0.7857424604720565	1.353393306029648	0.5615288473211628	1
s__Massilioclostridium_coli	grade_category	HIGH	0.40747982680990136	2.2224902656201477	0.8545282637184396	1
s__Massilioclostridium_coli	glioma_idh_mutation	MUTANT	1.06942784541958	1.6597676781737454	0.519365474563936	1
s__Massilimaliae_timonensis	glioma_progression_overall	Y	-1.1110579642518206	1.300045570031355	0.39275600601449734	1
s__Massilimaliae_timonensis	age_at	SURGERY	0.008052747205484767	0.030540639724737577	0.7920317734682842	1
s__Massilimaliae_timonensis	steroids_at_surgery	Y	-3.744565323791925	1.3090697964232232	0.00423002930927692	0.846005861855384
s__Massilimaliae_timonensis	grade_category	HIGH	0.6379437914445312	2.1390826715739912	0.7655257830754386	1
s__Massilimaliae_timonensis	glioma_idh_mutation	MUTANT	-1.5378645904145254	1.5137170606555188	0.30965201965335093	1
LKT_f__Ruminococcaceae	glioma_progression_overall	Y	-0.8196651452847292	0.7855896186370257	0.2967743074787988	1
LKT_f__Ruminococcaceae	age_at	SURGERY	0.029573949914229417	0.030988427755776374	0.33990415701359133	1
LKT_f__Ruminococcaceae	steroids_at_surgery	Y	-0.33687390675238904	1.450786233277185	0.8163819585898716	1
LKT_f__Ruminococcaceae	grade_category	HIGH	2.0200730885178197	2.883093316924343	0.4835141581517771	1
LKT_f__Ruminococcaceae	glioma_idh_mutation	MUTANT	0.6184568533320237	1.7220143826767016	0.7194848823421556	1
s__Ruminococcaceae_bacterium	glioma_progression_overall	Y	-0.9041852240828792	0.727327186946022	0.21380829264094636	1
s__Ruminococcaceae_bacterium	age_at	SURGERY	0.029768609324591966	0.030327726298686766	0.32631460916622057	1
s__Ruminococcaceae_bacterium	steroids_at_surgery	Y	0.44975720184426093	1.3857127208671456	0.7455084888527046	1
s__Ruminococcaceae_bacterium	grade_category	HIGH	1.8517097080553864	1.924579854080005	0.33598073264495176	1
s__Ruminococcaceae_bacterium	glioma_idh_mutation	MUTANT	0.21324859953380143	1.1586177705420184	0.8539708458571913	1
s__Oscillibacter_sp_ER4	glioma_progression_overall	Y	-1.2604532491164708	1.7572464219109456	0.473195891308753	1
s__Oscillibacter_sp_ER4	age_at	SURGERY	0.05250604194933977	0.0617812137386956	0.3953969898457817	1
s__Oscillibacter_sp_ER4	steroids_at_surgery	Y	-1.8879047213326365	1.987985075526065	0.3422863664887907	1
s__Oscillibacter_sp_ER4	grade_category	HIGH	1.3692232973764824	3.427585812569973	0.68954572241649	1
s__Oscillibacter_sp_ER4	glioma_idh_mutation	MUTANT	-1.5296116596746083	2.8614853960263704	0.5929599442410186	1
s__Dysosmobacter_welbionis	glioma_progression_overall	Y	1.063305091936647	0.9456767212184056	0.26084956601203374	1
s__Dysosmobacter_welbionis	age_at	SURGERY	0.09531494707088287	0.032510013860315566	0.0033693400054756227	0.687345361117027
s__Dysosmobacter_welbionis	steroids_at_surgery	Y	2.1290316050063294	1.5977269086808847	0.18268350722992607	1
s__Dysosmobacter_welbionis	grade_category	HIGH	-2.7050676374710316	2.559226855876211	0.29051785562373533	1
s__Dysosmobacter_welbionis	glioma_idh_mutation	MUTANT	2.0814641350680683	1.6051198468298842	0.1947118644101561	1
s__Dysosmobacter_sp_NSJ_60	glioma_progression_overall	Y	-0.8665568490518059	1.135339870152248	0.4453097493449998	1
s__Dysosmobacter_sp_NSJ_60	age_at	SURGERY	0.10631431628899796	0.03498184505134662	0.002372637636141987	0.4887633530452493
s__Dysosmobacter_sp_NSJ_60	steroids_at_surgery	Y	1.5766654090688175	1.528974986482297	0.3024512100848908	1
s__Dysosmobacter_sp_NSJ_60	grade_category	HIGH	-0.2852548068804497	2.493828130964514	0.9089331521622068	1
s__Dysosmobacter_sp_NSJ_60	glioma_idh_mutation	MUTANT	3.159161206558763	1.6324089552403305	0.05295648592316382	1
s__Flavonifractor_plautii	glioma_progression_overall	Y	0.31232061446895165	1.4696293382693104	0.8317040369803688	1
s__Flavonifractor_plautii	age_at	SURGERY	0.03195410075658102	0.04719744019861892	0.49838668074546294	1
s__Flavonifractor_plautii	steroids_at_surgery	Y	1.950443951954595	1.7997331023635212	0.27847979927523375	1
s__Flavonifractor_plautii	grade_category	HIGH	-5.929748832798266	2.9836172919242374	0.046874086135195205	1
s__Flavonifractor_plautii	glioma_idh_mutation	MUTANT	0.5996354838210342	2.331139898507501	0.7970024291019835	1
s__Clostridium_sp_SN20	glioma_progression_overall	Y	-0.7017168410182321	1.2034332476006941	0.5598288284236088	1
s__Clostridium_sp_SN20	age_at	SURGERY	0.01378553090069585	0.037826036300930434	0.7155253208859027	1
s__Clostridium_sp_SN20	steroids_at_surgery	Y	1.6333550121535443	1.1269491209640048	0.14723706469950273	1
s__Clostridium_sp_SN20	grade_category	HIGH	-2.843134950852393	2.3015800806556737	0.21671999276080595	1
s__Clostridium_sp_SN20	glioma_idh_mutation	MUTANT	0.4084169825540791	1.7628351699403582	0.816785099002956	1
s__Intestinimonas_gabonensis	glioma_progression_overall	Y	-1.20188494811154	1.0688380194693228	0.26081025494467475	1
s__Intestinimonas_gabonensis	age_at	SURGERY	0.042167268676491454	0.03584726450750159	0.23947355112347896	1
s__Intestinimonas_gabonensis	steroids_at_surgery	Y	0.6907394739749648	1.3043567318734768	0.5964147354852488	1
s__Intestinimonas_gabonensis	grade_category	HIGH	1.038864500021906	2.2278656053418513	0.6409973195242515	1
s__Intestinimonas_gabonensis	glioma_idh_mutation	MUTANT	0.9613891758580742	1.7721778284444727	0.5874808290705424	1
s__Lawsonibacter_sp_NSJ_51	glioma_progression_overall	Y	-1.6285363916623306	1.166363271108308	0.16263879259928898	1
s__Lawsonibacter_sp_NSJ_51	age_at	SURGERY	0.1032608589995573	0.03704534385532183	0.0053129895306177856	1
s__Lawsonibacter_sp_NSJ_51	steroids_at_surgery	Y	0.10537640205364214	1.4001677381402757	0.9400079726636794	1
s__Lawsonibacter_sp_NSJ_51	grade_category	HIGH	1.5830563927518595	2.71129235867031	0.5593042734169331	1
s__Lawsonibacter_sp_NSJ_51	glioma_idh_mutation	MUTANT	1.0231387932532616	2.135557474933314	0.6318697525507634	1
s__Intestinimonas_massiliensis	glioma_progression_overall	Y	-1.8500752657091846	1.442243549593147	0.19957060015919506	1
s__Intestinimonas_massiliensis	age_at	SURGERY	0.049130759799081936	0.039997723589297596	0.2193197739317377	1
s__Intestinimonas_massiliensis	steroids_at_surgery	Y	1.6163754178696768	1.327597084883342	0.22340659918902256	1
s__Intestinimonas_massiliensis	grade_category	HIGH	-0.6639830919149357	2.856890024156903	0.816215972223838	1
s__Intestinimonas_massiliensis	glioma_idh_mutation	MUTANT	1.6296163861625663	2.0843582034420924	0.4343137512144627	1
s__Intestinimonas_butyriciproducens	glioma_progression_overall	Y	-2.3544500673266766	1.3831086789619291	0.08870129019541323	1
s__Intestinimonas_butyriciproducens	age_at	SURGERY	0.07952851437957416	0.05006790338728928	0.11219295376546695	1
s__Intestinimonas_butyriciproducens	steroids_at_surgery	Y	1.8120599853904986	1.660532100663755	0.27516174500715496	1
s__Intestinimonas_butyriciproducens	grade_category	HIGH	2.6824246418588746	2.856011625890957	0.3476175504755803	1
s__Intestinimonas_butyriciproducens	glioma_idh_mutation	MUTANT	3.539574145760292	2.1764056318370013	0.1038774827366351	1
s__Clostridiales_bacterium	glioma_progression_overall	Y	0.6801740486227276	0.9065328434586383	0.45307241117735575	1
s__Clostridiales_bacterium	age_at	SURGERY	0.06818515170688727	0.030375509414380053	0.024784763642992595	1
s__Clostridiales_bacterium	steroids_at_surgery	Y	1.3905783865515315	1.5801463747060644	0.37884231317061756	1
s__Clostridiales_bacterium	grade_category	HIGH	-2.516323627730197	2.399653211512736	0.29435318586812875	1
s__Clostridiales_bacterium	glioma_idh_mutation	MUTANT	0.710428663677311	1.542863167285962	0.6451851974377077	1
s__Clostridium_phoceensis	glioma_progression_overall	Y	0.17245002833095824	0.8174490907782745	0.8329175600921761	1
s__Clostridium_phoceensis	age_at	SURGERY	0.07979019871149451	0.03191765025300978	0.012423644430165833	1
s__Clostridium_phoceensis	steroids_at_surgery	Y	-0.09427419089040323	1.1880291597072095	0.9367515078283911	1
s__Clostridium_phoceensis	grade_category	HIGH	-0.4797766972258164	1.845648565270403	0.7949021947822004	1
s__Clostridium_phoceensis	glioma_idh_mutation	MUTANT	2.2111698278822125	1.2767015168368465	0.08328432915405799	1
s__Evtepia_gabavorous	glioma_progression_overall	Y	-1.3396223555411626	1.5596539098841542	0.3903830909894719	1
s__Evtepia_gabavorous	age_at	SURGERY	0.011247257441659378	0.05435390134807973	0.8360673340325764	1
s__Evtepia_gabavorous	steroids_at_surgery	Y	2.556210204471584	1.7730225583485846	0.14938008640992234	1
s__Evtepia_gabavorous	grade_category	HIGH	-2.7677223307027132	3.0163889007912057	0.3588484806164429	1
s__Evtepia_gabavorous	glioma_idh_mutation	MUTANT	0.5227498038347755	2.396837666404176	0.8273513570793936	1
s__Ruminococcaceae_unclassified_SGB15234	glioma_progression_overall	Y	-0.30545380290334456	1.719814350545427	0.8590303774873582	1
s__Ruminococcaceae_unclassified_SGB15234	age_at	SURGERY	0.06192678597004177	0.04447484653160551	0.16380123874660962	1
s__Ruminococcaceae_unclassified_SGB15234	steroids_at_surgery	Y	2.169282256988852	1.8162681629090347	0.23233626943106025	1
s__Ruminococcaceae_unclassified_SGB15234	grade_category	HIGH	-1.3526046872171265	2.7616926668599464	0.6242939787408515	1
s__Ruminococcaceae_unclassified_SGB15234	glioma_idh_mutation	MUTANT	1.7361648067922	2.028304303309763	0.39201514476150073	1
s__Ruminococcaceae_unclassified_SGB15265	glioma_progression_overall	Y	-2.013105693872112	1.528970509866727	0.1879588939308443	1
s__Ruminococcaceae_unclassified_SGB15265	age_at	SURGERY	-0.046256350803797606	0.04600426352299305	0.3146659434245378	1
s__Ruminococcaceae_unclassified_SGB15265	steroids_at_surgery	Y	-1.7027734001613546	1.437488062875172	0.23619626498377141	1
s__Ruminococcaceae_unclassified_SGB15265	grade_category	HIGH	-0.018475050621045597	2.607639399585841	0.9943470579831755	1
s__Ruminococcaceae_unclassified_SGB15265	glioma_idh_mutation	MUTANT	-1.6307250249699803	2.1481675064943815	0.44777851871494206	1
LKT_f__Clostridiaceae	glioma_progression_overall	Y	-0.9801418387515095	1.4602466468238238	0.5020825336666225	1
LKT_f__Clostridiaceae	age_at	SURGERY	0.02387557840511457	0.0470698791934034	0.611988624774511	1
LKT_f__Clostridiaceae	steroids_at_surgery	Y	0.7952898667059941	1.5271814579786371	0.6025363203493099	1
LKT_f__Clostridiaceae	grade_category	HIGH	-1.3148722234385177	2.7936587382175624	0.6378813030480088	1
LKT_f__Clostridiaceae	glioma_idh_mutation	MUTANT	1.4114853919948227	2.113313356244856	0.5041963999507855	1
s__Clostridia_bacterium_UC5_1_1D1	glioma_progression_overall	Y	0.232241848698492	1.2513216030861796	0.8527606100921565	1
s__Clostridia_bacterium_UC5_1_1D1	age_at	SURGERY	0.04804381276487937	0.03500712557555403	0.1699386512804445	1
s__Clostridia_bacterium_UC5_1_1D1	steroids_at_surgery	Y	1.4535638221749203	1.3562959928054343	0.2838477094821915	1
s__Clostridia_bacterium_UC5_1_1D1	grade_category	HIGH	-0.7141292777032953	2.34371463790386	0.760594835659128	1
s__Clostridia_bacterium_UC5_1_1D1	glioma_idh_mutation	MUTANT	1.7967143843909905	1.7705331169792304	0.3102072657748192	1
s__Agathobaculum_butyriciproducens	glioma_progression_overall	Y	3.152134148234249	1.513425675161249	0.037271195819151254	1
s__Agathobaculum_butyriciproducens	age_at	SURGERY	0.0653358073036565	0.040794123957489443	0.10924442509736358	1
s__Agathobaculum_butyriciproducens	steroids_at_surgery	Y	0.8791210119164482	1.757808189631666	0.6169881889800781	1
s__Agathobaculum_butyriciproducens	grade_category	HIGH	-1.012801729189876	2.3129583945959804	0.6614721751262116	1
s__Agathobaculum_butyriciproducens	glioma_idh_mutation	MUTANT	0.9650141189374579	1.805606798605243	0.5930273355931083	1
s__Monoglobus_pectinilyticus	glioma_progression_overall	Y	-0.46193838058727954	1.3584998096462741	0.7338296727927593	1
s__Monoglobus_pectinilyticus	age_at	SURGERY	0.014853513450454731	0.04421071810563058	0.7368928328846938	1
s__Monoglobus_pectinilyticus	steroids_at_surgery	Y	0.37013133270222204	1.3916352298905865	0.7902633592537381	1
s__Monoglobus_pectinilyticus	grade_category	HIGH	-0.9649951273844575	2.725008520107297	0.7232447987754327	1
s__Monoglobus_pectinilyticus	glioma_idh_mutation	MUTANT	2.156002100102609	2.079874579026751	0.2999213916513152	1
s__Candidatus_Borkfalkia_ceftriaxoniphila	glioma_progression_overall	Y	0.8585852739996812	1.2616892246510532	0.49618503381987905	1
s__Candidatus_Borkfalkia_ceftriaxoniphila	age_at	SURGERY	0.08399802583701177	0.03834605481371602	0.02848611929108425	1
s__Candidatus_Borkfalkia_ceftriaxoniphila	steroids_at_surgery	Y	-1.9117802575461846	1.5468061504516235	0.21647590108422046	1
s__Candidatus_Borkfalkia_ceftriaxoniphila	grade_category	HIGH	6.785829027907009	2.214156141378847	0.0021785399183445416	0.44442214334228647
s__Candidatus_Borkfalkia_ceftriaxoniphila	glioma_idh_mutation	MUTANT	6.811253567358248	1.5209837172658422	7.527870444915996e-6	0.0015582691820976112
s__Christensenellaceae_bacterium	glioma_progression_overall	Y	1.2107672672547594	1.1713643650598353	0.30130520897162366	1
s__Christensenellaceae_bacterium	age_at	SURGERY	-0.03906690355364443	0.03665921970458865	0.28656947741554534	1
s__Christensenellaceae_bacterium	steroids_at_surgery	Y	-2.4883287414156783	1.2282886195107359	0.04278013817721866	1
s__Christensenellaceae_bacterium	grade_category	HIGH	1.672037111123939	2.430618558389494	0.491511972481684	1
s__Christensenellaceae_bacterium	glioma_idh_mutation	MUTANT	1.4863481272307408	1.7235704486911225	0.3884862802373876	1
s__Christensenella_massiliensis	glioma_progression_overall	Y	-0.052377202989468075	1.186561793406142	0.9647912194055923	1
s__Christensenella_massiliensis	age_at	SURGERY	-0.0179067344853271	0.03690772113427628	0.6275516207105811	1
s__Christensenella_massiliensis	steroids_at_surgery	Y	-0.7162950729564246	1.4599808912148773	0.6236956024760318	1
s__Christensenella_massiliensis	grade_category	HIGH	-2.423712852356069	2.289017544116745	0.2896707597348834	1
s__Christensenella_massiliensis	glioma_idh_mutation	MUTANT	-0.9723591674812508	1.7312124026097082	0.5743451693755846	1
s__Christensenella_minuta	glioma_progression_overall	Y	1.0908934820800007	0.9448424446674042	0.2482636347969402	1
s__Christensenella_minuta	age_at	SURGERY	-0.07892294623547029	0.03784643350052161	0.037037814804196274	1
s__Christensenella_minuta	steroids_at_surgery	Y	-3.292887362215085	1.1352535940154853	0.0037247955955699475	0.7486839147095594
s__Christensenella_minuta	grade_category	HIGH	1.253228825702923	2.0154420170379557	0.5340645830433824	1
s__Christensenella_minuta	glioma_idh_mutation	MUTANT	-1.402050320179971	1.5745651300913106	0.37323153149601007	1
s__Catabacter_hongkongensis	glioma_progression_overall	Y	-0.21779517564134654	1.2980920006458394	0.8667555693800753	1
s__Catabacter_hongkongensis	age_at	SURGERY	-0.03846174542940436	0.040993531606724525	0.3481214080328863	1
s__Catabacter_hongkongensis	steroids_at_surgery	Y	-2.3375687129997105	1.4938293530236646	0.11762595852450468	1
s__Catabacter_hongkongensis	grade_category	HIGH	-1.3766250414893173	2.818745890277363	0.6252792172691573	1
s__Catabacter_hongkongensis	glioma_idh_mutation	MUTANT	-2.4056182140911	2.0752750809686713	0.24638265589471608	1
s__Clostridiales_bacterium_KLE1615	glioma_progression_overall	Y	2.013859404672615	1.4771718416497448	0.17278136385261328	1
s__Clostridiales_bacterium_KLE1615	age_at	SURGERY	-4.478424301937404e-4	0.04315090714158186	0.991719290052641	1
s__Clostridiales_bacterium_KLE1615	steroids_at_surgery	Y	0.6255042533824391	1.6820534847982125	0.7099900744494579	1
s__Clostridiales_bacterium_KLE1615	grade_category	HIGH	-0.07705728454635041	2.64319654904426	0.9767425128808269	1
s__Clostridiales_bacterium_KLE1615	glioma_idh_mutation	MUTANT	0.7293106767375122	2.032539104088848	0.7197315919367682	1
s__Blautia_producta	glioma_progression_overall	Y	-1.1807276978755703	1.711398055020186	0.4902445155307505	1
s__Blautia_producta	age_at	SURGERY	0.05590119899855413	0.0585909945608723	0.3400370768209879	1
s__Blautia_producta	steroids_at_surgery	Y	1.7403610392037154	1.9281070677965002	0.3667240181633377	1
s__Blautia_producta	grade_category	HIGH	-5.344515475880781	3.1840823809665952	0.09324749669983178	1
s__Blautia_producta	glioma_idh_mutation	MUTANT	-0.7935241633900917	2.42477030482405	0.7434731668633603	1
s__Blautia_caecimuris	glioma_progression_overall	Y	0.07663592515528378	1.69236622683613	0.9638814995848443	1
s__Blautia_caecimuris	age_at	SURGERY	0.05299867905282818	0.060708544017927635	0.382661999196565	1
s__Blautia_caecimuris	steroids_at_surgery	Y	1.6737332507057079	1.8108125288193533	0.35533036401531243	1
s__Blautia_caecimuris	grade_category	HIGH	-6.139802077031297	3.212470695636462	0.05597376227468166	1
s__Blautia_caecimuris	glioma_idh_mutation	MUTANT	-0.19396169309304764	2.4723085276142203	0.9374671775006077	1
s__Blautia_SGB4815	glioma_progression_overall	Y	1.6946294302263252	1.4545819825689381	0.24400746646506544	1
s__Blautia_SGB4815	age_at	SURGERY	-0.0074858325914125366	0.03802007766461914	0.8439123946629489	1
s__Blautia_SGB4815	steroids_at_surgery	Y	-2.5513438083495448	1.1572178469102763	0.02747359851058032	1
s__Blautia_SGB4815	grade_category	HIGH	2.2044620238287616	2.36978680154311	0.352248681574689	1
s__Blautia_SGB4815	glioma_idh_mutation	MUTANT	-0.39508891183730716	1.838195797613228	0.8298195666451716	1
s__Blautia_obeum	glioma_progression_overall	Y	1.8616911350707475	1.2146739759420524	0.12535783952958146	1
s__Blautia_obeum	age_at	SURGERY	0.04198033150565352	0.03178958948302086	0.1866452712181508	1
s__Blautia_obeum	steroids_at_surgery	Y	-4.049714900660351	1.0744935693485835	1.6393427573445607e-4	0.03360652652556349
s__Blautia_obeum	grade_category	HIGH	-0.8109222793267705	2.0968472193142618	0.6989530836951081	1
s__Blautia_obeum	glioma_idh_mutation	MUTANT	-1.4470591984677996	1.602606574179803	0.36655720380516854	1
s__Blautia_SGB4831	glioma_progression_overall	Y	-0.09535439698415421	1.229363329569915	0.9381748412895679	1
s__Blautia_SGB4831	age_at	SURGERY	0.006385455919235658	0.03975609604052209	0.8723960346592077	1
s__Blautia_SGB4831	steroids_at_surgery	Y	0.15191813956590589	1.32465795233203	0.90869495794031	1
s__Blautia_SGB4831	grade_category	HIGH	-0.4921758303041073	2.2644215844744906	0.8279342866074685	1
s__Blautia_SGB4831	glioma_idh_mutation	MUTANT	0.02191618506987908	1.7318741829296767	0.9899033548924505	1
s__Blautia_wexlerae	glioma_progression_overall	Y	0.604820809440877	1.1146740279665932	0.5874060533442658	1
s__Blautia_wexlerae	age_at	SURGERY	0.004910054639777494	0.03402344781513264	0.8852526445021328	1
s__Blautia_wexlerae	steroids_at_surgery	Y	-0.5245569440818972	1.110290585875308	0.6366055218577766	1
s__Blautia_wexlerae	grade_category	HIGH	-1.5414383450489362	2.164016555412118	0.4762763483424163	1
s__Blautia_wexlerae	glioma_idh_mutation	MUTANT	-0.14685367043794198	1.2709853849921817	0.9080146110877686	1
s__Blautia_massiliensis	glioma_progression_overall	Y	-0.4215809876044835	1.2526645402473031	0.7364581177569347	1
s__Blautia_massiliensis	age_at	SURGERY	0.06854446403346351	0.04500041919618698	0.12770964588968867	1
s__Blautia_massiliensis	steroids_at_surgery	Y	-0.5143368560578363	1.726078435426242	0.7657184265959773	1
s__Blautia_massiliensis	grade_category	HIGH	-1.6440422104209589	2.7595619833795317	0.551334222093864	1
s__Blautia_massiliensis	glioma_idh_mutation	MUTANT	0.7448025557146309	1.9603077736776435	0.7039887347138523	1
s__Blautia_glucerasea	glioma_progression_overall	Y	2.795646818697697	0	0	0
s__Blautia_glucerasea	age_at	SURGERY	0.04822098276879731	0.03343188277916305	0.14919938856376955	1
s__Blautia_glucerasea	steroids_at_surgery	Y	-0.004161799191826215	1.2840808238888297	0.9974140027287054	1
s__Blautia_glucerasea	grade_category	HIGH	-1.8719508959019047	2.2753352704944647	0.41067047351015595	1
s__Blautia_glucerasea	glioma_idh_mutation	MUTANT	0.501239028779588	1.8465749512232912	0.7860506734893717	1
s__Blautia_faecis	glioma_progression_overall	Y	0.04591953462292342	0.7071759871600951	0.9482268096216895	1
s__Blautia_faecis	age_at	SURGERY	0.007735347994809318	0.02965160037252146	0.7941892492289275	1
s__Blautia_faecis	steroids_at_surgery	Y	-0.9570009313742868	1.0747785204741203	0.3732420846385417	1
s__Blautia_faecis	grade_category	HIGH	1.6806153493517506	2.0307356631737687	0.40790306210669	1
s__Blautia_faecis	glioma_idh_mutation	MUTANT	-0.5176234908120877	1.132164866543877	0.647528749631449	1
s__Blautia_hydrogenotrophica	glioma_progression_overall	Y	-0.20338980249565913	1.500357797397808	0.8921684441080544	1
s__Blautia_hydrogenotrophica	age_at	SURGERY	-0.02115833614661123	0.04308636570981557	0.6233783418101149	1
s__Blautia_hydrogenotrophica	steroids_at_surgery	Y	-0.5897284531073742	1.588452315441263	0.7104440534378984	1
s__Blautia_hydrogenotrophica	grade_category	HIGH	-2.0168783446172722	2.431078102937837	0.4067519603551844	1
s__Blautia_hydrogenotrophica	glioma_idh_mutation	MUTANT	-2.9052526661747313	1.900394598079001	0.1263232445614374	1
s__Lactonifactor_sp_BIOML_A6	glioma_progression_overall	Y	-0.9345148932932019	1.2944535842940155	0.4703327576811466	1
s__Lactonifactor_sp_BIOML_A6	age_at	SURGERY	-0.031629553509071165	0.04209842572148951	0.4524577474151139	1
s__Lactonifactor_sp_BIOML_A6	steroids_at_surgery	Y	-2.254471841131139	1.5081589552708108	0.13495351995074278	1
s__Lactonifactor_sp_BIOML_A6	grade_category	HIGH	0.0947520017450949	2.6742683992595975	0.9717360663678772	1
s__Lactonifactor_sp_BIOML_A6	glioma_idh_mutation	MUTANT	-1.9035030861944926	2.078740365560057	0.3598241303960201	1
s__Lacrimispora_celerecrescens	glioma_progression_overall	Y	0.2555956977992784	1.901256641039128	0.8930584981679915	1
s__Lacrimispora_celerecrescens	age_at	SURGERY	-6.066902133545129e-4	0.05920491940625383	0.9918239854450777	1
s__Lacrimispora_celerecrescens	steroids_at_surgery	Y	-1.5001518983647337	2.461126841509501	0.5421674715253145	1
s__Lacrimispora_celerecrescens	grade_category	HIGH	0.10470125517662465	3.533131261674179	0.9763588490534238	1
s__Lacrimispora_celerecrescens	glioma_idh_mutation	MUTANT	1.8034623169986304	2.53955276788332	0.4776113870115315	1
s__Lachnospiraceae_bacterium_NSJ_29	glioma_progression_overall	Y	-1.9260019077760713	0.846779491898649	0.022935802557538913	1
s__Lachnospiraceae_bacterium_NSJ_29	age_at	SURGERY	0.02267706356219366	0.022748268538242564	0.3188276769490472	1
s__Lachnospiraceae_bacterium_NSJ_29	steroids_at_surgery	Y	-3.1185222048495174	0.8796224541894822	3.9217202050171007e-4	0.08000309218234886
s__Lachnospiraceae_bacterium_NSJ_29	grade_category	HIGH	1.8677673714930805	2.074091261851703	0.36784186636438104	1
s__Lachnospiraceae_bacterium_NSJ_29	glioma_idh_mutation	MUTANT	-1.3341899923487022	1.4313183032304033	0.351263835774806	1
s__Fusicatenibacter_saccharivorans	glioma_progression_overall	Y	1.3988384751629404	1.0334948701553013	0.17589497129643591	1
s__Fusicatenibacter_saccharivorans	age_at	SURGERY	0.008212551598899413	0.03713669512293807	0.8249804308672759	1
s__Fusicatenibacter_saccharivorans	steroids_at_surgery	Y	-3.299894378446691	1.2867228393051398	0.01033029097262306	1
s__Fusicatenibacter_saccharivorans	grade_category	HIGH	4.144452725616077	2.792980626277062	0.13784031838738267	1
s__Fusicatenibacter_saccharivorans	glioma_idh_mutation	MUTANT	2.290981472003649	1.82010077901022	0.20813461760389879	1
s__Clostridiaceae_bacterium_OM08_6BH	glioma_progression_overall	Y	1.1971462996757205	1.234782097607964	0.332285660817596	1
s__Clostridiaceae_bacterium_OM08_6BH	age_at	SURGERY	0.06591290562675801	0.035054560564165456	0.06006792061633642	1
s__Clostridiaceae_bacterium_OM08_6BH	steroids_at_surgery	Y	-0.828352981495404	1.8059084574342656	0.6464564656096408	1
s__Clostridiaceae_bacterium_OM08_6BH	grade_category	HIGH	-2.095949553704739	2.4209917356621187	0.3866327209576006	1
s__Clostridiaceae_bacterium_OM08_6BH	glioma_idh_mutation	MUTANT	-0.6801213629887124	1.9236987241245411	0.7236770555478496	1
s__Lachnoclostridium_sp_An138	glioma_progression_overall	Y	0.13692957387858756	1.1773120952189071	0.9074092811359915	1
s__Lachnoclostridium_sp_An138	age_at	SURGERY	0.03177394952747468	0.033626380946298266	0.34470412872516243	1
s__Lachnoclostridium_sp_An138	steroids_at_surgery	Y	2.2898969731217362	1.0192657052320364	0.02466468344496662	1
s__Lachnoclostridium_sp_An138	grade_category	HIGH	-3.029839307103929	2.1182434563491332	0.15261526665415737	1
s__Lachnoclostridium_sp_An138	glioma_idh_mutation	MUTANT	1.1207696442310855	1.528801655846356	0.4634953855717122	1
s__Blautia_sp_OF03_15BH	glioma_progression_overall	Y	0.8712068719489343	1.0964933530190935	0.4268816399125453	1
s__Blautia_sp_OF03_15BH	age_at	SURGERY	-0.028048619899212174	0.031584967980977895	0.3745208542636886	1
s__Blautia_sp_OF03_15BH	steroids_at_surgery	Y	0.4235925465593343	1.261604582826665	0.7370541325539801	1
s__Blautia_sp_OF03_15BH	grade_category	HIGH	-2.278471008686716	2.157169599464491	0.29086235113529	1
s__Blautia_sp_OF03_15BH	glioma_idh_mutation	MUTANT	-0.0325481623000112	1.7691812896770682	0.9853219048522389	1
s__Clostridium_scindens	glioma_progression_overall	Y	-1.89820875464251	1.3859330134668253	0.17080393490848325	1
s__Clostridium_scindens	age_at	SURGERY	0.012451334974775272	0.05264261939981997	0.8130247293264022	1
s__Clostridium_scindens	steroids_at_surgery	Y	1.1865856277990905	2.073760237401744	0.5671930140320345	1
s__Clostridium_scindens	grade_category	HIGH	-2.1876937830756966	2.97382492733687	0.4619438329777493	1
s__Clostridium_scindens	glioma_idh_mutation	MUTANT	-1.3128659047208036	2.1148093759709616	0.534733636568046	1
s__Dorea_sp_AF36_15AT	glioma_progression_overall	Y	0.04121276202274976	1.3985346851657219	0.9764909170606484	1
s__Dorea_sp_AF36_15AT	age_at	SURGERY	-0.021380073164867668	0.04271026121914356	0.6166639291151481	1
s__Dorea_sp_AF36_15AT	steroids_at_surgery	Y	-1.1016199465492023	1.5140011497689343	0.46684525144402533	1
s__Dorea_sp_AF36_15AT	grade_category	HIGH	0.9732055932232657	2.433294542480467	0.689190486398408	1
s__Dorea_sp_AF36_15AT	glioma_idh_mutation	MUTANT	-0.7019343304134416	1.9457322521971867	0.7182819552890509	1
s__Dorea_longicatena	glioma_progression_overall	Y	2.5859059382504244	1.5162440521144431	0.08810714755580723	1
s__Dorea_longicatena	age_at	SURGERY	0.015360659260562869	0.051564559650813364	0.7657857500517695	1
s__Dorea_longicatena	steroids_at_surgery	Y	-3.821496500059559	1.417667388972829	0.007025718108920971	1
s__Dorea_longicatena	grade_category	HIGH	-1.3201458712267848	3.053032419913953	0.6654472304890157	1
s__Dorea_longicatena	glioma_idh_mutation	MUTANT	-1.715347722226799	2.4741690632659328	0.48811970271810823	1
s__Dorea_formicigenerans	glioma_progression_overall	Y	3.1026509757676344	1.3688061798979143	0.023409540596557622	1
s__Dorea_formicigenerans	age_at	SURGERY	-0.05752077718598413	0.04495622520311261	0.20072662077539447	1
s__Dorea_formicigenerans	steroids_at_surgery	Y	-1.4060501792762452	1.8424839662030048	0.4453873621830002	1
s__Dorea_formicigenerans	grade_category	HIGH	-2.559030178359543	2.4791312931134124	0.3019650486544393	1
s__Dorea_formicigenerans	glioma_idh_mutation	MUTANT	-0.5788659454290417	1.8521172558844647	0.7546280279467568	1
s__Coprococcus_comes	glioma_progression_overall	Y	0.4312257464565268	1.5261130407386787	0.7775105066287605	1
s__Coprococcus_comes	age_at	SURGERY	-0.0659431173623717	0.04980892431627047	0.18552903981416066	1
s__Coprococcus_comes	steroids_at_surgery	Y	-0.31824359340238634	1.9925560537794746	0.8731045946105304	1
s__Coprococcus_comes	grade_category	HIGH	-1.0096964427692088	2.871018686394837	0.7250739269379063	1
s__Coprococcus_comes	glioma_idh_mutation	MUTANT	0.53597535041967	2.276640929475641	0.8138798523526667	1
s__Dorea_sp_AF24_7LB	glioma_progression_overall	Y	-0.45100278439905084	1.1921243724832595	0.7051939540843242	1
s__Dorea_sp_AF24_7LB	age_at	SURGERY	0.04936972928127747	0.03453873379767336	0.15288877286910296	1
s__Dorea_sp_AF24_7LB	steroids_at_surgery	Y	-2.8207514867430623	1.3708600527318209	0.03962365223250304	1
s__Dorea_sp_AF24_7LB	grade_category	HIGH	3.371239480820595	2.3512008878368484	0.1516187042423048	1
s__Dorea_sp_AF24_7LB	glioma_idh_mutation	MUTANT	3.3866135874747547	1.831663798987993	0.06446828069064411	1
s__Sellimonas_intestinalis	glioma_progression_overall	Y	-2.3719773447912607	1.4840060434233946	0.10996266471197344	1
s__Sellimonas_intestinalis	age_at	SURGERY	-0.06104862082426788	0.04739370871693544	0.19770539317570285	1
s__Sellimonas_intestinalis	steroids_at_surgery	Y	-1.1529934292900441	2.137644046760566	0.5896275881934733	1
s__Sellimonas_intestinalis	grade_category	HIGH	-0.09325824812069028	2.9215378460899837	0.9745350956680684	1
s__Sellimonas_intestinalis	glioma_idh_mutation	MUTANT	-0.4194856808385293	2.042134593216389	0.8372476710235147	1
s__Faecalicatena_contorta	glioma_progression_overall	Y	-1.5781705133383783	1.0342204249721096	0.1270218701966132	1
s__Faecalicatena_contorta	age_at	SURGERY	0.032923763221459464	0.036129917463073806	0.3621581835385415	1
s__Faecalicatena_contorta	steroids_at_surgery	Y	0.7013183950763273	1.5641240320573904	0.6538806056839684	1
s__Faecalicatena_contorta	grade_category	HIGH	-1.988041414276847	2.388842961885552	0.40528512542519507	1
s__Faecalicatena_contorta	glioma_idh_mutation	MUTANT	-0.5036235872515548	1.7703345719414079	0.7760430746814678	1
s__Ruminococcus_gnavus	glioma_progression_overall	Y	-0.16110241564132038	1.6529298101448686	0.922357314367919	1
s__Ruminococcus_gnavus	age_at	SURGERY	-0.011163276571009921	0.055335425840384415	0.8401212931843813	1
s__Ruminococcus_gnavus	steroids_at_surgery	Y	3.0479963159444887	1.4697705764908644	0.03809876822552648	1
s__Ruminococcus_gnavus	grade_category	HIGH	-9.059629911145079	3.3632753798729556	0.007066531052748468	1
s__Ruminococcus_gnavus	glioma_idh_mutation	MUTANT	-2.145146296110859	2.6206127432319004	0.4130336788040798	1
s__Ruminococcus_lactaris	glioma_progression_overall	Y	2.082017373948859	1.3985632684694107	0.13657086145119599	1
s__Ruminococcus_lactaris	age_at	SURGERY	0.028345132067909562	0.04092643635744032	0.4885685517192386	1
s__Ruminococcus_lactaris	steroids_at_surgery	Y	1.5370266140628774	1.6293375928659501	0.34550473466839793	1
s__Ruminococcus_lactaris	grade_category	HIGH	-0.6272053471463817	2.369459848140709	0.791237545413195	1
s__Ruminococcus_lactaris	glioma_idh_mutation	MUTANT	0.8393798153499483	1.8686389607743756	0.6532923306844326	1
s__Ruminococcus_torques	glioma_progression_overall	Y	-0.40163395145350145	0.7212692601750832	0.5776345002292671	1
s__Ruminococcus_torques	age_at	SURGERY	0.062223252757933487	0.03777361261183943	0.09950302957475787	1
s__Ruminococcus_torques	steroids_at_surgery	Y	2.3112012990224082	1.300570947878254	0.07555726922393462	1
s__Ruminococcus_torques	grade_category	HIGH	-3.262557722381508	2.131807659189453	0.12591319093053568	1
s__Ruminococcus_torques	glioma_idh_mutation	MUTANT	0.8651534436114086	1.3051914642039857	0.5074230537579062	1
s__Clostridium_sp_Marseille_P3244	glioma_progression_overall	Y	1.86436967716877	1.0377306406563431	0.07240177639349012	1
s__Clostridium_sp_Marseille_P3244	age_at	SURGERY	0.007784717183889415	0.034544957900321444	0.8217067595179381	1
s__Clostridium_sp_Marseille_P3244	steroids_at_surgery	Y	-1.698342277842735	1.141104723970063	0.13666345184881162	1
s__Clostridium_sp_Marseille_P3244	grade_category	HIGH	-0.28613793609529514	1.452111812162047	0.8437887857515045	1
s__Clostridium_sp_Marseille_P3244	glioma_idh_mutation	MUTANT	0.3143890349676438	1.0945500524845653	0.7739352213218387	1
s__Mediterraneibacter_glycyrrhizinilyticus	glioma_progression_overall	Y	-1.1110299477004542	1.434061359074757	0.4384911459358614	1
s__Mediterraneibacter_glycyrrhizinilyticus	age_at	SURGERY	0.04410751970945915	0.05017308414398328	0.3793431521643028	1
s__Mediterraneibacter_glycyrrhizinilyticus	steroids_at_surgery	Y	3.203484548754761	1.4613164747525793	0.028365731652319745	1
s__Mediterraneibacter_glycyrrhizinilyticus	grade_category	HIGH	-3.7833420122028283	2.961188961912826	0.2013753717366022	1
s__Mediterraneibacter_glycyrrhizinilyticus	glioma_idh_mutation	MUTANT	0.17628552505456485	2.1924979128151194	0.9359159736444198	1
s__Mediterraneibacter_butyricigenes	glioma_progression_overall	Y	0.510670818176097	1.1406280112972316	0.6543623447148146	1
s__Mediterraneibacter_butyricigenes	age_at	SURGERY	-0.020003370066538594	0.03365689574247463	0.552290081622806	1
s__Mediterraneibacter_butyricigenes	steroids_at_surgery	Y	-0.2491878243266753	1.4024842851724435	0.8589774197260573	1
s__Mediterraneibacter_butyricigenes	grade_category	HIGH	-0.9805824823844485	2.1587900616834226	0.6496648685609847	1
s__Mediterraneibacter_butyricigenes	glioma_idh_mutation	MUTANT	-1.469772975353632	1.63576299348914	0.3689060386009994	1
s__Enterocloster_asparagiformis	glioma_progression_overall	Y	-2.7689741461823987	1.739134265829056	0.11134951610972807	1
s__Enterocloster_asparagiformis	age_at	SURGERY	-0.03323521896552754	0.047171904167359155	0.48108697329789213	1
s__Enterocloster_asparagiformis	steroids_at_surgery	Y	-1.128115309385762	1.5953882366683172	0.4794979922013513	1
s__Enterocloster_asparagiformis	grade_category	HIGH	-2.432309204580985	3.138470867269451	0.43834073607276863	1
s__Enterocloster_asparagiformis	glioma_idh_mutation	MUTANT	-4.486983273290209	2.203506667690275	0.04172103020243087	1
s__Enterocloster_lavalensis	glioma_progression_overall	Y	-2.631133031068684	1.3604281151712156	0.05310724854415581	1
s__Enterocloster_lavalensis	age_at	SURGERY	0.0668594830281145	0.04554299516571529	0.14209011111861888	1
s__Enterocloster_lavalensis	steroids_at_surgery	Y	0.804347771672814	2.0532422182030046	0.6952464933760767	1
s__Enterocloster_lavalensis	grade_category	HIGH	2.776332692247202	2.7951299104299814	0.3205759519922707	1
s__Enterocloster_lavalensis	glioma_idh_mutation	MUTANT	4.594345070158703	1.8240008905533691	0.01177460572255737	1
s__Clostridiales_bacterium_1_7_47FAA	glioma_progression_overall	Y	-2.3944112502218617	1.32173341390075	0.0700528218818143	1
s__Clostridiales_bacterium_1_7_47FAA	age_at	SURGERY	0.07536456169358316	0.04611417854529102	0.10219514689530144	1
s__Clostridiales_bacterium_1_7_47FAA	steroids_at_surgery	Y	-0.8637298937748691	1.7345875138048703	0.618522518348817	1
s__Clostridiales_bacterium_1_7_47FAA	grade_category	HIGH	-0.008579653126465026	2.542532936454689	0.9973075826563125	1
s__Clostridiales_bacterium_1_7_47FAA	glioma_idh_mutation	MUTANT	0.20066483211146646	1.793832818881973	0.9109314544367597	1
s__Enterocloster_aldensis	glioma_progression_overall	Y	-3.7710266260697587	1.360675513570684	0.005580945033027495	1
s__Enterocloster_aldensis	age_at	SURGERY	-0.08016247043245742	0.06143270385974237	0.19193280430044304	1
s__Enterocloster_aldensis	steroids_at_surgery	Y	1.7163360313571259	2.1795660486675246	0.4310086211936756	1
s__Enterocloster_aldensis	grade_category	HIGH	-4.540296000397703	3.1551692550750423	0.15014985444647286	1
s__Enterocloster_aldensis	glioma_idh_mutation	MUTANT	-3.697571650400101	2.482417389600662	0.1363545928105173	1
s__Enterocloster_citroniae	glioma_progression_overall	Y	-1.1499205431610158	1.060517705736133	0.27823130593077905	1
s__Enterocloster_citroniae	age_at	SURGERY	-0.07066167895066636	0.034368865024648775	0.039784500578811666	1
s__Enterocloster_citroniae	steroids_at_surgery	Y	-1.4007764624476842	1.4752707383952868	0.34236399562550557	1
s__Enterocloster_citroniae	grade_category	HIGH	-0.013555356405863694	2.0498546171972496	0.9947237571508215	1
s__Enterocloster_citroniae	glioma_idh_mutation	MUTANT	-0.6822007692305229	1.200802577067126	0.569953030685993	1
s__Enterocloster_bolteae	glioma_progression_overall	Y	-1.740386207702973	0.8480863934179503	0.04015672340394193	1
s__Enterocloster_bolteae	age_at	SURGERY	0.002972487717007812	0.037440902073335204	0.9367212645825934	1
s__Enterocloster_bolteae	steroids_at_surgery	Y	0.4941372517445176	1.7585608222704805	0.7787183985465378	1
s__Enterocloster_bolteae	grade_category	HIGH	-2.747697497418671	2.811987035344203	0.32850117005511276	1
s__Enterocloster_bolteae	glioma_idh_mutation	MUTANT	-0.4453712310575637	1.8085680430672115	0.805483854592661	1
s__Enterocloster_clostridioformis	glioma_progression_overall	Y	-1.7527096744983175	1.4725463298210357	0.23394510308089334	1
s__Enterocloster_clostridioformis	age_at	SURGERY	0.007895750815846411	0.05289949084815407	0.8813488825567192	1
s__Enterocloster_clostridioformis	steroids_at_surgery	Y	3.272878929896447	1.5485346693605908	0.034555184382613666	1
s__Enterocloster_clostridioformis	grade_category	HIGH	-4.648273560932557	2.530049988461761	0.06617654237448796	1
s__Enterocloster_clostridioformis	glioma_idh_mutation	MUTANT	-3.155822482883112	1.8977200253808895	0.0963214986495449	1
s__Clostridium_sp_AT4	glioma_progression_overall	Y	1.2002193905454783	1.7135646233427209	0.48366342580737004	1
s__Clostridium_sp_AT4	age_at	SURGERY	0.008459092192884578	0.056474542580140154	0.8809335060030318	1
s__Clostridium_sp_AT4	steroids_at_surgery	Y	1.915207278326081	2.046288221720227	0.34930300384504404	1
s__Clostridium_sp_AT4	grade_category	HIGH	-6.8961840988999406	3.1882558751545664	0.030541501891068027	1
s__Clostridium_sp_AT4	glioma_idh_mutation	MUTANT	0.7737143394167056	2.6107809703774127	0.7669600563653296	1
s__Clostridium_sp_AM22_11AC	glioma_progression_overall	Y	3.357005088040175	1.3018197151472917	0.009917230150727728	1
s__Clostridium_sp_AM22_11AC	age_at	SURGERY	0.06263625981882162	0.05253199344918714	0.23312599588389477	1
s__Clostridium_sp_AM22_11AC	steroids_at_surgery	Y	-2.979423243456338	1.8987540007614732	0.11661380091664623	1
s__Clostridium_sp_AM22_11AC	grade_category	HIGH	0.890461208823027	2.744261953861238	0.7455738092144197	1
s__Clostridium_sp_AM22_11AC	glioma_idh_mutation	MUTANT	2.595537219451611	2.194790279644041	0.23697164461409165	1
s__Hungatella_hathewayi	glioma_progression_overall	Y	-1.3307276425059207	1.5128361665897274	0.37906280287980115	1
s__Hungatella_hathewayi	age_at	SURGERY	-0.02538397312270526	0.05865077746568001	0.6651611060423448	1
s__Hungatella_hathewayi	steroids_at_surgery	Y	0.3376031802594687	2.1655915046046474	0.8761164079995832	1
s__Hungatella_hathewayi	grade_category	HIGH	-2.3794967505618096	3.0149735506979516	0.42997968898149813	1
s__Hungatella_hathewayi	glioma_idh_mutation	MUTANT	-0.17206158872551763	2.4641913711571055	0.9443331339433909	1
s__Clostridium_sp_AM33_3	glioma_progression_overall	Y	3.03555824584509	0.9651359699901303	0.0016596591971804503	0.3435494538163532
s__Clostridium_sp_AM33_3	age_at	SURGERY	0.06013137070035278	0.03476124790672862	0.08365900124131138	1
s__Clostridium_sp_AM33_3	steroids_at_surgery	Y	0.10853259642981015	1.0804393350140815	0.9199852648400121	1
s__Clostridium_sp_AM33_3	grade_category	HIGH	-4.049786780318229	2.155881525269861	0.06031512146644805	1
s__Clostridium_sp_AM33_3	glioma_idh_mutation	MUTANT	1.5067599793558504	1.783889544209182	0.398307011324649	1
s__Clostridium_fessum	glioma_progression_overall	Y	3.1418988626792768	1.5147560579084411	0.038061239890436895	1
s__Clostridium_fessum	age_at	SURGERY	0.028451397468638312	0.052600482293857255	0.5885791764142676	1
s__Clostridium_fessum	steroids_at_surgery	Y	-1.4248638411292065	1.9994495471546456	0.476075946824796	1
s__Clostridium_fessum	grade_category	HIGH	-1.0272997402115862	3.020395184692224	0.7337654303481155	1
s__Clostridium_fessum	glioma_idh_mutation	MUTANT	1.415568450521253	2.3111791047864663	0.5402152260984194	1
s__Clostridium_symbiosum	glioma_progression_overall	Y	-2.663674043405962	1.2902038047012008	0.03896678908655638	1
s__Clostridium_symbiosum	age_at	SURGERY	-0.049391742010666664	0.053591465972532205	0.356719275415796	1
s__Clostridium_symbiosum	steroids_at_surgery	Y	2.493013024763117	1.943370086850341	0.19955171769391145	1
s__Clostridium_symbiosum	grade_category	HIGH	-4.093467918970805	2.8421703289321085	0.14979348737127438	1
s__Clostridium_symbiosum	glioma_idh_mutation	MUTANT	0.4880326763858065	2.267257620271963	0.8295705279226792	1
s__Lacrimispora_amygdalina	glioma_progression_overall	Y	1.5854325322882354	1.5905383398375377	0.3188665079844661	1
s__Lacrimispora_amygdalina	age_at	SURGERY	0.006912185292296474	0.043322376959837774	0.8732337491688039	1
s__Lacrimispora_amygdalina	steroids_at_surgery	Y	0.11802647815021085	1.6254748038725342	0.9421161004081383	1
s__Lacrimispora_amygdalina	grade_category	HIGH	3.6692929971127386	2.0536463768687407	0.07398260195527952	1
s__Lacrimispora_amygdalina	glioma_idh_mutation	MUTANT	3.681181882234573	1.6202437524534687	0.02308695480911911	1
s__Clostridium_sp_AF20_17LB	glioma_progression_overall	Y	2.8807762512795474	0	0	0
s__Clostridium_sp_AF20_17LB	age_at	SURGERY	-0.01231452307196764	0.035545672791563884	0.7290103732745958	1
s__Clostridium_sp_AF20_17LB	steroids_at_surgery	Y	1.3176666526089578	1.5796066905955315	0.40418300395448165	1
s__Clostridium_sp_AF20_17LB	grade_category	HIGH	-1.8335084340777748	2.140762194498987	0.39173531914264076	1
s__Clostridium_sp_AF20_17LB	glioma_idh_mutation	MUTANT	-0.294269675010421	1.6749124186920017	0.8605354692022724	1
s__Clostridiaceae_bacterium	glioma_progression_overall	Y	0.6339155724846819	1.0716367322194669	0.5541589247383132	1
s__Clostridiaceae_bacterium	age_at	SURGERY	0.07651834835959163	0.032395666115416506	0.01817696761334103	1
s__Clostridiaceae_bacterium	steroids_at_surgery	Y	-0.8143541862735962	1.6197123469622674	0.6151210349406284	1
s__Clostridiaceae_bacterium	grade_category	HIGH	0.2829433156075014	2.222364546371018	0.8986900297299115	1
s__Clostridiaceae_bacterium	glioma_idh_mutation	MUTANT	1.5820963239010122	1.3710641586037982	0.24853357583085828	1
s__Clostridium_sp_AM49_4BH	glioma_progression_overall	Y	1.919710553063562	1.2525879563219822	0.1253755730206582	1
s__Clostridium_sp_AM49_4BH	age_at	SURGERY	-0.006130380080005148	0.03732663430132597	0.8695452993571777	1
s__Clostridium_sp_AM49_4BH	steroids_at_surgery	Y	1.2906763119034552	1.5703725266336035	0.41113847693577754	1
s__Clostridium_sp_AM49_4BH	grade_category	HIGH	0.7984933691069198	2.455992921291956	0.7450899597987477	1
s__Clostridium_sp_AM49_4BH	glioma_idh_mutation	MUTANT	2.4891404093452696	1.7469039601511962	0.15418992330510625	1
s__Clostridium_sp_AF36_4	glioma_progression_overall	Y	1.6701152268778179	1.2180733555962113	0.17033998534692193	1
s__Clostridium_sp_AF36_4	age_at	SURGERY	0.06611364191584357	0.033533743564581935	0.04866035316139249	1
s__Clostridium_sp_AF36_4	steroids_at_surgery	Y	-0.5770945872883764	1.2588972272157832	0.6466559062309765	1
s__Clostridium_sp_AF36_4	grade_category	HIGH	1.4207808780915685	1.9228941357177067	0.45998212310179093	1
s__Clostridium_sp_AF36_4	glioma_idh_mutation	MUTANT	3.209092200832104	1.7033577391340038	0.0595676579922959	1
s__Coprococcus_catus	glioma_progression_overall	Y	0.8331875815536002	1.4079511717821795	0.5540025614906752	1
s__Coprococcus_catus	age_at	SURGERY	-0.015265265622593316	0.04049329223664025	0.7061865535384735	1
s__Coprococcus_catus	steroids_at_surgery	Y	-4.131534395904921	1.370499542702323	0.002573019825068851	0.519750004663908
s__Coprococcus_catus	grade_category	HIGH	4.218872645663371	2.2405620081672724	0.05970675639386148	1
s__Coprococcus_catus	glioma_idh_mutation	MUTANT	-0.14896101268203119	1.7518081003769257	0.9322353758406157	1
s__Catenibacillus_scindens	glioma_progression_overall	Y	0.277301968006445	1.0844288171646523	0.7981728679677335	1
s__Catenibacillus_scindens	age_at	SURGERY	-0.017462414941915597	0.03398515092710821	0.6073744551627255	1
s__Catenibacillus_scindens	steroids_at_surgery	Y	0.5384302987210535	1.2204618827519196	0.6590904460527396	1
s__Catenibacillus_scindens	grade_category	HIGH	-1.5099719919508008	2.1640692729811324	0.48533567555167745	1
s__Catenibacillus_scindens	glioma_idh_mutation	MUTANT	-0.2837308226418244	1.6523358551902894	0.86366160635562494	1
s__Anaerobutyricum_hallii	glioma_progression_overall	Y	0.81879724597656	1.2903108925211255	0.5257065417733057	1
s__Anaerobutyricum_hallii	age_at	SURGERY	0.009928960520838383	0.03610770191394925	0.7833302283463253	1
s__Anaerobutyricum_hallii	steroids_at_surgery	Y	-1.448890700357788	1.5015407047041145	0.334576862295103	1
s__Anaerobutyricum_hallii	grade_category	HIGH	3.783376756480405	2.4692868839539934	0.12547954323269217	1
s__Anaerobutyricum_hallii	glioma_idh_mutation	MUTANT	1.8499195348673811	1.5833512657021744	0.24266279212490463	1
s__Anaerostipes_hadrus	glioma_progression_overall	Y	-0.24298347885052546	1.0836554505445544	0.8225816316282838	1
s__Anaerostipes_hadrus	age_at	SURGERY	-0.019551311659753788	0.04588250251953974	0.6700226356637065	1
s__Anaerostipes_hadrus	steroids_at_surgery	Y	-0.020491636879360023	2.002540553527203	0.9918355334519469	1
s__Anaerostipes_hadrus	grade_category	HIGH	0.5963740622474059	2.790546429394022	0.8307714282705019	1
s__Anaerostipes_hadrus	glioma_idh_mutation	MUTANT	-1.0630677911502884	1.7290245345684814	0.53866254987641915	1
s__Anaerostipes_caccae	glioma_progression_overall	Y	0.5443751982025112	1.0718108159603439	0.6115218488283101	1
s__Anaerostipes_caccae	age_at	SURGERY	0.0023354680656854903	0.04233175233125843	0.956002553111513	1
s__Anaerostipes_caccae	steroids_at_surgery	Y	-0.26086275030456996	1.5650992907368388	0.8676258649248266	1
s__Anaerostipes_caccae	grade_category	HIGH	-6.022416989888809	2.66914683185776	0.0240513571682174	1
s__Anaerostipes_caccae	glioma_idh_mutation	MUTANT	-0.5263754585757212	1.9432638684987256	0.7864896044685517	1
s__Lachnospira_pectinoschiza	glioma_progression_overall	Y	1.567164622742368	1.2561157050762497	0.21216746608484982	1
s__Lachnospira_pectinoschiza	age_at	SURGERY	-0.043609566371971796	0.04183791699347449	0.29725150374641385	1
s__Lachnospira_pectinoschiza	steroids_at_surgery	Y	-1.5572730120754295	1.220047379584993	0.20181284243280523	1
s__Lachnospira_pectinoschiza	grade_category	HIGH	-0.2750303551663529	2.2928997855878612	0.9045237836144827	1
s__Lachnospira_pectinoschiza	glioma_idh_mutation	MUTANT	1.7754528344096936	1.9277512862643333	0.35705207914988346	1
s__Lachnospira_eligens	glioma_progression_overall	Y	3.158368190689221	1.4624397328651466	0.03079923312889941	1
s__Lachnospira_eligens	age_at	SURGERY	0.03620872090734201	0.04387112954210007	0.4091769991527274	1
s__Lachnospira_eligens	steroids_at_surgery	Y	-1.123199837265523	1.5250478835196852	0.46142564141924985	1
s__Lachnospira_eligens	grade_category	HIGH	0.18506661042140937	2.7945883247065577	0.947200118159189	1
s__Lachnospira_eligens	glioma_idh_mutation	MUTANT	0.3433784404742475	2.105158255881889	0.87042955341498	1
s__Roseburia_hominis	glioma_progression_overall	Y	2.7439219959620207	1.1717761494048995	0.019197288429123143	1
s__Roseburia_hominis	age_at	SURGERY	0.054060299445182584	0.03193444760229315	0.09048360634132524	1
s__Roseburia_hominis	steroids_at_surgery	Y	-0.3854864574586526	1.287233440340202	0.7645822535438507	1
s__Roseburia_hominis	grade_category	HIGH	2.913608423569565	1.7891460412136069	0.10342079262779447	1
s__Roseburia_hominis	glioma_idh_mutation	MUTANT	2.7490968063843093	1.1735385516824992	0.019151414746559355	1
s__Roseburia_inulinivorans	glioma_progression_overall	Y	2.1025046553627185	1.6056765395072965	0.19039218764095076	1
s__Roseburia_inulinivorans	age_at	SURGERY	0.08250059161566885	0.04602880841765052	0.07307393868964798	1
s__Roseburia_inulinivorans	steroids_at_surgery	Y	2.0943680018629616	1.5255670490251612	0.16980035311010605	1
s__Roseburia_inulinivorans	grade_category	HIGH	0.12146354168720741	2.575330180519415	0.9623823123594093	1
s__Roseburia_inulinivorans	glioma_idh_mutation	MUTANT	2.1964927900736155	1.9520449611261412	0.26049305105427184	1
s__Roseburia_intestinalis	glioma_progression_overall	Y	2.5462432736904432	1.5337774386291068	0.09689179968548335	1
s__Roseburia_intestinalis	age_at	SURGERY	-0.05537993953409525	0.039953612971765966	0.16571456243330923	1
s__Roseburia_intestinalis	steroids_at_surgery	Y	0.4265692488896412	1.8417003235813	0.8168354412681134	1
s__Roseburia_intestinalis	grade_category	HIGH	-3.139062872227717	2.787046060139712	0.2600366000967029	1
s__Roseburia_intestinalis	glioma_idh_mutation	MUTANT	-0.8901154488598888	2.3469656366355385	0.7044931354845878	1
s__Roseburia_faecis	glioma_progression_overall	Y	4.449487209109624	1.4797510984502866	0.002639127044751094	0.5436601712187253
s__Roseburia_faecis	age_at	SURGERY	-0.006724864040691151	0.04149078559139204	0.871242143670707	1
s__Roseburia_faecis	steroids_at_surgery	Y	1.1487344328829447	1.7037721746030063	0.5001650548924865	1
s__Roseburia_faecis	grade_category	HIGH	-3.4697804670421095	2.3209342655617493	0.13491627053632874	1
s__Roseburia_faecis	glioma_idh_mutation	MUTANT	-1.3365700478364309	1.693556461992265	0.4299898467414586	1
s__Eubacterium_rectale	glioma_progression_overall	Y	1.6132706738591933	1.6128773236463267	0.3171924981068143	1
s__Eubacterium_rectale	age_at	SURGERY	0.014809151639641442	0.044954867938270374	0.7418362515586179	1
s__Eubacterium_rectale	steroids_at_surgery	Y	-1.6536437846976202	1.9029051268245234	0.38484160353890884	1
s__Eubacterium_rectale	grade_category	HIGH	4.079668713546564	2.5724348814351923	0.1127580944912807	1
s__Eubacterium_rectale	glioma_idh_mutation	MUTANT	3.847859501829652	1.8132352176601807	0.033829663379957325	1
s__Roseburia_sp_AF02_12	glioma_progression_overall	Y	0.5534732794126196	1.266897577706869	0.6622034917500415	1
s__Roseburia_sp_AF02_12	age_at	SURGERY	0.009239955043663314	0.04284967169235789	0.8292710691856324	1
s__Roseburia_sp_AF02_12	steroids_at_surgery	Y	-1.5322808957761689	1.3719962275739388	0.26406878053532723	1
s__Roseburia_sp_AF02_12	grade_category	HIGH	-1.2529546958528157	2.435643947302027	0.606955297955519	1
s__Roseburia_sp_AF02_12	glioma_idh_mutation	MUTANT	-0.5583979153112877	1.7880398017087764	0.7548154787943517	1
s__Lachnospiraceae_bacterium	glioma_progression_overall	Y	0.6110338142025475	0.46679891984912475	0.19053868431922882	1
s__Lachnospiraceae_bacterium	age_at	SURGERY	0.02451726834062465	0.023423007977178112	0.2952299690776771	1
s__Lachnospiraceae_bacterium	steroids_at_surgery	Y	-0.7615931458316534	0.8321433308913281	0.3600768242445929	1
s__Lachnospiraceae_bacterium	grade_category	HIGH	0.5055870541023237	2.0390752116106645	0.8041737171678177	1
s__Lachnospiraceae_bacterium	glioma_idh_mutation	MUTANT	-0.21145928425172256	1.132506789715381	0.8518818243899617	1
s__Eubacterium_ramulus	glioma_progression_overall	Y	-0.05234361352312966	1.4495394643969717	0.9711942397169488	1
s__Eubacterium_ramulus	age_at	SURGERY	0.04354173822214639	0.04679960257774662	0.35217078705620203	1
s__Eubacterium_ramulus	steroids_at_surgery	Y	-1.138007725354557	1.9162932726837554	0.5526065216419296	1
s__Eubacterium_ramulus	grade_category	HIGH	0.7207918211249673	2.8747699984510464	0.8020226658727068	1
s__Eubacterium_ramulus	glioma_idh_mutation	MUTANT	2.684726772413586	2.1636002302581483	0.21465716581282318	1
s__Lachnospiraceae_bacterium_WCA3_601_WT_6H	glioma_progression_overall	Y	2.9829403363908282	1.483971827413063	0.044419995259318085	1
s__Lachnospiraceae_bacterium_WCA3_601_WT_6H	age_at	SURGERY	-0.010471216694821399	0.03879461494813346	0.787226277616496	1
s__Lachnospiraceae_bacterium_WCA3_601_WT_6H	steroids_at_surgery	Y	1.2296377555400555	1.62550013583513	0.44936904996425	1
s__Lachnospiraceae_bacterium_WCA3_601_WT_6H	grade_category	HIGH	-1.7855377123788152	2.5860020158903945	0.48990331264761433	1
s__Lachnospiraceae_bacterium_WCA3_601_WT_6H	glioma_idh_mutation	MUTANT	1.658650630728787	2.1215520433781996	0.43432623557264294	1
s__Clostridium_sp_AF34_10BH	glioma_progression_overall	Y	1.6895667422909606	1.6106687074386734	0.294185185566049	1
s__Clostridium_sp_AF34_10BH	age_at	SURGERY	0.08485587496429757	0.033451600949333145	0.011191045803322766	1
s__Clostridium_sp_AF34_10BH	steroids_at_surgery	Y	0.7112006043957434	1.5836687610743887	0.6533709242378092	1
s__Clostridium_sp_AF34_10BH	grade_category	HIGH	0.7864171070095267	2.3352960015678623	0.7363033733084181	1
s__Clostridium_sp_AF34_10BH	glioma_idh_mutation	MUTANT	2.374046143603917	1.7824269661000627	0.18288721222014057	1
s__Firmicutes_bacterium_AF16_15	glioma_progression_overall	Y	-1.1932756273772531	1.3756365279287806	0.3857035701423236	1
s__Firmicutes_bacterium_AF16_15	age_at	SURGERY	-0.030767273827479354	0.04205564722229582	0.4644220057810607	1
s__Firmicutes_bacterium_AF16_15	steroids_at_surgery	Y	-0.9739409953217665	1.6242535401415676	0.5487570166961383	1
s__Firmicutes_bacterium_AF16_15	grade_category	HIGH	4.837350344373412	2.0658279384739044	0.019201091013501308	1
s__Firmicutes_bacterium_AF16_15	glioma_idh_mutation	MUTANT	3.356353548275945	1.2821078674274946	0.008848822689836116	1
s__Eisenbergiella_tayi	glioma_progression_overall	Y	-2.241345839524434	1.464052726914419	0.125789462963006	1
s__Eisenbergiella_tayi	age_at	SURGERY	0.016297973784810803	0.04633938578522577	0.7250565952553265	1
s__Eisenbergiella_tayi	steroids_at_surgery	Y	-0.7537672621959497	1.866536687926279	0.6863362560591315	1
s__Eisenbergiella_tayi	grade_category	HIGH	-0.22474284711647607	3.06350002740017	0.9415184821678628	1
s__Eisenbergiella_tayi	glioma_idh_mutation	MUTANT	-2.5535037176593987	2.2731883767464036	0.261304274013315	1
s__Eisenbergiella_massiliensis	glioma_progression_overall	Y	-1.4288045108061147	1.5094728644880049	0.3438637519453044	1
s__Eisenbergiella_massiliensis	age_at	SURGERY	0.04157017514317152	0.053949112877215294	0.44097715626190315	1
s__Eisenbergiella_massiliensis	steroids_at_surgery	Y	1.1349723771333553	1.8522105764436327	0.5400308213142366	1
s__Eisenbergiella_massiliensis	grade_category	HIGH	-0.9493974861277861	2.477740270977022	0.7015931976049359	1
s__Eisenbergiella_massiliensis	glioma_idh_mutation	MUTANT	1.7576667612091195	1.9559054853284994	0.3688412157348943	1
LKT_f__Lachnospiraceae	glioma_progression_overall	Y	0.09439200475552462	0.9641436821861006	0.9220097741862909	1
LKT_f__Lachnospiraceae	age_at	SURGERY	0.11060325442317062	0.03787009280183387	0.003493621617529716	0.7092051883585323
LKT_f__Lachnospiraceae	steroids_at_surgery	Y	-0.19612671147917643	1.2929211474567446	0.8794293079385789	1
LKT_f__Lachnospiraceae	grade_category	HIGH	-1.4722766332616168	2.1395778735994724	0.4913800695222533	1
LKT_f__Lachnospiraceae	glioma_idh_mutation	MUTANT	3.245067568473555	1.3926851324309064	0.0198019310493315	1
s__Anaerotignum_faecicola	glioma_progression_overall	Y	0.7827123686657905	1.4975532175932165	0.6012103191670556	1
s__Anaerotignum_faecicola	age_at	SURGERY	0.011032739191354328	0.04431200359748685	0.8033773599029508	1
s__Anaerotignum_faecicola	steroids_at_surgery	Y	-0.264588782509943	1.370392050544235	0.8469000385835184	1
s__Anaerotignum_faecicola	grade_category	HIGH	1.8688551746245379	2.4239426363069496	0.4407080559467105	1
s__Anaerotignum_faecicola	glioma_idh_mutation	MUTANT	0.7694940770218819	2.1656611901436427	0.7223528682956236	1
s__Eubacteriaceae_bacterium	glioma_progression_overall	Y	1.3596623765768237	1.1877784444671255	0.2523291285174465	1
s__Eubacteriaceae_bacterium	age_at	SURGERY	0.010864451032092187	0.04033497103377609	0.7876560364253744	1
s__Eubacteriaceae_bacterium	steroids_at_surgery	Y	-3.8868203311352167	1.130193612446754	5.837060070778126e-4	0.11849231943679597
s__Eubacteriaceae_bacterium	grade_category	HIGH	1.5618796419876606	1.7866741021576262	0.3820187501577623	1
s__Eubacteriaceae_bacterium	glioma_idh_mutation	MUTANT	0.4526601176540058	1.5123761464859422	0.7647081595960558	1
s__Intestinibacter_bartlettii	glioma_progression_overall	Y	1.6829202769236238	1.436828896214366	0.24148867323584153	1
s__Intestinibacter_bartlettii	age_at	SURGERY	-0.034444210652435775	0.04485161816820718	0.4425114531999902	1
s__Intestinibacter_bartlettii	steroids_at_surgery	Y	-0.006363950981380942	1.9404932071358072	0.9973832997132273	1
s__Intestinibacter_bartlettii	grade_category	HIGH	-6.849197074486043	2.156760387244612	0.0014948186752954623	0.3079326471108652
s__Intestinibacter_bartlettii	glioma_idh_mutation	MUTANT	-3.795623159184924	1.5160440942228048	0.012292429252371022	1
s__Romboutsia_timonensis	glioma_progression_overall	Y	-1.1135470987253773	1.3784439958368397	0.4191890015146282	1
s__Romboutsia_timonensis	age_at	SURGERY	-0.08019905143109321	0.036893546237489486	0.02972044239319778	1
s__Romboutsia_timonensis	steroids_at_surgery	Y	-1.6517635832684103	1.4067613014077505	0.2403307356177294	1
s__Romboutsia_timonensis	grade_category	HIGH	2.6694656572311066	2.220941247703835	0.22938197177230246	1
s__Romboutsia_timonensis	glioma_idh_mutation	MUTANT	1.206471208928911	1.5993414208761985	0.45063608059266513	1
s__Acidaminococcus_intestini	glioma_progression_overall	Y	1.8818667253730073	1.4449351499197896	0.19278365842275882	1
s__Acidaminococcus_intestini	age_at	SURGERY	0.015287673748377653	0.0508630838127009	0.7637460595675152	1
s__Acidaminococcus_intestini	steroids_at_surgery	Y	-2.7810206781856732	1.8227304444390109	0.12707354464237605	1
s__Acidaminococcus_intestini	grade_category	HIGH	-4.682636854915609	2.7530131902100186	0.08895926165221765	1
s__Acidaminococcus_intestini	glioma_idh_mutation	MUTANT	-3.0222565196306848	2.2732329188538576	0.18368402970022157	1
s__Phascolarctobacterium_faecium	glioma_progression_overall	Y	0.19633013458021784	1.8006399637544694	0.9131758944169833	1
s__Phascolarctobacterium_faecium	age_at	SURGERY	0.039783055940048495	0.05921115299881833	0.5016572285695601	1
s__Phascolarctobacterium_faecium	steroids_at_surgery	Y	-1.2447297485528026	1.9674978430734638	0.5269648047656204	1
s__Phascolarctobacterium_faecium	grade_category	HIGH	-4.587384014537273	2.9695224671521667	0.12238929356387747	1
s__Phascolarctobacterium_faecium	glioma_idh_mutation	MUTANT	-3.4490888301644844	2.162830185063417	0.11077690366427508	1
s__Veillonella_dispar	glioma_progression_overall	Y	2.9037698581174682	0	0	0
s__Veillonella_dispar	age_at	SURGERY	-0.0038659030992719157	0.03345322633210766	0.908000122345478	1
s__Veillonella_dispar	steroids_at_surgery	Y	1.8126907347833445	1.471365102431059	0.21795697262988858	1
s__Veillonella_dispar	grade_category	HIGH	-4.119515866429607	2.111190926827248	0.051024240497076295	1
s__Veillonella_dispar	glioma_idh_mutation	MUTANT	-2.4071509933321487	1.5541772816334816	0.12142342814403298	1
s__Veillonella_parvula	glioma_progression_overall	Y	2.135093272482319	1.0489004442835685	0.04179518221089043	1
s__Veillonella_parvula	age_at	SURGERY	0.043318064150729425	0.030093732633772546	0.15002644714350777	1
s__Veillonella_parvula	steroids_at_surgery	Y	2.7407351487211837	1.3850677689905033	0.047841533563198056	1
s__Veillonella_parvula	grade_category	HIGH	-5.867067007409712	2.1733651046763693	0.006943723516188453	1
s__Veillonella_parvula	glioma_idh_mutation	MUTANT	-2.900590252402994	1.4932432417077632	0.05207941406697399	1
s__Dialister_invisus	glioma_progression_overall	Y	1.0529182861599937	1.6603410231025717	0.5259778150148888	1
s__Dialister_invisus	age_at	SURGERY	-0.08355661113048048	0.04844716083428825	0.084582322055342	1
s__Dialister_invisus	steroids_at_surgery	Y	1.4109697799001084	2.0083467615007176	0.48233444285082844	1
s__Dialister_invisus	grade_category	HIGH	-1.189002633186047	2.859759322876349	0.6775781854347509	1
s__Dialister_invisus	glioma_idh_mutation	MUTANT	-0.2883090548942951	2.202913465694956	0.895873202300364	1
s__Collinsella_aerofaciens	glioma_progression_overall	Y	1.530564079971859	1.529183239792011	0.3168737099240585	1
s__Collinsella_aerofaciens	age_at	SURGERY	-0.009422091811120437	0.04640044403372012	0.8390878384958234	1
s__Collinsella_aerofaciens	steroids_at_surgery	Y	-0.9206041981383297	2.1679166632506273	0.6710923804594643	1
s__Collinsella_aerofaciens	grade_category	HIGH	2.4717215346899533	2.8733209110882405	0.3896613715771701	1
s__Collinsella_aerofaciens	glioma_idh_mutation	MUTANT	2.677580841446445	1.6993820335574583	0.11511333332099646	1
LKT_p__Actinobacteria	glioma_progression_overall	Y	-1.1091882067478462	1.2927285753321358	0.39088089251438857	1
LKT_p__Actinobacteria	age_at	SURGERY	-0.02629437209763244	0.03766195485392117	0.48507212946613754	1
LKT_p__Actinobacteria	steroids_at_surgery	Y	-2.364146079187869	1.3437275499190287	0.0785106241982285	1
LKT_p__Actinobacteria	grade_category	HIGH	0.8460241956248504	2.660239290224708	0.7504655184661784	1
LKT_p__Actinobacteria	glioma_idh_mutation	MUTANT	-1.2170780053107537	2.07695427559063	0.5578810800300209	1
s__Eggerthellaceae_unclassified_SGB14341	glioma_progression_overall	Y	0.5439214174437188	1.3100256868216134	0.6779961959984331	1
s__Eggerthellaceae_unclassified_SGB14341	age_at	SURGERY	-0.07936148370460408	0.03802633538357561	0.03688689426694868	1
s__Eggerthellaceae_unclassified_SGB14341	steroids_at_surgery	Y	-2.6514577021757573	1.3830728907709677	0.055228106591922115	1
s__Eggerthellaceae_unclassified_SGB14341	grade_category	HIGH	3.2744420333539805	2.4582736745610427	0.18285731473000735	1
s__Eggerthellaceae_unclassified_SGB14341	glioma_idh_mutation	MUTANT	1.7967117132840487	1.6860064776758261	0.2865768157894257	1
s__Eggerthella_lenta	glioma_progression_overall	Y	-1.9681604205415197	0.9092266283742769	0.030414246021261148	1
s__Eggerthella_lenta	age_at	SURGERY	-0.03926386286824972	0.04071240486268178	0.33483533297617896	1
s__Eggerthella_lenta	steroids_at_surgery	Y	2.58048018546758	1.4007751946410112	0.06544881056706996	1
s__Eggerthella_lenta	grade_category	HIGH	-1.7257621915135144	2.314565840574833	0.45590336533427456	1
s__Eggerthella_lenta	glioma_idh_mutation	MUTANT	-0.8817383816275688	1.5143532434757696	0.5603955391220161	1
s__Gordonibacter_urolithinfaciens	glioma_progression_overall	Y	0.9207724464192663	1.2944753340608566	0.4768925406726017	1
s__Gordonibacter_urolithinfaciens	age_at	SURGERY	-0.018161302195005197	0.039118436099548556	0.6424582361711311	1
s__Gordonibacter_urolithinfaciens	steroids_at_surgery	Y	-2.375583638878881	1.4319472953571533	0.09711817392611094	1
s__Gordonibacter_urolithinfaciens	grade_category	HIGH	-3.6456368189432813	2.2084508869939095	0.09878625585232245	1
s__Gordonibacter_urolithinfaciens	glioma_idh_mutation	MUTANT	-4.101061194139077	1.5644135969949375	0.008755181528750256	1
s__Gordonibacter_pamelaeae	glioma_progression_overall	Y	-0.8504960800679728	1.3873400964100757	0.5398493636718424	1
s__Gordonibacter_pamelaeae	age_at	SURGERY	-0.020196562115527616	0.04369799609497768	0.6439485968887692	1
s__Gordonibacter_pamelaeae	steroids_at_surgery	Y	-1.6303534352136317	1.5907702455645498	0.30541838098138835	1
s__Gordonibacter_pamelaeae	grade_category	HIGH	2.3888986455105945	2.780394040534386	0.3902333406726939	1
s__Gordonibacter_pamelaeae	glioma_idh_mutation	MUTANT	1.6288676659390955	2.0418908286556112	0.42503000618808057	1
LKT_f__Eggerthellaceae	glioma_progression_overall	Y	-0.9399489548508217	1.3063097093958311	0.4718050281397266	1
LKT_f__Eggerthellaceae	age_at	SURGERY	0.06715680557967249	0.037101272204295814	0.07028114705059042	1
LKT_f__Eggerthellaceae	steroids_at_surgery	Y	-2.8848418718295985	1.240029328100789	0.01999560375395699	1
LKT_f__Eggerthellaceae	grade_category	HIGH	4.053015047061188	2.3159638389383073	0.0801124778773279	1
LKT_f__Eggerthellaceae	glioma_idh_mutation	MUTANT	2.7176345251266136	1.6260859277214208	0.09466764330190613	1
s__Adlercreutzia_equolifaciens	glioma_progression_overall	Y	0.4236965815647423	1.4966553211663054	0.7771035311196404	1
s__Adlercreutzia_equolifaciens	age_at	SURGERY	0.06298353867644357	0.04541181306529324	0.1654595310927264	1
s__Adlercreutzia_equolifaciens	steroids_at_surgery	Y	-1.6623151195489108	1.521399772216792	0.2745597248890421	1
s__Adlercreutzia_equolifaciens	grade_category	HIGH	2.2977400730329487	2.8989949488535345	0.4280115768663803	1
s__Adlercreutzia_equolifaciens	glioma_idh_mutation	MUTANT	2.1269875913057685	2.221621129885308	0.3383636902695395	1
s__Actinomyces_graevenitzii	glioma_progression_overall	Y	0.9054913334050458	1.0108665889045492	0.3703822904466159	1
s__Actinomyces_graevenitzii	age_at	SURGERY	0.018473050352535034	0.038008064902898445	0.6269460718229983	1
s__Actinomyces_graevenitzii	steroids_at_surgery	Y	-0.30493091930522287	1.293922414417793	0.8136934145025968	1
s__Actinomyces_graevenitzii	grade_category	HIGH	-3.9541188564805276	1.5862666066108968	0.01267686888385577	1
s__Actinomyces_graevenitzii	glioma_idh_mutation	MUTANT	-1.7414474435290501	1.1797581353112725	0.13991557916655678	1
s__Actinomyces_oris	glioma_progression_overall	Y	0.4646261814285371	1.1623510345669115	0.6893556453759369	1
s__Actinomyces_oris	age_at	SURGERY	-0.014441144606884839	0.03765939295027492	0.7013733336486683	1
s__Actinomyces_oris	steroids_at_surgery	Y	0.5988234173335166	1.4736736682176355	0.684487385310892	1
s__Actinomyces_oris	grade_category	HIGH	-4.2235912909800435	1.7079608986873607	0.013402717498977219	1
s__Actinomyces_oris	glioma_idh_mutation	MUTANT	-3.8941383015874385	1.2681918421117229	0.0021361309748583693	0.43790684984596573
s__Actinomyces_sp_ICM47	glioma_progression_overall	Y	-0.391566533064894	1.2111859688659088	0.7464742378438781	1
s__Actinomyces_sp_ICM47	age_at	SURGERY	0.07699129621771968	0.04382234759494254	0.07893558029964108	1
s__Actinomyces_sp_ICM47	steroids_at_surgery	Y	-0.7850827214959715	1.7543393285032567	0.6545075569884131	1
s__Actinomyces_sp_ICM47	grade_category	HIGH	-2.7538847020820354	2.182812813621931	0.2070848302572996	1
s__Actinomyces_sp_ICM47	glioma_idh_mutation	MUTANT	-1.5629396642059303	1.5644154459563937	0.31776724640055143	1
s__Actinomyces_SGB17168	glioma_progression_overall	Y	1.2888518746450641	0.9817232205971913	0.18923468422116635	1
s__Actinomyces_SGB17168	age_at	SURGERY	-0.020612229054942074	0.03711409543556373	0.5786384043420039	1
s__Actinomyces_SGB17168	steroids_at_surgery	Y	0.04326301144662574	1.7810596477419731	0.9806208092570285	1
s__Actinomyces_SGB17168	grade_category	HIGH	-3.9629066355547176	2.467846234166926	0.10831437372266665	1
s__Actinomyces_SGB17168	glioma_idh_mutation	MUTANT	-1.843059748263337	1.3868858758809741	0.18387451456359466	1
s__Actinomyces_sp_ICM58	glioma_progression_overall	Y	-0.3929530277311748	1.1299917381204478	0.7280290057762918	1
s__Actinomyces_sp_ICM58	age_at	SURGERY	0.06988675102937995	0.03677076103601022	0.057353560681564296	1
s__Actinomyces_sp_ICM58	steroids_at_surgery	Y	1.9350517316417872	1.617836856363075	0.23166789223290032	1
s__Actinomyces_sp_ICM58	grade_category	HIGH	-1.5429401699816614	2.371961712641388	0.5153749980622747	1
s__Actinomyces_sp_ICM58	glioma_idh_mutation	MUTANT	0.27999883273376847	1.630858961423957	0.8636828592123051	1
s__Isoptericola_variabilis	glioma_progression_overall	Y	-0.10954104051562757	1.1464687174468082	0.9238807802344654	1
s__Isoptericola_variabilis	age_at	SURGERY	-0.005593909286150308	0.04173253856327579	0.8933694320149628	1
s__Isoptericola_variabilis	steroids_at_surgery	Y	0.7889858459862091	1.6043407374733272	0.6228734848728138	1
s__Isoptericola_variabilis	grade_category	HIGH	-2.2047595925059413	2.5466607311353986	0.38662984472858747	1
s__Isoptericola_variabilis	glioma_idh_mutation	MUTANT	-1.1483433303032415	1.8812207576782505	0.5415806110648359	1
s__Actinomyces_sp_S6_Spd3	glioma_progression_overall	Y	0.2454749920362566	0.8688979358878732	0.777550153836974	1
s__Actinomyces_sp_S6_Spd3	age_at	SURGERY	0.07324282213035373	0.026109176756330055	0.005027724405039846	1
s__Actinomyces_sp_S6_Spd3	steroids_at_surgery	Y	1.0039958902559982	1.2977068074284146	0.4391263915538099	1
s__Actinomyces_sp_S6_Spd3	grade_category	HIGH	-4.840885990579246	1.8494542475054165	0.008858497901422676	1
s__Actinomyces_sp_S6_Spd3	glioma_idh_mutation	MUTANT	-0.6772839090791072	1.0274532545180073	0.5097756434646914	1
s__Trueperella_pyogenes	glioma_progression_overall	Y	0.0030360362236917793	0.9460829445593926	0.9974395455650299	1
s__Trueperella_pyogenes	age_at	SURGERY	0.054162069270820415	0.029729029873363358	0.06847654286695197	1
s__Trueperella_pyogenes	steroids_at_surgery	Y	1.7629263506384654	1.2669820494087667	0.16409279611708144	1
s__Trueperella_pyogenes	grade_category	HIGH	-4.889688054024602	1.9539909645945612	0.012335071146144459	1
s__Trueperella_pyogenes	glioma_idh_mutation	MUTANT	-1.004193480613358	1.189818054030219	0.39867549092903976	1
s__Bifidobacterium_longum	glioma_progression_overall	Y	-0.7512233820057055	1.3953495121286865	0.5903171491958157	1
s__Bifidobacterium_longum	age_at	SURGERY	-0.08868485428681319	0.049619260620346356	0.07388787531423915	1
s__Bifidobacterium_longum	steroids_at_surgery	Y	-2.8669231426606703	1.8561781331608815	0.1224599462317281	1
s__Bifidobacterium_longum	grade_category	HIGH	-0.7885134329842456	3.107406368437337	0.7996864491458109	1
s__Bifidobacterium_longum	glioma_idh_mutation	MUTANT	-1.9028370563988433	2.3690107646774554	0.4218475315288222	1
s__Bifidobacterium_adolescentis	glioma_progression_overall	Y	-0.2678452047676772	1.807353319088003	0.8821869216590872	1
s__Bifidobacterium_adolescentis	age_at	SURGERY	-0.07997591785333566	0.051546725989461355	0.12077646068058015	1
s__Bifidobacterium_adolescentis	steroids_at_surgery	Y	-5.494535360566772	2.405005986334973	0.0223348609019472	1
s__Bifidobacterium_adolescentis	grade_category	HIGH	-0.3078133629835409	3.432981128483457	0.9285545617639418	1
s__Bifidobacterium_adolescentis	glioma_idh_mutation	MUTANT	-3.6572593855548563	2.3631258758517197	0.12170988670997986	1
s__Bifidobacterium_pseudocatenulatum	glioma_progression_overall	Y	-0.13263463495182143	1.974254217196278	0.946436698480901	1
s__Bifidobacterium_pseudocatenulatum	age_at	SURGERY	-0.0497874021996028	0.06885617317636741	0.4696407241821536	1
s__Bifidobacterium_pseudocatenulatum	steroids_at_surgery	Y	-0.05594470548405968	2.2186303677683257	0.9798827747579931	1
s__Bifidobacterium_pseudocatenulatum	grade_category	HIGH	-4.650105445932327	4.157781115363372	0.2633917745463377	1
s__Bifidobacterium_pseudocatenulatum	glioma_idh_mutation	MUTANT	-1.6062599983584327	3.3593300593598685	0.6325442242912331	1
s__Bifidobacterium_dentium	glioma_progression_overall	Y	2.6198140471089744	1.4001103659220366	0.061324536738047164	1
s__Bifidobacterium_dentium	age_at	SURGERY	0.12783374717139342	0.03904907185551405	0.001061607794848672	0.2197528135336751
s__Bifidobacterium_dentium	steroids_at_surgery	Y	-0.4880176429365591	1.547493115305073	0.7524882287821524	1
s__Bifidobacterium_dentium	grade_category	HIGH	-3.679904721926668	2.2872985567146364	0.10765063273291804	1
s__Bifidobacterium_dentium	glioma_idh_mutation	MUTANT	-3.850955356678191	1.561953182983924	0.013683200881174858	1
s__Rothia_mucilaginosa	glioma_progression_overall	Y	2.3838786671783385	1.163317851611943	0.04044191296313653	1
s__Rothia_mucilaginosa	age_at	SURGERY	0.025178191263043034	0.04809801373895975	0.6006425358736649	1
s__Rothia_mucilaginosa	steroids_at_surgery	Y	-1.025313867730369	1.5253308831698145	0.5014620363618598	1
s__Rothia_mucilaginosa	grade_category	HIGH	-1.9241183531150938	2.3801396727652593	0.4188571019823112	1
s__Rothia_mucilaginosa	glioma_idh_mutation	MUTANT	-1.7025938940257077	2.002690252604866	0.3952398153061868	1
s__Rothia_dentocariosa	glioma_progression_overall	Y	1.2149078585581679	0.9071569170511885	0.1804900328279308	1
s__Rothia_dentocariosa	age_at	SURGERY	0.06936306170009389	0.02306570415272919	0.002636708860898343	0.5405253164841602
s__Rothia_dentocariosa	steroids_at_surgery	Y	0.6937557741024357	0.999090756417524	0.4874394556320255	1
s__Rothia_dentocariosa	grade_category	HIGH	-3.904508691501338	2.038619364622851	0.055457943050892716	1
s__Rothia_dentocariosa	glioma_idh_mutation	MUTANT	-0.9301963582615715	1.4590236093932292	0.5237685016686392	1
