Gene,Subset,Contrast,log2FC,Pr(>|t|),FDR
A2M,Glioma,High - Low,0.474247993,0.192415494,0.284409128
ACADM,Glioma,High - Low,0.078324146,0.709478855,0.780868077
ACADS,Glioma,High - Low,0.721516363,0.133007243,0.212918918
ACAT1,Glioma,High - Low,0.65090995,0.001808215,0.011351756
PSEN1,Glioma,High - Low,0.08889045,0.655787848,0.736624828
ADA,Glioma,High - Low,0.997986115,0.026314739,0.064021972
AGL,Glioma,High - Low,1.251115173,0.024350027,0.060599676
ABCD1,Glioma,High - Low,0.966768711,0.108713174,0.18241466
APC,Glioma,High - Low,0.342303846,0.283009348,0.38562243
APOE,Glioma,High - Low,0.354861343,0.40025294,0.503981791
ARSB,Glioma,High - Low,0.850114683,0.038453598,0.083868815
ASL,Glioma,High - Low,2.848583379,3.61E-05,0.001512467
ASPA,Glioma,High - Low,-0.150537233,0.817907456,0.866342716
ASS1,Glioma,High - Low,0.13534955,0.668428099,0.747136023
ATM,Glioma,High - Low,0.918786686,0.012944249,0.039330195
ATP7A,Glioma,High - Low,1.209010937,0.024188256,0.060300234
ATP7B,Glioma,High - Low,1.240652613,0.031046812,0.072216047
BLM,Glioma,High - Low,1.778439574,0.026727506,0.064672562
BTD,Glioma,High - Low,1.043068612,0.056051931,0.110292746
BTK,Glioma,High - Low,-0.407291175,0.388327973,0.493102333
SERPING1,Glioma,High - Low,0.355924512,0.582241099,0.671832441
C2,Glioma,High - Low,0.145635068,0.807409544,0.85881882
C3,Glioma,High - Low,0.127385616,0.811767892,0.86186158
CA2,Glioma,High - Low,0.486577074,0.379061051,0.483633438
CACNA1S,Glioma,High - Low,0.294895024,0.590765496,0.679214317
CBS,Glioma,High - Low,0.575670238,0.110505632,0.184712146
CD40LG,Glioma,High - Low,-0.088821931,0.825984175,0.87193508
CDK4,Glioma,High - Low,2.25622183,0.002638273,0.014244498
CDKN1C,Glioma,High - Low,-0.118439014,0.821634257,0.86895455
LYST,Glioma,High - Low,0.831597996,0.009126749,0.03134746
ERCC8,Glioma,High - Low,1.571713687,0.000526487,0.00568194
CLN3,Glioma,High - Low,0.577116273,0.0054152,0.022160736
COL1A1,Glioma,High - Low,-0.3618452,0.742131043,0.806485063
COL1A2,Glioma,High - Low,0.057389598,0.955795493,0.968218986
COL5A1,Glioma,High - Low,0.052376296,0.950790381,0.965239859
CP,Glioma,High - Low,0.514325467,0.523052575,0.619253763
CPOX,Glioma,High - Low,0.282371966,0.611742611,0.697695645
CPT2,Glioma,High - Low,1.168279352,0.001659905,0.010753652
CST3,Glioma,High - Low,0.479089416,0.290223536,0.393079214
CSTB,Glioma,High - Low,0.328598746,0.30860281,0.412594363
CYP1B1,Glioma,High - Low,-0.581858833,0.395665716,0.499947039
CYP2D6,Glioma,High - Low,-0.386800471,0.257793321,0.358539191
DDB2,Glioma,High - Low,-0.152832132,0.729070403,0.796272838
DLD,Glioma,High - Low,0.918775688,0.000132027,0.002898233
SLC26A2,Glioma,High - Low,0.599396106,0.283219862,0.385708098
TOR1A,Glioma,High - Low,1.428590608,0.000104509,0.002606357
EMD,Glioma,High - Low,0.68487674,0.002686327,0.014402983
EPHX1,Glioma,High - Low,0.473839225,0.298179708,0.401322669
ERCC5,Glioma,High - Low,0.760395239,0.031181711,0.07243828
ESR1,Glioma,High - Low,-0.059623465,0.915181304,0.93886829
EXT1,Glioma,High - Low,1.507792533,0.001043245,0.008469258
F13A1,Glioma,High - Low,-0.710912066,0.393971133,0.498235945
F5,Glioma,High - Low,0.477007236,0.576961646,0.666739526
FANCA,Glioma,High - Low,0.254459972,0.677644129,0.754712026
FAH,Glioma,High - Low,0.032253465,0.955240864,0.967901571
FECH,Glioma,High - Low,-0.101592624,0.60891136,0.694920685
FGFR2,Glioma,High - Low,-0.918335227,0.159080246,0.245039725
FH,Glioma,High - Low,0.507805459,0.036686229,0.081192157
FUCA1,Glioma,High - Low,0.046824046,0.92497751,0.946346187
GALC,Glioma,High - Low,1.191569316,0.098298254,0.16909986
GALK1,Glioma,High - Low,1.171781645,0.017750196,0.048670851
GALT,Glioma,High - Low,0.169538142,0.687191748,0.762427045
GBE1,Glioma,High - Low,0.482539947,0.320583259,0.425052821
GCDH,Glioma,High - Low,0.970779078,0.006909673,0.025937028
GIPR,Glioma,High - Low,-0.20188256,0.699604571,0.772728417
GJA1,Glioma,High - Low,-0.763350618,0.26017304,0.36104352
GJB1,Glioma,High - Low,-1.179353301,0.096121634,0.166207152
GK,Glioma,High - Low,1.159785516,0.011012558,0.035305442
GLI3,Glioma,High - Low,0.611260731,0.315294933,0.419976765
GLDC,Glioma,High - Low,2.367713058,0.000103439,0.002589536
GPI,Glioma,High - Low,-0.043955748,0.882451919,0.913427383
GSN,Glioma,High - Low,-0.451068584,0.32484933,0.429534667
GSS,Glioma,High - Low,1.693452916,0.003130639,0.015692749
MSH6,Glioma,High - Low,0.879395592,0.00214896,0.012620169
GUSB,Glioma,High - Low,0.851916932,0.023370188,0.058911411
HADHA,Glioma,High - Low,0.91202559,0.000915949,0.007837414
HADHB,Glioma,High - Low,0.824509317,0.028367376,0.067578977
HK1,Glioma,High - Low,0.019600188,0.942291172,0.959289194
HK2,Glioma,High - Low,-0.112131606,0.864459315,0.900498514
HMGCL,Glioma,High - Low,0.849609826,0.057013913,0.111855186
HPRT1,Glioma,High - Low,0.827395789,0.102743193,0.174680772
HPS1,Glioma,High - Low,-0.640003199,0.103866622,0.176133361
HSD17B3,Glioma,High - Low,0.539871718,0.34657178,0.450844351
HSD3B2,Glioma,High - Low,0.596516942,0.248675544,0.348225551
SGSH,Glioma,High - Low,0.732086884,0.074922592,0.138085797
ICAM1,Glioma,High - Low,0.102935229,0.901309402,0.928031142
IDS,Glioma,High - Low,-0.666150717,0.143103511,0.225524105
IDUA,Glioma,High - Low,0.842268927,0.000420796,0.005084756
CFI,Glioma,High - Low,1.378215902,0.023121172,0.058441216
INSR,Glioma,High - Low,0.538120631,0.013102128,0.039590621
ITGA6,Glioma,High - Low,0.456329434,0.287782588,0.390540778
ITGB2,Glioma,High - Low,-0.570270375,0.374913837,0.479650856
JAG1,Glioma,High - Low,1.21411043,0.022242009,0.056989163
JAK3,Glioma,High - Low,-0.02587928,0.970723952,0.979401148
ANOS1,Glioma,High - Low,1.237104568,0.043842239,0.092302048
KHK,Glioma,High - Low,0.845153085,0.089486832,0.157659053
KRT12,Glioma,High - Low,0.530081392,0.185201809,0.275770191
KRT18,Glioma,High - Low,0.380536008,0.322043485,0.426729618
LAMA3,Glioma,High - Low,-0.597131135,0.222628998,0.319194204
LCAT,Glioma,High - Low,1.818941583,0.0609248,0.117653158
SGCB,Glioma,High - Low,0.695361477,0.001567579,0.010418433
LIG1,Glioma,High - Low,1.018351877,0.152192745,0.236798527
LIPA,Glioma,High - Low,0.286904307,0.352045784,0.456098897
LYZ,Glioma,High - Low,-0.055786405,0.938177645,0.956039552
MLH1,Glioma,High - Low,0.766128625,0.002215336,0.012843074
MSH2,Glioma,High - Low,0.574287263,0.107332314,0.180722992
MTM1,Glioma,High - Low,0.496146343,0.073668399,0.136446505
MTTP,Glioma,High - Low,-0.293654905,0.525556464,0.621431481
MTR,Glioma,High - Low,1.259465914,0.002748327,0.014603831
MMUT,Glioma,High - Low,1.475106506,6.61E-06,0.00072233
MYO5A,Glioma,High - Low,0.224171316,0.545085762,0.639269785
NAGA,Glioma,High - Low,0.917657504,0.086575105,0.153761238
NAGLU,Glioma,High - Low,2.20378703,0.000290602,0.004207086
PTCH1,Glioma,High - Low,1.483867565,0.021281008,0.055339074
NCF1,Glioma,High - Low,-0.095415591,0.900887233,0.927888337
NDP,Glioma,High - Low,-0.175041024,0.698831231,0.772199958
NF1,Glioma,High - Low,0.900330841,0.000102201,0.002568366
PNP,Glioma,High - Low,1.061185367,0.001030729,0.008442352
NPC1,Glioma,High - Low,1.109082276,0.081704489,0.14743066
OAT,Glioma,High - Low,-0.01312654,0.953052033,0.96678626
OCA2,Glioma,High - Low,-0.86577572,0.033151043,0.075532518
OCRL,Glioma,High - Low,0.420172488,0.046044256,0.095646113
PAX6,Glioma,High - Low,0.885052979,0.207021392,0.301069764
PCBD1,Glioma,High - Low,0.801585506,0.165430117,0.252252669
PCCA,Glioma,High - Low,0.196472308,0.294111655,0.397031023
PDHA1,Glioma,High - Low,0.604501393,0.003398968,0.016489056
PEPD,Glioma,High - Low,0.537176827,0.101689461,0.173316858
PEX12,Glioma,High - Low,1.400642661,0.01277657,0.038966605
PEX6,Glioma,High - Low,0.883924214,0.071596259,0.133344213
PEX7,Glioma,High - Low,1.462148163,0.002250094,0.012909997
PFKM,Glioma,High - Low,1.111942358,8.38E-05,0.002304664
PGK1,Glioma,High - Low,0.262543759,0.351465931,0.455573055
PHKA2,Glioma,High - Low,0.416701955,0.537275014,0.631947932
PHKB,Glioma,High - Low,0.706681617,0.001404212,0.009717412
PHKG2,Glioma,High - Low,0.567453737,0.076706478,0.14054861
SERPINA1,Glioma,High - Low,-0.117475455,0.796176906,0.850064766
PKD2,Glioma,High - Low,0.51247118,0.01251764,0.03842754
PLOD1,Glioma,High - Low,0.06709262,0.860578856,0.897384434
PMM2,Glioma,High - Low,0.832129662,0.102608855,0.1745884
PMP22,Glioma,High - Low,0.196971864,0.605126794,0.691818355
PON2,Glioma,High - Low,1.481283212,0.005532412,0.022460735
POU3F4,Glioma,High - Low,1.661911696,0.019142938,0.051297276
PRNP,Glioma,High - Low,0.052451244,0.828856697,0.873769785
PROS1,Glioma,High - Low,0.743483551,0.010341703,0.033969872
PTH1R,Glioma,High - Low,-0.220488579,0.659404166,0.739936471
PTS,Glioma,High - Low,1.533548133,0.00030102,0.004283972
PEX2,Glioma,High - Low,1.387936897,0.00099645,0.008261424
QDPR,Glioma,High - Low,-0.160881263,0.758490394,0.820194477
RB1,Glioma,High - Low,1.738872238,0.001135782,0.008867495
RLBP1,Glioma,High - Low,-0.276348143,0.59672675,0.685063268
ROM1,Glioma,High - Low,1.273693537,0.049537039,0.100970091
RPGR,Glioma,High - Low,0.902991665,0.042579329,0.090326837
RPE65,Glioma,High - Low,0.081426437,0.865879117,0.901547139
ATXN1,Glioma,High - Low,0.095585393,0.511952492,0.609363088
SGCD,Glioma,High - Low,-0.301722175,0.599270555,0.687122286
SMN1,Glioma,High - Low,0.604372559,0.074715438,0.137862106
SNCA,Glioma,High - Low,-1.353093343,0.030522711,0.071369302
ABCC8,Glioma,High - Low,1.897786787,0.00130576,0.009403911
TCN2,Glioma,High - Low,1.231381482,0.013093018,0.039581362
TCOF1,Glioma,High - Low,2.054666806,0.000711968,0.006701507
THBD,Glioma,High - Low,0.313386727,0.67826609,0.755077369
TIMP3,Glioma,High - Low,0.677838361,0.134515755,0.214834689
TPI1,Glioma,High - Low,0.250392021,0.358831258,0.463285441
TPM1,Glioma,High - Low,0.242041194,0.434483639,0.537023911
TPMT,Glioma,High - Low,-0.056346814,0.816855653,0.865578752
TSC1,Glioma,High - Low,0.15765004,0.441301307,0.543449776
UROS,Glioma,High - Low,0.766109551,0.005474566,0.022295023
WAS,Glioma,High - Low,0.722388893,0.143908038,0.226492119
XPA,Glioma,High - Low,1.100766314,0.001061877,0.008524311
MID1,Glioma,High - Low,2.055517307,2.26E-06,0.000435703
BLMH,Glioma,High - Low,0.685070558,0.01318523,0.039759146
SLC25A20,Glioma,High - Low,1.013321811,0.019633818,0.05222787
CASR,Glioma,High - Low,0.361973009,0.489497402,0.588034634
CDKN1A,Glioma,High - Low,1.247583836,0.143817874,0.226378136
CHM,Glioma,High - Low,1.281489758,0.033703303,0.076385209
TPP1,Glioma,High - Low,0.627184167,0.087497803,0.155126437
COL5A2,Glioma,High - Low,0.46012303,0.526684028,0.62233851
CTSK,Glioma,High - Low,1.311554928,0.013845391,0.041091442
CYBB,Glioma,High - Low,-0.448724001,0.470745196,0.570163445
CYB5R3,Glioma,High - Low,0.461125616,0.010355446,0.033978733
EGR2,Glioma,High - Low,0.425551825,0.515989035,0.612997408
ERCC2,Glioma,High - Low,0.112597514,0.54856632,0.642258681
G6PD,Glioma,High - Low,0.483830171,0.099507785,0.170486185
GLB1,Glioma,High - Low,2.243619116,0.000535667,0.005727184
GM2A,Glioma,High - Low,0.595683103,0.026533099,0.064404499
HLCS,Glioma,High - Low,1.26540073,0.004325263,0.019209858
HSD17B4,Glioma,High - Low,0.503638846,0.03156676,0.073099325
IFNGR1,Glioma,High - Low,0.04034822,0.880590515,0.912149653
IL4R,Glioma,High - Low,0.392065716,0.562944567,0.654759991
ITGA2B,Glioma,High - Low,0.811483115,0.154759815,0.239848352
LAMA2,Glioma,High - Low,1.408767546,0.031692656,0.073313333
PAFAH1B1,Glioma,High - Low,0.632005145,0.000153406,0.003128585
MVK,Glioma,High - Low,0.203628585,0.515303497,0.6122941
NCF2,Glioma,High - Low,-0.266676773,0.726463363,0.794552236
NEU1,Glioma,High - Low,1.089161242,0.00088796,0.007689196
NOTCH3,Glioma,High - Low,0.680077027,0.297619463,0.40077462
OXCT1,Glioma,High - Low,0.316996076,0.51847635,0.615098926
PAFAH2,Glioma,High - Low,-0.186794268,0.446962076,0.54897509
PCSK1,Glioma,High - Low,-0.171143555,0.807666076,0.858899604
PLEC,Glioma,High - Low,0.279059906,0.183800145,0.274119524
PSEN2,Glioma,High - Low,1.365750682,0.011198373,0.035726192
RFX5,Glioma,High - Low,0.926760599,0.001016405,0.008359165
SLC5A5,Glioma,High - Low,0.096885774,0.868981136,0.903698968
STK11,Glioma,High - Low,0.6155476,0.016884046,0.047084732
UBE3A,Glioma,High - Low,1.03833834,0.000649915,0.006367402
BARD1,Glioma,High - Low,0.961835701,0.128172293,0.206727807
PEX1,Glioma,High - Low,0.546552455,0.149473468,0.233371825
AK1,Glioma,High - Low,-0.069737456,0.801411071,0.854259966
ALPL,Glioma,High - Low,0.428573817,0.152675815,0.237415993
AMH,Glioma,High - Low,0.869930687,0.0090073,0.03103489
AMPD3,Glioma,High - Low,-0.069980653,0.855149479,0.89378719
AMT,Glioma,High - Low,-0.06180634,0.877886728,0.91040642
APP,Glioma,High - Low,0.46631156,0.063653125,0.121566421
APRT,Glioma,High - Low,1.158990358,0.007798056,0.028069715
ARSA,Glioma,High - Low,0.875988439,0.099018741,0.169870594
ATRX,Glioma,High - Low,0.073740465,0.644618702,0.726083334
C1QB,Glioma,High - Low,0.683810394,0.320286391,0.424831296
CFTR,Glioma,High - Low,0.177384041,0.67361317,0.751373081
COL4A5,Glioma,High - Low,-0.419739406,0.426102452,0.529162421
CYP21A2,Glioma,High - Low,0.936346126,0.080833123,0.146241272
F12,Glioma,High - Low,0.898289429,0.00994449,0.033105317
FBP1,Glioma,High - Low,-0.847907315,0.036551136,0.081012983
GALNS,Glioma,High - Low,1.118813852,0.032407771,0.074506574
GH1,Glioma,High - Low,0.502551512,0.410012314,0.513220959
HBA2,Glioma,High - Low,-0.052365126,0.951173635,0.965532592
HBB,Glioma,High - Low,0.209455806,0.751512166,0.814262561
HEXA,Glioma,High - Low,0.350788623,0.089697366,0.15791416
HEXB,Glioma,High - Low,0.898846067,0.054388945,0.107994307
KCNJ11,Glioma,High - Low,0.348329256,0.516600926,0.61344603
LDLR,Glioma,High - Low,1.209486563,0.08422541,0.150794925
PCCB,Glioma,High - Low,0.793510398,0.000973978,0.008131721
PLP1,Glioma,High - Low,-0.627732593,0.606808614,0.693285575
PMS1,Glioma,High - Low,1.672581304,0.004529447,0.01972856
SMPD1,Glioma,High - Low,0.460988211,0.053573266,0.106779536
HNF1A,Glioma,High - Low,-0.103708467,0.835065323,0.878193596
TSC2,Glioma,High - Low,0.925926741,0.000113942,0.002697716
VHL,Glioma,High - Low,0.533257018,0.09786079,0.168502277
VWF,Glioma,High - Low,0.312842722,0.511944002,0.609363088
WRN,Glioma,High - Low,1.377157978,0.001448814,0.009915602
DCX,Glioma,High - Low,1.48421756,0.051545151,0.103907723
IL6R,Glioma,High - Low,0.671927505,0.279798638,0.382190438
FCGR1A,Glioma,High - Low,-0.16048719,0.723720378,0.792412687
FCGR3A,Glioma,High - Low,0.126845014,0.822291034,0.869438465
CR1,Glioma,High - Low,-0.008716457,0.985004855,0.98939784
CD55,Glioma,High - Low,0.168797,0.67554709,0.752938997
SLC11A1,Glioma,High - Low,0.719015679,0.50733298,0.605074759
GPX1,Glioma,High - Low,0.119539289,0.673693055,0.751398175
C7,Glioma,High - Low,-0.28404158,0.596742272,0.685063268
CD14,Glioma,High - Low,0.215878114,0.768097637,0.827916552
TAP1,Glioma,High - Low,1.374856945,0.027981412,0.066878538
IGFBP1,Glioma,High - Low,-0.303744177,0.618690712,0.704086701
IGFBP2,Glioma,High - Low,0.256961864,0.682866647,0.758979033
IGFBP3,Glioma,High - Low,1.123505653,0.061832498,0.118984847
HGF,Glioma,High - Low,0.180454482,0.708908718,0.780437387
SERPINE1,Glioma,High - Low,0.354079753,0.691212303,0.765784624
ORM1,Glioma,High - Low,0.330794345,0.568053324,0.659413261
ORM2,Glioma,High - Low,-0.086543471,0.856091577,0.89452433
CD59,Glioma,High - Low,0.147566087,0.635743289,0.718683032
IGF2,Glioma,High - Low,-0.392144102,0.655890341,0.736624828
NCAM1,Glioma,High - Low,0.95068353,0.044826376,0.093845817
CD4,Glioma,High - Low,0.311833959,0.68522378,0.76069484
SLC11A2,Glioma,High - Low,0.700416644,0.003900779,0.01790147
NOS2,Glioma,High - Low,0.26905605,0.692654393,0.766992893
LTBP1,Glioma,High - Low,0.172784239,0.734357798,0.800051625
IL10RB,Glioma,High - Low,1.268553578,0.038517781,0.08396825
IFNAR1,Glioma,High - Low,0.776180205,0.001196987,0.009032941
NCF4,Glioma,High - Low,-0.435079589,0.533470045,0.628405155
ITGAM,Glioma,High - Low,-0.28833772,0.625379527,0.710525351
RFX2,Glioma,High - Low,-0.173351765,0.291935895,0.394949026
SOD2,Glioma,High - Low,0.582049822,0.338231498,0.442492506
GSR,Glioma,High - Low,1.83071528,4.78E-05,0.001747758
FASLG,Glioma,High - Low,-0.305039989,0.539110867,0.633454059
IL13RA2,Glioma,High - Low,-0.04781005,0.94427539,0.960636961
TGFB1,Glioma,High - Low,0.195141824,0.662613683,0.742646888
RPL9,Glioma,High - Low,0.867011169,0.000810752,0.007305696
ABAT,Glioma,High - Low,1.790639507,0.036975531,0.081611703
ACHE,Glioma,High - Low,-0.217797472,0.66578615,0.745373071
ACY1,Glioma,High - Low,1.619504577,0.004515333,0.01969329
ADH5,Glioma,High - Low,0.560074091,0.001804255,0.011351756
ADORA3,Glioma,High - Low,-0.856910693,0.078736731,0.14341959
ADRA1B,Glioma,High - Low,-0.497518255,0.2781111,0.38037278
ADRA1A,Glioma,High - Low,0.645084023,0.282882994,0.385530034
ALDH1A1,Glioma,High - Low,0.002750572,0.99617793,0.997549341
ALDH2,Glioma,High - Low,0.096907226,0.783375448,0.839959121
ALDH1B1,Glioma,High - Low,0.915818297,0.041685911,0.088855996
ALDH3B2,Glioma,High - Low,0.187667637,0.733103774,0.79947757
ALDH9A1,Glioma,High - Low,0.501037014,0.035682769,0.079587551
ALOX5,Glioma,High - Low,-0.132757067,0.833009517,0.876843732
ANXA1,Glioma,High - Low,0.377352566,0.661924365,0.742001345
ATP1A1,Glioma,High - Low,0.134572824,0.602609814,0.68974301
ATP1A2,Glioma,High - Low,0.434089858,0.659965162,0.740439063
AVPR1B,Glioma,High - Low,0.243531237,0.504093705,0.602063982
BCKDHA,Glioma,High - Low,0.469151362,0.117541218,0.193396925
BLVRA,Glioma,High - Low,0.8359083,0.002105608,0.012434356
BLVRB,Glioma,High - Low,-0.291861211,0.491399103,0.589994357
TSPO,Glioma,High - Low,0.089745218,0.85439097,0.893204686
C4BPB,Glioma,High - Low,-0.424235197,0.328626742,0.433173254
CA4,Glioma,High - Low,0.202090986,0.697246535,0.771008658
CACNA1B,Glioma,High - Low,-1.373581128,0.049484473,0.100919035
CACNA1E,Glioma,High - Low,0.460620539,0.440431497,0.542735961
CACNA2D1,Glioma,High - Low,0.223366436,0.669780983,0.748309788
CACNB2,Glioma,High - Low,-0.453661988,0.329105572,0.433502454
CACNB3,Glioma,High - Low,-0.011145652,0.98056834,0.986293407
CACNB4,Glioma,High - Low,1.067140723,0.031140355,0.072367885
CACNG1,Glioma,High - Low,0.283941285,0.440239275,0.542601226
CD3D,Glioma,High - Low,-0.299766488,0.635478929,0.718508257
CHRM1,Glioma,High - Low,-0.544965067,0.434822263,0.537239586
CHRM3,Glioma,High - Low,-0.007924319,0.987624462,0.9910709
CHRNA4,Glioma,High - Low,1.090271723,0.013685807,0.040739322
CHRNB1,Glioma,High - Low,0.368963185,0.403022186,0.506991687
CSF1,Glioma,High - Low,1.031951677,0.037718561,0.082744938
CYP2E1,Glioma,High - Low,0.236852356,0.630731382,0.715178487
CYP2J2,Glioma,High - Low,-0.359076233,0.445506301,0.547649422
CYP27A1,Glioma,High - Low,-0.23595653,0.709072088,0.78055161
CYP27B1,Glioma,High - Low,0.778545834,0.28167383,0.384242077
DCK,Glioma,High - Low,0.096286123,0.45335135,0.554709776
ACE,Glioma,High - Low,1.190515485,0.020675057,0.054259074
DIO1,Glioma,High - Low,-0.363206502,0.518603609,0.615098926
DRD4,Glioma,High - Low,-0.048627847,0.828794082,0.873769785
DRD5,Glioma,High - Low,0.528555331,0.521828973,0.618196411
EPO,Glioma,High - Low,-0.25672303,0.655875012,0.736624828
FOLR3,Glioma,High - Low,-1.013382583,0.071505736,0.133204975
GABRA1,Glioma,High - Low,-0.580627734,0.369134502,0.473970583
GABRA2,Glioma,High - Low,-1.35421238,0.080330011,0.145592586
GABRA4,Glioma,High - Low,0.233622131,0.717461419,0.786875721
GABRB1,Glioma,High - Low,0.015108595,0.981864404,0.987369481
GABRB2,Glioma,High - Low,-1.070436475,0.131358673,0.210769498
GABRB3,Glioma,High - Low,-0.059269051,0.906926323,0.932201786
GABRD,Glioma,High - Low,-0.428595907,0.503069152,0.601302222
GABRG2,Glioma,High - Low,0.022098477,0.972298165,0.980583383
GAD1,Glioma,High - Low,0.733105206,0.226347042,0.323462325
GART,Glioma,High - Low,0.908982462,0.000156914,0.003146788
GAS6,Glioma,High - Low,-0.463049652,0.232754633,0.330706068
GGCX,Glioma,High - Low,0.935225752,0.042008195,0.089389451
GLRB,Glioma,High - Low,0.989814349,0.058677868,0.114547387
GRIA1,Glioma,High - Low,0.597497763,0.300606127,0.404048457
GRIA3,Glioma,High - Low,1.440725651,0.039317659,0.085187177
GRIA4,Glioma,High - Low,1.860099483,0.004938269,0.02074992
GRIK1,Glioma,High - Low,0.659750299,0.250465846,0.350357833
GRIK3,Glioma,High - Low,1.191544215,0.046075126,0.095679877
GRIN1,Glioma,High - Low,-0.31292151,0.712980487,0.783677276
GRIN2A,Glioma,High - Low,-0.586913296,0.051470645,0.103805385
GRIN2B,Glioma,High - Low,0.026275426,0.957547567,0.969618739
GRINA,Glioma,High - Low,0.725616922,0.001044911,0.008475533
GRM3,Glioma,High - Low,-1.024997959,0.09149826,0.160222913
GRM4,Glioma,High - Low,0.516461861,0.316213927,0.420951513
GRM5,Glioma,High - Low,-0.571865816,0.434350092,0.536909532
GRM7,Glioma,High - Low,-0.216047375,0.7006723,0.77345101
GRM8,Glioma,High - Low,0.162208535,0.775114008,0.833694874
GSTM2,Glioma,High - Low,0.84980066,0.132672077,0.212460312
GSTM3,Glioma,High - Low,0.81165142,0.15896085,0.24497469
GSTM4,Glioma,High - Low,-0.503035708,0.124062583,0.201532432
GSTT2,Glioma,High - Low,1.419545341,0.083692426,0.150169239
GUCY1A2,Glioma,High - Low,0.888519242,0.098107309,0.168815745
GUCY1B1,Glioma,High - Low,-0.477276916,0.468330765,0.568185202
GUK1,Glioma,High - Low,0.742965664,0.006555689,0.025090218
HMGCR,Glioma,High - Low,1.424806245,0.010809675,0.034912141
HRH1,Glioma,High - Low,0.286389196,0.492464005,0.59094778
ICAM2,Glioma,High - Low,1.120931668,0.066453663,0.125697459
IFNAR2,Glioma,High - Low,0.887987069,0.003614809,0.01710984
IGF1R,Glioma,High - Low,0.846136094,0.088275619,0.156124647
IGF2R,Glioma,High - Low,0.734907099,0.01033545,0.033966376
IL12A,Glioma,High - Low,-0.037627751,0.935740938,0.95389355
IMPDH1,Glioma,High - Low,0.387442211,0.218333548,0.314205445
IMPDH2,Glioma,High - Low,1.245911969,0.000108616,0.002643318
ITGA4,Glioma,High - Low,-0.012918475,0.98550301,0.989494502
ITGAX,Glioma,High - Low,0.030827891,0.951839125,0.965930062
KCNJ5,Glioma,High - Low,-0.052463534,0.923916421,0.94565648
KNG1,Glioma,High - Low,0.226028165,0.689596086,0.764382116
CYP4F3,Glioma,High - Low,-0.171209238,0.688798877,0.763692412
MAOB,Glioma,High - Low,-0.183915641,0.761442615,0.822417106
NQO1,Glioma,High - Low,-0.336415172,0.561973682,0.654095601
NQO2,Glioma,High - Low,0.456826187,0.202815494,0.296534145
OPRD1,Glioma,High - Low,-0.499767417,0.318278275,0.422981877
OXTR,Glioma,High - Low,0.11951007,0.776927312,0.835164967
P4HA1,Glioma,High - Low,0.351180494,0.447402267,0.549258123
P4HB,Glioma,High - Low,0.560258513,0.100263543,0.171392178
PAM,Glioma,High - Low,0.669542785,0.051453239,0.10378912
PC,Glioma,High - Low,1.036657952,0.026904903,0.064957753
PDE3B,Glioma,High - Low,0.685602405,0.114999318,0.190304104
PDE4C,Glioma,High - Low,-0.00890417,0.979465343,0.985562537
PDE1B,Glioma,High - Low,-0.949784449,0.06783718,0.127706029
PDHB,Glioma,High - Low,0.729411939,0.007221341,0.026724242
ABCB1,Glioma,High - Low,0.149922744,0.806756541,0.85842043
PLA2G5,Glioma,High - Low,-0.308120188,0.634692029,0.718290304
PLAT,Glioma,High - Low,-0.123018723,0.822234711,0.869438465
POLR2A,Glioma,High - Low,0.531828652,0.01056038,0.034480564
POLR2B,Glioma,High - Low,0.792779293,0.001541801,0.010301153
POR,Glioma,High - Low,0.465901,0.024484709,0.06080772
PPIB,Glioma,High - Low,0.530471848,0.107544069,0.180911285
PPIC,Glioma,High - Low,0.75908383,0.159892773,0.246074001
PPP3CA,Glioma,High - Low,0.431778616,0.114964817,0.190295114
PPP3R1,Glioma,High - Low,-0.246318726,0.339582521,0.443860831
PRIM1,Glioma,High - Low,0.684814739,0.054658666,0.108367464
PRRG1,Glioma,High - Low,-0.042250156,0.948435694,0.96355259
PTAFR,Glioma,High - Low,-0.132950157,0.85858007,0.896167499
PTGDS,Glioma,High - Low,-0.671420019,0.475657643,0.574996355
PTGER3,Glioma,High - Low,-0.056470766,0.907898826,0.93298166
PTGER4,Glioma,High - Low,0.670321312,0.33469253,0.439047119
RARB,Glioma,High - Low,0.059896034,0.872838189,0.906629942
RPL4,Glioma,High - Low,1.164528749,0.000881809,0.007646046
RPL5,Glioma,High - Low,0.889385552,0.003083687,0.015598469
RPL6,Glioma,High - Low,1.197004019,3.29E-05,0.00148681
RPL7,Glioma,High - Low,0.926429952,0.001246737,0.009206727
RPL7A,Glioma,High - Low,0.911445415,0.001037468,0.008442352
RPL12,Glioma,High - Low,0.899444994,0.004071267,0.018438293
RPL23,Glioma,High - Low,0.997062242,0.005889871,0.023484899
RPL18A,Glioma,High - Low,1.108847598,0.000973414,0.008131721
RPL19,Glioma,High - Low,1.041201474,0.000392311,0.004907254
RPL21,Glioma,High - Low,0.747148963,0.007975229,0.028522173
RPL17,Glioma,High - Low,0.852660165,0.003081602,0.015597876
RPL24,Glioma,High - Low,1.027440454,0.001090191,0.008661332
RPL26,Glioma,High - Low,0.830833918,0.008000268,0.028561934
RPL27,Glioma,High - Low,0.837453334,0.004778787,0.0204069
RPL30,Glioma,High - Low,0.990708992,0.002110709,0.012454041
RPL28,Glioma,High - Low,0.736148267,0.011032622,0.035361108
RPL29,Glioma,High - Low,1.249529773,9.75E-05,0.002486691
RPL34,Glioma,High - Low,1.054957072,0.000519187,0.005655338
RPL35A,Glioma,High - Low,0.762210424,0.010055788,0.033314888
RPL37,Glioma,High - Low,0.84984953,0.006872797,0.025835638
RPL37A,Glioma,High - Low,0.944608759,0.001184208,0.009018428
RPL39,Glioma,High - Low,1.262407773,0.00216312,0.012667476
RPL36AL,Glioma,High - Low,0.55890631,0.012553718,0.038499352
SLC2A9,Glioma,High - Low,-0.72287949,0.109346836,0.183219622
ATP2B2,Glioma,High - Low,0.1800829,0.759940206,0.821287422
ATP2B3,Glioma,High - Low,-1.55605834,0.007699559,0.02784068
CD44,Glioma,High - Low,0.993935938,0.131933742,0.211533996
LMO3,Glioma,High - Low,0.186393371,0.745744294,0.809581283
TSR3,Glioma,High - Low,0.627034833,0.000305304,0.004326131
ZNF429,Glioma,High - Low,1.481852312,0.007762082,0.027958441
STX16,Glioma,High - Low,0.72217672,0.000675959,0.006512389
C16orf87,Glioma,High - Low,1.009005444,0.00187612,0.011564991
UBE2W,Glioma,High - Low,0.385098231,0.022128784,0.056765707
NDUFV3,Glioma,High - Low,0.817306431,6.11E-05,0.001989596
TM6SF2,Glioma,High - Low,-0.009687195,0.985863041,0.989566452
GRB10,Glioma,High - Low,1.617104091,0.020226794,0.053403794
GALK2,Glioma,High - Low,0.498990456,0.046059141,0.095661855
GDF6,Glioma,High - Low,-0.485563323,0.292798615,0.395710243
GGA1,Glioma,High - Low,0.737921334,0.015707657,0.044933441
TIMM50,Glioma,High - Low,1.007604044,0.003663339,0.017247067
PDE9A,Glioma,High - Low,1.728638425,0.002056681,0.012256769
ALKBH2,Glioma,High - Low,2.298817496,0.000277067,0.004131704
OR2A14,Glioma,High - Low,0.478379497,0.490469218,0.588985918
ETFRF1,Glioma,High - Low,0.845143535,0.076448737,0.140188138
ZNF425,Glioma,High - Low,0.570318331,0.285236861,0.387930427
SPOPL,Glioma,High - Low,1.308736378,0.006268589,0.024463379
ANO7,Glioma,High - Low,1.407894592,0.006039428,0.023860661
ZNF470,Glioma,High - Low,0.219072527,0.33623073,0.440405417
ARHGEF37,Glioma,High - Low,-0.599830591,0.072641751,0.134965012
OR4F15,Glioma,High - Low,-0.471203571,0.322389805,0.427058854
MED11,Glioma,High - Low,1.653240637,0.00366548,0.017250946
C4orf3,Glioma,High - Low,0.498722507,0.002699992,0.014441868
ATP1B1,Glioma,High - Low,-0.852070863,0.022218249,0.056950573
TOMM5,Glioma,High - Low,0.642556103,0.011635809,0.036639645
DENND6B,Glioma,High - Low,-0.122300585,0.63296436,0.716841309
C8orf82,Glioma,High - Low,1.197022204,0.000319496,0.004456468
OR2T35,Glioma,High - Low,0.354459512,0.565182437,0.656837711
PIM3,Glioma,High - Low,0.646433606,0.116505911,0.192093174
ARMH4,Glioma,High - Low,0.677341,0.017605834,0.048427139
TTC3,Glioma,High - Low,1.058623213,0.000112405,0.002692207
OR52J3,Glioma,High - Low,0.810564558,0.048291026,0.099087039
OR56A1,Glioma,High - Low,0.479297292,0.280627603,0.383214143
PPARA,Glioma,High - Low,2.03445983,9.39E-06,0.000833582
AFAP1L2,Glioma,High - Low,0.324192148,0.686017045,0.761317272
ATP5F1A,Glioma,High - Low,0.564223708,0.007056154,0.026350074
C9orf47,Glioma,High - Low,-0.111683107,0.834305216,0.877767773
OR4C13,Glioma,High - Low,1.05919486,0.061847498,0.118996223
OR14A16,Glioma,High - Low,-0.12375446,0.802892301,0.855560258
PLEKHA1,Glioma,High - Low,0.461427416,0.109612451,0.183594194
PAMR1,Glioma,High - Low,-0.319641117,0.50752877,0.605198013
GPM6B,Glioma,High - Low,0.808575427,0.110461358,0.184666586
EXOSC10,Glioma,High - Low,0.354010037,0.189613477,0.281028895
RPLP0,Glioma,High - Low,1.351192887,0.001464113,0.009950347
GMPR2,Glioma,High - Low,1.008097491,0.000409586,0.005015667
HCFC1R1,Glioma,High - Low,0.441915899,0.03539247,0.079117912
PFKL,Glioma,High - Low,0.138237988,0.398597689,0.502633106
ATP5MC1,Glioma,High - Low,0.512644567,0.024626293,0.061032001
C4B,Glioma,High - Low,0.031761367,0.946362256,0.962087197
ECHDC1,Glioma,High - Low,0.640843327,0.048842979,0.099897395
ATP5MC2,Glioma,High - Low,0.383042693,0.204238179,0.298247879
AFTPH,Glioma,High - Low,0.990560178,0.012943005,0.039330195
SUMO4,Glioma,High - Low,0.544890969,0.227024607,0.324076884
LCLAT1,Glioma,High - Low,0.608670343,0.012400472,0.03819322
ATP5MC3,Glioma,High - Low,0.427842458,0.03621833,0.080387623
ZFYVE27,Glioma,High - Low,0.443997399,0.024889755,0.061510299
EPSTI1,Glioma,High - Low,0.231672113,0.787351403,0.842703501
EXOSC3,Glioma,High - Low,0.823483877,0.001191058,0.009018428
SFR1,Glioma,High - Low,1.18049826,0.016898261,0.047114338
RAB11FIP1,Glioma,High - Low,0.052393535,0.911834425,0.936217701
ZNF787,Glioma,High - Low,0.512044537,0.039463719,0.085432948
INPP5J,Glioma,High - Low,0.39481894,0.365619528,0.470472381
ANXA2,Glioma,High - Low,0.657158778,0.336232533,0.440405417
BTBD7,Glioma,High - Low,1.026169716,0.066667163,0.125973901
THOC5,Glioma,High - Low,0.823453188,0.00424533,0.018996619
CBY1,Glioma,High - Low,0.520570483,0.074441035,0.137566191
OR8G1,Glioma,High - Low,1.195947283,0.070743928,0.132076179
GPATCH8,Glioma,High - Low,1.13554256,0.0275071,0.066094781
ERICH3,Glioma,High - Low,-0.549884784,0.292633655,0.395647712
PTRH1,Glioma,High - Low,0.483360075,0.285214869,0.387930427
KCTD11,Glioma,High - Low,1.164014837,0.061226457,0.118066583
POLR1F,Glioma,High - Low,1.266810476,0.026586968,0.064474499
RPLP1,Glioma,High - Low,0.953103395,0.008730011,0.030399476
BICD1,Glioma,High - Low,1.882366408,0.004989579,0.020888802
CACNA1I,Glioma,High - Low,0.060416534,0.925023944,0.946346187
SMAD2,Glioma,High - Low,0.830434085,0.005014408,0.02096221
STUM,Glioma,High - Low,0.331757917,0.468888405,0.568545647
LDLRAD4,Glioma,High - Low,0.107678702,0.558183631,0.650899384
C11orf49,Glioma,High - Low,0.772144566,0.005640578,0.022786819
LEPR,Glioma,High - Low,-0.362104091,0.470703647,0.570163445
HMGXB4,Glioma,High - Low,0.780942259,0.025092874,0.061895441
UQCR10,Glioma,High - Low,0.687543529,0.019701579,0.052365566
BRPF1,Glioma,High - Low,1.439738452,0.001980059,0.011979856
ARHGEF35,Glioma,High - Low,0.823626672,0.085262793,0.152112662
ATP5PF,Glioma,High - Low,0.570562224,6.53E-05,0.002050438
MTFP1,Glioma,High - Low,0.848511321,0.055527411,0.109498324
OSBPL8,Glioma,High - Low,0.917052781,0.00668075,0.025339242
GLE1,Glioma,High - Low,1.271974278,0.001584687,0.01048424
ERLIN2,Glioma,High - Low,1.378437695,0.004248829,0.019005637
RBMS3,Glioma,High - Low,0.958252799,0.123166094,0.200481447
GTF2IRD2B,Glioma,High - Low,1.25610206,0.01238361,0.03816392
SMARCD3,Glioma,High - Low,0.728395425,0.003640944,0.017178697
DMAC2L,Glioma,High - Low,0.705675974,0.036392493,0.080733127
DLGAP1,Glioma,High - Low,0.543407448,0.428265543,0.531193706
SP5,Glioma,High - Low,-1.134967593,0.011287728,0.035869525
MED15,Glioma,High - Low,0.678521949,0.020762671,0.054423554
MANBAL,Glioma,High - Low,0.808573871,0.000381266,0.004841813
HBM,Glioma,High - Low,0.802257247,0.095049549,0.164832283
BMF,Glioma,High - Low,0.069282478,0.910382084,0.935019817
OGDH,Glioma,High - Low,1.469745002,0.000784851,0.007131197
RPLP2,Glioma,High - Low,1.023504777,0.002832332,0.014899044
LRRC29,Glioma,High - Low,1.333641498,0.017045101,0.04743284
NOMO3,Glioma,High - Low,0.64829075,0.00362153,0.017112415
GRK6,Glioma,High - Low,0.409223445,0.462571642,0.563128824
QSOX1,Glioma,High - Low,1.530782589,0.006000568,0.023786084
OR10AD1,Glioma,High - Low,-0.288865658,0.469709551,0.569172342
ZNF740,Glioma,High - Low,2.772765358,7.34E-05,0.002183437
RTP2,Glioma,High - Low,-0.986140822,0.10068352,0.171960518
AGMO,Glioma,High - Low,0.838941277,0.288518934,0.391296706
ZNF705A,Glioma,High - Low,0.33890603,0.414141759,0.51754873
RNASEK,Glioma,High - Low,0.52554006,0.004910508,0.020683214
TRIM67,Glioma,High - Low,1.513177687,0.015489321,0.044513098
SPDYE3,Glioma,High - Low,0.001198639,0.99779567,0.99862968
FGFRL1,Glioma,High - Low,0.708317755,0.2003229,0.293775507
DPP10,Glioma,High - Low,-0.327039062,0.538482444,0.632829247
CLEC2D,Glioma,High - Low,0.742641658,0.080201084,0.145439444
PLA2G6,Glioma,High - Low,0.835485312,0.006626744,0.025203916
METRNL,Glioma,High - Low,1.140833852,0.181833573,0.271681727
LINGO4,Glioma,High - Low,-0.22159142,0.618075335,0.703697029
OR1B1,Glioma,High - Low,0.20906741,0.622522341,0.707893435
OR10A6,Glioma,High - Low,-0.170303739,0.698917835,0.772230482
OR10G4,Glioma,High - Low,0.605794463,0.336870912,0.44097689
OR11H6,Glioma,High - Low,0.273001186,0.496560266,0.594881834
OR13C8,Glioma,High - Low,-1.089134605,0.030516953,0.071369302
OR2A25,Glioma,High - Low,0.084893268,0.834369639,0.877767773
OR2B11,Glioma,High - Low,-0.376647519,0.442783905,0.545019241
OR2L2,Glioma,High - Low,0.020091006,0.975692086,0.983125787
OR2M2,Glioma,High - Low,-0.940748778,0.06980446,0.130799845
OR2M5,Glioma,High - Low,0.44323316,0.569318053,0.660295975
OR2T12,Glioma,High - Low,-0.42092852,0.581317713,0.67094436
OR2T5,Glioma,High - Low,0.572541474,0.349194667,0.453527009
OR4C46,Glioma,High - Low,0.639080427,0.342115851,0.446281044
OR4K14,Glioma,High - Low,-0.814182478,0.079139279,0.144006003
NCK2,Glioma,High - Low,0.438860938,0.076927459,0.140868703
OR4N5,Glioma,High - Low,0.39462004,0.302034077,0.405634647
OR4S1,Glioma,High - Low,1.041618187,0.097845741,0.168498525
OR5L1,Glioma,High - Low,0.988115549,0.280724742,0.383261573
OR5T1,Glioma,High - Low,-0.143800731,0.78974793,0.844578097
RPS3,Glioma,High - Low,1.109112631,0.002945993,0.015197748
SFMBT1,Glioma,High - Low,1.499527826,0.003270288,0.016117703
OR52E2,Glioma,High - Low,0.077447397,0.870087265,0.904490081
OR52E6,Glioma,High - Low,-0.102392028,0.769881411,0.829497804
OR52N4,Glioma,High - Low,-0.059471179,0.903652826,0.929785969
OR56A4,Glioma,High - Low,-0.355256436,0.061507631,0.118499031
TMEM198,Glioma,High - Low,1.449615796,0.006791344,0.02563987
LRRC55,Glioma,High - Low,1.233488193,0.091588079,0.160315871
LRRC52,Glioma,High - Low,0.385869732,0.426705968,0.529672651
OR2J3,Glioma,High - Low,-0.582498607,0.116450179,0.192049653
FRG2,Glioma,High - Low,0.752786619,0.122427408,0.199693789
OR4N4,Glioma,High - Low,0.075333795,0.875726995,0.909125717
OR5M11,Glioma,High - Low,0.177893443,0.716182223,0.785933605
OR4C12,Glioma,High - Low,0.379292651,0.553698444,0.64687907
CHD3,Glioma,High - Low,1.386802701,0.004810946,0.020463238
OR2AE1,Glioma,High - Low,-0.705470373,0.122648902,0.199955432
OR6B1,Glioma,High - Low,-0.33463536,0.385710391,0.490444416
OR9G4,Glioma,High - Low,0.497198137,0.271240688,0.372842972
OR6F1,Glioma,High - Low,0.13049193,0.741211063,0.805768552
OR52H1,Glioma,High - Low,0.527425387,0.286263372,0.389003251
SREBF1,Glioma,High - Low,-0.274345014,0.600762736,0.688531732
OR4F6,Glioma,High - Low,-0.632181876,0.053507918,0.10672329
HNRNPL,Glioma,High - Low,0.903445367,3.60E-06,0.000560819
RGS10,Glioma,High - Low,0.106039011,0.838746606,0.881215641
AK4,Glioma,High - Low,0.301012718,0.450047506,0.551677932
KDM2B,Glioma,High - Low,0.714039974,0.042588588,0.090326837
ZNF32,Glioma,High - Low,0.621482067,0.04430165,0.09300008
MTIF2,Glioma,High - Low,0.656165081,0.023528425,0.059191906
LRSAM1,Glioma,High - Low,1.332820764,0.001883849,0.011596256
ACTR2,Glioma,High - Low,0.436599697,0.036940291,0.081571031
NFASC,Glioma,High - Low,0.266025153,0.567621301,0.659028616
NEURL4,Glioma,High - Low,1.917551986,5.64E-06,0.000660851
SF3A1,Glioma,High - Low,0.754455612,0.002964133,0.01524927
MARCHF2,Glioma,High - Low,0.076072,0.551972723,0.645438856
B4GALT2,Glioma,High - Low,0.203032743,0.448419944,0.550287564
OR10G3,Glioma,High - Low,0.210659835,0.701535277,0.774142552
OR4B1,Glioma,High - Low,0.09244356,0.864797235,0.900778854
NFKBIZ,Glioma,High - Low,-0.400181066,0.206795435,0.300841403
OR2A2,Glioma,High - Low,0.645154552,0.294658089,0.3974818
OR5J2,Glioma,High - Low,-0.584482345,0.109305781,0.183174273
CPM,Glioma,High - Low,0.779165186,0.223993114,0.320833808
OR4F21,Glioma,High - Low,0.318596581,0.533125163,0.628168445
CACNA2D2,Glioma,High - Low,-0.468721174,0.411632502,0.5149044
OR4A47,Glioma,High - Low,0.915111487,0.223925232,0.32077167
OR6C65,Glioma,High - Low,-0.464006834,0.237088292,0.335734048
SF3B1,Glioma,High - Low,0.558010619,0.003414292,0.016526185
EDA,Glioma,High - Low,0.323522433,0.522715964,0.618911207
ITGB4,Glioma,High - Low,0.202684954,0.725642775,0.793853681
CHEK2,Glioma,High - Low,0.417049835,0.454307987,0.555651983
VPS54,Glioma,High - Low,1.122306074,0.001573596,0.01044252
GBA,Glioma,High - Low,1.411093503,7.62E-05,0.002217869
NUMB,Glioma,High - Low,0.513739831,0.196155231,0.288789741
WASHC2A,Glioma,High - Low,0.701348928,0.015148748,0.043900522
HAO2,Glioma,High - Low,-0.655719799,0.084196174,0.15078382
ADAM9,Glioma,High - Low,0.699779302,0.029121167,0.068823725
ZNF835,Glioma,High - Low,0.29380587,0.513843262,0.610877895
ZNF780B,Glioma,High - Low,2.728357791,8.32E-08,8.24E-05
ATP8B2,Glioma,High - Low,0.847151082,0.007286497,0.026889639
ERBB2,Glioma,High - Low,0.388033397,0.537487465,0.63211384
IP6K2,Glioma,High - Low,0.836965375,0.003849186,0.017758065
ERBB3,Glioma,High - Low,0.079426735,0.918748725,0.941471163
KRTAP5-1,Glioma,High - Low,0.453554931,0.359323754,0.4637841
RPS3A,Glioma,High - Low,1.31200909,0.000199738,0.003486899
YBEY,Glioma,High - Low,1.447741752,0.005462019,0.02225529
DIPK1A,Glioma,High - Low,0.274621226,0.430816441,0.533498503
LRRC37A2,Glioma,High - Low,0.629911814,0.044332497,0.093049918
TCEAL9,Glioma,High - Low,0.674330884,0.015082719,0.043786706
MAPKAP1,Glioma,High - Low,0.746665022,0.003171014,0.015815575
ARHGAP17,Glioma,High - Low,1.014024372,0.000766559,0.007028581
TCEAL1,Glioma,High - Low,1.027162737,0.001149365,0.008904597
SLC25A25,Glioma,High - Low,0.748366642,0.022793438,0.057906032
WDR35,Glioma,High - Low,1.764470428,0.001522279,0.010231621
CR2,Glioma,High - Low,1.025859057,0.082079079,0.147943472
SPIN2B,Glioma,High - Low,0.661323014,0.170497298,0.258307273
TCEAL4,Glioma,High - Low,0.853694899,0.00019802,0.003466147
ALG3,Glioma,High - Low,1.17960368,0.054928519,0.108719441
LRIF1,Glioma,High - Low,0.67022169,0.147632679,0.230888332
UHRF1BP1L,Glioma,High - Low,1.337861801,0.002754233,0.014629277
RPS4X,Glioma,High - Low,1.262812952,0.000804926,0.007263195
ATN1,Glioma,High - Low,0.730581998,0.005218224,0.021566354
ALG8,Glioma,High - Low,1.061743446,0.11289568,0.187772248
SDCBP,Glioma,High - Low,0.682801432,0.025772746,0.063057668
KLHL5,Glioma,High - Low,0.744741529,0.031306028,0.072649739
RESP18,Glioma,High - Low,1.052245392,0.106946827,0.180236171
NTRK2,Glioma,High - Low,0.316697388,0.668087214,0.74699111
SCP2,Glioma,High - Low,0.885605108,0.007741787,0.027931445
ZNF484,Glioma,High - Low,0.894774098,0.002054582,0.012256137
ZNF483,Glioma,High - Low,-0.452109143,0.102162012,0.173941122
IGIP,Glioma,High - Low,0.311150601,0.154548925,0.239610311
IGF2BP2,Glioma,High - Low,1.590736888,0.010032207,0.033290591
SPOP,Glioma,High - Low,0.68276464,1.93E-06,0.000414683
BRWD1,Glioma,High - Low,0.497327689,0.001256618,0.009234257
ERV3-1,Glioma,High - Low,1.0172008,0.011838711,0.037091229
SETD4,Glioma,High - Low,1.362909349,0.010940132,0.035142087
GEMIN7,Glioma,High - Low,0.681155695,0.061619437,0.118696967
EI24,Glioma,High - Low,1.061134522,0.016695073,0.046716947
RASL10A,Glioma,High - Low,0.152518776,0.765996254,0.826059547
RWDD1,Glioma,High - Low,0.421033694,0.012161659,0.037697113
TULP4,Glioma,High - Low,0.611411551,0.166670832,0.253793
HCST,Glioma,High - Low,0.564205496,0.439979917,0.542383679
TRPM3,Glioma,High - Low,-0.607450524,0.451118714,0.552784027
NWD1,Glioma,High - Low,-0.95099232,0.047946868,0.098597196
LMBRD2,Glioma,High - Low,0.579553452,0.001532762,0.010272875
STH,Glioma,High - Low,0.964111688,0.050174404,0.101944984
SS18,Glioma,High - Low,0.523607824,0.000570282,0.005925325
IRGQ,Glioma,High - Low,1.457562004,0.001860342,0.01151653
IGFBPL1,Glioma,High - Low,0.473589731,0.540405369,0.634747241
TFG,Glioma,High - Low,0.989201273,1.14E-05,0.000932774
RPS4Y1,Glioma,High - Low,1.170562905,0.384782551,0.489645051
OPTN,Glioma,High - Low,-0.884265495,0.003570519,0.016982414
COA5,Glioma,High - Low,0.542454458,0.000581449,0.005999145
SAXO2,Glioma,High - Low,-0.033419566,0.944361217,0.960649632
MOG,Glioma,High - Low,-1.757781977,0.101079773,0.172547257
C18orf25,Glioma,High - Low,0.659747527,0.009923744,0.033059532
TAGLN3,Glioma,High - Low,0.051291496,0.939593513,0.957138245
TRIM72,Glioma,High - Low,0.293469434,0.645691736,0.726999268
CISD2,Glioma,High - Low,0.679773464,0.047766307,0.098318544
C4orf46,Glioma,High - Low,1.000340825,0.057835848,0.113156718
EID3,Glioma,High - Low,1.216557149,0.03657178,0.081034745
LAMTOR4,Glioma,High - Low,1.085822321,2.21E-05,0.001281426
WDHD1,Glioma,High - Low,-0.216343962,0.660364548,0.740758157
ZNF761,Glioma,High - Low,0.721083517,0.012893958,0.039251473
BCAP29,Glioma,High - Low,0.582768346,0.069505418,0.130302755
TTLL9,Glioma,High - Low,0.836112181,0.117403358,0.193256496
STEAP3,Glioma,High - Low,0.754106893,0.168864495,0.256355213
SLC41A3,Glioma,High - Low,0.502183073,0.104008491,0.176259795
KLF6,Glioma,High - Low,0.606554223,0.316175597,0.420951513
SEPTIN2,Glioma,High - Low,0.84843978,0.001468495,0.009957016
TMEM64,Glioma,High - Low,1.100274598,0.007697496,0.02784068
LGMN,Glioma,High - Low,-0.041084022,0.886222561,0.916533333
SLC7A2,Glioma,High - Low,-0.15540713,0.809455564,0.860001902
MXI1,Glioma,High - Low,0.284607621,0.372362135,0.47708557
TPST2,Glioma,High - Low,1.672470625,0.00931282,0.031704236
KYAT3,Glioma,High - Low,0.964711908,0.045205397,0.09442793
THAP7,Glioma,High - Low,0.327207863,0.104859768,0.177335177
TFIP11,Glioma,High - Low,0.966924415,0.073810228,0.136593261
ADGRL1,Glioma,High - Low,0.831144102,0.012640813,0.038689557
SMIM29,Glioma,High - Low,0.401335095,0.233277079,0.331232707
RBPMS,Glioma,High - Low,1.353150561,0.003818601,0.017696959
WDR89,Glioma,High - Low,-0.066590092,0.687725602,0.762648755
ZNF121,Glioma,High - Low,1.233237662,0.000364978,0.004721991
FNIP1,Glioma,High - Low,0.705116168,0.002933232,0.015179767
C6orf226,Glioma,High - Low,0.542674628,0.234233641,0.332410695
TDP1,Glioma,High - Low,0.28450221,0.475829913,0.5751515
RAB19,Glioma,High - Low,-0.178330285,0.720553499,0.789564559
FAT3,Glioma,High - Low,0.763029695,0.120766196,0.1975502
SLC35D3,Glioma,High - Low,-0.048751738,0.917245354,0.940224961
CCT3,Glioma,High - Low,1.447100914,2.69E-05,0.001348137
NIPA2,Glioma,High - Low,1.551543441,0.000209227,0.003557666
TCP1,Glioma,High - Low,0.971261586,0.008637777,0.030182658
ACSL6,Glioma,High - Low,0.571786914,0.526509386,0.622277251
PPP2CB,Glioma,High - Low,0.730613463,0.001338611,0.009514572
MFAP3L,Glioma,High - Low,0.59901972,0.368087014,0.473043117
SH3D19,Glioma,High - Low,0.6874481,0.26735105,0.368737733
CLSTN1,Glioma,High - Low,-0.256742483,0.349658492,0.453859287
CADPS2,Glioma,High - Low,-0.192594031,0.699416317,0.772620394
ARMCX6,Glioma,High - Low,1.987173117,0.000135866,0.002934234
SLX4IP,Glioma,High - Low,1.422045635,0.024337299,0.060579517
CEP131,Glioma,High - Low,0.426586291,0.468025533,0.567949166
BRD9,Glioma,High - Low,0.577341045,0.036123474,0.080285969
KIAA0930,Glioma,High - Low,-0.316565326,0.11271032,0.187511591
C12orf29,Glioma,High - Low,0.453005512,0.125957409,0.204056001
B3GNTL1,Glioma,High - Low,1.214576164,0.03765471,0.082660092
LUZP2,Glioma,High - Low,1.531503103,0.019752795,0.05244148
TMEM230,Glioma,High - Low,0.784945287,0.024376316,0.060653573
HRNR,Glioma,High - Low,-0.756567925,0.115209098,0.190554917
DNASE1L1,Glioma,High - Low,1.006798753,0.043174311,0.091233255
ANKRD16,Glioma,High - Low,0.931351238,0.03028798,0.07094106
PKD1,Glioma,High - Low,0.876942628,0.005984025,0.023747558
SSBP3,Glioma,High - Low,0.254369592,0.477766939,0.577013424
ERMN,Glioma,High - Low,-1.809361402,0.047861875,0.098484288
DNAAF9,Glioma,High - Low,0.235737879,0.251532377,0.351586785
SYTL3,Glioma,High - Low,-0.77467585,0.02542021,0.062455773
FAM168B,Glioma,High - Low,0.636369391,0.134388317,0.214683221
C10orf62,Glioma,High - Low,0.505981996,0.36312022,0.467992227
SSBP4,Glioma,High - Low,0.296406754,0.10529891,0.177825181
RPS6,Glioma,High - Low,0.7156775,0.009259925,0.03160589
IRAK1BP1,Glioma,High - Low,0.863789454,0.057145566,0.112040565
NRG3,Glioma,High - Low,-0.325606325,0.46851275,0.568270495
ZNF766,Glioma,High - Low,0.97339244,0.11262974,0.187403653
CLVS2,Glioma,High - Low,-0.946713145,0.249683495,0.349450134
TTC7B,Glioma,High - Low,1.669951341,0.007173778,0.02661555
SPIN3,Glioma,High - Low,1.53091406,0.00056852,0.005922114
IBA57,Glioma,High - Low,1.897092677,0.001604431,0.010556187
TDRD6,Glioma,High - Low,-0.070572478,0.851276771,0.890877369
TMEM244,Glioma,High - Low,-0.570513586,0.24860852,0.348168933
ZIK1,Glioma,High - Low,0.210591363,0.453687281,0.554996502
FAM102B,Glioma,High - Low,0.393296031,0.474951017,0.574407322
ACER2,Glioma,High - Low,0.514857021,0.266933609,0.368239568
ZC3H12B,Glioma,High - Low,0.420798756,0.335285829,0.439475842
PRAMEF6,Glioma,High - Low,0.654540811,0.339259428,0.443482796
MTX3,Glioma,High - Low,0.882020386,0.017198193,0.047746294
ERCC6L2,Glioma,High - Low,1.346393482,0.021360898,0.055491714
SERP2,Glioma,High - Low,0.658157798,0.1204187,0.197154187
SLC6A17,Glioma,High - Low,-0.874609421,0.127041548,0.205352467
MUC21,Glioma,High - Low,0.553254843,0.221447251,0.317882782
GOLGA7B,Glioma,High - Low,0.331470422,0.344735024,0.449060658
CALHM6,Glioma,High - Low,0.190408969,0.813303461,0.863002044
FAM171A1,Glioma,High - Low,0.743972784,0.273907392,0.375801057
HES5,Glioma,High - Low,1.362788468,0.111150162,0.185552604
TIAM2,Glioma,High - Low,0.289446976,0.671517799,0.749930275
RAP1A,Glioma,High - Low,0.092909994,0.700661038,0.77345101
C9orf135,Glioma,High - Low,0.373306958,0.336171656,0.440405417
RAP1B,Glioma,High - Low,0.665242841,0.033793971,0.076533916
CYP4A22,Glioma,High - Low,-0.000849994,0.998659785,0.998964976
BCAS4,Glioma,High - Low,0.431993753,0.462342428,0.562954469
LDLRAD1,Glioma,High - Low,-1.196640949,0.001415332,0.009763405
AFMID,Glioma,High - Low,0.844501892,0.173950181,0.262357992
SPRTN,Glioma,High - Low,1.116177655,0.006483653,0.024931122
ATP11C,Glioma,High - Low,0.722228462,0.247093889,0.346540588
HERPUD1,Glioma,High - Low,0.211263741,0.480428389,0.579426022
FYTTD1,Glioma,High - Low,1.258742576,0.008211669,0.029113289
MAGEA4,Glioma,High - Low,-0.726152021,0.000625396,0.006241086
C1GALT1C1,Glioma,High - Low,0.541457828,0.104323702,0.176624331
CDK5RAP2,Glioma,High - Low,1.133599514,0.036905297,0.081544529
ZMAT1,Glioma,High - Low,1.020299879,0.011987361,0.037321887
PCGF6,Glioma,High - Low,-0.062398761,0.876210275,0.909411108
HAUS8,Glioma,High - Low,0.94731706,0.090466518,0.159011695
OLA1,Glioma,High - Low,0.637558577,0.00841893,0.029663362
PNLIPRP3,Glioma,High - Low,-0.404087447,0.067926787,0.127800751
NAA30,Glioma,High - Low,0.441248683,0.03817899,0.083438076
XKR7,Glioma,High - Low,1.11505345,0.006934674,0.026008503
BTBD1,Glioma,High - Low,0.880668738,0.003809819,0.017679959
RPS8,Glioma,High - Low,1.012396507,0.001234671,0.009206727
MSL1,Glioma,High - Low,0.818296233,0.000471212,0.005411913
PRAMEF8,Glioma,High - Low,-0.55320536,0.289977026,0.392826612
SOGA3,Glioma,High - Low,1.247230393,0.020620102,0.054147411
MCRS1,Glioma,High - Low,1.67377483,9.04E-05,0.002414821
ARSI,Glioma,High - Low,0.579167492,0.475552913,0.574922834
NTRK3,Glioma,High - Low,0.756642041,0.067837427,0.127706029
DNAJC21,Glioma,High - Low,0.871729785,0.043875486,0.092357193
WDR31,Glioma,High - Low,-0.294106526,0.517157202,0.613995217
OPCML,Glioma,High - Low,0.168283331,0.787221621,0.842685537
TRIM61,Glioma,High - Low,1.265580514,0.015957565,0.04537077
SOHLH1,Glioma,High - Low,-0.024993148,0.964149955,0.974721284
MYLK4,Glioma,High - Low,-0.206265586,0.485508438,0.584637356
FOXP4,Glioma,High - Low,1.124121839,0.007092103,0.026418342
FAM71F2,Glioma,High - Low,0.795261817,0.027575866,0.066187133
ZSCAN23,Glioma,High - Low,1.537982812,0.018421877,0.050061775
SEC61G,Glioma,High - Low,1.069377348,0.0629912,0.120594207
ITM2C,Glioma,High - Low,0.001429962,0.997893176,0.99862968
DYNC2LI1,Glioma,High - Low,1.641120777,0.001412766,0.009755982
KRTAP5-3,Glioma,High - Low,-0.444596584,0.426549386,0.529616986
DCTD,Glioma,High - Low,0.156011472,0.691882009,0.766396881
ABI1,Glioma,High - Low,0.27466742,0.222617977,0.319194204
NHLRC3,Glioma,High - Low,0.42684737,0.146229293,0.229263577
ZNF260,Glioma,High - Low,1.653681592,0.000205312,0.003523126
CTU2,Glioma,High - Low,1.852625804,0.00245635,0.013570038
RGMB,Glioma,High - Low,1.923125285,2.64E-06,0.000467743
DDX60L,Glioma,High - Low,1.054376463,0.15898786,0.24497469
SPIN4,Glioma,High - Low,0.728146427,0.120269679,0.196984102
ADAL,Glioma,High - Low,0.348668019,0.546411236,0.64042273
TCEAL5,Glioma,High - Low,0.315121208,0.597896618,0.685907336
ZKSCAN2,Glioma,High - Low,0.965844581,0.010778512,0.034862415
C16orf86,Glioma,High - Low,-0.202170652,0.632052268,0.716228375
KNOP1,Glioma,High - Low,0.296208728,0.231684475,0.329507368
C9orf152,Glioma,High - Low,0.389800232,0.437341322,0.53989345
RPS9,Glioma,High - Low,0.90021031,0.003716659,0.017373157
ZNF789,Glioma,High - Low,1.348758434,0.007971294,0.028515888
MPST,Glioma,High - Low,2.119139295,2.13E-05,0.001271103
SEH1L,Glioma,High - Low,0.694291994,0.027963636,0.066848254
LURAP1,Glioma,High - Low,-0.339586661,0.44174763,0.543948248
CFAP126,Glioma,High - Low,0.573695192,0.337851502,0.442167865
CCDC184,Glioma,High - Low,-0.101754455,0.771616694,0.830752189
PRR25,Glioma,High - Low,0.076166274,0.831744362,0.876249512
TRNP1,Glioma,High - Low,0.720987296,0.275905511,0.377948405
FAM227A,Glioma,High - Low,0.176562985,0.734039941,0.799965453
C2orf68,Glioma,High - Low,1.742973945,0.000420036,0.005084756
ZNF793,Glioma,High - Low,0.469832314,0.02751831,0.066106659
FRRS1,Glioma,High - Low,-0.493628985,0.310584478,0.414777904
VSIG8,Glioma,High - Low,-0.076086928,0.732691163,0.799293901
PTRHD1,Glioma,High - Low,0.609655126,0.030559406,0.071432238
C17orf97,Glioma,High - Low,0.528539394,0.069324593,0.130050679
FIGNL2,Glioma,High - Low,0.056217048,0.891311043,0.920777615
EIF2AK4,Glioma,High - Low,1.753909691,0.000688323,0.006592698
PLIN5,Glioma,High - Low,0.221790249,0.488749271,0.587359127
ZNF107,Glioma,High - Low,1.729071128,0.002577505,0.014032128
MAD1L1,Glioma,High - Low,1.047024197,0.155262554,0.240403574
SLTM,Glioma,High - Low,0.728059737,0.007908618,0.028353651
EXOC6,Glioma,High - Low,0.554578506,0.191274502,0.283185529
RPS10,Glioma,High - Low,1.019968457,0.003673982,0.017271102
ANXA2R,Glioma,High - Low,0.652646722,0.167748162,0.254942157
DCUN1D2,Glioma,High - Low,0.573600906,0.152759482,0.23743617
SUPT20H,Glioma,High - Low,0.805625784,0.003529798,0.016891684
AKT1,Glioma,High - Low,1.205001887,0.004334443,0.01923106
CUTA,Glioma,High - Low,0.827305147,0.001976388,0.011963406
ODF3B,Glioma,High - Low,0.237653818,0.766791166,0.826712511
DDX19B,Glioma,High - Low,1.750467327,0.003672199,0.017271102
ETFB,Glioma,High - Low,0.255833399,0.2468494,0.346335104
FBXO44,Glioma,High - Low,0.665619698,0.145585104,0.228445932
KCNMA1,Glioma,High - Low,0.680916949,0.156065064,0.241417756
ME3,Glioma,High - Low,1.624000174,0.004012026,0.018233063
NCDN,Glioma,High - Low,-0.628009227,0.319204887,0.423998132
TM9SF1,Glioma,High - Low,2.303881275,0.001141146,0.00888664
BANF2,Glioma,High - Low,0.116083556,0.821225475,0.868662558
C1QTNF12,Glioma,High - Low,0.700674602,0.278391897,0.380717057
LAT,Glioma,High - Low,0.886687682,0.035304895,0.078976079
SLX1A,Glioma,High - Low,1.246284999,0.033845832,0.076615401
CKMT1A,Glioma,High - Low,0.129750383,0.858677899,0.896187304
ALG1L,Glioma,High - Low,1.608149426,0.001090023,0.008661332
MPG,Glioma,High - Low,0.939357618,0.055316218,0.109239101
RTKN,Glioma,High - Low,0.994286705,0.03965066,0.085703603
UFSP1,Glioma,High - Low,0.547877664,0.363468081,0.468302261
PURG,Glioma,High - Low,0.922820632,0.133477369,0.213540957
DNAJC25,Glioma,High - Low,-0.495789155,0.030263257,0.070908522
IGSF11,Glioma,High - Low,1.267564893,0.034226143,0.077220874
TAF9,Glioma,High - Low,1.079409396,0.007401234,0.027159294
RPS12,Glioma,High - Low,1.142016908,0.000185494,0.003345273
RPS13,Glioma,High - Low,1.060601499,0.002023299,0.012143121
MSMO1,Glioma,High - Low,1.440937257,0.012457837,0.038315824
SAMD3,Glioma,High - Low,-0.582558836,0.30098955,0.404480773
SUGP2,Glioma,High - Low,0.753002283,0.000165524,0.003205932
MAEA,Glioma,High - Low,0.197101792,0.261894555,0.362855598
S100PBP,Glioma,High - Low,0.734827868,0.038346456,0.083692307
GOPC,Glioma,High - Low,0.631835091,0.001948466,0.01184917
SPRR2B,Glioma,High - Low,0.01354434,0.97984507,0.985793108
ESCO2,Glioma,High - Low,0.237224931,0.601750289,0.689120662
ALDH18A1,Glioma,High - Low,1.792664588,0.000166373,0.003210308
CCDC157,Glioma,High - Low,0.720027359,0.179506381,0.269104242
BTBD11,Glioma,High - Low,0.745527182,0.140944639,0.222711581
RCCD1,Glioma,High - Low,1.759290852,0.00904764,0.031157482
VMAC,Glioma,High - Low,1.19317963,0.007307575,0.02695157
ERMAP,Glioma,High - Low,0.098996145,0.776125442,0.834630703
C14orf28,Glioma,High - Low,0.370954938,0.225950847,0.32314303
OS9,Glioma,High - Low,1.076566064,0.012859042,0.039172508
FAM78B,Glioma,High - Low,0.587270964,0.13651975,0.217372381
HSP90AA1,Glioma,High - Low,0.000899661,0.996732462,0.998028306
YDJC,Glioma,High - Low,-0.766367487,0.019949575,0.052864107
KIAA2026,Glioma,High - Low,1.160114508,0.007897439,0.028335105
ATP6AP1L,Glioma,High - Low,0.761294931,0.035705314,0.079613364
HFM1,Glioma,High - Low,0.350638295,0.334321969,0.438651938
RAB28,Glioma,High - Low,0.991515082,0.016746297,0.046820259
RNF215,Glioma,High - Low,0.61021425,0.095312077,0.165112598
SH3PXD2B,Glioma,High - Low,0.32596158,0.462480624,0.563070375
GNG10,Glioma,High - Low,0.552498028,0.009885032,0.033001959
RPS15,Glioma,High - Low,1.059521306,0.000253772,0.003938644
SORBS3,Glioma,High - Low,1.224195688,0.001192309,0.009018428
SH3BP5,Glioma,High - Low,-0.296752222,0.554341205,0.647375675
MUC1,Glioma,High - Low,1.034123272,0.021401108,0.05555174
MTCP1,Glioma,High - Low,1.297842662,0.001058885,0.008521192
EPM2A,Glioma,High - Low,0.445346965,0.173174735,0.261549984
DKK3,Glioma,High - Low,-0.262112356,0.70002188,0.772893396
SERBP1,Glioma,High - Low,0.692253814,0.007990974,0.028561934
NR3C1,Glioma,High - Low,0.653721688,0.055560208,0.109539197
FPGS,Glioma,High - Low,0.577349529,0.000238285,0.003814011
ADIG,Glioma,High - Low,0.281194266,0.6236996,0.708985836
SLC26A10,Glioma,High - Low,-0.026672713,0.921986157,0.944197478
VPS13C,Glioma,High - Low,0.764715008,0.000771726,0.007056009
ICE2,Glioma,High - Low,1.353007132,0.096357379,0.166557527
PIR,Glioma,High - Low,0.233485992,0.687835593,0.762688976
NAE1,Glioma,High - Low,0.596886994,0.15500893,0.240096051
RPS16,Glioma,High - Low,0.74179893,0.034842377,0.078262352
PUM1,Glioma,High - Low,0.4026913,0.051256675,0.103501487
MYADM,Glioma,High - Low,-0.363476062,0.394141891,0.498358259
RPS17,Glioma,High - Low,0.81238013,0.014053796,0.041536421
RPS19,Glioma,High - Low,0.790282088,0.020569227,0.054057183
ZSCAN26,Glioma,High - Low,0.872623311,0.045491639,0.094902545
ZNF749,Glioma,High - Low,1.310580645,0.012747677,0.038903888
GOLGA8A,Glioma,High - Low,2.291738048,0.003364182,0.016418684
IQCB1,Glioma,High - Low,0.918573914,0.0349231,0.078376439
ABCC5,Glioma,High - Low,0.964881013,0.059206011,0.115269042
RPS21,Glioma,High - Low,1.043309767,0.003116021,0.015655093
HNMT,Glioma,High - Low,1.527454486,0.008441382,0.029702503
S100A13,Glioma,High - Low,-0.01403523,0.974555105,0.982282525
ARF1,Glioma,High - Low,0.508328583,0.002624001,0.014208458
TM2D2,Glioma,High - Low,0.669748119,0.00063168,0.00627035
SBK1,Glioma,High - Low,1.59249053,0.000300571,0.004282233
RTL5,Glioma,High - Low,1.176221619,0.049126994,0.100377611
MSS51,Glioma,High - Low,0.968049885,0.044024758,0.092596972
KALRN,Glioma,High - Low,0.146900858,0.717678246,0.787047598
SH3KBP1,Glioma,High - Low,-0.341935871,0.103582719,0.175765752
LIN52,Glioma,High - Low,1.514262129,0.016690964,0.046715431
LRRC24,Glioma,High - Low,1.515247737,0.000420979,0.005084756
ZNF688,Glioma,High - Low,1.474467654,0.010916727,0.035109976
CD276,Glioma,High - Low,0.54253907,0.038309533,0.083639606
BCL7A,Glioma,High - Low,1.579553647,0.013137877,0.03964375
SLC6A9,Glioma,High - Low,0.629958407,0.32899506,0.433502454
TGFBR2,Glioma,High - Low,0.358751423,0.542128133,0.636371136
ZNF197,Glioma,High - Low,1.247096206,0.003960283,0.018085797
EXOC1,Glioma,High - Low,0.651445573,0.113283773,0.18813379
WASF1,Glioma,High - Low,0.777647956,0.199232477,0.292443955
MINK1,Glioma,High - Low,0.147231615,0.46636662,0.566615288
TRIM17,Glioma,High - Low,0.660057025,0.141327719,0.223236076
YIPF5,Glioma,High - Low,0.467781521,0.179269362,0.268832179
FNBP1L,Glioma,High - Low,0.226774885,0.560974993,0.653456013
SC5D,Glioma,High - Low,0.33754951,0.266256169,0.367569906
ARPP21,Glioma,High - Low,1.199989535,0.03953283,0.085511869
RPS14,Glioma,High - Low,1.03805947,0.002361861,0.013254971
CELF2,Glioma,High - Low,0.640274322,0.006123969,0.024085649
CELF4,Glioma,High - Low,-0.486116278,0.22003322,0.316164942
AFF3,Glioma,High - Low,1.475678176,0.019574293,0.052090695
CD34,Glioma,High - Low,0.435949061,0.223419434,0.320117165
CHN1,Glioma,High - Low,-0.410820549,0.522104127,0.618354531
U2AF1,Glioma,High - Low,0.823847381,1.89E-06,0.000412294
TAF5L,Glioma,High - Low,2.243636689,3.49E-06,0.000560819
DUT,Glioma,High - Low,0.67304029,0.006362564,0.024675666
DPPA5,Glioma,High - Low,0.370947504,0.493094769,0.591487843
RAB12,Glioma,High - Low,0.588249394,0.005521455,0.022423376
VEGFA,Glioma,High - Low,0.27525905,0.652848703,0.734153403
SPAG16,Glioma,High - Low,0.771589609,0.001130665,0.008863834
SCGB2B2,Glioma,High - Low,0.380502322,0.377836899,0.48244768
ARFIP1,Glioma,High - Low,0.906758264,0.068684839,0.129041556
ARHGAP30,Glioma,High - Low,0.547805294,0.382507797,0.48712913
ARRDC2,Glioma,High - Low,-0.657044364,0.175169954,0.264106426
ARHGAP24,Glioma,High - Low,0.988307294,0.030713376,0.071706531
ABHD17B,Glioma,High - Low,0.202547917,0.632357114,0.716339479
RPS24,Glioma,High - Low,1.072398913,0.000379114,0.004823842
CCDC7,Glioma,High - Low,-0.146912355,0.557019434,0.649657531
RPS25,Glioma,High - Low,0.918457349,0.002027326,0.01215114
RPS26,Glioma,High - Low,0.931695403,0.003271683,0.016117703
CCM2,Glioma,High - Low,0.813024439,0.001450267,0.009915602
TCAIM,Glioma,High - Low,0.650984531,0.032353006,0.074419871
KCTD21,Glioma,High - Low,1.155786385,0.010263753,0.033807125
C6orf120,Glioma,High - Low,0.451610171,0.136700429,0.217607138
KIAA1755,Glioma,High - Low,0.76886624,0.151157015,0.235550915
PLAC8L1,Glioma,High - Low,-0.221637434,0.533123242,0.628168445
RGS7BP,Glioma,High - Low,-0.474933914,0.256038299,0.356552803
SFMBT2,Glioma,High - Low,0.104710998,0.843291648,0.884358634
AHDC1,Glioma,High - Low,1.035628172,0.008593096,0.030074689
PCARE,Glioma,High - Low,-0.577418656,0.184966759,0.275545543
PLEKHG1,Glioma,High - Low,0.0450092,0.936704556,0.954789626
CPTP,Glioma,High - Low,0.331536323,0.116084003,0.191518126
ZFAT,Glioma,High - Low,0.242772116,0.65568775,0.736624828
ZNF16,Glioma,High - Low,0.732185949,0.277349504,0.379638477
METTL17,Glioma,High - Low,1.227288825,0.008056603,0.028703428
SLC10A7,Glioma,High - Low,1.474691096,0.011492215,0.036327276
RPS27,Glioma,High - Low,0.959251726,0.000852793,0.007505229
AP2B1,Glioma,High - Low,0.824345633,1.91E-05,0.001184991
AP1G1,Glioma,High - Low,1.420067191,0.000707075,0.006674649
ARHGAP5,Glioma,High - Low,0.465704346,0.01616577,0.045754091
PLPP4,Glioma,High - Low,0.676528462,0.121031392,0.197850571
ARNTL,Glioma,High - Low,0.378191099,0.40520693,0.50890881
RPS28,Glioma,High - Low,1.051323745,0.000988331,0.008226454
COX19,Glioma,High - Low,0.128074813,0.765346186,0.82549449
SPDYE2,Glioma,High - Low,1.261733966,0.112227744,0.186970079
ZNF451,Glioma,High - Low,0.67040744,0.001799976,0.01133842
ZNF816,Glioma,High - Low,1.145381272,0.023170823,0.058532816
CYB5RL,Glioma,High - Low,-0.367437357,0.523148914,0.61931182
CTNS,Glioma,High - Low,1.15859465,0.016879376,0.047081735
IFIT3,Glioma,High - Low,0.855754961,0.163635834,0.250202496
SRSF7,Glioma,High - Low,0.730320715,0.002441528,0.013522387
TP53BP2,Glioma,High - Low,0.605501206,0.114149764,0.189185172
ZNF205,Glioma,High - Low,1.753413293,0.00290828,0.015097106
PLAA,Glioma,High - Low,0.954255456,0.006321003,0.024580009
FAM131B,Glioma,High - Low,0.674620111,0.321003525,0.425523859
LRRC17,Glioma,High - Low,0.974239414,0.103478512,0.175676112
SCMH1,Glioma,High - Low,1.105282304,0.044055943,0.092647681
PLD3,Glioma,High - Low,-0.326588225,0.301438389,0.405000803
MOXD1,Glioma,High - Low,-0.303842209,0.673198885,0.751144384
GASK1B,Glioma,High - Low,0.133333113,0.776460353,0.834800082
NT5DC3,Glioma,High - Low,0.265031383,0.684586262,0.76005155
SEMA5B,Glioma,High - Low,1.886062388,0.005186191,0.021459025
ELP6,Glioma,High - Low,0.998078512,0.035747864,0.079681529
ERGIC1,Glioma,High - Low,0.811907433,7.40E-05,0.002187682
TRMT11,Glioma,High - Low,0.40259448,0.079152564,0.144006003
MCUR1,Glioma,High - Low,0.84197019,0.002967524,0.015254729
CRELD1,Glioma,High - Low,1.131428307,0.032987961,0.075284241
DHRS12,Glioma,High - Low,0.686206136,0.099155597,0.170038537
ATAT1,Glioma,High - Low,2.063478799,0.000818624,0.007354678
DNAJB14,Glioma,High - Low,0.274503969,0.157264741,0.242900467
DDX59,Glioma,High - Low,1.864919187,0.00234647,0.013213907
FDX2,Glioma,High - Low,0.811555848,0.044193737,0.09281819
CCDC78,Glioma,High - Low,1.248120673,0.094116942,0.163648489
VSTM4,Glioma,High - Low,-0.546447997,0.196075847,0.28871132
TIPRL,Glioma,High - Low,1.001812209,0.022650004,0.05767505
ALDH3A2,Glioma,High - Low,0.399398135,0.045186862,0.094404274
CSNK1G3,Glioma,High - Low,1.175505627,0.001064129,0.008529957
SERPINB8,Glioma,High - Low,-0.383780851,0.313683247,0.418276276
MASP1,Glioma,High - Low,1.520993702,0.010357376,0.033978733
RPS29,Glioma,High - Low,0.751017157,0.009925687,0.033059532
RCE1,Glioma,High - Low,0.790482405,0.031728432,0.073369897
TFPI,Glioma,High - Low,0.121271513,0.84635068,0.886927281
TMPO,Glioma,High - Low,0.495887456,0.256012731,0.356552803
PSRC1,Glioma,High - Low,0.422025045,0.192379185,0.284387566
STK24,Glioma,High - Low,0.487616021,0.057945883,0.113355065
ZNF226,Glioma,High - Low,1.489600761,0.006643138,0.025240713
RHOBTB1,Glioma,High - Low,1.377784191,0.020536075,0.054017284
LCMT1,Glioma,High - Low,0.960721167,0.002707364,0.014464278
HNRNPH2,Glioma,High - Low,0.952592908,0.001043027,0.008469258
PJA1,Glioma,High - Low,0.487533797,0.048307373,0.099105051
OAS1,Glioma,High - Low,0.261160228,0.732229527,0.798990016
USP16,Glioma,High - Low,0.379543032,0.057970178,0.113385651
RRM1,Glioma,High - Low,1.898048765,0.000395737,0.00491593
FBXO7,Glioma,High - Low,1.083924354,0.055807058,0.109876963
EXTL2,Glioma,High - Low,0.920226412,0.156714125,0.242278667
GLUL,Glioma,High - Low,0.262393083,0.590453335,0.678974664
MYCL,Glioma,High - Low,0.801572968,0.11886452,0.195097551
NGRN,Glioma,High - Low,0.593207431,0.022593075,0.057610663
PAIP2,Glioma,High - Low,0.429572479,0.002502911,0.01374606
SRGAP3,Glioma,High - Low,0.927720151,0.126319098,0.204512916
SAR1B,Glioma,High - Low,0.63995649,0.015620121,0.04476127
TMEM98,Glioma,High - Low,0.294004405,0.429768502,0.532654202
CSTF3,Glioma,High - Low,0.856421315,0.000217135,0.003589576
CSTF1,Glioma,High - Low,1.357150012,0.000557699,0.00585562
TOM1L2,Glioma,High - Low,1.958383347,0.001716407,0.011016134
SPECC1,Glioma,High - Low,0.791627602,0.00644369,0.024835804
PPM1B,Glioma,High - Low,0.619571687,0.007087465,0.026415082
DNAAF4,Glioma,High - Low,1.157173656,0.02026133,0.053484191
PHF12,Glioma,High - Low,1.313964527,0.003267905,0.016117703
RHOT1,Glioma,High - Low,0.895240926,0.011176955,0.035675249
AMZ2,Glioma,High - Low,0.529277224,0.01404195,0.041510781
ACOT9,Glioma,High - Low,0.960370552,0.075228921,0.138572349
RARA,Glioma,High - Low,1.766509914,0.000831901,0.007409576
BBS9,Glioma,High - Low,1.886562261,0.001096541,0.008695953
CABP1,Glioma,High - Low,-1.148063873,0.037302944,0.082099083
TRPT1,Glioma,High - Low,1.371669996,0.000309764,0.00436571
NOP2,Glioma,High - Low,1.742782076,0.002976989,0.01528538
ZNF404,Glioma,High - Low,-0.633435633,0.013382967,0.040207247
ZNF704,Glioma,High - Low,0.972575867,0.000395022,0.0049117
DCLRE1C,Glioma,High - Low,0.023843332,0.960245401,0.971674244
TRAF5,Glioma,High - Low,0.150203446,0.779160612,0.837015908
DMAP1,Glioma,High - Low,0.673088621,0.03011575,0.070676736
ERP29,Glioma,High - Low,0.645717904,0.025226401,0.062131163
ALDH1L2,Glioma,High - Low,1.416283275,0.018874078,0.050791865
EXOSC9,Glioma,High - Low,0.49186842,0.037096986,0.081797043
NHP2,Glioma,High - Low,0.762155897,2.67E-05,0.001348137
KCNIP1,Glioma,High - Low,0.955120642,0.089934606,0.158204192
ITPRIPL2,Glioma,High - Low,1.335107032,0.022271739,0.057031856
RETREG1,Glioma,High - Low,0.502319327,0.156238219,0.241628514
SMOC1,Glioma,High - Low,0.9836858,0.206136772,0.300316986
KCNIP3,Glioma,High - Low,1.009432879,0.038923772,0.084681029
SORBS1,Glioma,High - Low,0.592565433,0.157887278,0.243718243
RYR2,Glioma,High - Low,-1.174506195,0.073587557,0.136335344
C18orf32,Glioma,High - Low,0.247892125,0.215224686,0.310482241
RGL3,Glioma,High - Low,0.351897375,0.55310826,0.646535707
UFD1,Glioma,High - Low,0.369999737,0.031769228,0.073425331
FAM102A,Glioma,High - Low,0.139370778,0.639446804,0.721872478
RPL38,Glioma,High - Low,0.900073946,0.001818044,0.011367137
RYR3,Glioma,High - Low,0.245669036,0.645208997,0.726685712
SCN1B,Glioma,High - Low,-1.118399663,0.094851581,0.164624034
EXOC4,Glioma,High - Low,1.069550415,0.000784402,0.007131197
NRCAM,Glioma,High - Low,1.83229492,5.87E-05,0.001925547
CYS1,Glioma,High - Low,-0.227829725,0.255446123,0.356080265
FAM220A,Glioma,High - Low,0.74789398,0.2422355,0.34135472
ARL4A,Glioma,High - Low,0.680593896,0.045059017,0.094197304
FOXK1,Glioma,High - Low,0.934888758,0.002357457,0.013244298
PXYLP1,Glioma,High - Low,1.585655385,0.008230957,0.029165879
ARL5A,Glioma,High - Low,1.040915927,0.042790128,0.090631809
SUSD4,Glioma,High - Low,1.736937121,0.005063414,0.021106424
ZNF829,Glioma,High - Low,0.265972246,0.627483178,0.712359079
GGPS1,Glioma,High - Low,0.652754934,0.020498078,0.053945997
EIF3B,Glioma,High - Low,1.568209286,0.000870971,0.007592291
CMTM5,Glioma,High - Low,0.175654692,0.827714404,0.873127996
BCO2,Glioma,High - Low,-0.548222662,0.217981548,0.313802354
CNGA4,Glioma,High - Low,-0.212657047,0.630970054,0.715325216
TRIM16L,Glioma,High - Low,1.088244487,0.051586043,0.103958145
PDE4B,Glioma,High - Low,1.119199985,0.000896022,0.007718172
CDKL5,Glioma,High - Low,-0.914453501,0.203189258,0.296947981
PHYH,Glioma,High - Low,0.579799751,0.178723871,0.268229212
SCML1,Glioma,High - Low,1.012908163,0.00929496,0.031667684
AGPAT3,Glioma,High - Low,0.616791052,0.011653369,0.036686117
SIL1,Glioma,High - Low,0.838905826,0.005678732,0.022877426
BTF3,Glioma,High - Low,0.891198298,0.00036445,0.004719821
PARL,Glioma,High - Low,0.7689492,6.14E-05,0.00198963
EEF1B2,Glioma,High - Low,0.997284902,0.004976731,0.020851307
CASTOR1,Glioma,High - Low,0.59119665,0.141917235,0.223970812
DEFB113,Glioma,High - Low,-0.04878008,0.915980764,0.939443533
DEFB130A,Glioma,High - Low,0.558670964,0.396787997,0.500978326
NCKAP5L,Glioma,High - Low,1.251936948,0.00348613,0.01676236
ZNF284,Glioma,High - Low,-0.489486654,0.148371864,0.231928464
DIXDC1,Glioma,High - Low,0.338406946,0.526783689,0.62233851
SLC38A10,Glioma,High - Low,1.022889454,0.003061238,0.01553515
SCNN1A,Glioma,High - Low,-0.359585489,0.419945138,0.52325292
MARVELD2,Glioma,High - Low,0.25126392,0.48855215,0.587276285
B3GALNT1,Glioma,High - Low,0.09985945,0.788618303,0.843783562
GOLGA6A,Glioma,High - Low,1.174339997,0.093712043,0.163134379
CDC42SE2,Glioma,High - Low,0.506350482,0.046032704,0.095638973
CDC42SE1,Glioma,High - Low,0.923363298,0.000160745,0.003174827
PRPS2,Glioma,High - Low,0.265323936,0.550645515,0.644289699
ZNF718,Glioma,High - Low,-0.08217564,0.852958516,0.892209463
MRGPRE,Glioma,High - Low,0.296728389,0.550846306,0.644409461
BOLA2B,Glioma,High - Low,0.474328524,0.028133172,0.067155447
TTPAL,Glioma,High - Low,1.058561381,0.001256251,0.009234257
ALG13,Glioma,High - Low,1.692909309,0.000285176,0.004185889
SLC25A29,Glioma,High - Low,0.756705626,0.024289633,0.060494745
ZBTB7C,Glioma,High - Low,0.373585258,0.408829968,0.512207344
ATP6V1E1,Glioma,High - Low,0.128214088,0.349511219,0.453713106
SPATA6L,Glioma,High - Low,0.17449451,0.714113885,0.784229027
TBC1D28,Glioma,High - Low,0.090251545,0.867383847,0.902539673
SRSF5,Glioma,High - Low,0.588635983,0.006750275,0.025528985
THEMIS2,Glioma,High - Low,0.430705585,0.457338889,0.55847212
AREL1,Glioma,High - Low,1.166966918,0.021531433,0.05572466
ETNK1,Glioma,High - Low,0.423378689,0.043252511,0.091383755
FHL2,Glioma,High - Low,-1.062543252,0.107713218,0.18113141
PRSS53,Glioma,High - Low,-0.558881764,0.051982579,0.104456654
GK5,Glioma,High - Low,1.423899886,0.014897657,0.043413091
AP1S3,Glioma,High - Low,-0.021865575,0.947024559,0.962550146
KREMEN1,Glioma,High - Low,-0.449363123,0.242304878,0.34135472
SEC14L1,Glioma,High - Low,0.794046676,0.007586929,0.027639306
CCNL2,Glioma,High - Low,0.67314043,0.035820373,0.079801964
MAP9,Glioma,High - Low,1.311280812,0.000900824,0.007744249
PNCK,Glioma,High - Low,0.412117135,0.558272786,0.650945373
DPH2,Glioma,High - Low,1.839114834,0.000420151,0.005084756
USP9X,Glioma,High - Low,0.712745483,0.000852958,0.007505229
SPAG8,Glioma,High - Low,0.180297636,0.798726444,0.852230897
IAH1,Glioma,High - Low,0.635255742,0.007860984,0.028232749
INSYN1,Glioma,High - Low,0.445161344,0.523915847,0.620005497
SPRED3,Glioma,High - Low,0.139257144,0.750416204,0.81337659
ZMYM5,Glioma,High - Low,1.672275487,0.001756283,0.011185026
SAPCD1,Glioma,High - Low,1.345592877,0.004774052,0.020400348
IL18BP,Glioma,High - Low,0.908483884,0.089266155,0.157408993
TNFRSF25,Glioma,High - Low,0.309933573,0.617324332,0.703142886
TYW5,Glioma,High - Low,0.247181417,0.36911249,0.473970583
SNAPC3,Glioma,High - Low,0.90075198,0.001271841,0.009289952
ENTR1,Glioma,High - Low,1.052759292,0.002724394,0.01452193
DEDD,Glioma,High - Low,0.500179899,0.025338856,0.062322344
ABHD18,Glioma,High - Low,0.594874983,0.036155095,0.080310831
NOSTRIN,Glioma,High - Low,0.915293198,0.138808298,0.220159544
EML6,Glioma,High - Low,0.121323206,0.748820467,0.812018086
INSYN2A,Glioma,High - Low,0.168244364,0.748141902,0.811551112
TMEM232,Glioma,High - Low,-0.471664911,0.326671823,0.431204171
TMPPE,Glioma,High - Low,0.373899194,0.158995133,0.24497469
CDC42,Glioma,High - Low,0.373362844,0.128176609,0.206727807
CHIC1,Glioma,High - Low,0.48940987,0.009747896,0.032641739
ACBD7,Glioma,High - Low,-0.593461462,0.400042804,0.50382459
IZUMO4,Glioma,High - Low,0.230243924,0.685518398,0.760957387
GPX4,Glioma,High - Low,0.342295925,0.013063569,0.03951971
STRN4,Glioma,High - Low,0.675565854,0.000363273,0.004709238
FKRP,Glioma,High - Low,0.399051473,0.241480254,0.340539875
PROSER3,Glioma,High - Low,0.403234416,0.333980746,0.43836532
ZNF384,Glioma,High - Low,1.074428447,0.000476263,0.00544391
SGSM1,Glioma,High - Low,-0.795975662,0.094967162,0.16479855
SLC4A8,Glioma,High - Low,0.817753905,0.026493965,0.064345295
PTPN5,Glioma,High - Low,-0.734779806,0.189840818,0.281238496
FAM83G,Glioma,High - Low,0.004902672,0.988486948,0.991744032
TCERG1,Glioma,High - Low,1.307974889,0.00076934,0.007039115
SWI5,Glioma,High - Low,0.452722435,0.112196738,0.186966004
FAM3C,Glioma,High - Low,0.356888056,0.133587591,0.213665078
ARL16,Glioma,High - Low,1.13205572,0.001945685,0.011837755
C8orf74,Glioma,High - Low,0.744034835,0.264778449,0.366037825
CD53,Glioma,High - Low,-0.249216787,0.713541931,0.783849197
MAPK3,Glioma,High - Low,-0.090838161,0.639893718,0.722252453
FAM133B,Glioma,High - Low,1.270133689,0.025344149,0.062322344
MOSPD3,Glioma,High - Low,2.374123698,0.00014015,0.002977581
OPALIN,Glioma,High - Low,-1.390226364,0.131016087,0.21038702
MUC17,Glioma,High - Low,0.121942228,0.848365347,0.888682893
NRF1,Glioma,High - Low,0.21819096,0.60169039,0.689112341
ARAP1,Glioma,High - Low,0.805856696,0.069810534,0.130799845
PALM,Glioma,High - Low,0.343747128,0.635663159,0.718654498
ACTR3B,Glioma,High - Low,0.754035331,0.180228253,0.269876804
CHTF8,Glioma,High - Low,2.377947554,6.83E-06,0.00073316
PEG10,Glioma,High - Low,2.195134042,0.002230274,0.01288089
SLAIN1,Glioma,High - Low,1.614409771,0.042708497,0.090526526
CEP44,Glioma,High - Low,0.993552588,0.070616476,0.131894654
AKR1E2,Glioma,High - Low,-0.455981226,0.235035726,0.333368299
CLDND1,Glioma,High - Low,-0.106951173,0.820257855,0.868035671
ZNF765,Glioma,High - Low,0.797931206,0.114009546,0.189000632
DNAJC28,Glioma,High - Low,-0.009941665,0.981838926,0.987369481
AGTRAP,Glioma,High - Low,0.49681618,0.281081982,0.3835546
PAQR3,Glioma,High - Low,0.503543942,0.144060046,0.226622393
TYSND1,Glioma,High - Low,0.520969818,0.017879854,0.048929714
TENT4B,Glioma,High - Low,1.219346049,0.057265421,0.112191554
PRDM15,Glioma,High - Low,0.838587924,0.085379402,0.152252473
U2AF1L4,Glioma,High - Low,0.334700721,0.261848739,0.362830515
SPATA7,Glioma,High - Low,0.838264696,0.029259113,0.069087388
PCDH17,Glioma,High - Low,1.149543405,0.020435771,0.053846962
COA3,Glioma,High - Low,0.382741593,0.089437004,0.157646565
YARS2,Glioma,High - Low,1.632496152,0.00040842,0.005011665
MAPK8IP3,Glioma,High - Low,0.169621459,0.467712817,0.567856446
CCDC112,Glioma,High - Low,0.237919857,0.297821667,0.400964431
ZBTB8A,Glioma,High - Low,1.25443292,0.021642122,0.05594991
PHF11,Glioma,High - Low,1.561009598,0.011162923,0.035675249
ASB1,Glioma,High - Low,0.552774508,0.068600239,0.128901109
DEFB131A,Glioma,High - Low,0.678043417,0.12335665,0.200759306
RUFY1,Glioma,High - Low,0.805716378,0.006524293,0.025042716
SLC26A6,Glioma,High - Low,1.149943055,0.019456656,0.051861407
SIDT2,Glioma,High - Low,0.67289896,0.007699618,0.02784068
RHBDD2,Glioma,High - Low,0.463850731,0.036734031,0.081282768
ERAP1,Glioma,High - Low,0.566846919,0.081565726,0.147241149
LINS1,Glioma,High - Low,0.753992363,0.02858334,0.067969792
NCALD,Glioma,High - Low,0.208634066,0.586762749,0.675561438
CRCP,Glioma,High - Low,0.989795018,0.001733629,0.011088621
ACP1,Glioma,High - Low,0.583414139,0.002030427,0.012156068
ZXDC,Glioma,High - Low,0.388243023,0.054213135,0.107743257
TTC23,Glioma,High - Low,1.530909428,0.001265342,0.009270913
SLC29A4,Glioma,High - Low,0.732786245,0.092336095,0.161280215
GAGE1,Glioma,High - Low,0.907574791,0.326383053,0.430921565
INCENP,Glioma,High - Low,0.382024025,0.223052742,0.319696722
UEVLD,Glioma,High - Low,0.670064773,0.001718561,0.011024557
KIAA0895L,Glioma,High - Low,1.314725432,0.000252495,0.003930943
GDAP1,Glioma,High - Low,0.904840459,0.043697969,0.092072338
ABCE1,Glioma,High - Low,1.702348726,8.69E-06,0.000801299
RALGDS,Glioma,High - Low,0.454220039,0.089030613,0.157078266
RO60,Glioma,High - Low,1.700189614,0.000363119,0.004709238
PREPL,Glioma,High - Low,0.305121474,0.352587299,0.456664903
PPP4R1,Glioma,High - Low,1.359153605,0.003037879,0.015488688
NAAA,Glioma,High - Low,0.276244161,0.334104171,0.438451029
CEP170,Glioma,High - Low,0.859600315,0.000280338,0.004152111
ANKZF1,Glioma,High - Low,0.724101848,0.022634703,0.057656842
CYLD,Glioma,High - Low,0.49287628,0.214020279,0.308999664
ZNF596,Glioma,High - Low,0.477412992,0.309062581,0.413124694
RUFY2,Glioma,High - Low,0.81138067,0.098016918,0.168694223
CENPA,Glioma,High - Low,1.125102107,0.097326865,0.1679363
CAST,Glioma,High - Low,0.171848117,0.686000005,0.761317272
TGFB1I1,Glioma,High - Low,0.730512418,0.08575998,0.152707115
TMEM80,Glioma,High - Low,1.058292132,9.76E-05,0.002486691
SUMF2,Glioma,High - Low,0.661777311,0.006903128,0.025919889
GSDMB,Glioma,High - Low,0.10396076,0.601384606,0.688928118
ACBD5,Glioma,High - Low,0.458010876,0.022387201,0.057210113
ZNF565,Glioma,High - Low,0.418605882,0.435116242,0.537552081
AJAP1,Glioma,High - Low,-0.575061219,0.429151594,0.532052304
GEMIN8,Glioma,High - Low,0.76082884,0.114255865,0.18931309
TPK1,Glioma,High - Low,-0.226405216,0.302752967,0.406350035
SMIM8,Glioma,High - Low,0.290668749,0.464468133,0.564807399
DEFA1B,Glioma,High - Low,0.146849606,0.800618206,0.853831894
C2orf88,Glioma,High - Low,0.512955322,0.329849605,0.434237392
RIOX2,Glioma,High - Low,-0.377239795,0.256489792,0.357067608
SLC9A6,Glioma,High - Low,0.023988271,0.862351392,0.898588681
NCBP2,Glioma,High - Low,0.949802741,0.002083148,0.012341473
FEZ2,Glioma,High - Low,0.33486401,0.075657665,0.139127219
SMC2,Glioma,High - Low,0.506680339,0.012785705,0.038976305
EIF4G2,Glioma,High - Low,0.696892569,0.000162615,0.00318636
CHD2,Glioma,High - Low,0.764183203,0.047757818,0.098318544
ENGASE,Glioma,High - Low,0.963887667,0.001646267,0.010702216
SNUPN,Glioma,High - Low,0.287274236,0.357374634,0.461541338
TMEM8B,Glioma,High - Low,0.286673747,0.208084001,0.30224582
ERBB4,Glioma,High - Low,0.951806041,0.175780635,0.264844172
KDM5A,Glioma,High - Low,0.746063838,0.002298256,0.013054693
SNX21,Glioma,High - Low,0.945640567,0.097530557,0.168154804
NGDN,Glioma,High - Low,0.720884523,0.009529016,0.032155517
SHPRH,Glioma,High - Low,1.468467377,0.00107854,0.008605316
GTPBP10,Glioma,High - Low,1.047551393,0.028253323,0.067368559
NECTIN2,Glioma,High - Low,0.951916495,0.051645434,0.104045802
SEC24B,Glioma,High - Low,1.792405508,0.00082594,0.007368167
FGR,Glioma,High - Low,-0.12644678,0.763518774,0.824037888
STAG2,Glioma,High - Low,0.955817297,0.00198296,0.011981034
SLC6A2,Glioma,High - Low,0.791849684,0.132363932,0.212070603
CSKMT,Glioma,High - Low,0.40638404,0.376075705,0.480770914
MIDEAS,Glioma,High - Low,0.563147028,0.052164125,0.104750505
TPM3,Glioma,High - Low,0.263743481,0.127833837,0.206293582
DIPK1C,Glioma,High - Low,-0.128410983,0.791498661,0.846173918
MPPED1,Glioma,High - Low,-0.48256735,0.431666628,0.534197652
ZNF557,Glioma,High - Low,1.365650766,0.001272183,0.009289952
NUTM2G,Glioma,High - Low,0.700694233,0.239238867,0.337975236
SLA,Glioma,High - Low,-0.170026279,0.694502301,0.768649081
SLC12A2,Glioma,High - Low,0.069432222,0.824289072,0.87107975
SRD5A1,Glioma,High - Low,0.793638132,0.26410803,0.365188134
DPH3,Glioma,High - Low,0.263694668,0.580366508,0.669905553
SST,Glioma,High - Low,-0.56888061,0.460309121,0.561087765
STIL,Glioma,High - Low,0.269118006,0.555254352,0.648060727
PHACTR4,Glioma,High - Low,0.33473588,0.164981341,0.251818686
NTM,Glioma,High - Low,0.780159319,0.272221402,0.373879662
CLCC1,Glioma,High - Low,0.60425952,0.024536834,0.060890971
DBNDD2,Glioma,High - Low,-0.448741004,0.403479471,0.507371947
ADORA1,Glioma,High - Low,0.418084789,0.308299433,0.412398578
UBL5,Glioma,High - Low,0.534477722,0.003541544,0.016929329
SMIM15,Glioma,High - Low,0.340603597,0.062904817,0.120481681
SSTR2,Glioma,High - Low,1.08217608,0.059381466,0.115473272
SSTR4,Glioma,High - Low,1.120325814,0.136415857,0.217233376
SSTR5,Glioma,High - Low,-0.085100233,0.809918077,0.860316192
SULT1A2,Glioma,High - Low,0.279535756,0.655750842,0.736624828
TACR3,Glioma,High - Low,-0.343167424,0.404976083,0.508722689
TBXA2R,Glioma,High - Low,0.692148766,0.234070413,0.332287099
TBXAS1,Glioma,High - Low,0.031502677,0.945697843,0.961635746
TF,Glioma,High - Low,-0.64041184,0.504699603,0.602592732
TKT,Glioma,High - Low,0.990678824,0.011170286,0.035675249
TNFRSF1A,Glioma,High - Low,1.076596398,0.042939455,0.090842416
TNFRSF1B,Glioma,High - Low,0.173932993,0.795690445,0.849891907
TOP2A,Glioma,High - Low,0.945438922,0.242145925,0.341271969
TOP2B,Glioma,High - Low,0.744800136,0.000260997,0.004001448
TUBB2A,Glioma,High - Low,-0.426394563,0.394458873,0.498710895
TUBG1,Glioma,High - Low,1.361191571,0.00607964,0.02396349
TYMS,Glioma,High - Low,0.856580587,0.188144862,0.279389893
MZT1,Glioma,High - Low,0.753942306,0.073997235,0.136900636
UGT2B11,Glioma,High - Low,0.595342737,0.335916854,0.440168072
MOCS1,Glioma,High - Low,0.295471938,0.205451905,0.299524281
ACSS2,Glioma,High - Low,0.444444231,0.0774846,0.141512884
LYRM9,Glioma,High - Low,1.129538008,0.01665425,0.046662477
FAM107A,Glioma,High - Low,0.156418313,0.893791253,0.922611864
ZNF391,Glioma,High - Low,1.279558592,0.000217013,0.003589576
SLC7A6,Glioma,High - Low,0.419964189,0.105271993,0.177802657
QSER1,Glioma,High - Low,0.874794604,0.001370532,0.009584689
METTL9,Glioma,High - Low,1.247497459,0.006258815,0.024432517
CDC14B,Glioma,High - Low,0.773938732,0.004688089,0.020184529
MYH14,Glioma,High - Low,0.905700819,0.034463341,0.077663152
HS6ST2,Glioma,High - Low,0.635455915,0.347113119,0.451271181
ZNF436,Glioma,High - Low,1.044048971,0.051244272,0.103501487
ATG9A,Glioma,High - Low,0.601221797,0.01752566,0.04829793
SPPL2B,Glioma,High - Low,1.498907837,0.008169105,0.028985933
UBXN11,Glioma,High - Low,0.469040146,0.519565211,0.615848933
WIPF1,Glioma,High - Low,0.412870973,0.400321594,0.503981791
ZNF682,Glioma,High - Low,1.275770473,0.014359277,0.042191654
DPH5,Glioma,High - Low,0.565922524,0.032710078,0.074859824
TMEM231,Glioma,High - Low,1.597341699,0.025533714,0.062640606
ZNF586,Glioma,High - Low,1.366763239,0.022681235,0.057728914
BCLAF1,Glioma,High - Low,0.585256355,0.000382496,0.004852737
TSEN34,Glioma,High - Low,0.645510303,0.045594933,0.095044493
SLC38A1,Glioma,High - Low,0.801716021,0.164608551,0.251454877
NFKB2,Glioma,High - Low,-1.280295274,0.000824031,0.007364527
FAM222B,Glioma,High - Low,1.2410445,3.01E-05,0.001428476
SLC39A7,Glioma,High - Low,0.863874082,0.006626684,0.025203916
JRK,Glioma,High - Low,1.317749695,0.011138082,0.035638051
UBXN2B,Glioma,High - Low,0.600209154,0.032956987,0.075240773
VPS37D,Glioma,High - Low,0.263575974,0.569292222,0.660295975
ZNF846,Glioma,High - Low,1.33113845,0.055604081,0.109559704
APH1A,Glioma,High - Low,1.625026939,0.000205012,0.003522594
TNFAIP8,Glioma,High - Low,-0.321668739,0.484013819,0.583052069
ALG9,Glioma,High - Low,1.124366707,0.013700944,0.040767986
ECSCR,Glioma,High - Low,0.22453392,0.666425136,0.745654021
MIER1,Glioma,High - Low,0.712647115,0.01241813,0.038238612
RGPD2,Glioma,High - Low,-0.08830436,0.876712515,0.909666675
RTL8C,Glioma,High - Low,0.538060811,0.005888734,0.023484899
RTL8A,Glioma,High - Low,0.241058883,0.526748543,0.62233851
RTL8B,Glioma,High - Low,0.827709818,0.112499311,0.187279528
TVP23A,Glioma,High - Low,0.352444557,0.585685505,0.674915984
ASAH2B,Glioma,High - Low,1.361341528,0.012349044,0.038111951
DACT1,Glioma,High - Low,1.84769185,0.000166247,0.003210308
KTN1,Glioma,High - Low,0.460151337,0.00597011,0.023708418
IKZF2,Glioma,High - Low,0.803758117,0.02641713,0.064206327
TRAPPC6B,Glioma,High - Low,0.925478582,0.011410202,0.03611162
HNRNPUL2,Glioma,High - Low,0.705979538,0.000409852,0.005015667
SDK1,Glioma,High - Low,0.947580472,0.095033924,0.16482702
TMTC4,Glioma,High - Low,1.386993714,0.017654116,0.048478468
FNDC3A,Glioma,High - Low,0.905800209,0.00063111,0.00627035
ETV4,Glioma,High - Low,0.659016534,0.233851428,0.332012226
KIAA1191,Glioma,High - Low,0.75327711,0.01160605,0.036590891
NLRP3,Glioma,High - Low,-0.553584375,0.348258231,0.452535234
OCIAD1,Glioma,High - Low,0.487721906,0.009412923,0.031961464
CASZ1,Glioma,High - Low,0.582472174,0.443813095,0.545772973
DBI,Glioma,High - Low,0.739862516,0.035298001,0.07897415
BCS1L,Glioma,High - Low,0.805848046,0.084515425,0.151190116
HAP1,Glioma,High - Low,1.308662101,0.11831597,0.194464191
CUL4B,Glioma,High - Low,1.397123724,7.99E-05,0.002263891
RASA4,Glioma,High - Low,0.354281934,0.200374021,0.293784665
CNGA3,Glioma,High - Low,0.185708927,0.713062761,0.783677276
PRKD2,Glioma,High - Low,0.958144061,0.04081734,0.087495324
ZNF331,Glioma,High - Low,-0.615524707,0.266758865,0.368037284
ALDH5A1,Glioma,High - Low,1.105352581,0.020330995,0.053614042
LDB3,Glioma,High - Low,-1.383293843,0.16155362,0.247655022
CT47A10,Glioma,High - Low,0.70432365,0.192799012,0.284847378
TMEM200C,Glioma,High - Low,1.298626415,0.039010639,0.084788563
GJC1,Glioma,High - Low,0.289639545,0.662225189,0.742275011
AATK,Glioma,High - Low,-0.377406165,0.711577085,0.782848397
FAM155A,Glioma,High - Low,0.782132932,0.07452131,0.137642063
ECPAS,Glioma,High - Low,0.313804856,0.018912668,0.050857169
PLIN4,Glioma,High - Low,-0.420058409,0.282329386,0.385016003
FBXO41,Glioma,High - Low,0.232349733,0.441245736,0.543432454
ZNF433,Glioma,High - Low,1.765786538,8.54E-05,0.002316317
CCDC88C,Glioma,High - Low,-0.025677325,0.970853531,0.979456409
U2SURP,Glioma,High - Low,0.539693168,0.000485734,0.005490372
MYBL1,Glioma,High - Low,0.484485878,0.299772251,0.403093158
DLGAP3,Glioma,High - Low,1.044071997,0.095791648,0.165811745
UNK,Glioma,High - Low,0.974557055,0.000450034,0.005278019
UNC13A,Glioma,High - Low,1.072106328,0.034899304,0.078336462
GRIP2,Glioma,High - Low,0.701269494,0.190976371,0.282792765
KDM6B,Glioma,High - Low,0.824264472,0.010598328,0.034538836
TOX3,Glioma,High - Low,0.741507707,0.289163114,0.39204853
SLC45A4,Glioma,High - Low,0.138325884,0.808789531,0.859680838
FTO,Glioma,High - Low,0.648948414,0.016554749,0.046463308
LMTK3,Glioma,High - Low,0.951628275,0.060602651,0.117152003
WHAMM,Glioma,High - Low,1.801547283,0.000997546,0.008261424
WTIP,Glioma,High - Low,0.721587208,0.188678553,0.280055356
SNED1,Glioma,High - Low,-0.083356283,0.892801745,0.921842901
KIF18B,Glioma,High - Low,1.583083622,0.010748497,0.034808328
GPR108,Glioma,High - Low,0.985963539,0.010215758,0.033702341
INTS1,Glioma,High - Low,1.078394003,0.001428062,0.009815019
TMEM202,Glioma,High - Low,-0.292092068,0.545737208,0.639861849
BTBD17,Glioma,High - Low,1.573849126,0.025393468,0.062413492
MYO5B,Glioma,High - Low,0.768244367,0.140794527,0.222528095
FBXO46,Glioma,High - Low,0.51409976,0.153999664,0.238928498
FITM2,Glioma,High - Low,0.73431287,0.025555092,0.062670776
PLEKHM3,Glioma,High - Low,0.442324962,0.210684052,0.305378755
GRXCR1,Glioma,High - Low,-1.010210231,0.004972073,0.020838463
ARHGEF28,Glioma,High - Low,-0.252598537,0.667604817,0.746575069
MBOAT1,Glioma,High - Low,0.348555142,0.576413799,0.666282852
USP45,Glioma,High - Low,1.536224555,0.001166655,0.008953702
AJM1,Glioma,High - Low,-0.43338551,0.275830429,0.377924634
ZNF275,Glioma,High - Low,1.599584963,0.004911057,0.020683214
PABPN1L,Glioma,High - Low,-0.153343761,0.773782495,0.832467889
ZNF823,Glioma,High - Low,0.181290955,0.558438344,0.651080431
TNRC18,Glioma,High - Low,0.84160966,0.030005732,0.070469068
RGP1,Glioma,High - Low,0.593014067,0.032771386,0.074947729
MEGF9,Glioma,High - Low,0.056503694,0.834677102,0.877926357
CCDC159,Glioma,High - Low,0.723288112,0.027890993,0.066772128
TBX18,Glioma,High - Low,-0.425828391,0.250149459,0.350011617
TSPAN11,Glioma,High - Low,0.720072542,0.171476336,0.25949372
FAM163B,Glioma,High - Low,-1.573404461,0.00813684,0.028918469
SETD5,Glioma,High - Low,1.162040852,1.33E-05,0.000987405
WIPF3,Glioma,High - Low,0.847916842,0.310062753,0.414250166
C4orf51,Glioma,High - Low,1.621477381,0.012975273,0.039379982
UNC119B,Glioma,High - Low,1.619632165,0.001815326,0.011359409
AKR1B15,Glioma,High - Low,1.564378516,0.020795449,0.054476752
CCDC150,Glioma,High - Low,0.568672632,0.263437375,0.364530284
MGA,Glioma,High - Low,0.226213027,0.414464711,0.517804052
FBF1,Glioma,High - Low,0.723601826,0.27336429,0.37513454
DGKG,Glioma,High - Low,1.941609829,0.00811997,0.028866349
ZNF799,Glioma,High - Low,1.155930571,0.008448566,0.029705826
TMEM120B,Glioma,High - Low,0.590412898,0.102958483,0.175024074
DNLZ,Glioma,High - Low,1.249193301,0.001656923,0.010739649
DMRTC1B,Glioma,High - Low,0.049211755,0.891108957,0.920714139
PXN,Glioma,High - Low,0.352294763,0.137707406,0.218907214
COMMD5,Glioma,High - Low,0.730080844,0.040288484,0.086702354
JMJD6,Glioma,High - Low,0.578550591,0.110717469,0.184995383
THOC2,Glioma,High - Low,0.586451892,0.083435733,0.149893531
SPAG11A,Glioma,High - Low,0.315588811,0.535856415,0.630478796
ELN,Glioma,High - Low,1.77772376,0.01994971,0.052864107
ACD,Glioma,High - Low,0.995997183,0.062761881,0.120319375
RBFOX3,Glioma,High - Low,-0.831265956,0.189916953,0.281287631
PIH1D2,Glioma,High - Low,-0.097397935,0.816451144,0.865443492
NKAPD1,Glioma,High - Low,1.171267761,0.015577236,0.044657926
GPD2,Glioma,High - Low,2.290002305,0.000462618,0.005346503
ZGPAT,Glioma,High - Low,0.612154263,0.027431226,0.065951412
ZNF133,Glioma,High - Low,0.949722479,0.003694999,0.017301518
ZNF112,Glioma,High - Low,0.980132371,0.051112773,0.103341128
CEP57L1,Glioma,High - Low,0.691062306,0.01382922,0.041058045
RABEP1,Glioma,High - Low,1.258833377,0.005723072,0.023006502
ROR1,Glioma,High - Low,0.199044072,0.694312411,0.768503881
NARF,Glioma,High - Low,1.025028368,1.32E-05,0.000987405
RB1CC1,Glioma,High - Low,0.827543638,0.009910387,0.033033782
GRIA2,Glioma,High - Low,1.433614973,0.100648429,0.171945443
STRN3,Glioma,High - Low,0.433568808,0.01768806,0.048543136
GP6,Glioma,High - Low,1.550604555,0.00046744,0.005387488
ADGRA1,Glioma,High - Low,1.090110326,0.058104513,0.113563575
WBP1L,Glioma,High - Low,0.789593769,0.01003427,0.033290591
ASRGL1,Glioma,High - Low,0.850162131,0.01484947,0.043330536
ZNF655,Glioma,High - Low,1.11271777,0.000137064,0.002937113
TCF4,Glioma,High - Low,1.157019936,0.000934425,0.007923854
TDRKH,Glioma,High - Low,0.421118372,0.161743792,0.247888502
PLOD3,Glioma,High - Low,0.5791413,0.103881344,0.176135514
DDTL,Glioma,High - Low,0.296042496,0.641525891,0.723595666
SERPINA3,Glioma,High - Low,1.042103654,0.303901903,0.407516142
TOR2A,Glioma,High - Low,1.70230481,0.000507589,0.005589457
MCC,Glioma,High - Low,1.537801631,0.017303393,0.047941798
ZNF154,Glioma,High - Low,1.052752406,0.026591484,0.064474499
TMEM213,Glioma,High - Low,1.076625681,0.007051515,0.026341081
LNP1,Glioma,High - Low,0.569581149,0.246380789,0.345818183
MYSM1,Glioma,High - Low,0.526846112,0.124445109,0.201953373
NDUFAF8,Glioma,High - Low,0.949083279,0.000960743,0.008063077
AAMP,Glioma,High - Low,0.764067928,0.000114983,0.002717462
ABCA3,Glioma,High - Low,1.364401173,0.010923349,0.035115065
ABCF1,Glioma,High - Low,1.719518574,5.35E-05,0.001858188
ABR,Glioma,High - Low,-0.053596724,0.804601583,0.856614777
MEX3A,Glioma,High - Low,0.674561452,0.051079245,0.103334449
CCDC102B,Glioma,High - Low,0.122195617,0.724190499,0.792705579
TRAPPC13,Glioma,High - Low,0.635613815,0.084396145,0.151059292
MCRIP1,Glioma,High - Low,0.892550443,1.65E-05,0.001116364
TXNRD1,Glioma,High - Low,0.96220521,0.003273171,0.016117703
ASIC1,Glioma,High - Low,1.351907484,0.008530315,0.029910931
ACLY,Glioma,High - Low,1.58288594,0.000116064,0.002733345
ACR,Glioma,High - Low,-0.110439484,0.841603281,0.883295532
SLC35G2,Glioma,High - Low,-0.095009305,0.763346385,0.823989758
GPR89A,Glioma,High - Low,0.592604385,0.03076917,0.071772346
OCM,Glioma,High - Low,0.285368665,0.549842141,0.643411625
TAS2R30,Glioma,High - Low,0.649876441,0.146885518,0.230072029
ACO2,Glioma,High - Low,0.905053418,0.009426071,0.031969336
ENTPD1,Glioma,High - Low,0.408117819,0.43069007,0.533498503
GPR18,Glioma,High - Low,0.201949922,0.644178985,0.725712911
HNRNPF,Glioma,High - Low,0.735295541,0.002867285,0.014964946
CTNNB1,Glioma,High - Low,0.568710788,0.000216524,0.003589576
MGAT3,Glioma,High - Low,0.330598073,0.49777882,0.595872033
HDAC7,Glioma,High - Low,0.538803893,0.078886576,0.143652565
DLG1,Glioma,High - Low,0.556680529,0.311568069,0.41592177
SMARCD2,Glioma,High - Low,1.913177715,0.002427533,0.01346196
GRSF1,Glioma,High - Low,1.024260207,2.93E-05,0.001418576
SLC4A4,Glioma,High - Low,0.789982675,0.372202589,0.476974503
ZNF419,Glioma,High - Low,0.432714045,0.041810645,0.089070416
CHCHD4,Glioma,High - Low,0.377269459,0.403326282,0.507276754
PTPRJ,Glioma,High - Low,0.701951858,0.012685225,0.038760245
HTATIP2,Glioma,High - Low,-0.79383258,0.004729211,0.020301495
CKAP2,Glioma,High - Low,1.259215685,0.035625784,0.079503732
USP5,Glioma,High - Low,0.722011513,0.000640677,0.006316554
PNPLA7,Glioma,High - Low,0.680231956,0.324023226,0.428702112
SIGLEC14,Glioma,High - Low,0.297147078,0.601342194,0.688928118
PUS7L,Glioma,High - Low,0.694425103,0.151930594,0.23644684
TMEM251,Glioma,High - Low,0.276769321,0.153478599,0.238261239
NANOS3,Glioma,High - Low,0.659710276,0.108301536,0.181933797
OBSCN,Glioma,High - Low,0.036253535,0.942117486,0.959186955
RBM47,Glioma,High - Low,1.176518238,0.037455288,0.082351316
SEZ6,Glioma,High - Low,1.823973563,0.00936561,0.031825572
RNF169,Glioma,High - Low,0.995312064,0.008791833,0.030565976
RASGRP2,Glioma,High - Low,0.561747919,0.278989765,0.381368195
GTF2H2C,Glioma,High - Low,0.579056721,0.007549637,0.027557124
BET1L,Glioma,High - Low,0.55140684,0.032218241,0.074214185
TOX2,Glioma,High - Low,0.028997798,0.967458373,0.976859141
MAGED4,Glioma,High - Low,1.061983026,0.006627746,0.025203916
FAM210A,Glioma,High - Low,-0.113126078,0.480101093,0.57919134
CEP78,Glioma,High - Low,0.911514108,0.041408427,0.08842938
C9orf129,Glioma,High - Low,-0.605793346,0.018876744,0.050791865
SEPTIN8,Glioma,High - Low,0.794831252,0.13056059,0.209871791
TESPA1,Glioma,High - Low,-1.387216506,0.130574781,0.209871791
TENM4,Glioma,High - Low,1.579402979,0.000650698,0.006367402
TMEM91,Glioma,High - Low,1.419373149,0.016413086,0.046204372
MORN4,Glioma,High - Low,0.227296588,0.597804531,0.685861788
ZNF862,Glioma,High - Low,1.650211006,0.002762459,0.014655134
CCDC43,Glioma,High - Low,1.633539978,0.000113654,0.002697716
ZNF506,Glioma,High - Low,1.828954791,4.48E-05,0.001693433
ZBTB34,Glioma,High - Low,0.026158621,0.96547161,0.975680749
TINF2,Glioma,High - Low,0.862292605,0.002273837,0.012949694
MROH1,Glioma,High - Low,0.19680767,0.391244397,0.495651948
SH3RF3,Glioma,High - Low,1.258512428,0.005833302,0.023348231
SHISAL1,Glioma,High - Low,-0.720338125,0.189204045,0.280625476
C2orf80,Glioma,High - Low,0.439802484,0.542379857,0.636495426
NUTM2A,Glioma,High - Low,0.6953367,0.170400613,0.258194102
COMMD7,Glioma,High - Low,0.938765012,0.005157384,0.021382401
SGCE,Glioma,High - Low,1.679071247,0.002222393,0.012862183
DZANK1,Glioma,High - Low,0.427809518,0.303646028,0.407339902
EHBP1L1,Glioma,High - Low,0.277466304,0.72084744,0.789795442
GPRASP1,Glioma,High - Low,1.135444368,0.091408117,0.160183682
KAT6A,Glioma,High - Low,1.151197574,0.000123503,0.002822948
BCAS3,Glioma,High - Low,0.23907804,0.093778933,0.163190799
JAKMIP1,Glioma,High - Low,-1.108745123,0.112177674,0.186958031
ULK3,Glioma,High - Low,0.217025052,0.203665415,0.297511021
CMTR2,Glioma,High - Low,0.91472471,0.009225188,0.031544892
GPR137C,Glioma,High - Low,-0.337829436,0.084802379,0.151517133
LRRN3,Glioma,High - Low,1.226788121,0.027496441,0.066081297
LRRC58,Glioma,High - Low,0.796458188,0.024396336,0.060691854
NXF2,Glioma,High - Low,-0.347107509,0.663013854,0.743015731
ZNF578,Glioma,High - Low,1.535614936,0.023722971,0.059567597
RSPH10B2,Glioma,High - Low,0.100783655,0.874538125,0.908035501
SYBU,Glioma,High - Low,0.785739702,0.219187256,0.315191515
FBXL19,Glioma,High - Low,0.823388223,0.007478321,0.02737312
C7orf25,Glioma,High - Low,0.723815041,0.160507632,0.246455544
TMEM192,Glioma,High - Low,1.366936362,0.002690608,0.01441706
RALYL,Glioma,High - Low,-0.036204047,0.954709587,0.96771794
PDS5A,Glioma,High - Low,0.687813807,0.001815874,0.011359409
SENP6,Glioma,High - Low,0.598671403,0.005055875,0.021088425
FAM184A,Glioma,High - Low,1.08298873,0.079464033,0.144463009
DROSHA,Glioma,High - Low,1.254362707,0.000287104,0.004195943
UBR7,Glioma,High - Low,0.713131402,0.003675039,0.017271102
REX1BD,Glioma,High - Low,0.556065396,0.000249541,0.003898854
SPATS2L,Glioma,High - Low,0.190642367,0.622796996,0.708056126
RAP1GDS1,Glioma,High - Low,0.345169979,0.385154716,0.489975777
VSIG4,Glioma,High - Low,0.019994689,0.975302273,0.982858549
PLEKHB2,Glioma,High - Low,0.318075193,0.02165761,0.055954675
CXCL16,Glioma,High - Low,1.127170594,0.062854505,0.120420549
PID1,Glioma,High - Low,0.97003158,0.016686219,0.046712136
TMEM170B,Glioma,High - Low,1.27709416,0.001533909,0.010272875
C16orf46,Glioma,High - Low,0.47934283,0.38537377,0.490196258
PACS2,Glioma,High - Low,0.17252301,0.478427556,0.577670043
TMEM176B,Glioma,High - Low,-0.175528757,0.656184067,0.7368915
ZNF883,Glioma,High - Low,0.722736208,0.11567138,0.191055194
CCDC160,Glioma,High - Low,1.119616916,0.045931299,0.095487218
PIRT,Glioma,High - Low,-0.146868739,0.795470673,0.849726484
CLDN25,Glioma,High - Low,-0.820642686,0.006443182,0.024835804
CRPPA,Glioma,High - Low,1.294714261,0.039909059,0.086112221
CXXC1,Glioma,High - Low,0.437498062,0.098720952,0.169559679
NRDC,Glioma,High - Low,0.335185263,0.055278283,0.109197128
ACOX3,Glioma,High - Low,0.972231038,0.026021137,0.063503215
ZNF219,Glioma,High - Low,1.163394125,0.002532788,0.013875225
SAMD12,Glioma,High - Low,-0.462468631,0.475510508,0.574922834
FAM13B,Glioma,High - Low,0.08340139,0.522055567,0.618352953
ACTN1,Glioma,High - Low,0.461668117,0.45974414,0.560520535
DGLUCY,Glioma,High - Low,0.833498356,0.002792825,0.014750488
FOXRED2,Glioma,High - Low,1.595458082,0.000604028,0.0061187
TTI2,Glioma,High - Low,0.547543783,0.018923666,0.050876296
PCTP,Glioma,High - Low,0.773103508,0.20862971,0.30293765
TBC1D8,Glioma,High - Low,0.598898468,0.254857093,0.355437145
IFT43,Glioma,High - Low,0.937165697,0.048846187,0.099897395
PCP4L1,Glioma,High - Low,-0.537654293,0.335103781,0.439390648
SLC35G6,Glioma,High - Low,0.664898542,0.302496882,0.406131222
ZNF554,Glioma,High - Low,0.691890116,0.10413722,0.176453781
ZNF836,Glioma,High - Low,0.607315267,0.150816668,0.235188499
RRAS2,Glioma,High - Low,1.171120325,0.054877997,0.108635866
ACTN2,Glioma,High - Low,0.166693336,0.797606694,0.851174867
GIGYF2,Glioma,High - Low,0.675620112,0.006610532,0.025167691
PNMA8A,Glioma,High - Low,0.596891751,0.165290298,0.252113918
FMN1,Glioma,High - Low,-0.180440558,0.718986616,0.78821835
SLFN11,Glioma,High - Low,0.338059051,0.556066654,0.648835283
ACVR1,Glioma,High - Low,0.492124033,0.081328285,0.146922729
FBRS,Glioma,High - Low,0.313038359,0.146579142,0.229647087
LAMA4,Glioma,High - Low,1.105744308,0.133089055,0.213023839
ASH2L,Glioma,High - Low,1.306993724,0.000313594,0.004397604
CORO1C,Glioma,High - Low,0.926021277,0.004399032,0.019399974
PCDH19,Glioma,High - Low,0.804820781,0.131174446,0.210525498
ARMC5,Glioma,High - Low,0.892814584,0.081049017,0.14655086
NRXN3,Glioma,High - Low,-0.564503197,0.320353128,0.424866862
ZFYVE16,Glioma,High - Low,0.195180223,0.514367037,0.611292332
ABCC4,Glioma,High - Low,0.977289919,0.017361259,0.047996402
SWT1,Glioma,High - Low,0.170001537,0.731389554,0.798206504
C17orf100,Glioma,High - Low,0.763056489,0.131038881,0.21038702
JAKMIP3,Glioma,High - Low,-0.738120967,0.205770157,0.299849601
CCDC178,Glioma,High - Low,-0.406513917,0.367732366,0.472726545
FAM135A,Glioma,High - Low,0.70350554,0.005730047,0.023020407
WEE2,Glioma,High - Low,-0.722913371,0.012555735,0.038499352
CCHCR1,Glioma,High - Low,0.495422801,0.443007928,0.545064814
NUDT19,Glioma,High - Low,1.024184838,0.036950874,0.081571031
FBXO45,Glioma,High - Low,1.828985659,0.000774151,0.007073244
SYCE2,Glioma,High - Low,0.952386778,0.107507716,0.180911285
ACVR2B,Glioma,High - Low,1.52465436,0.017868588,0.04892376
ACYP1,Glioma,High - Low,1.129222724,0.060617751,0.117163894
ADAM8,Glioma,High - Low,0.733348136,0.059375473,0.115473272
HECTD4,Glioma,High - Low,0.302982234,0.052478213,0.105286125
ZNF250,Glioma,High - Low,1.191600373,0.025616063,0.062807325
GSG1L,Glioma,High - Low,0.998474046,0.151464393,0.235889532
ZFP57,Glioma,High - Low,-0.479572093,0.198198083,0.291276956
RNFT2,Glioma,High - Low,1.379129252,0.001142814,0.00888664
SYNPO,Glioma,High - Low,-0.899025623,0.10971967,0.183695058
ADAM10,Glioma,High - Low,0.475653388,0.173204258,0.2615644
PRH2,Glioma,High - Low,1.042818014,0.052038768,0.104548655
TMEM87A,Glioma,High - Low,1.104473131,0.003611014,0.017105284
EBF4,Glioma,High - Low,1.841143254,0.003172054,0.015815575
SLC35E2B,Glioma,High - Low,0.6280344,0.025752309,0.063055187
MECP2,Glioma,High - Low,0.580669479,0.004037739,0.018318129
NAA16,Glioma,High - Low,1.213550295,0.010232904,0.033739463
ADAR,Glioma,High - Low,0.657178134,0.003766216,0.017567177
NAV2,Glioma,High - Low,1.104620412,0.017643131,0.048478468
NHLH2,Glioma,High - Low,1.756504639,0.005001021,0.020919607
ARHGEF25,Glioma,High - Low,0.92643617,0.035748056,0.079681529
DDX54,Glioma,High - Low,1.15529054,0.001631542,0.010633726
STK32A,Glioma,High - Low,2.051262773,0.006592428,0.025127993
TASOR,Glioma,High - Low,1.444891785,5.74E-06,0.000660851
KCNC1,Glioma,High - Low,0.449668881,0.556555979,0.649232665
TSTD1,Glioma,High - Low,0.571531997,0.110446878,0.184666586
TEN1,Glioma,High - Low,1.360714667,0.001057459,0.008514953
TBC1D14,Glioma,High - Low,0.561147054,0.008738272,0.030420153
FER1L5,Glioma,High - Low,0.714909174,0.133660733,0.213729846
ZNF385B,Glioma,High - Low,-0.914559661,0.04200401,0.089389451
AMN1,Glioma,High - Low,0.47117971,0.158332215,0.244318261
LDB1,Glioma,High - Low,0.707357777,0.014302776,0.042072849
MDGA2,Glioma,High - Low,0.51300092,0.385001879,0.489851354
ARHGEF7,Glioma,High - Low,0.746658324,0.011489869,0.036327276
ZNF276,Glioma,High - Low,0.843917392,0.01393176,0.041268899
LIMA1,Glioma,High - Low,1.515644646,0.000901688,0.007746588
RNF180,Glioma,High - Low,1.475972639,0.004483832,0.019612694
ENTPD6,Glioma,High - Low,0.785311685,0.000291373,0.004207901
NGEF,Glioma,High - Low,-1.321770264,0.045894452,0.095456085
THUMPD3,Glioma,High - Low,1.347407502,0.007194556,0.026669965
LSM14A,Glioma,High - Low,0.994474343,0.031407932,0.072821684
SEZ6L2,Glioma,High - Low,1.216256036,0.092024093,0.160842538
C1QC,Glioma,High - Low,0.498762702,0.472846158,0.572284594
NCBP3,Glioma,High - Low,1.248412602,0.001888945,0.011611248
CHEK1,Glioma,High - Low,0.091881414,0.816273796,0.865443492
CTSC,Glioma,High - Low,0.869531799,0.35197894,0.456057423
AEBP2,Glioma,High - Low,0.610322898,5.36E-06,0.000660851
MTRF1L,Glioma,High - Low,0.846203424,0.054435743,0.108070839
CLCN7,Glioma,High - Low,0.897785138,0.014922341,0.043465676
C4orf47,Glioma,High - Low,-0.074502995,0.860577527,0.897384434
TENT2,Glioma,High - Low,0.670234081,0.000954462,0.008029437
DHX36,Glioma,High - Low,1.013278254,2.88E-05,0.001406181
ASPDH,Glioma,High - Low,1.06788224,0.019269109,0.05151939
SZRD1,Glioma,High - Low,0.702164488,0.042534082,0.090288381
MGAT1,Glioma,High - Low,0.078415426,0.82272328,0.869755019
JMJD7,Glioma,High - Low,0.421792889,0.030894871,0.071976254
PLA2G4B,Glioma,High - Low,1.225195053,0.016851646,0.047030932
PLAG1,Glioma,High - Low,0.551649349,0.342097822,0.446281044
FANCL,Glioma,High - Low,0.763133708,0.134738356,0.215085259
TMEM240,Glioma,High - Low,-0.178354439,0.52609073,0.621914149
ENG,Glioma,High - Low,0.293944112,0.509140241,0.606788019
ADCY8,Glioma,High - Low,0.410058446,0.46915344,0.56878917
KANSL3,Glioma,High - Low,0.384715145,0.321441945,0.426018766
WDR26,Glioma,High - Low,0.850971321,3.58E-05,0.001512467
ADCY9,Glioma,High - Low,1.615267315,0.002212324,0.01284086
ADCYAP1,Glioma,High - Low,-0.403318046,0.38302359,0.487691127
ADCYAP1R1,Glioma,High - Low,1.380190041,0.024432137,0.060746292
GLRA2,Glioma,High - Low,-0.292742179,0.573197015,0.663736492
ADD1,Glioma,High - Low,0.401299709,0.045668558,0.095107115
ADD3,Glioma,High - Low,0.290230638,0.454836996,0.556143145
PLIN2,Glioma,High - Low,-0.563718417,0.354572169,0.458691178
GALNT9,Glioma,High - Low,-0.80462445,0.280886879,0.383368279
DDX3Y,Glioma,High - Low,-0.037677176,0.96588651,0.97587407
PHKA1,Glioma,High - Low,1.212289877,0.062557629,0.119992241
ABCD3,Glioma,High - Low,0.618567904,0.037658075,0.082660092
TENM2,Glioma,High - Low,-0.384881857,0.437521539,0.540065005
MICAL3,Glioma,High - Low,0.646766929,0.2113852,0.30615779
ZBTB37,Glioma,High - Low,0.474856562,0.008910181,0.030846378
SLC50A1,Glioma,High - Low,0.313396894,0.27662714,0.378778408
NAPEPLD,Glioma,High - Low,0.953432197,0.055478601,0.109460717
BSCL2,Glioma,High - Low,0.703699574,0.136094535,0.216800796
ADK,Glioma,High - Low,1.586935913,0.007495475,0.027420581
ZBTB1,Glioma,High - Low,1.189610468,0.000368861,0.004747314
PARK7,Glioma,High - Low,0.639339064,0.000927411,0.007889927
ADSL,Glioma,High - Low,0.913249842,0.007100651,0.026434128
BCOR,Glioma,High - Low,0.633465934,0.171806989,0.259924926
ADM,Glioma,High - Low,-0.283234442,0.671761392,0.750022711
PABPC1L,Glioma,High - Low,1.661488322,0.002192303,0.012768605
SPNS2,Glioma,High - Low,0.561775555,0.264955101,0.366166048
ADPRH,Glioma,High - Low,0.533314219,0.119978389,0.196654613
CASK,Glioma,High - Low,1.81624028,0.006442452,0.024835804
SLC25A19,Glioma,High - Low,0.796863934,0.150991979,0.235349759
TNNT1,Glioma,High - Low,0.138785602,0.803453898,0.856019358
THTPA,Glioma,High - Low,0.859247872,0.00044238,0.005245999
AP1B1,Glioma,High - Low,0.439917574,0.057715686,0.112972264
CADM3,Glioma,High - Low,-0.263285257,0.635235893,0.718490604
MRO,Glioma,High - Low,0.005438556,0.990639458,0.993168944
PIGG,Glioma,High - Low,0.711886546,0.000434717,0.005188462
MYO7A,Glioma,High - Low,-0.575474968,0.153783239,0.2386354
CENPL,Glioma,High - Low,0.691360924,0.147498941,0.230839545
CFLAR,Glioma,High - Low,0.885326309,0.072722449,0.135076611
TMC6,Glioma,High - Low,0.355690136,0.482751671,0.581799304
PCID2,Glioma,High - Low,0.472068484,0.074802783,0.137955219
HMOX2,Glioma,High - Low,1.330146941,0.010773321,0.034861416
TET2,Glioma,High - Low,1.395401924,0.00018654,0.003359509
SMAD9,Glioma,High - Low,2.226934036,0.002409706,0.013402837
CACNA1A,Glioma,High - Low,0.682188428,0.382055051,0.486789293
AURKAIP1,Glioma,High - Low,0.734435977,0.02373788,0.059574481
GPBP1,Glioma,High - Low,1.182823227,0.000159129,0.003161565
SLC39A10,Glioma,High - Low,0.836267003,0.058824642,0.114782569
TMEM129,Glioma,High - Low,0.92027009,0.004744532,0.020342731
UBAP2L,Glioma,High - Low,0.870548077,3.42E-10,1.49E-06
MAD2L2,Glioma,High - Low,0.46051056,0.111227052,0.185657291
CDCA7L,Glioma,High - Low,1.507945427,0.032863042,0.075078662
CTNNA3,Glioma,High - Low,0.328887634,0.697282023,0.771008658
MYRF,Glioma,High - Low,-0.674753136,0.56131255,0.653704248
STXBP2,Glioma,High - Low,0.622333014,0.351273195,0.455458501
ERLEC1,Glioma,High - Low,0.737201557,0.00302819,0.015475446
YPEL5,Glioma,High - Low,0.078728345,0.638202829,0.720592415
CRY2,Glioma,High - Low,1.274127805,0.022268889,0.057031856
ZNF469,Glioma,High - Low,1.067271186,0.17352488,0.261867364
FLNC,Glioma,High - Low,1.248733891,0.15891523,0.24497469
ANK2,Glioma,High - Low,0.439385735,0.395808008,0.500030321
ING4,Glioma,High - Low,0.628619609,0.002926239,0.015161555
BEX4,Glioma,High - Low,0.472938191,0.108969279,0.182720099
CTSA,Glioma,High - Low,0.674933718,0.15338236,0.238161801
ETFA,Glioma,High - Low,0.688335617,0.001523385,0.010233803
CEACAM19,Glioma,High - Low,-0.400321619,0.193339729,0.285485178
RPGRIP1L,Glioma,High - Low,1.255436674,0.03765026,0.082660092
AP4S1,Glioma,High - Low,0.6665452,0.111057319,0.185444902
ZEB1,Glioma,High - Low,0.867011779,0.003115885,0.015655093
ATXN7,Glioma,High - Low,1.098551741,0.000530339,0.005703871
UBP1,Glioma,High - Low,2.404683287,5.19E-06,0.000654045
PAK3,Glioma,High - Low,0.876391321,0.070695081,0.132022635
UGT8,Glioma,High - Low,0.138387859,0.896222939,0.924653732
SULF1,Glioma,High - Low,0.327852843,0.533214609,0.628217302
SPRED2,Glioma,High - Low,1.236132708,0.003492457,0.016780457
WDSUB1,Glioma,High - Low,0.866888572,4.10E-05,0.001605357
VGLL4,Glioma,High - Low,0.735057962,0.000153897,0.003129592
SLC39A13,Glioma,High - Low,1.49400632,0.003088279,0.015611906
DIS3,Glioma,High - Low,0.53278691,0.006950687,0.026057302
TPRN,Glioma,High - Low,0.181336412,0.60678998,0.693285575
LYRM1,Glioma,High - Low,0.743578119,0.095935109,0.165994236
LACC1,Glioma,High - Low,0.430961266,0.541232925,0.635548223
PLSCR4,Glioma,High - Low,0.912649112,0.14029433,0.221871441
TSPAN14,Glioma,High - Low,0.990496531,0.018500234,0.050212536
MPV17L,Glioma,High - Low,0.606572847,0.290412779,0.39329484
AP1AR,Glioma,High - Low,2.693187316,5.93E-06,0.000669152
FSTL5,Glioma,High - Low,0.056469815,0.876734421,0.909666675
SLC14A1,Glioma,High - Low,0.704075786,0.537757762,0.632261349
MAPKBP1,Glioma,High - Low,-0.158833297,0.357863074,0.462126564
USP8,Glioma,High - Low,0.900263956,0.016272236,0.045958758
NUDT22,Glioma,High - Low,1.188613235,0.001893302,0.011632571
ARHGEF3,Glioma,High - Low,0.364031555,0.276243889,0.378372344
REPS1,Glioma,High - Low,1.346251571,0.002660844,0.014295624
SPIRE1,Glioma,High - Low,0.520991228,0.00127526,0.009301941
NCS1,Glioma,High - Low,0.471962809,0.429307991,0.532184201
GTPBP3,Glioma,High - Low,1.190326606,0.031400061,0.07281633
TOMM40,Glioma,High - Low,0.891302008,0.040078689,0.086378646
INPP1,Glioma,High - Low,1.01635374,0.044250328,0.092922141
ROBO2,Glioma,High - Low,0.536803849,0.09101443,0.159725907
ENTPD4,Glioma,High - Low,0.503496676,0.009474627,0.032062883
NAF1,Glioma,High - Low,2.186767416,0.000541515,0.005754914
SYNPO2,Glioma,High - Low,0.74873821,0.222384691,0.318983651
AEBP1,Glioma,High - Low,0.314902166,0.552157433,0.645597184
NSDHL,Glioma,High - Low,0.63903117,0.047711806,0.098268157
SYTL4,Glioma,High - Low,-0.175820164,0.708772023,0.780353352
KRBOX4,Glioma,High - Low,0.608242682,0.060185263,0.116620638
GASK1A,Glioma,High - Low,-0.034748783,0.917663129,0.940542384
KIAA1841,Glioma,High - Low,0.910033062,0.01929095,0.051567254
CLEC12B,Glioma,High - Low,0.298376174,0.555188997,0.648060727
SYNPR,Glioma,High - Low,-1.294429503,0.011244028,0.035784653
CDIN1,Glioma,High - Low,1.081596231,0.082173767,0.148093755
SLC9A3R2,Glioma,High - Low,0.483741701,0.347852213,0.452142264
ATP6V0A1,Glioma,High - Low,0.187685393,0.340415093,0.44463835
TCAF2,Glioma,High - Low,0.374602864,0.60147692,0.688928118
RELL2,Glioma,High - Low,1.356918722,0.020879393,0.054609247
ZNF562,Glioma,High - Low,1.932156129,5.19E-05,0.001823385
SHC1,Glioma,High - Low,1.19753725,0.01070599,0.034719287
DOCK9,Glioma,High - Low,0.095400977,0.819542168,0.867582924
ATF7,Glioma,High - Low,1.012548957,0.004510963,0.019680787
PLD1,Glioma,High - Low,-0.245745127,0.664750566,0.744532007
PLXNB1,Glioma,High - Low,0.593873417,0.194589768,0.286845736
DRC3,Glioma,High - Low,-0.092415111,0.860525638,0.897384434
ABHD17A,Glioma,High - Low,0.359333744,0.025661196,0.062894428
VWA5A,Glioma,High - Low,1.29597131,0.003804406,0.017679959
LTBP3,Glioma,High - Low,1.1799525,0.000360931,0.004697618
YAP1,Glioma,High - Low,0.92141082,0.113459702,0.188375334
CCDC77,Glioma,High - Low,1.39516385,0.004781903,0.020407256
MYO1B,Glioma,High - Low,0.201919364,0.682949016,0.759006152
STOX1,Glioma,High - Low,0.74683457,0.198932939,0.292064249
DNAJA4,Glioma,High - Low,-0.840229796,0.084675593,0.151352565
ACAA1,Glioma,High - Low,0.545346868,0.002351655,0.01322999
APBA2,Glioma,High - Low,0.885069541,0.002641201,0.014254429
SLC8A3,Glioma,High - Low,1.369115789,0.111401079,0.185900374
SMARCC2,Glioma,High - Low,0.940909279,0.001290974,0.009359507
C15orf62,Glioma,High - Low,-0.188995165,0.700049094,0.772893396
THAP5,Glioma,High - Low,0.902264296,0.003647667,0.017198021
AP1M1,Glioma,High - Low,0.619920574,0.000149763,0.003087947
SPAG9,Glioma,High - Low,0.647459535,0.001317304,0.009435152
EIF4E,Glioma,High - Low,0.73785998,0.00099758,0.008261424
GUCY1A1,Glioma,High - Low,0.614001123,0.307383279,0.411383959
HMGB2,Glioma,High - Low,0.834696293,0.048529479,0.099489933
RUFY3,Glioma,High - Low,0.679284429,0.004590168,0.019914964
ELOVL6,Glioma,High - Low,0.612819937,0.076209437,0.139847255
AHCYL2,Glioma,High - Low,0.710557414,0.161021908,0.247129274
PSMB5,Glioma,High - Low,1.158201371,0.000103176,0.002587898
CCDC149,Glioma,High - Low,0.471178055,0.362028616,0.466631292
IFT22,Glioma,High - Low,0.948237905,0.004160171,0.018705054
GAS7,Glioma,High - Low,-0.433683909,0.229755856,0.327374858
RTCA,Glioma,High - Low,0.215950707,0.266530028,0.367837847
PITPNM1,Glioma,High - Low,1.048427724,0.023918573,0.059890205
CAB39,Glioma,High - Low,1.067147239,0.012016008,0.037340633
PPIP5K1,Glioma,High - Low,0.321607163,0.228615294,0.325992164
CLDN5,Glioma,High - Low,0.471739777,0.410764539,0.513965989
RAD51AP1,Glioma,High - Low,1.173866713,0.110464271,0.184666586
PWWP2A,Glioma,High - Low,1.080828014,0.003649191,0.017199011
SUGT1,Glioma,High - Low,0.471906815,0.005428953,0.022195412
ZNF720,Glioma,High - Low,1.266434524,0.030879232,0.071965431
RABL2B,Glioma,High - Low,0.799203259,0.013074864,0.039544744
NEMP1,Glioma,High - Low,1.553531134,0.015809128,0.045112413
SUN1,Glioma,High - Low,1.031751628,0.001191785,0.009018428
ZNF385A,Glioma,High - Low,0.652020706,0.170320544,0.258102649
NSMF,Glioma,High - Low,0.467923315,0.186913977,0.277814133
TMEM131L,Glioma,High - Low,1.551578385,0.011889035,0.037159974
SATB1,Glioma,High - Low,0.681571456,0.204674342,0.298585088
PEX5,Glioma,High - Low,1.110232208,0.033066091,0.075425773
ATG10,Glioma,High - Low,1.010236927,0.025802907,0.063100012
ZCCHC9,Glioma,High - Low,0.718992167,0.232341041,0.330297638
INPP4A,Glioma,High - Low,0.747869436,0.026689364,0.06460415
ESRRG,Glioma,High - Low,0.286528261,0.487636537,0.586444858
AP3M2,Glioma,High - Low,0.771976441,0.177772373,0.267188122
PRR22,Glioma,High - Low,0.883694514,0.091920566,0.160683039
STRIP2,Glioma,High - Low,1.485486747,0.010408084,0.034095773
PSMG3,Glioma,High - Low,0.204620421,0.189718643,0.281121117
RBM20,Glioma,High - Low,0.010290508,0.980185333,0.986057428
SLC6A6,Glioma,High - Low,0.251928485,0.546794744,0.640814857
CCNJ,Glioma,High - Low,1.333233908,0.01173134,0.036860676
TBC1D5,Glioma,High - Low,1.534724944,0.00290523,0.015088529
ZDHHC4,Glioma,High - Low,0.940081179,0.004789881,0.02042133
C7orf50,Glioma,High - Low,0.366394389,0.045887637,0.095456085
VAV2,Glioma,High - Low,0.841923158,0.089053688,0.15709781
CYB561D1,Glioma,High - Low,0.831869414,0.120675112,0.197498769
RUNDC3B,Glioma,High - Low,-0.601615102,0.294224577,0.397101576
TBCCD1,Glioma,High - Low,1.670785367,0.003207945,0.015927805
CDV3,Glioma,High - Low,0.764026502,0.013048385,0.039498068
AZI2,Glioma,High - Low,0.310100541,0.337882035,0.442167865
SPOCK2,Glioma,High - Low,-0.403743374,0.218685867,0.314643303
IQCG,Glioma,High - Low,1.039623287,0.104696467,0.177127645
ZNF502,Glioma,High - Low,1.380006018,0.033495869,0.076072806
TMEM130,Glioma,High - Low,-1.012100903,0.181604827,0.271401895
LSMEM1,Glioma,High - Low,0.16526929,0.67457404,0.752229322
GSE1,Glioma,High - Low,1.059199444,0.065040196,0.123595252
LRRC8B,Glioma,High - Low,-0.380225357,0.294301429,0.39713307
LRRC8D,Glioma,High - Low,0.357101812,0.335122204,0.439390648
TOMM6,Glioma,High - Low,1.012882435,4.73E-05,0.001739478
AFAP1,Glioma,High - Low,1.130866227,0.036104968,0.080258463
ZNF213,Glioma,High - Low,0.898127923,0.046478529,0.096318991
TRMT10A,Glioma,High - Low,0.857121979,0.04868572,0.099742938
HOGA1,Glioma,High - Low,0.270745978,0.625285978,0.710525351
DERL1,Glioma,High - Low,1.052980529,0.002984373,0.015302947
NFIA,Glioma,High - Low,1.019313743,0.092301232,0.161240831
OST4,Glioma,High - Low,0.914008578,0.013556521,0.04048712
SARDH,Glioma,High - Low,-0.367383668,0.033301175,0.075762343
DEK,Glioma,High - Low,0.841943733,0.004824572,0.020494949
ARFRP1,Glioma,High - Low,0.896878579,0.009420113,0.031969296
SLC12A5,Glioma,High - Low,-0.707359198,0.436211169,0.538650649
KLC2,Glioma,High - Low,0.944234672,0.096524775,0.166728084
IPO11,Glioma,High - Low,0.736408475,0.000507109,0.005588869
AHI1,Glioma,High - Low,0.470155185,0.232936101,0.330927992
PPP1R18,Glioma,High - Low,1.17192178,0.009783826,0.032728871
KIF9,Glioma,High - Low,0.798331892,0.066613295,0.125908456
RTL1,Glioma,High - Low,-0.099538963,0.821535883,0.868920697
FERMT2,Glioma,High - Low,0.917838447,0.000311155,0.004380599
ELMOD3,Glioma,High - Low,0.523913099,0.337788368,0.442133671
JDP2,Glioma,High - Low,1.037391155,0.074937301,0.138093467
RIC3,Glioma,High - Low,1.609218372,0.000652517,0.00637568
DNAJA3,Glioma,High - Low,0.343678561,0.095696935,0.165669703
DPF1,Glioma,High - Low,1.396830988,0.001550439,0.010335995
NEDD1,Glioma,High - Low,1.236473419,0.042877318,0.09076681
ASAP2,Glioma,High - Low,-0.203851235,0.479454085,0.578730739
IHO1,Glioma,High - Low,-1.064289065,0.013628306,0.040599638
FKBP6,Glioma,High - Low,-0.545642702,0.234184066,0.332376365
ZSCAN31,Glioma,High - Low,0.213475497,0.610498927,0.696459219
TAF12,Glioma,High - Low,0.83942349,0.003243299,0.016049884
C1orf226,Glioma,High - Low,1.177989854,0.088455766,0.156380143
NDRG1,Glioma,High - Low,-1.315278276,0.010025418,0.033281643
MKNK1,Glioma,High - Low,0.676488308,0.164809012,0.251702367
DYNC1I1,Glioma,High - Low,-0.083773566,0.882318688,0.913427383
HSF2,Glioma,High - Low,0.846520221,0.007247055,0.026781172
SMIM13,Glioma,High - Low,0.581508583,0.245234678,0.344512622
C5orf24,Glioma,High - Low,0.900457557,0.0001842,0.003336123
GDAP2,Glioma,High - Low,0.595704318,0.117867465,0.193849858
CLHC1,Glioma,High - Low,0.960094877,0.077769824,0.141895249
ARHGAP26,Glioma,High - Low,-0.185725888,0.445740074,0.547877782
C11orf68,Glioma,High - Low,0.951017323,0.013453669,0.040327127
PIP5K1A,Glioma,High - Low,0.516059259,0.048322414,0.099120377
INPP5K,Glioma,High - Low,0.875041541,0.020598999,0.054116685
PTPRK,Glioma,High - Low,0.208512772,0.728183235,0.795795165
EIF2AK2,Glioma,High - Low,0.96395272,0.002568068,0.014009884
PABPC4,Glioma,High - Low,0.702948912,0.082912539,0.149137775
NRXN1,Glioma,High - Low,0.14545462,0.760292426,0.821464659
RAB29,Glioma,High - Low,2.199934468,0.000228009,0.003722343
MSRA,Glioma,High - Low,0.775769079,9.00E-05,0.002409235
ATL2,Glioma,High - Low,0.562623359,0.025793602,0.06308904
SMIM19,Glioma,High - Low,0.458606113,0.032802636,0.074993001
TARM1,Glioma,High - Low,-0.856980565,0.003892389,0.017875501
ECD,Glioma,High - Low,0.777404739,0.005004232,0.020926351
RPN2,Glioma,High - Low,0.854737112,0.003063212,0.01553515
LRP5L,Glioma,High - Low,0.5413794,0.255478196,0.356080265
SPATA2,Glioma,High - Low,0.51516164,0.316569608,0.421243263
SYN3,Glioma,High - Low,-0.170984982,0.706751435,0.778753844
ZBTB43,Glioma,High - Low,1.444987086,0.00594234,0.023626803
FDPS,Glioma,High - Low,1.082948535,0.012398699,0.03819322
RNF185,Glioma,High - Low,0.738446726,0.003579989,0.017001377
PHF21B,Glioma,High - Low,0.808805229,0.010923674,0.035115065
PIK3IP1,Glioma,High - Low,-0.012438047,0.972472617,0.980636473
POSTN,Glioma,High - Low,0.525526079,0.565377702,0.656905456
GKAP1,Glioma,High - Low,0.090003486,0.656676703,0.737381481
TRPC4,Glioma,High - Low,-0.472889862,0.399658578,0.503437537
TTC39C,Glioma,High - Low,0.183529205,0.683092963,0.759083489
NDUFB11,Glioma,High - Low,0.802832439,0.00256636,0.014009884
AGER,Glioma,High - Low,1.285420293,0.056238919,0.110560987
ABL2,Glioma,High - Low,1.588528497,0.001974946,0.011960207
NFATC4,Glioma,High - Low,0.575322064,0.259398289,0.360159258
SEC13,Glioma,High - Low,1.108323919,0.022068842,0.056683115
DEPDC5,Glioma,High - Low,0.764551043,0.007334423,0.027012545
ATG7,Glioma,High - Low,0.630185287,0.006529582,0.025042716
PUF60,Glioma,High - Low,0.781658325,0.001294968,0.00937177
TRMT1,Glioma,High - Low,2.343093231,1.75E-05,0.001131736
ZNF692,Glioma,High - Low,1.634178423,0.019363801,0.051677587
LIMS2,Glioma,High - Low,1.58702969,0.019007397,0.0510176
ZNF415,Glioma,High - Low,-0.017400135,0.969237043,0.978167622
TMUB1,Glioma,High - Low,1.572329578,0.000149296,0.003087947
LRIG3,Glioma,High - Low,-0.078467653,0.929128031,0.949357992
TMEM132C,Glioma,High - Low,-0.079503057,0.891506179,0.920833891
COLCA2,Glioma,High - Low,-0.754156252,0.210389582,0.304985695
BEAN1,Glioma,High - Low,-0.211943713,0.632204332,0.716228375
R3HCC1,Glioma,High - Low,0.911067044,0.018608393,0.050437619
FBXO28,Glioma,High - Low,1.482364546,0.004633652,0.020036261
SLF2,Glioma,High - Low,1.070327718,0.001590515,0.010490987
ALG1L2,Glioma,High - Low,-0.330541851,0.598949909,0.686874937
OTUD5,Glioma,High - Low,0.578304268,2.44E-05,0.001315415
FZR1,Glioma,High - Low,1.121196636,0.012931675,0.039330195
GRAMD1A,Glioma,High - Low,0.861266955,0.008799718,0.03057715
BORCS7,Glioma,High - Low,0.424378817,0.264991901,0.366178255
RCOR3,Glioma,High - Low,0.645733167,0.000137712,0.002937361
SGMS2,Glioma,High - Low,0.707512788,0.072096181,0.134122663
ATXN7L3B,Glioma,High - Low,0.789619233,0.001128677,0.008854913
C2CD4C,Glioma,High - Low,0.230072622,0.601993218,0.689331196
IFFO2,Glioma,High - Low,0.185118869,0.495964749,0.594277154
DAZAP2,Glioma,High - Low,0.586300279,0.012680316,0.038760245
AKIRIN1,Glioma,High - Low,0.399502196,0.127643547,0.206096554
TMEM108,Glioma,High - Low,1.786835136,0.004477665,0.019607379
ANP32E,Glioma,High - Low,0.235442652,0.170745719,0.258537492
C1orf198,Glioma,High - Low,0.571829023,0.166981441,0.254042297
BTF3L4,Glioma,High - Low,1.02330354,0.007616316,0.027702404
ZNF841,Glioma,High - Low,0.739726845,0.036944996,0.081571031
ZNF844,Glioma,High - Low,1.284352287,0.001154093,0.008925389
SYT2,Glioma,High - Low,-0.441760238,0.487433001,0.586332433
BTBD19,Glioma,High - Low,-0.362165461,0.4796111,0.5788669
ACAD10,Glioma,High - Low,0.721938226,0.023663126,0.059443843
LYSMD1,Glioma,High - Low,0.927171063,0.074512352,0.137642063
TLK1,Glioma,High - Low,1.694837746,0.000155865,0.003146788
ZAR1L,Glioma,High - Low,0.15242033,0.721787635,0.790693232
LRRFIP1,Glioma,High - Low,0.106407879,0.732941458,0.799433732
TMEM151B,Glioma,High - Low,0.30767437,0.404250854,0.508097959
ZBTB42,Glioma,High - Low,0.01397487,0.9773473,0.98426338
PARVG,Glioma,High - Low,-0.104415799,0.812309691,0.862157165
ILF3,Glioma,High - Low,1.141874835,1.89E-05,0.001177787
ATXN1L,Glioma,High - Low,0.536586939,0.095478129,0.1653565
TTLL11,Glioma,High - Low,0.409534025,0.228171158,0.325500651
SVOPL,Glioma,High - Low,0.761565962,0.186507114,0.277335338
BCAP31,Glioma,High - Low,0.331845313,0.009508454,0.032107976
CNST,Glioma,High - Low,0.818375284,0.031118226,0.072353634
ALOX15,Glioma,High - Low,0.897378601,0.063765916,0.121685926
C4orf48,Glioma,High - Low,1.180210882,0.036150447,0.080310831
ATP13A2,Glioma,High - Low,-0.137519673,0.554466178,0.647429383
TP53BP1,Glioma,High - Low,1.049454667,0.035191502,0.078816683
RAB11FIP3,Glioma,High - Low,2.101766453,0.000928821,0.007896786
NIPA1,Glioma,High - Low,-0.208889542,0.430458185,0.53335753
RNASEH2B,Glioma,High - Low,0.896659154,0.114509192,0.189636838
SEMA4D,Glioma,High - Low,-0.249183203,0.547794656,0.641584706
EMC8,Glioma,High - Low,1.265835036,0.005670414,0.022860789
MGRN1,Glioma,High - Low,1.052345193,0.000295384,0.004228643
ARFGAP3,Glioma,High - Low,0.93402671,0.004800064,0.020451429
SPART,Glioma,High - Low,0.642168906,0.011688932,0.036771548
TMEM67,Glioma,High - Low,0.242333902,0.415660013,0.518817156
TMEM169,Glioma,High - Low,0.080042858,0.857722897,0.895690372
DMTF1,Glioma,High - Low,1.211314884,0.000892006,0.007714028
THOC6,Glioma,High - Low,0.420534111,0.018324669,0.049859703
ST6GAL2,Glioma,High - Low,0.668224218,0.369427114,0.474185061
SLC10A3,Glioma,High - Low,0.784836694,0.149904603,0.233923032
NEDD9,Glioma,High - Low,2.227726338,0.005654931,0.022816644
CTIF,Glioma,High - Low,0.556501494,0.278524721,0.380858921
PRELID3A,Glioma,High - Low,0.050941841,0.892102512,0.921304479
MORF4L2,Glioma,High - Low,0.580506538,0.005230491,0.021603414
EDC3,Glioma,High - Low,0.693073716,0.085280952,0.152112662
ECSIT,Glioma,High - Low,2.310412952,0.000462659,0.005346503
HES4,Glioma,High - Low,1.578504444,0.025555585,0.062670776
BMERB1,Glioma,High - Low,0.495950111,0.003427998,0.016568025
INTS12,Glioma,High - Low,1.376637182,0.014652083,0.042878792
NREP,Glioma,High - Low,1.745046126,0.000608954,0.00614255
MLKL,Glioma,High - Low,0.141867299,0.819195689,0.867356393
FLYWCH2,Glioma,High - Low,1.145584203,0.038306194,0.083639606
MON1A,Glioma,High - Low,1.117907139,0.049999354,0.1016682
SLC35B3,Glioma,High - Low,0.370314713,0.038971613,0.084717804
WDR47,Glioma,High - Low,0.33388517,0.340179448,0.444406493
CPSF7,Glioma,High - Low,1.032924335,5.60E-05,0.001897272
BBX,Glioma,High - Low,0.860829269,0.000532179,0.005706645
ZNF780A,Glioma,High - Low,0.686438437,0.130605527,0.209895442
NFYC,Glioma,High - Low,0.467281085,0.037954029,0.083100573
ITPK1,Glioma,High - Low,0.216896996,0.4751061,0.574541809
EFTUD2,Glioma,High - Low,1.133208466,6.91E-05,0.00211944
TGFBRAP1,Glioma,High - Low,1.24753786,0.000944418,0.007977592
PIK3R5,Glioma,High - Low,-0.351345351,0.488328572,0.587061427
TNRC6C,Glioma,High - Low,0.945902282,0.00026036,0.003996365
FBRSL1,Glioma,High - Low,0.720071934,0.009510023,0.032107976
SPHKAP,Glioma,High - Low,-0.536018513,0.318258176,0.422981877
HNRNPLL,Glioma,High - Low,0.932286069,0.003012192,0.015404217
ATG13,Glioma,High - Low,0.512650576,0.019603506,0.052157836
CHID1,Glioma,High - Low,0.768261702,0.034945015,0.078412181
ARHGAP32,Glioma,High - Low,0.714034451,0.036352047,0.080657067
DLG2,Glioma,High - Low,-0.514688071,0.407232577,0.510766944
FAM111B,Glioma,High - Low,0.503973192,0.244798673,0.344033742
ERI2,Glioma,High - Low,1.333831733,0.037152121,0.081875105
HSD3B7,Glioma,High - Low,0.803338868,0.191460218,0.283288898
C17orf49,Glioma,High - Low,0.954157266,5.73E-05,0.001908625
SLC6A8,Glioma,High - Low,1.192540006,0.000109599,0.002652457
SPATC1L,Glioma,High - Low,1.243601463,0.035219196,0.078851733
PIEZO1,Glioma,High - Low,0.168269197,0.701298611,0.774011861
TMOD2,Glioma,High - Low,0.552533283,0.390901897,0.495361841
API5,Glioma,High - Low,0.770528374,0.0005908,0.006038516
GREB1L,Glioma,High - Low,1.027489376,0.188890785,0.28021154
AMIGO2,Glioma,High - Low,0.150218314,0.735949976,0.801379993
MPC2,Glioma,High - Low,0.296430962,0.090206273,0.158596849
DIS3L,Glioma,High - Low,1.391873531,0.000940378,0.007953728
SYCE1,Glioma,High - Low,-0.562726883,0.379929709,0.484552862
FAM13C,Glioma,High - Low,0.91828503,0.163901037,0.250520229
CTDNEP1,Glioma,High - Low,0.937214528,0.000196369,0.003465301
SLC25A39,Glioma,High - Low,1.027830086,0.002294101,0.013036745
TPCN1,Glioma,High - Low,0.850533078,0.014323109,0.04210428
ZBTB14,Glioma,High - Low,0.574878642,0.186007185,0.276780551
MAPRE2,Glioma,High - Low,0.007423657,0.978169188,0.984863825
PDE2A,Glioma,High - Low,-0.011415286,0.97585009,0.983209329
TCTN2,Glioma,High - Low,0.776507059,0.179251625,0.268832179
TCHP,Glioma,High - Low,1.180677022,0.033751746,0.076468526
RPH3A,Glioma,High - Low,0.219062047,0.800713576,0.853864054
BSDC1,Glioma,High - Low,0.466316968,0.027071753,0.065276329
TRAFD1,Glioma,High - Low,0.751181071,0.011076366,0.035457913
C15orf61,Glioma,High - Low,0.071032478,0.902363959,0.928897815
TMEM30A,Glioma,High - Low,-0.246462709,0.17335573,0.261702592
C2orf74,Glioma,High - Low,0.321227099,0.617522392,0.703307296
TBC1D7,Glioma,High - Low,1.225274374,0.063325533,0.121057265
CDYL,Glioma,High - Low,1.853934777,0.000420538,0.005084756
ZCCHC18,Glioma,High - Low,0.94826527,0.099858876,0.170931137
NDE1,Glioma,High - Low,0.260008232,0.44077389,0.543055663
CCDC154,Glioma,High - Low,0.276704498,0.577995467,0.667690404
CHRDL1,Glioma,High - Low,0.842552348,0.229079524,0.326547437
BANF1,Glioma,High - Low,1.137022879,0.000555348,0.005840303
TLE6,Glioma,High - Low,0.029814106,0.93936817,0.95698315
NBPF6,Glioma,High - Low,0.919247193,0.111241668,0.185658019
WRAP53,Glioma,High - Low,1.308095434,0.022181824,0.056879479
AMFR,Glioma,High - Low,0.494493442,0.009980552,0.033207518
SLITRK2,Glioma,High - Low,0.191886163,0.728332229,0.795809396
TMX2,Glioma,High - Low,1.473552001,4.50E-07,0.000189941
NDOR1,Glioma,High - Low,1.412093669,0.000483743,0.005490372
NHSL1,Glioma,High - Low,0.512340855,0.341016113,0.445201313
COPB1,Glioma,High - Low,0.864143717,0.02783623,0.066689801
ABCC3,Glioma,High - Low,-0.365199207,0.496932234,0.595172419
DET1,Glioma,High - Low,0.701768464,0.120791804,0.197567407
SCG5,Glioma,High - Low,0.604171959,0.507036867,0.604831788
PHLDB1,Glioma,High - Low,0.993708229,0.1356546,0.21631052
TLE2,Glioma,High - Low,0.385925186,0.537298127,0.631947932
DENND4A,Glioma,High - Low,1.35502967,0.001092439,0.008673925
RUNDC3A,Glioma,High - Low,0.484759316,0.466387609,0.566615288
DOK3,Glioma,High - Low,-0.07581206,0.863553477,0.89976967
IMPA1,Glioma,High - Low,0.457545242,0.01640625,0.046195059
MBIP,Glioma,High - Low,1.09452913,0.006547091,0.025071969
MIEF2,Glioma,High - Low,0.14833587,0.710882841,0.782281816
TTC26,Glioma,High - Low,1.351071056,0.034841862,0.078262352
NKIRAS2,Glioma,High - Low,1.63825101,0.000522509,0.005665896
ZFTA,Glioma,High - Low,1.533474918,0.000313886,0.004397604
MYL12B,Glioma,High - Low,0.140537516,0.367318627,0.472241043
RIIAD1,Glioma,High - Low,-0.380212186,0.351035784,0.45524084
MTHFD2L,Glioma,High - Low,0.48624685,0.325816945,0.430399193
ANG,Glioma,High - Low,-0.483853649,0.360222633,0.464761031
BTN3A1,Glioma,High - Low,1.160608535,0.040659382,0.08727103
SCRN2,Glioma,High - Low,1.058609419,0.0295771,0.069674879
C11orf96,Glioma,High - Low,1.082598655,0.053397177,0.1065512
COG6,Glioma,High - Low,0.529078766,0.207415089,0.301474884
ZNF619,Glioma,High - Low,1.813476951,0.001632459,0.010633726
SLC2A6,Glioma,High - Low,0.460429361,0.202105381,0.295771384
RRP12,Glioma,High - Low,1.27314548,0.001656917,0.010739649
TCP10L2,Glioma,High - Low,-0.38355211,0.490751249,0.589270552
AK9,Glioma,High - Low,-0.324302812,0.422257245,0.525488783
SLC1A5,Glioma,High - Low,0.376780769,0.572686842,0.663263053
CRHR1,Glioma,High - Low,-0.41685017,0.245716941,0.345079042
UBE2QL1,Glioma,High - Low,0.209516963,0.675302051,0.752743892
SHISA7,Glioma,High - Low,0.507568966,0.449055531,0.55056504
FAM200B,Glioma,High - Low,0.990062776,0.007614682,0.027702404
SLC39A12,Glioma,High - Low,-1.374571986,0.040523376,0.087065458
SHISA9,Glioma,High - Low,0.702495232,0.187915289,0.279143961
KIAA1671,Glioma,High - Low,0.131431651,0.733378498,0.799570944
DEPDC1B,Glioma,High - Low,0.753338114,0.161171976,0.247274592
ANKRD65,Glioma,High - Low,-0.265705312,0.611363845,0.697360086
SLCO2B1,Glioma,High - Low,0.155624621,0.660404509,0.740758157
LAMTOR2,Glioma,High - Low,0.979383379,0.041336554,0.088333523
FAM185A,Glioma,High - Low,0.605151971,0.021729231,0.056103493
NGLY1,Glioma,High - Low,1.124611406,0.011969884,0.037288054
EXOC7,Glioma,High - Low,0.893372612,0.00073148,0.006816557
IQCN,Glioma,High - Low,1.396820444,0.015430496,0.044406974
ETV3,Glioma,High - Low,0.500728421,0.014273547,0.042005743
UBE2Q2,Glioma,High - Low,0.558665045,0.038922484,0.084681029
MDM2,Glioma,High - Low,0.223650027,0.681611283,0.75803419
ZNF566,Glioma,High - Low,1.133680766,0.035881896,0.079911832
ZNF576,Glioma,High - Low,0.495447757,0.248565566,0.348168933
IPP,Glioma,High - Low,-0.065110524,0.609777304,0.695757232
ELF1,Glioma,High - Low,0.630959159,0.217131509,0.312750588
MKLN1,Glioma,High - Low,1.355056578,0.000246328,0.003867119
PTPN3,Glioma,High - Low,-0.426143327,0.327563855,0.432033198
OTUD1,Glioma,High - Low,-0.284424983,0.673426739,0.751293141
TSEN2,Glioma,High - Low,0.739341315,0.002383599,0.01329151
TEF,Glioma,High - Low,0.537294115,0.400636863,0.50428172
CCDC110,Glioma,High - Low,1.332593544,0.017386246,0.048040123
TMEM205,Glioma,High - Low,0.395418954,0.09115144,0.159936452
MSL2,Glioma,High - Low,1.302959868,0.017523641,0.04829793
TTC28,Glioma,High - Low,1.396398879,0.014340781,0.042146766
NR1D2,Glioma,High - Low,0.806921625,0.131848976,0.211452553
SMIM20,Glioma,High - Low,0.895364573,0.0877078,0.155393536
ZNF880,Glioma,High - Low,0.336201151,0.180442785,0.270004272
SCAF4,Glioma,High - Low,1.248833223,2.17E-05,0.001281426
ZNF200,Glioma,High - Low,0.070677799,0.748545354,0.811854234
SCRN1,Glioma,High - Low,1.334265591,0.023810057,0.059698407
RAI14,Glioma,High - Low,1.188979649,0.028259204,0.067370314
YPEL3,Glioma,High - Low,-0.133350122,0.318237645,0.422981877
ZSCAN18,Glioma,High - Low,-0.000512306,0.999364641,0.999481543
TRIM45,Glioma,High - Low,0.739204939,0.039772427,0.085930758
GPSM1,Glioma,High - Low,1.28035502,0.022418411,0.057261854
APH1B,Glioma,High - Low,1.270915296,0.013315682,0.040060253
RASGRF1,Glioma,High - Low,-0.861514986,0.092087186,0.16093133
ZNF529,Glioma,High - Low,0.443605211,0.011878877,0.037145961
CTAGE9,Glioma,High - Low,0.951905979,0.128569739,0.207234224
GLG1,Glioma,High - Low,0.711025132,0.030086743,0.07062132
SORBS2,Glioma,High - Low,0.266007902,0.589343896,0.678021754
KIAA0825,Glioma,High - Low,1.138413854,0.039057802,0.084813158
CT47B1,Glioma,High - Low,-0.099868059,0.866338,0.90173809
LYAR,Glioma,High - Low,2.190017357,0.000627465,0.006252208
FKBP5,Glioma,High - Low,0.162885437,0.653985841,0.735109411
BORCS8,Glioma,High - Low,0.746063137,0.155044228,0.240122318
SH2B1,Glioma,High - Low,0.746799277,0.003257607,0.016095036
SOX6,Glioma,High - Low,2.004058676,0.006430593,0.024814544
MTFR1,Glioma,High - Low,1.323271377,0.011176691,0.035675249
POP1,Glioma,High - Low,1.504853082,0.000873091,0.007600648
SCAPER,Glioma,High - Low,0.544713442,0.016280355,0.045959181
PAFAH1B3,Glioma,High - Low,1.964953165,0.00044061,0.00523716
SLCO1C1,Glioma,High - Low,-0.348350066,0.425777647,0.528809214
TJAP1,Glioma,High - Low,1.53622348,0.025904948,0.063278636
SEMA7A,Glioma,High - Low,0.515353734,0.43772114,0.540209528
GORAB,Glioma,High - Low,1.156790287,0.014824004,0.043276309
HSDL1,Glioma,High - Low,0.412560298,0.119869894,0.196525985
TDRD3,Glioma,High - Low,0.72769561,0.02684732,0.064856266
MBOAT7,Glioma,High - Low,0.220727795,0.641517237,0.723595666
FAN1,Glioma,High - Low,0.507736619,0.095306062,0.165112598
PARP9,Glioma,High - Low,1.552385008,0.015107059,0.043837926
PTGR1,Glioma,High - Low,-0.190951092,0.626131348,0.71119439
FAM25A,Glioma,High - Low,0.375386685,0.607732254,0.693939829
ZNF414,Glioma,High - Low,1.831842016,0.002701301,0.014441868
ZNF407,Glioma,High - Low,0.093011883,0.626360152,0.711330859
ZDHHC15,Glioma,High - Low,1.217218785,0.000154411,0.003134421
PIP4K2C,Glioma,High - Low,0.086546508,0.714481191,0.784527192
GPR85,Glioma,High - Low,0.708090984,0.099917461,0.170972388
TCF7L2,Glioma,High - Low,0.617274309,0.002776087,0.014691716
SRP54,Glioma,High - Low,1.356895327,0.000254311,0.00394047
P3H1,Glioma,High - Low,0.646201724,0.196986416,0.28982393
MYOCD,Glioma,High - Low,-0.672592597,0.177704059,0.267188122
SPSB2,Glioma,High - Low,0.805235394,0.101142297,0.172608979
GRAMD2B,Glioma,High - Low,1.078396797,0.088209358,0.156028792
NACAD,Glioma,High - Low,-0.135303409,0.650660499,0.732007038
VSTM2B,Glioma,High - Low,-0.537838113,0.503103192,0.601302222
TMEM88B,Glioma,High - Low,-0.344090135,0.677889298,0.754856658
KDM4C,Glioma,High - Low,0.421111407,0.180210069,0.269876804
RBM19,Glioma,High - Low,0.973323016,0.000422858,0.005098043
KDM5D,Glioma,High - Low,0.823200649,0.428630208,0.531595653
ANK3,Glioma,High - Low,0.184456495,0.716139102,0.785933605
ANPEP,Glioma,High - Low,0.535952122,0.471591977,0.570924989
SLC25A4,Glioma,High - Low,0.479039547,0.381280947,0.486039475
ANXA4,Glioma,High - Low,-0.031969273,0.95122622,0.965532592
ANXA5,Glioma,High - Low,0.897170249,0.031789689,0.073459654
ANXA6,Glioma,High - Low,0.814593012,0.044735682,0.093722552
ANXA7,Glioma,High - Low,0.246315096,0.391072718,0.49549018
PLA2G4C,Glioma,High - Low,0.281579087,0.636716729,0.719286638
MTHFSD,Glioma,High - Low,1.309849301,0.018223699,0.049605591
ZNF727,Glioma,High - Low,0.022697392,0.971735945,0.980195587
RFPL2,Glioma,High - Low,-0.527988182,0.174707755,0.263439898
BIVM,Glioma,High - Low,1.097234259,0.019027297,0.051060546
SH3YL1,Glioma,High - Low,1.1273476,0.027830857,0.06668913
SYNCRIP,Glioma,High - Low,0.962984149,0.000447629,0.00526577
BUD13,Glioma,High - Low,0.733121519,0.09693675,0.167329317
CANT1,Glioma,High - Low,0.83884252,0.00975321,0.032651182
ZNF583,Glioma,High - Low,0.832145203,0.130201382,0.209348728
FBXW12,Glioma,High - Low,0.577476404,0.255736641,0.356322214
EVI5L,Glioma,High - Low,1.399739175,0.016735956,0.04680134
EPS15,Glioma,High - Low,-0.20521332,0.472563783,0.571995712
ST6GALNAC3,Glioma,High - Low,-0.526226061,0.256471476,0.357067608
RHOBTB2,Glioma,High - Low,0.741041259,0.052784816,0.105751186
TXNDC16,Glioma,High - Low,0.917164993,0.065922226,0.124926864
CLDN10,Glioma,High - Low,-0.262195345,0.747296473,0.810750995
C15orf40,Glioma,High - Low,1.125929924,0.001213539,0.009089738
KCNQ5,Glioma,High - Low,-0.210577782,0.703628764,0.775798855
CFAP69,Glioma,High - Low,0.638595439,0.261276627,0.36215275
MGAT4A,Glioma,High - Low,0.956997674,0.058845772,0.11480669
SLC25A13,Glioma,High - Low,0.669671957,0.052857643,0.105836537
RNF170,Glioma,High - Low,0.605155048,0.001468458,0.009957016
SPG11,Glioma,High - Low,0.608246426,0.349377105,0.453603796
SETD6,Glioma,High - Low,2.642616911,2.21E-07,0.00012191
TRAPPC9,Glioma,High - Low,0.626129237,0.000331486,0.004504059
SCEL,Glioma,High - Low,-0.363091883,0.412223707,0.515478526
POLR3B,Glioma,High - Low,0.237833841,0.59387289,0.682187906
CHFR,Glioma,High - Low,0.256165491,0.34632012,0.450777347
NPTN,Glioma,High - Low,0.010221483,0.976146238,0.983432033
ZNF610,Glioma,High - Low,1.574622684,0.006449558,0.024843795
RANBP3L,Glioma,High - Low,-0.866381215,0.226998566,0.324075044
CYB561A3,Glioma,High - Low,0.418968203,0.329787936,0.434237392
JMJD4,Glioma,High - Low,0.702554754,0.003045625,0.015516095
TNIK,Glioma,High - Low,0.747806055,0.065054475,0.123604446
MAFF,Glioma,High - Low,-0.081453875,0.885460687,0.915890091
SAMD4A,Glioma,High - Low,0.297811531,0.283493953,0.386041219
DUS3L,Glioma,High - Low,2.564910556,1.44E-05,0.001039509
WWC1,Glioma,High - Low,0.353137364,0.464214913,0.56461866
FXN,Glioma,High - Low,1.083623452,0.005989263,0.023755655
KIRREL3,Glioma,High - Low,-0.346692556,0.493164209,0.591516947
AHCY,Glioma,High - Low,1.196158867,0.001244166,0.009206727
PDP1,Glioma,High - Low,0.438760984,0.466203047,0.566518058
PDCD6IP,Glioma,High - Low,1.037218469,0.043676245,0.092041378
CAND2,Glioma,High - Low,1.387038515,0.012978879,0.0393818
SH3D21,Glioma,High - Low,-0.215385355,0.400761775,0.504390457
KIAA0040,Glioma,High - Low,0.904547937,0.122058653,0.199241235
APBA1,Glioma,High - Low,0.988807519,0.026066327,0.063566105
KIZ,Glioma,High - Low,1.888642419,0.000438389,0.005218021
TMEM121B,Glioma,High - Low,1.011246889,0.053257803,0.106361259
PLXNB3,Glioma,High - Low,0.722425962,0.102392141,0.174264955
PCYT1B,Glioma,High - Low,1.564195453,0.000411474,0.005020903
FBXL17,Glioma,High - Low,0.550624822,0.01859819,0.050436228
CCDC120,Glioma,High - Low,1.420225344,0.018805907,0.050695025
RAB2B,Glioma,High - Low,0.86126335,0.032488382,0.0746067
FAM172A,Glioma,High - Low,1.390215427,0.002026926,0.01215114
ZNF580,Glioma,High - Low,0.809510243,0.016594226,0.046534343
SMIM10,Glioma,High - Low,-0.031989663,0.939809195,0.957177787
UBAP1L,Glioma,High - Low,0.705934234,0.169382036,0.256918328
TWNK,Glioma,High - Low,-0.210970146,0.234355651,0.332547799
APBB1,Glioma,High - Low,0.411165768,0.464660279,0.564936116
CHAMP1,Glioma,High - Low,0.553169249,0.149377647,0.233250033
PPP6R3,Glioma,High - Low,1.136031081,0.000279452,0.004145365
PLIN3,Glioma,High - Low,0.73729289,0.065227778,0.123861826
DDHD2,Glioma,High - Low,0.374221996,0.027214759,0.065560781
DHX16,Glioma,High - Low,1.369527934,0.002945301,0.015197748
ODR4,Glioma,High - Low,0.204833995,0.129312722,0.208201115
PRR29,Glioma,High - Low,-0.492157416,0.058991429,0.11495383
SLC37A4,Glioma,High - Low,0.818482817,0.108130459,0.181716352
TRAF3IP2,Glioma,High - Low,1.180652783,0.001390116,0.009665844
FLNB,Glioma,High - Low,-0.267079565,0.461995553,0.562636757
BRD8,Glioma,High - Low,0.77183813,8.41E-06,0.000798644
FAM180B,Glioma,High - Low,-0.00953511,0.974098664,0.981973654
MTF2,Glioma,High - Low,1.251415194,0.015134549,0.043884827
ANKRD33B,Glioma,High - Low,-0.36440088,0.325745241,0.430371588
C5orf63,Glioma,High - Low,0.840488012,0.095230598,0.165080659
CFAP44,Glioma,High - Low,1.709057106,6.67E-05,0.002078006
SUMF1,Glioma,High - Low,0.529761939,0.116911839,0.192641166
ZNF605,Glioma,High - Low,0.703017633,0.051357246,0.103640633
CC2D2A,Glioma,High - Low,1.306645622,0.009318006,0.031713192
ARHGAP4,Glioma,High - Low,-0.113959134,0.827163606,0.872757925
NPAS3,Glioma,High - Low,0.891058749,0.102708313,0.174644149
PRKAR1B,Glioma,High - Low,0.507426511,0.586064147,0.67511331
ACIN1,Glioma,High - Low,0.980084459,0.000614505,0.006170284
FXYD6,Glioma,High - Low,2.1969496,0.002268163,0.012938118
L1TD1,Glioma,High - Low,0.785227242,0.199625114,0.292949071
TMEM41B,Glioma,High - Low,0.479894412,0.142031403,0.224077257
HERC6,Glioma,High - Low,1.309296012,0.026251574,0.063910722
LDHA,Glioma,High - Low,-0.136163836,0.792394495,0.846993315
ZNF268,Glioma,High - Low,0.861987576,0.040466831,0.086991509
MKS1,Glioma,High - Low,1.407144322,0.020839282,0.054537021
DAG1,Glioma,High - Low,0.851023785,0.009044526,0.031154954
STARD3,Glioma,High - Low,0.516036222,0.001915351,0.011729508
HES7,Glioma,High - Low,0.435592153,0.330531658,0.434852391
PLCE1,Glioma,High - Low,0.934707889,0.011990419,0.037321887
GDPD1,Glioma,High - Low,1.050574807,0.055051096,0.108879758
BIRC2,Glioma,High - Low,0.644318938,0.031481356,0.072966081
EPB41,Glioma,High - Low,0.837333377,0.128793962,0.207500539
LCORL,Glioma,High - Low,1.340766441,0.001904861,0.011687135
NDUFS2,Glioma,High - Low,0.754738999,3.41E-05,0.001512467
CARNS1,Glioma,High - Low,-1.22399532,0.322384963,0.427058854
CEP120,Glioma,High - Low,0.565461203,0.093463072,0.162900959
HPSE2,Glioma,High - Low,-0.507843143,0.322821218,0.42754382
HAUS4,Glioma,High - Low,0.99296839,0.043762748,0.092179161
ARHGAP25,Glioma,High - Low,0.118193678,0.828176794,0.873334307
RGMA,Glioma,High - Low,1.153490695,0.013539531,0.040454451
SSX2IP,Glioma,High - Low,-0.145750836,0.70830829,0.780038728
DHX40,Glioma,High - Low,0.80154116,0.000111798,0.002685823
PIGX,Glioma,High - Low,1.566904435,0.002216967,0.012843693
SLC26A11,Glioma,High - Low,0.760833562,0.118794425,0.195031398
SHMT2,Glioma,High - Low,1.284798054,0.000386977,0.004896034
MTUS1,Glioma,High - Low,-0.195018011,0.642443476,0.724381022
SMOC2,Glioma,High - Low,0.123131223,0.799387733,0.852780794
MPP1,Glioma,High - Low,0.183187903,0.622827648,0.708056126
EIF2B3,Glioma,High - Low,-0.038134042,0.901259729,0.928031142
PABIR2,Glioma,High - Low,0.442141931,0.028954912,0.068591762
AFF1,Glioma,High - Low,0.640023877,0.039561574,0.085559909
FAM104B,Glioma,High - Low,1.428415769,0.004117079,0.018584841
XIAP,Glioma,High - Low,0.866580925,7.37E-06,0.000741828
CAAP1,Glioma,High - Low,0.47031809,0.037159823,0.081875105
SV2B,Glioma,High - Low,-1.658126641,0.012569779,0.038515357
NEU4,Glioma,High - Low,1.934740075,0.018841636,0.050759988
RAB35,Glioma,High - Low,2.353609771,0.000158151,0.003153398
CADM2,Glioma,High - Low,0.700589006,0.297748797,0.400907548
FAM229A,Glioma,High - Low,0.022096148,0.96200861,0.97300724
FLI1,Glioma,High - Low,-0.670231447,0.305853883,0.409672111
CFAP61,Glioma,High - Low,0.670056999,0.145266334,0.228026869
DMAC2,Glioma,High - Low,1.153108787,0.086298154,0.153415035
CMSS1,Glioma,High - Low,1.376190322,0.00298998,0.015316137
TNFAIP8L1,Glioma,High - Low,0.390498894,0.545653958,0.639821536
TMEM178A,Glioma,High - Low,-0.029740849,0.93414814,0.953057424
KCTD7,Glioma,High - Low,0.161804379,0.459143854,0.559945089
BIRC5,Glioma,High - Low,0.687775318,0.003132322,0.015695173
TBC1D17,Glioma,High - Low,0.213458292,0.388537521,0.493320575
GAREM2,Glioma,High - Low,0.539348341,0.232504354,0.330493922
WWTR1,Glioma,High - Low,0.3839661,0.555226675,0.648060727
KLHL13,Glioma,High - Low,1.622196092,0.000145978,0.003048318
EDN1,Glioma,High - Low,-0.454866669,0.292193337,0.395256469
TESC,Glioma,High - Low,0.377798562,0.546222886,0.640259287
TTC39B,Glioma,High - Low,0.718488276,0.086832189,0.154155099
PLA2G7,Glioma,High - Low,-0.81064172,0.030790355,0.071796638
PCDH11X,Glioma,High - Low,-0.130646384,0.757240015,0.818977658
CUL7,Glioma,High - Low,0.431198778,0.503371597,0.601445913
ZIC4,Glioma,High - Low,-0.073441289,0.878135151,0.910470663
SLC35A1,Glioma,High - Low,0.91168841,0.02392947,0.059906034
BEX2,Glioma,High - Low,0.044832222,0.942944398,0.959581145
RIMS1,Glioma,High - Low,0.180122397,0.79102574,0.845737385
TSPAN3,Glioma,High - Low,1.179191985,0.004032088,0.018300672
NDC1,Glioma,High - Low,0.566056189,0.15197074,0.236481209
IFT46,Glioma,High - Low,0.392547636,0.405701951,0.509235739
SAP25,Glioma,High - Low,0.567497345,0.307565583,0.41154381
AQP7,Glioma,High - Low,0.815519729,0.181863136,0.271694892
TJP2,Glioma,High - Low,1.173365581,0.047222469,0.09756727
DZIP1L,Glioma,High - Low,1.448270292,0.01192697,0.037207487
HHAT,Glioma,High - Low,-0.239986285,0.574659343,0.664960146
LAS1L,Glioma,High - Low,0.935472741,0.001779464,0.011277117
ZNHIT6,Glioma,High - Low,0.819000342,0.036907728,0.081544529
MIB2,Glioma,High - Low,0.470804027,0.160114744,0.246190846
PPP1R32,Glioma,High - Low,1.795094171,0.001042922,0.008469258
PABIR3,Glioma,High - Low,0.583814289,0.175652182,0.264711558
MFSD5,Glioma,High - Low,0.795038161,0.059810355,0.116100367
ERICH5,Glioma,High - Low,-0.240473144,0.541463969,0.635762509
ZNF736,Glioma,High - Low,0.636055072,0.155456709,0.240628385
FOXO4,Glioma,High - Low,0.469192094,0.323802169,0.428539553
ZBED1,Glioma,High - Low,1.977235219,0.003952146,0.018076172
STRBP,Glioma,High - Low,0.088100866,0.68409467,0.759699026
PET100,Glioma,High - Low,0.54763824,0.013619834,0.040598291
ZMYM3,Glioma,High - Low,0.775507268,0.029314425,0.069193034
DRP2,Glioma,High - Low,0.199821344,0.723862827,0.792455445
GDPD2,Glioma,High - Low,-0.086474983,0.840669172,0.882797835
UBAP1,Glioma,High - Low,0.881877132,0.011172297,0.035675249
MCFD2,Glioma,High - Low,1.116296954,0.012708871,0.038805327
ZEB2,Glioma,High - Low,0.197926203,0.56254346,0.65452604
GCAT,Glioma,High - Low,2.199743556,0.000515584,0.005630139
C3orf52,Glioma,High - Low,-0.384363151,0.382151484,0.486864784
TRIQK,Glioma,High - Low,1.152650839,0.035477872,0.079227662
TENT4A,Glioma,High - Low,0.542074927,0.111615963,0.186211494
RNF166,Glioma,High - Low,2.022515666,0.006994932,0.026196981
NUDT16,Glioma,High - Low,0.622865459,0.177785299,0.267188122
KXD1,Glioma,High - Low,0.697997792,0.00172815,0.011064383
CDHR1,Glioma,High - Low,1.226156947,0.035093555,0.078651132
AGA,Glioma,High - Low,0.047189548,0.841043873,0.882815065
TBP,Glioma,High - Low,1.401653409,0.001807116,0.011351756
ZNF540,Glioma,High - Low,0.763089098,0.044439716,0.093215188
MASTL,Glioma,High - Low,0.962224228,0.060410209,0.116900807
PLS3,Glioma,High - Low,0.349435799,0.389175616,0.493747707
EFHC1,Glioma,High - Low,1.04397279,0.02164838,0.05594991
KLHL7,Glioma,High - Low,1.264003717,0.002330726,0.01318164
GOLGA3,Glioma,High - Low,0.435302424,0.036781336,0.081333901
INTS9,Glioma,High - Low,1.522033556,0.006542158,0.025067133
TECPR2,Glioma,High - Low,0.368037676,0.14761203,0.230888332
ZFP62,Glioma,High - Low,1.04236111,0.00736809,0.027106043
ZNF177,Glioma,High - Low,0.724826341,0.113964349,0.18894963
ZFYVE28,Glioma,High - Low,0.559804796,0.167301652,0.254440763
RAB40C,Glioma,High - Low,0.341206008,0.064321072,0.122602387
ZNF668,Glioma,High - Low,1.516903184,0.005765366,0.023148096
ZNF641,Glioma,High - Low,0.407520239,0.32379176,0.428539553
ZNF573,Glioma,High - Low,0.747415232,0.176786759,0.265962201
TSFM,Glioma,High - Low,1.661562585,0.024826825,0.061401138
PPARGC1B,Glioma,High - Low,0.294159311,0.574241858,0.664685656
SLC38A6,Glioma,High - Low,1.004044914,0.003570468,0.016982414
ZNF555,Glioma,High - Low,0.90958921,0.055803759,0.109876963
PGM1,Glioma,High - Low,1.286134142,0.00747697,0.02737312
YTHDF2,Glioma,High - Low,1.675963863,0.005499867,0.022377176
ZNF300,Glioma,High - Low,1.32356993,0.02335218,0.058877354
KIF21A,Glioma,High - Low,0.705636734,0.023978142,0.059989328
SP7,Glioma,High - Low,0.201557368,0.726411006,0.794552236
ARHGEF9,Glioma,High - Low,0.737479769,0.00254144,0.013908583
NEBL,Glioma,High - Low,0.040847827,0.954419099,0.967708641
NKRF,Glioma,High - Low,1.051869289,0.014109725,0.041643349
MAN2B1,Glioma,High - Low,0.583893299,0.177983607,0.267328441
MRRF,Glioma,High - Low,1.413728785,0.000142551,0.002995391
TXNRD3,Glioma,High - Low,1.274350854,0.015270583,0.044107157
DGCR2,Glioma,High - Low,0.985239886,0.00120773,0.009061784
TCTN1,Glioma,High - Low,1.073752138,0.006064151,0.023936669
BRD7,Glioma,High - Low,0.657527437,0.084005694,0.150586878
OSBPL10,Glioma,High - Low,-0.312384603,0.461137379,0.561905231
SERINC5,Glioma,High - Low,0.476620482,0.177555454,0.267026597
POLL,Glioma,High - Low,2.399596261,5.05E-05,0.001799939
LDHB,Glioma,High - Low,0.981950822,0.007547222,0.027555989
PRR7,Glioma,High - Low,0.799395866,0.041094149,0.087872888
DMXL2,Glioma,High - Low,0.794243228,0.008001617,0.028561934
C18orf63,Glioma,High - Low,-0.890996254,0.000301574,0.004287194
GOLGA7,Glioma,High - Low,0.528145977,0.009321634,0.031717297
CCK,Glioma,High - Low,-1.324628648,0.108797461,0.182506049
RABEPK,Glioma,High - Low,0.615150639,0.000694763,0.0066253
SAMD8,Glioma,High - Low,0.667306149,0.020483255,0.053939513
ARHGDIB,Glioma,High - Low,0.233832348,0.671652088,0.750016272
ARL1,Glioma,High - Low,0.807299471,0.010836528,0.034955079
CPEB2,Glioma,High - Low,0.601186726,0.137981962,0.219194107
LGALS3,Glioma,High - Low,-0.639214309,0.313158867,0.417766981
MAMLD1,Glioma,High - Low,0.730281473,0.18942819,0.280817855
PPP2R2A,Glioma,High - Low,0.79380098,0.004844399,0.020540064
SUCLG2,Glioma,High - Low,1.049241616,0.00166546,0.010763012
CD33,Glioma,High - Low,0.400644263,0.534677255,0.629374206
RIF1,Glioma,High - Low,1.040980992,0.037689808,0.082714156
IFT27,Glioma,High - Low,1.128355079,0.002379504,0.013287519
SRPRA,Glioma,High - Low,0.376878305,0.160489513,0.246455544
SYCP3,Glioma,High - Low,-0.555884971,0.230409092,0.328024346
PHETA1,Glioma,High - Low,0.512157248,0.118137082,0.194268879
CFAP251,Glioma,High - Low,-0.090146331,0.81840322,0.86677027
SLC4A10,Glioma,High - Low,0.562842182,0.393461614,0.497834646
STX3,Glioma,High - Low,0.112370223,0.821119508,0.868620644
SYNJ2,Glioma,High - Low,-0.875265127,0.193758862,0.285878384
BCAT1,Glioma,High - Low,0.346289049,0.645403984,0.726842797
ZNF182,Glioma,High - Low,1.131877601,0.036314971,0.08058846
SCAMP5,Glioma,High - Low,1.148751642,0.045279014,0.094560528
MINPP1,Glioma,High - Low,1.954202696,0.002229264,0.012880739
SUFU,Glioma,High - Low,1.231463982,0.002655794,0.014291949
PUDP,Glioma,High - Low,1.785057906,0.0088084,0.03059569
ATP6AP1,Glioma,High - Low,0.6237107,6.31E-05,0.002015067
ATR,Glioma,High - Low,1.68705744,0.000614307,0.006170284
CPXM1,Glioma,High - Low,1.407719914,0.065317627,0.124014456
GYG2,Glioma,High - Low,0.720088209,0.334647332,0.439031816
HADH,Glioma,High - Low,2.239583024,5.88E-06,0.000669152
PIGT,Glioma,High - Low,0.914825435,0.06677787,0.126128484
ASTN2,Glioma,High - Low,0.651101377,0.104346818,0.176624331
CTTN,Glioma,High - Low,0.536633575,0.00125006,0.009220864
PPP1R3F,Glioma,High - Low,-0.447816431,0.064252252,0.122489041
CLTA,Glioma,High - Low,0.481506194,0.011925106,0.037207487
SEZ6L,Glioma,High - Low,1.255417793,0.100934767,0.172344667
TMLHE,Glioma,High - Low,0.998839256,0.002943318,0.015197748
GNL3L,Glioma,High - Low,1.095789592,0.001165269,0.008953702
PRMT7,Glioma,High - Low,1.731869257,0.002775145,0.014691716
KLHDC4,Glioma,High - Low,1.274135146,0.000179525,0.003324643
CD84,Glioma,High - Low,0.598263651,0.309892696,0.414065217
PHF8,Glioma,High - Low,1.090666033,0.017333968,0.047961428
CARD8,Glioma,High - Low,0.433137168,0.323574815,0.42836856
FBXL20,Glioma,High - Low,1.129907323,0.000110042,0.00265826
FAM219A,Glioma,High - Low,0.137490543,0.396923997,0.501101716
WDR44,Glioma,High - Low,0.758924819,0.075896951,0.139469303
PACSIN2,Glioma,High - Low,0.857041411,0.001424598,0.009801502
MARF1,Glioma,High - Low,0.741362763,0.009744269,0.032637942
NDUFA2,Glioma,High - Low,0.64135427,0.002486542,0.01369638
ADD2,Glioma,High - Low,1.420344821,0.011953648,0.037255204
CLDN11,Glioma,High - Low,-1.311283208,0.107101928,0.180427888
TUT7,Glioma,High - Low,0.647442253,0.105161434,0.177707623
CLDN12,Glioma,High - Low,2.29448381,0.000123833,0.002822948
ARHGDIA,Glioma,High - Low,0.637150062,0.005625642,0.022739368
NIT1,Glioma,High - Low,1.094242223,0.00156585,0.010417519
BACH1,Glioma,High - Low,0.544972745,0.02635535,0.064091865
BAK1,Glioma,High - Low,1.070896062,0.022650661,0.05767505
BCAT2,Glioma,High - Low,1.235087495,0.001751211,0.011173782
DNAJC19,Glioma,High - Low,0.723453762,0.071494434,0.133204975
IFT80,Glioma,High - Low,0.341941037,0.297198577,0.400450463
YJEFN3,Glioma,High - Low,-0.101401901,0.762303577,0.823162123
RPH3AL,Glioma,High - Low,0.38947836,0.398204404,0.502308301
TAF6,Glioma,High - Low,1.024025841,0.00219208,0.012768605
ZNF674,Glioma,High - Low,0.745476324,0.110831924,0.185121485
MTRNR2L1,Glioma,High - Low,0.715095988,0.034379673,0.077515595
KRTAP9-1,Glioma,High - Low,1.665582723,0.003410976,0.016518166
CTH,Glioma,High - Low,1.073387111,0.0742637,0.137294662
COL11A1,Glioma,High - Low,-1.162185642,0.10191572,0.173573501
RALGPS1,Glioma,High - Low,0.637665374,0.077290537,0.141316156
DHX35,Glioma,High - Low,1.117000503,0.024288402,0.060494745
CNOT4,Glioma,High - Low,1.22765642,0.000950913,0.008011778
PLEKHA5,Glioma,High - Low,-0.189353192,0.74258722,0.806795657
HYI,Glioma,High - Low,0.083815096,0.788234492,0.843510765
PDYN,Glioma,High - Low,0.350904812,0.459394997,0.56014702
FAM193B,Glioma,High - Low,0.609114765,0.006809927,0.025679935
GSTO1,Glioma,High - Low,0.336230412,0.431617258,0.534187046
SRSF10,Glioma,High - Low,0.740999923,0.035939172,0.079984971
CTCF,Glioma,High - Low,1.575201114,0.001170946,0.008976109
SEC31A,Glioma,High - Low,0.943161836,0.000563453,0.0058924
PDE1C,Glioma,High - Low,-0.133345354,0.856128036,0.89452433
SLC25A22,Glioma,High - Low,0.551989966,0.292782912,0.395710243
SIRT6,Glioma,High - Low,-0.543942569,0.032688295,0.074833002
SLC24A2,Glioma,High - Low,-1.020053677,0.040968675,0.087690511
SEMA4A,Glioma,High - Low,-0.093290717,0.854903595,0.89360153
SUGCT,Glioma,High - Low,1.486521195,0.009076086,0.031214393
VIPAS39,Glioma,High - Low,0.654798511,0.045107485,0.094271588
CORO1A,Glioma,High - Low,-0.198225743,0.677737668,0.754752002
DIDO1,Glioma,High - Low,1.489241841,0.000235152,0.003783258
NDUFA11,Glioma,High - Low,1.13208188,0.000120676,0.002811412
UCKL1,Glioma,High - Low,0.508897282,0.029351153,0.069226251
UNKL,Glioma,High - Low,0.95342671,0.061811691,0.118979781
TMEM116,Glioma,High - Low,0.187678377,0.541210447,0.635548223
KANSL1,Glioma,High - Low,0.98635732,0.000157606,0.003152566
PPP1R21,Glioma,High - Low,0.301418644,0.261737341,0.362752938
CDADC1,Glioma,High - Low,0.566323175,0.059147651,0.115189676
ALDH8A1,Glioma,High - Low,0.269782688,0.614927284,0.700839392
SECISBP2L,Glioma,High - Low,0.3085789,0.310775406,0.414990555
TTC27,Glioma,High - Low,1.573889285,0.010611634,0.034553126
SCRN3,Glioma,High - Low,0.886606425,0.009362205,0.031825572
RAB42,Glioma,High - Low,-0.027774358,0.967712624,0.976965178
FBXL5,Glioma,High - Low,0.678679721,0.001704305,0.010965339
SMIM17,Glioma,High - Low,0.131845444,0.633094217,0.71692636
ZNF705B,Glioma,High - Low,1.024774596,0.112452734,0.187225794
CRB1,Glioma,High - Low,1.524181504,0.005365812,0.022051028
PEX19,Glioma,High - Low,2.02096927,0.001235994,0.009206727
HCN2,Glioma,High - Low,-0.879704349,0.043561442,0.091871542
MATR3,Glioma,High - Low,0.870545798,1.76E-06,0.000397753
MEPCE,Glioma,High - Low,0.537552467,0.020756795,0.054419883
PTPRU,Glioma,High - Low,-1.038039507,0.022080931,0.056687379
CFAP300,Glioma,High - Low,-0.118851642,0.808411729,0.859413345
PPIE,Glioma,High - Low,1.124793378,0.015454363,0.044451663
GRHL3,Glioma,High - Low,0.586648913,0.297418905,0.400669382
TMEM184B,Glioma,High - Low,0.172572936,0.37061205,0.475215314
C19orf81,Glioma,High - Low,-0.960905606,0.027549148,0.066136258
TEX22,Glioma,High - Low,0.599889956,0.209665322,0.304070454
ANKRD28,Glioma,High - Low,0.911101608,0.005914448,0.023545293
C16orf95,Glioma,High - Low,1.297948273,0.028308521,0.067463317
TSTD3,Glioma,High - Low,1.189671585,0.009294201,0.031667684
ANKRD44,Glioma,High - Low,0.291299403,0.282572758,0.385196338
TMEM35B,Glioma,High - Low,0.590022398,0.283909606,0.386436178
YIPF6,Glioma,High - Low,0.916465978,0.001085832,0.008647689
DENND1B,Glioma,High - Low,1.053970493,0.002740302,0.014584868
ZNF783,Glioma,High - Low,0.759833612,0.002892943,0.01506655
TGFBR3L,Glioma,High - Low,0.316539523,0.613654171,0.699632015
TMEM178B,Glioma,High - Low,1.637942861,0.004205517,0.018857136
BBIP1,Glioma,High - Low,0.313413981,0.099647686,0.170658882
CGGBP1,Glioma,High - Low,0.818648017,0.009496753,0.032107778
RAB9A,Glioma,High - Low,0.782372621,0.019383955,0.051717561
LRCOL1,Glioma,High - Low,-0.221866798,0.635410229,0.718492627
ZNF865,Glioma,High - Low,1.661759785,0.003685194,0.017297407
MLLT10,Glioma,High - Low,0.850682191,0.01739175,0.048040123
THAP3,Glioma,High - Low,1.416143024,0.007891405,0.02832296
PLD5,Glioma,High - Low,-0.273773286,0.624783315,0.710079691
ZFP91,Glioma,High - Low,0.832171166,0.002269828,0.012938118
BTN2A1,Glioma,High - Low,1.150364308,0.02932578,0.069206497
BCL7B,Glioma,High - Low,0.488177805,0.04709154,0.097373584
BTN3A2,Glioma,High - Low,0.361926163,0.474161161,0.573664025
DPYSL3,Glioma,High - Low,1.572152248,0.001244187,0.009206727
ECM2,Glioma,High - Low,0.225391816,0.73356734,0.799627457
OXR1,Glioma,High - Low,0.389606713,0.077355896,0.141415909
HYDIN,Glioma,High - Low,-0.961510088,0.166355415,0.253408501
ATP6V0C,Glioma,High - Low,0.118960501,0.373847106,0.478548357
STON1,Glioma,High - Low,1.742110287,0.022693861,0.057728914
ARHGEF12,Glioma,High - Low,0.689230288,0.007529895,0.027523426
TLCD5,Glioma,High - Low,1.822047125,0.002281404,0.012975856
ASCC1,Glioma,High - Low,0.655277372,0.016272616,0.045958758
EIF4G3,Glioma,High - Low,0.40866604,0.034629139,0.077943839
RBM4,Glioma,High - Low,1.247791976,9.76E-05,0.002486691
CPNE1,Glioma,High - Low,1.228210434,0.001371065,0.009584689
CAPN1,Glioma,High - Low,1.797455163,0.001191129,0.009018428
ATP6V1F,Glioma,High - Low,0.449463401,0.016943758,0.047211029
MYO16,Glioma,High - Low,2.236393529,0.000156943,0.003146788
DCAF6,Glioma,High - Low,-0.376485635,0.130760832,0.210096368
KIAA1522,Glioma,High - Low,-0.726269437,0.061442265,0.11840345
SMAP2,Glioma,High - Low,0.118956237,0.654730685,0.735637935
NADK,Glioma,High - Low,0.956568364,0.096427784,0.166626497
BMP1,Glioma,High - Low,1.063669824,0.001394077,0.00967797
DCTN5,Glioma,High - Low,0.952110069,0.003839754,0.017735823
STPG1,Glioma,High - Low,-0.421631642,0.410760074,0.513965989
LRRC49,Glioma,High - Low,1.589342784,0.000410885,0.005018392
PODN,Glioma,High - Low,1.628585579,0.017629611,0.048451826
EIF3C,Glioma,High - Low,0.956299853,0.00012419,0.002822948
SLC38A11,Glioma,High - Low,0.723400543,0.13560135,0.216278289
MLST8,Glioma,High - Low,1.719836364,0.00209636,0.012386676
ATP2C1,Glioma,High - Low,0.285515156,0.104945252,0.177433907
CCNH,Glioma,High - Low,1.260746682,1.37E-06,0.000339041
ARMC6,Glioma,High - Low,2.365305295,0.000197554,0.003466147
TBC1D23,Glioma,High - Low,2.233519098,0.00027053,0.004099969
MAG,Glioma,High - Low,-1.258513913,0.137022075,0.218042967
GPANK1,Glioma,High - Low,0.823090969,0.117379843,0.193242083
UCHL5,Glioma,High - Low,0.749241534,7.17E-06,0.000733353
PHOSPHO2,Glioma,High - Low,1.024997228,0.042452774,0.090159638
ZNF549,Glioma,High - Low,0.764225046,0.111689785,0.186269406
UIMC1,Glioma,High - Low,0.428580653,0.047676779,0.098240623
CMTM2,Glioma,High - Low,0.214060834,0.649315486,0.730619428
PEX26,Glioma,High - Low,0.620553767,0.00980817,0.032776512
ZNF615,Glioma,High - Low,1.496843195,0.000134226,0.002933931
GBF1,Glioma,High - Low,0.71837431,0.003248823,0.016063759
RNF145,Glioma,High - Low,0.81258048,0.047108553,0.097393382
EPB41L2,Glioma,High - Low,0.131684861,0.636158853,0.718904528
ZSCAN9,Glioma,High - Low,1.702998785,0.003998487,0.018200352
SUN2,Glioma,High - Low,0.002149957,0.994133834,0.995730897
PACSIN1,Glioma,High - Low,-1.075304271,0.204195579,0.298218931
CIDEC,Glioma,High - Low,0.22896002,0.247272462,0.346705756
MYL6B,Glioma,High - Low,0.344413248,0.116472887,0.19206291
PMF1,Glioma,High - Low,1.929589372,2.84E-05,0.001399025
CALU,Glioma,High - Low,0.760992326,0.028913907,0.068519418
DHX33,Glioma,High - Low,0.805677213,0.001345916,0.009532033
KIAA0895,Glioma,High - Low,0.546442602,0.265240408,0.366444303
CRABP2,Glioma,High - Low,-0.94312248,0.094527128,0.164187276
CPT1C,Glioma,High - Low,1.208024665,0.012602555,0.038597721
PPP2R5A,Glioma,High - Low,0.544136134,0.131664113,0.21120782
PTPRN,Glioma,High - Low,-0.034507519,0.955160416,0.967901571
POC1B,Glioma,High - Low,1.580231811,0.008243182,0.029201295
PTPN7,Glioma,High - Low,0.317186692,0.635243812,0.718490604
CENPO,Glioma,High - Low,0.988930026,0.058273247,0.113859367
MDP1,Glioma,High - Low,0.909004971,0.016792128,0.046915799
KIF16B,Glioma,High - Low,0.301633131,0.464998091,0.565241854
GLRX3,Glioma,High - Low,1.915819481,0.000764231,0.007021812
B4GALT3,Glioma,High - Low,1.553221062,0.002337425,0.01318164
PGM3,Glioma,High - Low,1.254741653,0.00092318,0.007878669
SH3GL1,Glioma,High - Low,0.602139599,0.010035742,0.033290591
BMP2,Glioma,High - Low,1.600094704,0.017728456,0.048621423
CFAP46,Glioma,High - Low,0.431049029,0.439313393,0.541868135
PMEL,Glioma,High - Low,-0.599835497,0.041474658,0.088527502
NPL,Glioma,High - Low,0.748461324,0.283954042,0.386436178
GCFC2,Glioma,High - Low,1.126597035,0.055897175,0.110037846
SAFB,Glioma,High - Low,0.838873626,4.46E-05,0.001693433
DNAL1,Glioma,High - Low,0.985018824,0.025760498,0.063055187
ZNF778,Glioma,High - Low,0.79241427,0.112438651,0.187225794
NETO1,Glioma,High - Low,-0.553194375,0.41662577,0.51961147
CORO7,Glioma,High - Low,1.034076181,0.04628718,0.096013633
C18orf21,Glioma,High - Low,1.431152589,8.46E-05,0.002312871
PIGO,Glioma,High - Low,1.444035192,0.001726324,0.011058105
FAM161A,Glioma,High - Low,0.84544474,0.023885424,0.059841534
SEC22C,Glioma,High - Low,1.12730912,0.016338184,0.046062843
NUBPL,Glioma,High - Low,0.680165982,0.011858221,0.037107955
BMP4,Glioma,High - Low,-0.047775443,0.896726841,0.924870798
ZNF559,Glioma,High - Low,1.814835573,0.002716574,0.014496658
ZMYND11,Glioma,High - Low,1.027673849,0.009919797,0.033056732
NIPSNAP2,Glioma,High - Low,0.765169915,0.003574258,0.016983356
UBE2E1,Glioma,High - Low,0.992500386,0.000259044,0.003985509
UBE2G2,Glioma,High - Low,1.161801457,1.01E-09,2.66E-06
NIPSNAP1,Glioma,High - Low,1.000445171,0.153269018,0.238020549
PIGV,Glioma,High - Low,0.384046614,0.412248961,0.515478526
BUD23,Glioma,High - Low,0.719776886,0.000954849,0.008029437
BMPR1B,Glioma,High - Low,1.477229033,0.009254858,0.031605076
EZH2,Glioma,High - Low,1.344513371,0.061141263,0.117982355
BMPR2,Glioma,High - Low,0.727402465,0.000213531,0.00358891
KATNA1,Glioma,High - Low,1.033075565,0.014966575,0.043536405
COX16,Glioma,High - Low,0.65981054,0.015674096,0.044876655
PPT2,Glioma,High - Low,0.71047736,6.49E-05,0.0020426
CLEC17A,Glioma,High - Low,-0.412855978,0.26615803,0.367479393
MBD1,Glioma,High - Low,1.03190352,0.007663763,0.027769148
MDM4,Glioma,High - Low,0.908968427,3.92E-09,6.42E-06
PPP5C,Glioma,High - Low,1.664632884,0.005399487,0.022123835
ZNF664,Glioma,High - Low,0.970306792,0.000130217,0.002893103
ARHGAP19,Glioma,High - Low,0.346343477,0.2190202,0.315020486
SPOCK3,Glioma,High - Low,-0.908656101,0.183003754,0.273149583
RBAK,Glioma,High - Low,1.912260067,0.002234588,0.01288875
TNFRSF19,Glioma,High - Low,1.853667838,0.000207096,0.00353061
RBM10,Glioma,High - Low,1.727427812,2.32E-05,0.001286346
CDRT4,Glioma,High - Low,0.253429133,0.549328915,0.642979034
RFC1,Glioma,High - Low,0.778857586,0.001227227,0.009171278
ANO6,Glioma,High - Low,1.509880596,0.004467308,0.019570411
ZNF587,Glioma,High - Low,0.415306939,0.080146958,0.145398631
XPNPEP3,Glioma,High - Low,1.056472546,0.003184228,0.015852127
ANO10,Glioma,High - Low,0.117950157,0.576318449,0.666231455
ZNF568,Glioma,High - Low,-0.015374241,0.935752597,0.95389355
ELOC,Glioma,High - Low,0.496624129,0.003181472,0.015852127
MDM1,Glioma,High - Low,0.510531719,0.034212065,0.077217473
KRBOX1,Glioma,High - Low,1.703004865,0.008211037,0.029113289
IGSF23,Glioma,High - Low,-0.530012879,0.212303898,0.307155997
NXN,Glioma,High - Low,0.367823436,0.399541672,0.503403573
CAPZB,Glioma,High - Low,0.041178839,0.841980264,0.883453517
IFI16,Glioma,High - Low,1.01148217,0.04372496,0.092114385
SORCS1,Glioma,High - Low,-0.230931162,0.664863864,0.744595208
COA6,Glioma,High - Low,0.368724762,0.427593881,0.530511389
GTF3C3,Glioma,High - Low,1.149186049,2.55E-05,0.001342514
TP53I3,Glioma,High - Low,1.588824704,0.005786907,0.023213229
MAP2K5,Glioma,High - Low,0.653343172,0.004288564,0.019090975
KAT5,Glioma,High - Low,1.123280151,0.001830395,0.011401221
TGOLN2,Glioma,High - Low,0.396171947,0.044665114,0.093598005
SMIM18,Glioma,High - Low,1.28721258,0.003563555,0.01697258
NLGN4Y,Glioma,High - Low,0.217899724,0.814337798,0.86367961
STRADB,Glioma,High - Low,1.279694516,0.003686937,0.017297407
TCAF1,Glioma,High - Low,0.92479768,0.00099152,0.008237293
METTL23,Glioma,High - Low,1.378466229,0.00067244,0.006497841
ZNF497,Glioma,High - Low,0.742276146,0.103521373,0.175684424
PTPRR,Glioma,High - Low,-0.143186585,0.782453994,0.839520621
M6PR,Glioma,High - Low,0.815792062,0.050603972,0.10262655
RNF40,Glioma,High - Low,1.065978395,2.82E-05,0.001394304
ATRN,Glioma,High - Low,0.905639574,0.000379669,0.004826225
CLASP1,Glioma,High - Low,1.232190439,0.001922268,0.01174967
INTS14,Glioma,High - Low,1.104570128,0.020652304,0.054221098
CXADR,Glioma,High - Low,0.35338003,0.344072551,0.448476049
BZW1,Glioma,High - Low,0.667745916,0.000537052,0.005727184
FAM181A,Glioma,High - Low,0.545361464,0.352792333,0.456885263
BUB1B,Glioma,High - Low,0.552903407,0.412316445,0.515513676
C1QBP,Glioma,High - Low,1.177503533,1.43E-05,0.001039509
ZNF48,Glioma,High - Low,0.715076453,0.08318569,0.149546924
CAMK2B,Glioma,High - Low,-0.544101977,0.544055601,0.638175953
PPFIA2,Glioma,High - Low,0.181251697,0.743299975,0.807436039
CAMK2G,Glioma,High - Low,0.140474906,0.760279995,0.821464659
CASP1,Glioma,High - Low,0.433317588,0.308330381,0.412398578
CASP4,Glioma,High - Low,0.636210112,0.381772978,0.486477236
CASP8,Glioma,High - Low,-0.131775978,0.793223038,0.847671339
CASP10,Glioma,High - Low,-0.360478982,0.175211073,0.264138006
SERPINH1,Glioma,High - Low,0.579785219,0.229879409,0.327473735
CBR3,Glioma,High - Low,0.388027789,0.304307031,0.407934059
CCNA2,Glioma,High - Low,0.720051569,0.163349387,0.249852048
CCNE1,Glioma,High - Low,0.442725817,0.346138954,0.450586331
CCNT1,Glioma,High - Low,1.420171052,0.000405154,0.004988674
CCNT2,Glioma,High - Low,1.512276989,0.000272667,0.004099969
CD27,Glioma,High - Low,0.007322458,0.987664637,0.9910709
FAM124A,Glioma,High - Low,0.659149687,0.343222921,0.447635991
MFAP3,Glioma,High - Low,0.415258864,0.074366567,0.137447976
ATAD2B,Glioma,High - Low,0.52502844,0.115557325,0.190962016
SLC46A1,Glioma,High - Low,0.44081611,0.327366829,0.431816834
ANAPC13,Glioma,High - Low,0.586096994,0.001148429,0.008904597
WDR20,Glioma,High - Low,0.910857629,0.01873297,0.05057876
ZNF345,Glioma,High - Low,-0.155154313,0.726791965,0.794778852
ZSWIM8,Glioma,High - Low,0.863303961,0.003422541,0.016552442
GDA,Glioma,High - Low,-1.118306718,0.038720655,0.084368371
OSBPL1A,Glioma,High - Low,-0.461272462,0.203429273,0.297199227
TMEM147,Glioma,High - Low,0.420516046,0.09250654,0.161534826
NXT2,Glioma,High - Low,0.634195122,0.163328245,0.249848897
ZNF691,Glioma,High - Low,0.851808747,0.14703943,0.230285557
TRIM26,Glioma,High - Low,1.9145828,0.002079686,0.012332121
SNAP91,Glioma,High - Low,0.299594863,0.684043568,0.759699026
ZNF322,Glioma,High - Low,1.21372517,0.017885711,0.048929714
ZNF790,Glioma,High - Low,1.356344182,0.029155165,0.06887921
ANKRD6,Glioma,High - Low,0.934953359,0.087757058,0.155444563
ELOVL5,Glioma,High - Low,0.455422407,0.053867238,0.107202273
NDRG4,Glioma,High - Low,0.714135232,0.251512688,0.351586785
ARFIP2,Glioma,High - Low,1.254273785,0.005108422,0.021260193
ENOX1,Glioma,High - Low,0.567497224,0.345812349,0.450250704
NAXD,Glioma,High - Low,0.696584466,0.070607992,0.131894654
CSDE1,Glioma,High - Low,0.188732038,0.338492997,0.442746134
ZKSCAN3,Glioma,High - Low,0.533073392,0.278915081,0.381313057
PPP6R2,Glioma,High - Low,0.533273076,0.025732532,0.063022081
ZFAND6,Glioma,High - Low,1.182727245,0.021647975,0.05594991
ZNF410,Glioma,High - Low,1.752214759,0.002323934,0.013162196
ANKS3,Glioma,High - Low,1.659573234,0.005622385,0.022734824
SNCAIP,Glioma,High - Low,1.208370106,0.05421307,0.107743257
EPDR1,Glioma,High - Low,0.3730574,0.37093755,0.475586108
ABCB9,Glioma,High - Low,0.144817089,0.730925103,0.797874601
PLD2,Glioma,High - Low,0.595545667,0.035580452,0.079416102
PELI3,Glioma,High - Low,0.663961801,0.172007757,0.260027429
PDE8A,Glioma,High - Low,-0.012338501,0.985329289,0.98948584
RANBP6,Glioma,High - Low,1.463312383,0.00019729,0.003466147
RAD9A,Glioma,High - Low,2.022871004,0.002370408,0.013265167
PES1,Glioma,High - Low,1.990085088,2.23E-05,0.001281426
TIGD6,Glioma,High - Low,-0.168089528,0.547132131,0.641095488
HINFP,Glioma,High - Low,0.437585155,0.104007283,0.176259795
APLP2,Glioma,High - Low,0.397969587,0.075240273,0.138573766
STK36,Glioma,High - Low,1.585324945,0.000135918,0.002934234
CCDC40,Glioma,High - Low,0.640376891,0.137685976,0.218907214
NUB1,Glioma,High - Low,0.841075753,0.00546311,0.02225529
CLCN3,Glioma,High - Low,1.098228202,0.002587934,0.014075349
STARD13,Glioma,High - Low,-0.262418,0.527329869,0.622797219
CEP295NL,Glioma,High - Low,0.520460883,0.36996149,0.474660048
NUDT7,Glioma,High - Low,0.47027028,0.369293563,0.474128321
TEX264,Glioma,High - Low,0.426709718,0.030798881,0.071803731
LAMTOR3,Glioma,High - Low,1.100390899,1.68E-05,0.001120464
RGL2,Glioma,High - Low,1.363997877,0.002263661,0.012931112
FANCC,Glioma,High - Low,1.285696523,0.020813819,0.054503067
RABGAP1L,Glioma,High - Low,0.682568916,0.052945156,0.105960135
HDLBP,Glioma,High - Low,0.564809794,0.008289891,0.029303331
KIF2A,Glioma,High - Low,0.894913765,0.000359799,0.004694971
CHMP2B,Glioma,High - Low,0.186563576,0.576816559,0.666630701
STX5,Glioma,High - Low,0.552362453,0.082218925,0.148154747
CSAD,Glioma,High - Low,1.837876012,0.004276215,0.019056664
GFPT1,Glioma,High - Low,0.552848066,0.093867309,0.163264227
AGAP1,Glioma,High - Low,0.196698681,0.54205601,0.636343526
NFIC,Glioma,High - Low,0.351369334,0.087317951,0.154870487
SYT13,Glioma,High - Low,-0.605634955,0.30332467,0.406950498
NUDT9,Glioma,High - Low,0.809405886,0.043395779,0.091612533
ENTPD5,Glioma,High - Low,0.479768746,0.3292964,0.433663362
CD68,Glioma,High - Low,0.751150665,0.313497225,0.418085671
ARHGEF26,Glioma,High - Low,2.400471686,0.002782151,0.014711917
RCAN3,Glioma,High - Low,-0.068620012,0.903640534,0.929785969
USP15,Glioma,High - Low,0.784090141,0.005883675,0.023479111
NT5C,Glioma,High - Low,0.719393148,0.005096866,0.021233347
TNIP1,Glioma,High - Low,0.48244164,0.119792848,0.196424265
C14orf132,Glioma,High - Low,1.712586566,0.022748274,0.057836604
THBS3,Glioma,High - Low,1.792660858,0.004328628,0.019218286
GULP1,Glioma,High - Low,-0.154421261,0.713310558,0.783767634
ACSS1,Glioma,High - Low,0.082640234,0.878929936,0.910861932
CDC5L,Glioma,High - Low,1.476138293,0.002447736,0.013541737
RPL15,Glioma,High - Low,0.9969179,0.00021575,0.003589576
CHL1,Glioma,High - Low,0.769440762,0.293787205,0.396633933
TBPL1,Glioma,High - Low,0.591712284,0.053014252,0.106011996
DPYSL5,Glioma,High - Low,1.102476524,0.073046789,0.135494601
ZNF444,Glioma,High - Low,0.864661678,0.000245094,0.003867119
SLC52A2,Glioma,High - Low,2.45317131,5.49E-06,0.000660851
PTPDC1,Glioma,High - Low,0.053986779,0.930312674,0.950420088
UXS1,Glioma,High - Low,1.10637476,0.006815808,0.025679935
TBC1D1,Glioma,High - Low,0.275995867,0.491955706,0.590500188
CDC6,Glioma,High - Low,0.983751744,0.027854796,0.066708552
CDC20,Glioma,High - Low,0.671711983,0.27954476,0.381974488
CDC27,Glioma,High - Low,0.531260656,0.001165938,0.008953702
PNPLA8,Glioma,High - Low,0.750045124,0.002063836,0.012282641
PSMC3IP,Glioma,High - Low,1.363486378,0.001517109,0.010212603
ARHGAP22,Glioma,High - Low,0.314822147,0.475268112,0.57468465
TRIM65,Glioma,High - Low,0.703750553,0.005851657,0.02338698
NSUN4,Glioma,High - Low,0.508958572,0.052131586,0.104703
CSE1L,Glioma,High - Low,0.714793635,0.008688983,0.030316167
FSBP,Glioma,High - Low,0.551061726,0.41633367,0.519395592
ZNF620,Glioma,High - Low,1.557562593,0.001277012,0.00930953
ANKRD11,Glioma,High - Low,0.287633716,0.219604628,0.315653024
SNX12,Glioma,High - Low,1.526705342,0.006239668,0.024386858
RAB34,Glioma,High - Low,-0.40847867,0.257388456,0.358090219
ZNF26,Glioma,High - Low,1.062092071,0.038169565,0.083431405
ETF1,Glioma,High - Low,1.013983775,0.001777519,0.011277117
CHD1L,Glioma,High - Low,0.652069934,0.015043634,0.043712113
NOL8,Glioma,High - Low,1.355705562,0.00642911,0.024814544
PRELID3B,Glioma,High - Low,0.584244431,0.005521497,0.022423376
C19orf47,Glioma,High - Low,0.710876216,0.081843816,0.147580372
DNAAF10,Glioma,High - Low,0.066440083,0.849307735,0.889385442
CMPK2,Glioma,High - Low,0.432579152,0.604509211,0.691254601
GOLGB1,Glioma,High - Low,1.401802864,0.01129285,0.035869525
TMEM250,Glioma,High - Low,0.39419873,0.051948523,0.104447483
MEGF10,Glioma,High - Low,-0.910582975,0.042727236,0.090551585
PCGF5,Glioma,High - Low,0.257943726,0.10860652,0.182352547
GLMP,Glioma,High - Low,0.660280925,0.170258888,0.258039082
R3HCC1L,Glioma,High - Low,0.251579909,0.413964436,0.517376514
LTA4H,Glioma,High - Low,1.531074113,0.000167876,0.003215911
TEAD2,Glioma,High - Low,0.560760198,0.254155916,0.354648131
ANAPC10,Glioma,High - Low,1.158537148,0.073045487,0.135494601
USP39,Glioma,High - Low,1.802851909,0.000530613,0.005703871
SSBP2,Glioma,High - Low,0.070135958,0.838250431,0.880869101
CNOT10,Glioma,High - Low,1.611110608,0.017591721,0.048408661
TMEM161A,Glioma,High - Low,1.249262259,0.006531894,0.025042716
CD300A,Glioma,High - Low,0.316236469,0.660419305,0.740758157
COX14,Glioma,High - Low,0.334631745,0.096346075,0.166557527
ITCH,Glioma,High - Low,0.54665764,0.004767629,0.020386207
SLC20A2,Glioma,High - Low,1.107012847,0.040523708,0.087065458
DDX6,Glioma,High - Low,0.779005125,4.31E-05,0.001674882
UBE2V1,Glioma,High - Low,0.755960118,0.000584283,0.00600944
CDK3,Glioma,High - Low,1.077725175,0.039269521,0.085111047
SKOR1,Glioma,High - Low,-0.338386136,0.409984791,0.513220959
HARS1,Glioma,High - Low,0.812762212,3.56E-06,0.000560819
MIS12,Glioma,High - Low,0.883298213,0.03254143,0.074630398
OR2V1,Glioma,High - Low,0.461455508,0.258802693,0.359631879
CCDC74A,Glioma,High - Low,0.823754761,0.213435271,0.308274463
PGBD5,Glioma,High - Low,0.284983994,0.567015353,0.658441864
TP53I11,Glioma,High - Low,0.128538954,0.783466374,0.839987327
SFI1,Glioma,High - Low,0.706686135,0.026563185,0.064429747
EPB41L1,Glioma,High - Low,0.379042985,0.339127214,0.44335423
EPS15L1,Glioma,High - Low,0.727069929,0.021998541,0.056579915
IDH3B,Glioma,High - Low,0.966427087,0.000320969,0.004456468
ATPSCKMT,Glioma,High - Low,0.75270162,0.095896277,0.165948976
CLPB,Glioma,High - Low,1.84036893,0.003884007,0.017862067
LRRC4C,Glioma,High - Low,0.790749718,0.029687838,0.069885449
C20orf27,Glioma,High - Low,1.550605163,0.007064118,0.026365593
TOP1MT,Glioma,High - Low,1.596501147,0.001831829,0.011404723
FASTK,Glioma,High - Low,1.107279957,0.001317236,0.009435152
CDK6,Glioma,High - Low,0.494604858,0.28766348,0.390460082
CDK8,Glioma,High - Low,0.84970501,0.055390206,0.109324565
RDX,Glioma,High - Low,0.970148962,0.000180887,0.003335381
KCNJ3,Glioma,High - Low,-0.791267359,0.192614245,0.284638636
CDK9,Glioma,High - Low,0.411376203,0.045921262,0.095481512
NOL10,Glioma,High - Low,0.492407099,0.01640451,0.046195059
AARSD1,Glioma,High - Low,0.869103121,0.013403335,0.040248279
CDKN2C,Glioma,High - Low,1.569995901,0.005938608,0.023619136
FAM13A,Glioma,High - Low,1.653581811,0.014229509,0.0419044
ZNF211,Glioma,High - Low,0.427924232,0.032498765,0.0746067
RPP38,Glioma,High - Low,0.836587502,0.053401739,0.1065512
FAM153B,Glioma,High - Low,-0.210577384,0.629754867,0.714318676
SLC7A8,Glioma,High - Low,0.235027451,0.577575287,0.667330853
LARP7,Glioma,High - Low,0.939408808,0.007385773,0.027110156
JARID2,Glioma,High - Low,0.517464873,0.265287381,0.366470529
GPR155,Glioma,High - Low,0.839897774,0.055000394,0.108828798
ITPA,Glioma,High - Low,1.116455114,0.001133836,0.008864939
CCDC61,Glioma,High - Low,0.151823997,0.730892832,0.797874601
ARSG,Glioma,High - Low,0.609870655,0.28726468,0.390201935
IFT20,Glioma,High - Low,0.405727112,0.073780638,0.136593261
PAAF1,Glioma,High - Low,0.864760502,0.021986761,0.056578747
SLC12A9,Glioma,High - Low,0.810035669,0.005030159,0.021014639
ZNF839,Glioma,High - Low,1.559638645,0.001306828,0.009406434
HSD11B1L,Glioma,High - Low,0.494758968,0.376367842,0.481041015
RCBTB2,Glioma,High - Low,0.544910228,0.059268999,0.115355482
RCC1,Glioma,High - Low,1.281758581,0.021355325,0.055488247
CHD1,Glioma,High - Low,0.808303356,0.010386546,0.034045219
PKIB,Glioma,High - Low,0.102203481,0.865198254,0.901053193
GLIPR1L2,Glioma,High - Low,0.322532856,0.564771128,0.656476242
JAM2,Glioma,High - Low,1.098107204,0.000196648,0.003465301
PSMD5,Glioma,High - Low,0.239335893,0.590322537,0.67888388
ACADVL,Glioma,High - Low,0.447856054,0.01718499,0.047720696
WWP2,Glioma,High - Low,0.739344255,0.031692772,0.073313333
TST,Glioma,High - Low,0.18084484,0.674679242,0.752229322
TAF11,Glioma,High - Low,1.077308958,6.29E-05,0.002015067
RPL18,Glioma,High - Low,0.675307715,0.025312268,0.062284068
SREK1,Glioma,High - Low,0.87115303,1.28E-05,0.000973587
WTAP,Glioma,High - Low,0.704027021,0.013531028,0.040454451
SLC16A7,Glioma,High - Low,0.639062487,0.203995019,0.297959258
MED4,Glioma,High - Low,1.081858706,0.01539938,0.044361735
MCU,Glioma,High - Low,0.543899819,0.094171309,0.163719559
NRM,Glioma,High - Low,0.776463072,0.03175493,0.073418206
BCL2L13,Glioma,High - Low,0.539885418,0.00618575,0.024226752
CHST15,Glioma,High - Low,0.586486203,0.137301087,0.21835092
NTAN1,Glioma,High - Low,-0.004453926,0.989099045,0.992249427
STRIP1,Glioma,High - Low,0.712133458,0.04087592,0.087534907
SYT6,Glioma,High - Low,0.037777757,0.949304479,0.964254736
KLF7,Glioma,High - Low,1.507316744,0.001782865,0.011287746
ZFAND2B,Glioma,High - Low,0.171780207,0.584506538,0.673852611
PCED1A,Glioma,High - Low,1.104717593,0.001567447,0.010418433
CLEC18A,Glioma,High - Low,0.908808406,0.178822156,0.268295429
ZNF512,Glioma,High - Low,0.750082343,0.002819332,0.01484856
ZNF266,Glioma,High - Low,0.601915955,0.026886671,0.064925708
PEX11A,Glioma,High - Low,0.201899093,0.39907005,0.503005327
STX10,Glioma,High - Low,0.825997631,0.022794447,0.057906032
PPP1R12C,Glioma,High - Low,0.497376405,0.127037711,0.205352467
MEF2D,Glioma,High - Low,0.140203119,0.514030975,0.610989589
ZNF138,Glioma,High - Low,1.24678252,0.005452876,0.022242073
NSA2,Glioma,High - Low,0.986033378,0.002276859,0.012961269
FBXO38,Glioma,High - Low,1.145674995,0.007245481,0.026781172
AP3B1,Glioma,High - Low,0.6883873,0.030377347,0.071099501
PSMD6,Glioma,High - Low,1.130067953,0.001943867,0.011836637
FAR2,Glioma,High - Low,0.99475612,0.034636589,0.077944
DYNC1I2,Glioma,High - Low,0.215921236,0.17733642,0.266739956
ORAI2,Glioma,High - Low,1.354343917,0.000913496,0.007822368
RSRC1,Glioma,High - Low,0.855911827,0.023346984,0.058875589
TBC1D16,Glioma,High - Low,0.635917859,0.039915609,0.086112221
CUEDC1,Glioma,High - Low,0.83274236,0.002148289,0.012620169
TARS2,Glioma,High - Low,1.31323917,0.003713364,0.017363956
MEGF8,Glioma,High - Low,0.252120434,0.126425858,0.204652561
SLC39A1,Glioma,High - Low,0.809056538,0.04392053,0.092422292
LRRC14,Glioma,High - Low,1.391375834,0.002139813,0.012591718
C16orf91,Glioma,High - Low,0.987897967,0.044944646,0.094018255
SLC1A6,Glioma,High - Low,0.186824104,0.737247082,0.802514177
STX4,Glioma,High - Low,0.36286381,0.057804535,0.113124093
CHD4,Glioma,High - Low,1.017831575,5.20E-06,0.000654045
CHGA,Glioma,High - Low,-0.494601388,0.581759822,0.671395447
CHI3L1,Glioma,High - Low,1.003759591,0.334324271,0.438651938
DUOXA1,Glioma,High - Low,-0.372021391,0.165797226,0.252710487
TNNT2,Glioma,High - Low,-0.584566321,0.347501937,0.451731817
SEC16A,Glioma,High - Low,0.966871721,6.98E-05,0.002126065
DRGX,Glioma,High - Low,-0.627528543,0.094521434,0.164187276
B4GALNT1,Glioma,High - Low,1.250713182,0.049105654,0.10036497
MT1HL1,Glioma,High - Low,0.453192647,0.235597635,0.334056729
IFTAP,Glioma,High - Low,0.650346191,0.136311311,0.217093297
MFF,Glioma,High - Low,0.784518621,0.00134986,0.009537896
ZNF541,Glioma,High - Low,-0.400501208,0.453098358,0.554638819
ZNF550,Glioma,High - Low,0.549929086,0.261058265,0.361888392
B3GALNT2,Glioma,High - Low,0.654207477,0.03363765,0.076289235
IGSF9B,Glioma,High - Low,1.084365437,0.087646369,0.155347761
ZNF891,Glioma,High - Low,2.1177944,0.000752888,0.006961556
CIB1,Glioma,High - Low,0.372056736,0.148438964,0.231970518
POMK,Glioma,High - Low,0.632781712,0.052992409,0.106009108
CHUK,Glioma,High - Low,0.619671697,0.159715387,0.245844529
ZKSCAN8,Glioma,High - Low,1.56618423,0.002925549,0.015161555
HERC4,Glioma,High - Low,0.623954566,0.033527659,0.07609795
GANAB,Glioma,High - Low,1.136100265,0.000174978,0.003286917
NUP153,Glioma,High - Low,1.288383792,2.64E-05,0.001348137
RUSC1,Glioma,High - Low,0.672763287,0.319479399,0.424147614
RXYLT1,Glioma,High - Low,1.842980558,0.008631764,0.030177753
TADA3,Glioma,High - Low,1.79996702,2.63E-05,0.001348137
ARL6,Glioma,High - Low,0.831451283,0.094224884,0.163770929
MPP2,Glioma,High - Low,-0.001043449,0.997206755,0.998274184
ANXA11,Glioma,High - Low,-0.648536956,0.073808554,0.136593261
LILRB4,Glioma,High - Low,-0.419392978,0.32346962,0.4282726
ANKLE1,Glioma,High - Low,0.165983064,0.665975041,0.745457059
DNM1L,Glioma,High - Low,0.512662615,0.000991005,0.008237293
GPATCH11,Glioma,High - Low,0.687066428,0.015762043,0.045039396
AP3B2,Glioma,High - Low,0.034694361,0.92595209,0.946999744
ZNF518A,Glioma,High - Low,1.05877545,0.00551656,0.022419367
ERMARD,Glioma,High - Low,0.384116765,0.284830553,0.38749859
WSB2,Glioma,High - Low,0.586942776,0.001191985,0.009018428
ZNF316,Glioma,High - Low,0.655842099,0.014149991,0.041726539
LIAS,Glioma,High - Low,0.483989266,0.080194857,0.145439444
ALDH6A1,Glioma,High - Low,1.312942763,0.026806643,0.064792205
NUP54,Glioma,High - Low,0.860604655,0.054581363,0.108277847
NFXL1,Glioma,High - Low,0.310421035,0.097695312,0.168350186
CRNKL1,Glioma,High - Low,2.08225992,0.000524018,0.005665896
SNRPD3,Glioma,High - Low,0.54555876,0.000418034,0.005075638
RAB23,Glioma,High - Low,0.063469805,0.783804082,0.840005472
POLR2H,Glioma,High - Low,1.739075091,0.001443476,0.009894994
RFXANK,Glioma,High - Low,0.963839805,0.005698499,0.02294294
TBCB,Glioma,High - Low,0.727159193,0.126247883,0.204422896
MBD3,Glioma,High - Low,1.430559283,0.009453037,0.032031215
ATG4D,Glioma,High - Low,1.865222213,2.96E-05,0.001422687
MLIP,Glioma,High - Low,0.300506065,0.524087155,0.620117438
ADCY1,Glioma,High - Low,-0.297635267,0.627817135,0.71261463
DOC2A,Glioma,High - Low,-0.24567157,0.704331055,0.776507789
RFX3,Glioma,High - Low,0.226135176,0.319577187,0.424155896
ADA2,Glioma,High - Low,0.585441854,0.310918672,0.415139524
PRAC2,Glioma,High - Low,-0.021055055,0.97311483,0.981208507
ARHGAP45,Glioma,High - Low,-0.049336998,0.927243015,0.948012025
PRR23D2,Glioma,High - Low,0.938717897,0.134381545,0.214683221
PRIM2,Glioma,High - Low,1.601307006,0.001131251,0.008863834
GOLGA8N,Glioma,High - Low,0.241568463,0.71104134,0.782390475
MUC20,Glioma,High - Low,1.18696611,0.003365403,0.016418684
UBAP2,Glioma,High - Low,1.622472017,0.003065744,0.01553515
ZCCHC17,Glioma,High - Low,0.706778177,0.131072094,0.21038702
PTGES3,Glioma,High - Low,0.707556776,0.000265373,0.004059024
MICAL2,Glioma,High - Low,-1.4840094,0.062260676,0.119545245
GAPVD1,Glioma,High - Low,0.959876064,0.000178063,0.003316338
SENP7,Glioma,High - Low,0.894596754,0.00052316,0.005665896
CCNY,Glioma,High - Low,0.692140835,0.036161873,0.080310831
RALGAPB,Glioma,High - Low,1.528152702,0.000275852,0.004122981
TLE3,Glioma,High - Low,1.001920592,0.016276695,0.045958758
RTF2,Glioma,High - Low,0.729942121,0.003318369,0.016272435
USP25,Glioma,High - Low,0.948263953,0.010873878,0.035015169
AP3S1,Glioma,High - Low,0.578407293,0.082569345,0.148663427
CCSER2,Glioma,High - Low,0.854629641,0.000244647,0.003867119
PNOC,Glioma,High - Low,0.148748976,0.715788959,0.785666532
PPP4R3A,Glioma,High - Low,1.313784003,0.000665129,0.00646126
TBC1D22A,Glioma,High - Low,0.404622331,0.09783166,0.168496439
CLCN6,Glioma,High - Low,0.73104659,0.030271907,0.0709161
RBM7,Glioma,High - Low,1.43615461,0.001102533,0.008738172
SMPDL3A,Glioma,High - Low,0.502517962,0.287608849,0.390460082
TMEM117,Glioma,High - Low,0.976783293,0.015917199,0.045295345
SPATA6,Glioma,High - Low,-0.219838185,0.599786139,0.687593023
KLHL32,Glioma,High - Low,-0.050008929,0.944657996,0.960876876
ADAT2,Glioma,High - Low,2.290101972,8.52E-05,0.002316317
TCP11L2,Glioma,High - Low,0.30448212,0.478796445,0.577990213
TMEM179,Glioma,High - Low,-0.125177816,0.808022899,0.859139501
TUBGCP4,Glioma,High - Low,0.607606507,0.01311654,0.039597615
EMC4,Glioma,High - Low,0.816757522,0.000183312,0.003335381
PARP11,Glioma,High - Low,1.919543831,2.59E-05,0.001345019
DUSP22,Glioma,High - Low,0.627968442,0.048439477,0.099344935
RNPS1,Glioma,High - Low,0.511982035,0.012154385,0.037692411
MTERF3,Glioma,High - Low,0.801332203,0.017265441,0.047883164
FAM120A,Glioma,High - Low,0.851859422,4.33E-05,0.001675496
SLC44A1,Glioma,High - Low,0.204728395,0.699792658,0.772870963
OTUD6B,Glioma,High - Low,1.038476457,0.000209536,0.003558306
MRPS27,Glioma,High - Low,0.761221854,0.001282394,0.009338366
CRISPLD1,Glioma,High - Low,2.159616915,4.07E-05,0.001599672
GAK,Glioma,High - Low,0.361174815,0.023273575,0.058735721
CTNNAL1,Glioma,High - Low,0.775880313,0.077410836,0.141440389
KIAA1958,Glioma,High - Low,1.850312381,0.004302604,0.019122198
RABGEF1,Glioma,High - Low,0.296925892,0.05529471,0.109213099
D2HGDH,Glioma,High - Low,1.886104703,0.00416912,0.018727941
ZNF852,Glioma,High - Low,0.90867512,0.08354851,0.149990989
ITPRID2,Glioma,High - Low,0.354872262,0.103282934,0.175416196
CDC25C,Glioma,High - Low,0.542881861,0.310523523,0.414738803
FDFT1,Glioma,High - Low,0.754484776,0.050532102,0.102496794
CLIC1,Glioma,High - Low,0.125949,0.797393209,0.851034996
EPHA7,Glioma,High - Low,-0.945415254,0.034223004,0.077220874
DAPK1,Glioma,High - Low,0.835140593,0.114454771,0.189594676
E4F1,Glioma,High - Low,1.676084416,0.000170103,0.003232449
CLIC2,Glioma,High - Low,1.216864926,0.048714036,0.099767383
SLC22A17,Glioma,High - Low,0.214988279,0.563233315,0.655037643
SMARCA2,Glioma,High - Low,0.325675106,0.165536027,0.252371123
MMS19,Glioma,High - Low,1.08665302,0.000784666,0.007131197
LDB2,Glioma,High - Low,0.063645697,0.923237072,0.945108912
SEMA3B,Glioma,High - Low,0.568898536,0.399224851,0.503133216
VPS11,Glioma,High - Low,1.291373594,0.01139428,0.036087398
DOCK1,Glioma,High - Low,1.190784135,0.040071983,0.086378412
FOXO6,Glioma,High - Low,-0.005945823,0.990312335,0.993047496
CYB561D2,Glioma,High - Low,1.018660847,0.099566,0.170551618
PPP2R2D,Glioma,High - Low,0.654841742,0.001900658,0.011666817
GOLGA6L9,Glioma,High - Low,1.809374389,0.001679737,0.010844575
SH2B3,Glioma,High - Low,0.28068691,0.548982531,0.642688508
GGA3,Glioma,High - Low,0.201017541,0.177861794,0.267257538
GRAP2,Glioma,High - Low,0.232285217,0.421755398,0.524958972
C3orf14,Glioma,High - Low,0.473776306,0.366236983,0.471220599
CLNS1A,Glioma,High - Low,1.134680787,0.000197437,0.003466147
MUTYH,Glioma,High - Low,1.342783412,0.004059946,0.018393384
CLPTM1,Glioma,High - Low,0.730368895,0.035687658,0.079587551
CCR1,Glioma,High - Low,0.17788346,0.770711005,0.830118394
TMEM128,Glioma,High - Low,0.85149953,0.026935854,0.065008505
SIN3B,Glioma,High - Low,0.720396406,0.030996971,0.072149928
MAP3K6,Glioma,High - Low,1.122934468,0.058130913,0.113598215
ZNF461,Glioma,High - Low,1.208611608,0.054807128,0.108544809
RGL1,Glioma,High - Low,0.005191831,0.985014958,0.98939784
ZNF417,Glioma,High - Low,0.347110368,0.016148734,0.045735535
HELQ,Glioma,High - Low,0.650651997,0.079708253,0.144746207
LYPLAL1,Glioma,High - Low,1.469787447,0.003691059,0.017301518
WNT8A,Glioma,High - Low,0.031308787,0.949541948,0.964421125
EIF3K,Glioma,High - Low,0.406610169,0.031854838,0.0735453
AMOTL1,Glioma,High - Low,1.118176118,0.01375904,0.040877494
GANC,Glioma,High - Low,1.056199947,0.024527411,0.060890669
NEMF,Glioma,High - Low,0.674354187,0.010048816,0.033314888
SS18L1,Glioma,High - Low,0.860503822,0.011359352,0.036002903
UMAD1,Glioma,High - Low,0.700725468,0.120704587,0.197498769
KLF13,Glioma,High - Low,0.564756306,0.114225369,0.189286515
TRIM2,Glioma,High - Low,0.809398994,0.307038328,0.411048347
TMED4,Glioma,High - Low,0.936701781,8.21E-07,0.000262142
HEXIM2,Glioma,High - Low,1.089283345,0.029986005,0.070435372
POLR3C,Glioma,High - Low,1.17251236,0.039208859,0.085021793
IFT52,Glioma,High - Low,1.601220799,0.003953819,0.018076172
SHLD1,Glioma,High - Low,0.304727574,0.183041039,0.273174094
ELK3,Glioma,High - Low,0.877194425,0.053093072,0.106097006
MLEC,Glioma,High - Low,0.260036626,0.234104612,0.332299619
CPD,Glioma,High - Low,1.152324468,0.010979818,0.035234989
ARMC7,Glioma,High - Low,1.480625912,0.026848008,0.064856266
SLMAP,Glioma,High - Low,0.486799992,0.12364593,0.201105114
TGDS,Glioma,High - Low,0.76083684,0.059453495,0.115527547
GALNT11,Glioma,High - Low,1.324262307,0.010706076,0.034719287
DUSP18,Glioma,High - Low,0.829425205,0.091754094,0.160520624
CIAO3,Glioma,High - Low,1.64149491,0.000279566,0.004145365
OXLD1,Glioma,High - Low,1.338636623,0.009441903,0.03200177
DYNLRB2,Glioma,High - Low,-0.78380749,0.067155955,0.126714645
STK38,Glioma,High - Low,1.341504453,0.001139784,0.00888664
PTOV1,Glioma,High - Low,0.439891199,0.018651243,0.05047328
SPDYE5,Glioma,High - Low,0.381909531,0.547270896,0.641143328
SETD7,Glioma,High - Low,0.853093232,0.00928741,0.031666683
TM2D3,Glioma,High - Low,0.572969485,0.017264152,0.047883164
ST7L,Glioma,High - Low,0.914298752,0.032424736,0.074512256
PTPRN2,Glioma,High - Low,0.378416845,0.525314754,0.621201777
SHFL,Glioma,High - Low,0.111422173,0.680001638,0.756565385
MYO15B,Glioma,High - Low,0.129473296,0.850830534,0.890547366
CREBL2,Glioma,High - Low,-0.28900559,0.222323673,0.318931068
BLOC1S6,Glioma,High - Low,0.786769243,0.004506913,0.019669673
CRMP1,Glioma,High - Low,1.059424779,0.037199096,0.081911834
MAPK14,Glioma,High - Low,0.685520284,0.005139222,0.021330769
GPALPP1,Glioma,High - Low,1.088263066,0.019340268,0.051635833
SNRPG,Glioma,High - Low,0.65764747,0.00227892,0.012967363
SNF8,Glioma,High - Low,0.486942775,0.014888926,0.043397528
MED29,Glioma,High - Low,0.476473188,0.091912625,0.160683039
HEMK1,Glioma,High - Low,1.006349583,0.017390981,0.048040123
AK8,Glioma,High - Low,-0.12275382,0.643095911,0.724929382
ZDHHC12,Glioma,High - Low,1.221592635,0.040835441,0.087504388
SNCB,Glioma,High - Low,-1.037016816,0.208949111,0.30316608
DMAC1,Glioma,High - Low,0.860161371,0.01866278,0.050475588
SLC35E4,Glioma,High - Low,0.7652475,0.142919381,0.22528816
COX4I1,Glioma,High - Low,0.569217772,0.001885798,0.011597351
TAF1B,Glioma,High - Low,1.064501001,0.050307376,0.102163296
CSNK1G2,Glioma,High - Low,0.81981217,0.000877442,0.007622191
CSNK2B,Glioma,High - Low,0.796459285,4.53E-05,0.001698981
RANBP10,Glioma,High - Low,0.947570556,0.005099955,0.021238459
HSPBAP1,Glioma,High - Low,0.720087702,0.083278018,0.149671804
CSRP2,Glioma,High - Low,0.904805313,0.138966916,0.22028106
PSTPIP1,Glioma,High - Low,0.0290493,0.956723435,0.968859149
SULT1C4,Glioma,High - Low,0.790397498,0.020980841,0.054787027
SFXN1,Glioma,High - Low,1.062184203,3.32E-05,0.00148681
AFG1L,Glioma,High - Low,0.246297096,0.301758107,0.405347173
RPUSD1,Glioma,High - Low,1.154763747,0.038281567,0.08362038
TMC7,Glioma,High - Low,0.128101292,0.855520827,0.894032579
ACSM5,Glioma,High - Low,-0.517555622,0.09318509,0.162503307
CSTF2,Glioma,High - Low,0.032049816,0.835174851,0.87823824
CTBP1,Glioma,High - Low,0.676397423,0.000366033,0.004726305
CTBP2,Glioma,High - Low,0.952781582,2.43E-05,0.001315415
DNAJC13,Glioma,High - Low,0.859183979,0.028616257,0.06803571
LRP10,Glioma,High - Low,0.843668941,0.016103987,0.045662082
ZNF208,Glioma,High - Low,0.684545907,0.004126371,0.018606868
POU6F1,Glioma,High - Low,1.057357285,0.013812823,0.04102797
MTA3,Glioma,High - Low,0.291874062,0.151514923,0.235940163
CTNND1,Glioma,High - Low,0.828627707,0.000666776,0.006471532
CTNND2,Glioma,High - Low,0.499557076,0.184240769,0.274632865
CTSO,Glioma,High - Low,1.661183019,0.000136568,0.002934234
CTSZ,Glioma,High - Low,-0.423630668,0.397633672,0.50175575
CX3CR1,Glioma,High - Low,0.794726257,0.386894502,0.491615849
DAB2,Glioma,High - Low,0.142067478,0.845321525,0.886206719
DAD1,Glioma,High - Low,0.435863495,0.05874879,0.114651647
BRME1,Glioma,High - Low,0.331813033,0.213128932,0.307933912
DGKQ,Glioma,High - Low,0.407020064,0.321725613,0.426351565
DAPK3,Glioma,High - Low,0.893798976,0.002315463,0.013142345
CYP2D7,Glioma,High - Low,1.295913506,0.016041532,0.04553041
DARS1,Glioma,High - Low,0.84270434,0.003265265,0.016117703
DAXX,Glioma,High - Low,1.607784047,0.007121794,0.026490242
MGAT4C,Glioma,High - Low,-0.182130455,0.776531366,0.83480788
DBP,Glioma,High - Low,1.026266337,0.085550512,0.152432793
AKR1C1,Glioma,High - Low,0.413819583,0.422453341,0.525627825
DDT,Glioma,High - Low,1.038457477,0.006689311,0.025357021
NANOGP8,Glioma,High - Low,1.044741344,0.041366439,0.088365506
DDX3X,Glioma,High - Low,0.503558868,0.032993277,0.075284241
DHX9,Glioma,High - Low,0.985062535,9.69E-05,0.002486691
DHX15,Glioma,High - Low,0.800712119,2.27E-05,0.001281426
DECR1,Glioma,High - Low,1.059634551,0.000175963,0.003292999
DHCR7,Glioma,High - Low,2.011914566,0.005187338,0.021459025
DHODH,Glioma,High - Low,1.422929884,0.008331979,0.02943621
DIO3,Glioma,High - Low,0.518402252,0.381081032,0.485831932
DKC1,Glioma,High - Low,2.410129751,3.45E-06,0.000560819
DLG4,Glioma,High - Low,0.303922377,0.331355298,0.435629573
DNAH5,Glioma,High - Low,0.303879894,0.62890406,0.713477243
DNAH6,Glioma,High - Low,-0.042621707,0.938486445,0.956162291
DNAH9,Glioma,High - Low,0.577477013,0.283184473,0.385700021
DNASE1L2,Glioma,High - Low,0.951223756,0.094685452,0.164418651
DYNC1H1,Glioma,High - Low,0.218024521,0.237150921,0.335781896
DNMT1,Glioma,High - Low,1.319585046,0.001182217,0.009018428
DPH1,Glioma,High - Low,1.013883858,0.009220997,0.031538796
DSCAM,Glioma,High - Low,1.698297498,0.000872814,0.007600648
DYRK1A,Glioma,High - Low,0.934313942,0.003037276,0.015488688
ECE1,Glioma,High - Low,0.845503641,0.096670601,0.16695346
S1PR1,Glioma,High - Low,0.837739908,0.169852568,0.2575127
LPAR1,Glioma,High - Low,-0.068889333,0.93427725,0.953057424
EEF1G,Glioma,High - Low,1.29515877,0.00074294,0.006893914
EFNA2,Glioma,High - Low,0.285835648,0.460337949,0.561087765
EFNB3,Glioma,High - Low,0.797208258,0.10323945,0.175371184
CELSR3,Glioma,High - Low,1.133011996,0.014170111,0.041761007
CELSR2,Glioma,High - Low,-0.108148155,0.692728497,0.767010081
EIF2B1,Glioma,High - Low,1.02238864,0.003644507,0.01718931
EIF4B,Glioma,High - Low,0.799100628,0.002162148,0.012667476
ELAVL3,Glioma,High - Low,0.192713298,0.637732535,0.72027049
EMP1,Glioma,High - Low,0.445399703,0.52952554,0.624939418
EMP2,Glioma,High - Low,-0.182426573,0.741548673,0.80606864
EMP3,Glioma,High - Low,0.215494228,0.687741072,0.762648755
ENO1,Glioma,High - Low,0.172669355,0.634792416,0.718290304
EP300,Glioma,High - Low,0.837244674,2.49E-05,0.001327506
EPAS1,Glioma,High - Low,0.771107369,0.151653733,0.236100158
ERN1,Glioma,High - Low,0.573191287,0.203244362,0.296995361
FBL,Glioma,High - Low,1.478231886,0.020352979,0.053656064
EXTL3,Glioma,High - Low,1.602574546,0.00114763,0.008904597
FABP1,Glioma,High - Low,-0.010056214,0.976912075,0.984028793
FABP5,Glioma,High - Low,0.247176801,0.585769343,0.674944269
FABP7,Glioma,High - Low,1.311433781,0.118185434,0.194323984
GPC4,Glioma,High - Low,0.926534294,0.077206481,0.141228298
FHL1,Glioma,High - Low,1.136916196,0.008076557,0.028758868
FOXF1,Glioma,High - Low,-0.323812473,0.518017593,0.614737999
FOXF2,Glioma,High - Low,0.556186227,0.447368218,0.549258123
FOXC1,Glioma,High - Low,-0.717623106,0.13874862,0.220091554
FOXJ1,Glioma,High - Low,0.826870583,0.171044339,0.258899831
FOXO3,Glioma,High - Low,0.694579884,0.006308368,0.024555973
FLNA,Glioma,High - Low,0.926415769,0.030607963,0.071498673
FLT3LG,Glioma,High - Low,0.468937338,0.391596547,0.496002089
FRZB,Glioma,High - Low,-0.394540243,0.437589568,0.54009806
FYB1,Glioma,High - Low,-0.228449848,0.741996478,0.806421506
XRCC6,Glioma,High - Low,0.729617013,5.26E-06,0.000656189
GABBR1,Glioma,High - Low,0.806586783,0.24439952,0.343650258
GALR1,Glioma,High - Low,0.063041169,0.932264985,0.951968917
GAS8,Glioma,High - Low,0.475592679,0.19821184,0.291276956
GATM,Glioma,High - Low,0.07394727,0.915276472,0.93886829
TADA2A,Glioma,High - Low,0.965413014,0.007561379,0.027584602
GDF1,Glioma,High - Low,1.361727389,0.025767795,0.063057668
GDI1,Glioma,High - Low,0.561207399,0.011303133,0.035885529
GDI2,Glioma,High - Low,0.671963613,0.002439435,0.013522234
GFRA2,Glioma,High - Low,-0.884382054,0.142208011,0.224328854
B4GALT1,Glioma,High - Low,0.054894554,0.916739768,0.939927469
GCLC,Glioma,High - Low,0.598834855,0.139742435,0.221185651
GMDS,Glioma,High - Low,1.015089971,0.099503301,0.170486185
GPER1,Glioma,High - Low,0.845757541,0.111096213,0.185486192
GRID2,Glioma,High - Low,1.344739871,0.026139927,0.063698132
GSTA4,Glioma,High - Low,0.665367194,0.008664432,0.030251575
GTF2H3,Glioma,High - Low,1.721323145,3.31E-05,0.00148681
GTF2H4,Glioma,High - Low,1.026353853,0.002874638,0.014983137
GTF3C1,Glioma,High - Low,1.663577882,0.000249341,0.003898854
GTF3C2,Glioma,High - Low,1.001764722,0.000211205,0.003576239
HDAC2,Glioma,High - Low,0.554464261,0.018500365,0.050212536
HIF1A,Glioma,High - Low,1.382977048,3.58E-06,0.000560819
SLC29A2,Glioma,High - Low,2.156171502,0.000336455,0.004534628
PRMT2,Glioma,High - Low,0.498099735,0.005180219,0.021456695
PRMT1,Glioma,High - Low,0.841640042,0.001537527,0.01028401
HSBP1,Glioma,High - Low,0.51602496,0.021717511,0.056095359
HSPB1,Glioma,High - Low,0.069357256,0.886884865,0.917145845
HSPB2,Glioma,High - Low,0.384835184,0.369795421,0.474539983
IGSF3,Glioma,High - Low,1.074867085,0.08584694,0.152799618
NDST1,Glioma,High - Low,0.454553816,0.011934998,0.03722366
MRPL58,Glioma,High - Low,0.823201553,0.019460406,0.051861407
ID4,Glioma,High - Low,1.453106086,0.051192131,0.10343755
IFIT2,Glioma,High - Low,0.574208147,0.239483026,0.338210685
IFIT1,Glioma,High - Low,0.734288682,0.239275411,0.337990393
IGBP1,Glioma,High - Low,1.147366187,0.003709986,0.017354357
IGFBP7,Glioma,High - Low,0.048007929,0.885055854,0.915616016
CCN1,Glioma,High - Low,-0.338386958,0.635211614,0.718490604
IKBKB,Glioma,High - Low,0.73040626,0.005211764,0.021546454
CXCR2,Glioma,High - Low,0.941453577,0.0623561,0.119710911
IL10RA,Glioma,High - Low,0.648759266,0.43585285,0.538309722
IL13RA1,Glioma,High - Low,0.076326329,0.834426733,0.877767773
IL18,Glioma,High - Low,0.528801743,0.447970092,0.549903658
ING2,Glioma,High - Low,0.56122245,0.063353727,0.121093481
INPPL1,Glioma,High - Low,0.802085438,0.002055548,0.012256137
EIF3E,Glioma,High - Low,1.164329572,3.10E-05,0.001447254
IRAK1,Glioma,High - Low,0.975137527,0.017488946,0.048263397
IRF7,Glioma,High - Low,0.616992511,0.469386107,0.568885708
MPPED2,Glioma,High - Low,1.138787407,0.072329177,0.134479682
AARS1,Glioma,High - Low,0.815888255,0.000518259,0.00564993
ACADSB,Glioma,High - Low,1.212631273,0.000454721,0.005296847
ACP5,Glioma,High - Low,-0.259796017,0.626844456,0.71175739
ACTA2,Glioma,High - Low,0.493999087,0.272505435,0.374112788
ACVR2A,Glioma,High - Low,0.779188329,0.06474154,0.123224448
PARP1,Glioma,High - Low,0.625399683,0.001419493,0.009781799
GRK2,Glioma,High - Low,0.530490896,0.004992061,0.020888802
AHNAK,Glioma,High - Low,-0.041269221,0.914198325,0.938203376
AKT2,Glioma,High - Low,0.356864709,0.082754293,0.148914507
ALCAM,Glioma,High - Low,0.825022422,0.010546816,0.034444865
AKR1B1,Glioma,High - Low,0.709250201,0.018863201,0.050791865
ALOX5AP,Glioma,High - Low,0.319393802,0.636290657,0.718991419
AMD1,Glioma,High - Low,0.432999062,0.00309981,0.015635756
AMPH,Glioma,High - Low,-0.045422726,0.938222883,0.956039552
SLC25A6,Glioma,High - Low,0.947601667,0.000449707,0.005278019
AOAH,Glioma,High - Low,-0.159705256,0.745810905,0.809581283
APEH,Glioma,High - Low,1.981025082,0.002067511,0.012293336
APEX1,Glioma,High - Low,1.088973332,0.001316,0.009435152
APOA2,Glioma,High - Low,0.526093043,0.277647599,0.379857891
APOC1,Glioma,High - Low,0.064258656,0.894462464,0.923123685
APOD,Glioma,High - Low,-1.596475719,0.063295058,0.121029113
SHROOM2,Glioma,High - Low,0.973276511,0.134940858,0.215356004
AQP6,Glioma,High - Low,0.01044617,0.982230513,0.98758594
ARAF,Glioma,High - Low,1.267550493,7.58E-05,0.00221107
ARCN1,Glioma,High - Low,0.841056641,0.034065344,0.0769925
ARF4,Glioma,High - Low,0.541474512,0.006836962,0.025723088
ARL4D,Glioma,High - Low,0.535779185,0.330446435,0.434827656
ARF5,Glioma,High - Low,0.524163351,0.007766484,0.027966605
ARF6,Glioma,High - Low,0.89578382,0.011918127,0.037199221
RHOA,Glioma,High - Low,0.319077258,0.212830367,0.30763833
RHOG,Glioma,High - Low,0.9904292,0.178096297,0.267379293
ARL2,Glioma,High - Low,0.267209601,0.226105888,0.323223539
ARSD,Glioma,High - Low,0.532094016,0.242278004,0.34135472
ARVCF,Glioma,High - Low,0.60010749,0.06990062,0.130874991
ASGR1,Glioma,High - Low,0.730395305,0.008253412,0.02922172
ATF4,Glioma,High - Low,0.833311595,6.35E-05,0.002022927
ATP1B3,Glioma,High - Low,0.626782387,0.015769586,0.045039396
ATP2B1,Glioma,High - Low,0.145705532,0.712333989,0.78330738
ATP2B4,Glioma,High - Low,0.482523266,0.019955648,0.052869141
ATP5F1B,Glioma,High - Low,0.772603863,0.000204756,0.003522594
ATP5F1D,Glioma,High - Low,0.795356661,0.009472958,0.032062883
ATP5PB,Glioma,High - Low,0.582178433,0.018811908,0.050700765
ATP6V1A,Glioma,High - Low,0.821490047,0.03759985,0.082599805
ATP6V1B1,Glioma,High - Low,0.824080796,0.122960392,0.200263766
ATP6V1B2,Glioma,High - Low,0.052032707,0.715472418,0.785483848
ATP6V1C1,Glioma,High - Low,0.391661336,0.221958984,0.318477697
ATP5PO,Glioma,High - Low,0.655803274,0.001802511,0.011346289
AUH,Glioma,High - Low,0.249485439,0.119732299,0.19637417
ADGRB1,Glioma,High - Low,1.470919461,0.065487017,0.124263987
ADGRB3,Glioma,High - Low,0.460919304,0.258826181,0.359631879
BCL6,Glioma,High - Low,1.099992237,0.026663462,0.064553386
BGN,Glioma,High - Low,0.629708262,0.470276014,0.569700579
CEACAM1,Glioma,High - Low,-0.199424978,0.737298025,0.802514177
POLR3D,Glioma,High - Low,1.516397722,7.82E-05,0.00224118
C1S,Glioma,High - Low,0.952296659,0.236892876,0.335529903
C5AR1,Glioma,High - Low,0.330574901,0.728463729,0.795809396
CALB2,Glioma,High - Low,-0.288682596,0.627335005,0.712252621
CALM2,Glioma,High - Low,0.220409267,0.351573344,0.455667174
CAMK4,Glioma,High - Low,0.295547787,0.698809801,0.772199958
CAMLG,Glioma,High - Low,1.458027157,0.000141731,0.002993031
CAPN2,Glioma,High - Low,0.816606203,0.001495184,0.01008056
CAPNS1,Glioma,High - Low,0.353473714,0.072492156,0.134744435
CAT,Glioma,High - Low,1.61370862,0.008369547,0.029552989
CAV1,Glioma,High - Low,0.777490885,0.380776523,0.485491548
RUNX1,Glioma,High - Low,0.084749452,0.914577845,0.938445747
CBR1,Glioma,High - Low,-0.689315605,0.26237275,0.36344122
CCND3,Glioma,High - Low,1.322211414,0.02093658,0.054695782
CCNF,Glioma,High - Low,1.086665534,0.01834167,0.049874866
CD2,Glioma,High - Low,-0.58937412,0.478562329,0.577760864
CD9,Glioma,High - Low,0.611396271,0.146702619,0.22981304
CD22,Glioma,High - Low,-0.528014408,0.176000587,0.265084054
CD37,Glioma,High - Low,-0.229847703,0.754501136,0.816958105
CD38,Glioma,High - Low,0.832644435,0.294308575,0.39713307
CD47,Glioma,High - Low,0.264570944,0.15410307,0.239060604
CD48,Glioma,High - Low,0.386085773,0.511860713,0.609363088
CD58,Glioma,High - Low,-0.88379868,0.115438574,0.190838036
CD63,Glioma,High - Low,0.783333922,0.01549862,0.04452028
CD69,Glioma,High - Low,0.666413076,0.326902933,0.431422246
CDK1,Glioma,High - Low,0.586518319,0.439884593,0.542317229
SEPTIN7,Glioma,High - Low,0.225341829,0.191451757,0.283288898
CDH2,Glioma,High - Low,0.846264041,0.017091023,0.047520231
CDH3,Glioma,High - Low,0.068855667,0.878265412,0.910533616
CDH4,Glioma,High - Low,1.939402883,0.011332655,0.035940417
CDH5,Glioma,High - Low,1.360588136,0.007662155,0.027769148
CDH11,Glioma,High - Low,1.258141028,0.00679722,0.025647261
CDK2,Glioma,High - Low,0.480926619,0.338312472,0.442554221
CDK7,Glioma,High - Low,0.000938632,0.998107466,0.998684603
CDKN2D,Glioma,High - Low,-0.199895752,0.376272967,0.480966705
CDO1,Glioma,High - Low,1.085985366,0.14123464,0.223120195
CDR2,Glioma,High - Low,0.081652062,0.770814743,0.830161836
CD52,Glioma,High - Low,-0.190204897,0.771022417,0.830317199
CEBPG,Glioma,High - Low,0.547207848,0.021800242,0.056242476
CEL,Glioma,High - Low,-0.266393589,0.541605141,0.635871243
CENPB,Glioma,High - Low,1.027135666,0.000182788,0.003335381
CENPC,Glioma,High - Low,0.518593963,0.108939666,0.182701044
CENPE,Glioma,High - Low,-0.120342143,0.805059272,0.857032364
CHGB,Glioma,High - Low,0.757514357,0.153568972,0.238373272
CHML,Glioma,High - Low,0.232733767,0.599534441,0.687364661
CKB,Glioma,High - Low,0.391474826,0.423678273,0.52675146
CKS1B,Glioma,High - Low,0.852579335,0.050379196,0.102265862
CMA1,Glioma,High - Low,0.40523069,0.241633857,0.340660288
CNN3,Glioma,High - Low,1.164845936,0.002989998,0.015316137
COL4A1,Glioma,High - Low,0.995061656,0.115038699,0.190345215
COL6A1,Glioma,High - Low,1.08461677,0.181324644,0.271014106
COL6A2,Glioma,High - Low,0.676766142,0.426831612,0.529716237
COL9A2,Glioma,High - Low,-0.39243513,0.423296674,0.526376993
COL16A1,Glioma,High - Low,0.276696122,0.51368357,0.610791926
SLC31A1,Glioma,High - Low,1.003093993,0.022294233,0.057078292
SLC31A2,Glioma,High - Low,-0.468569278,0.320844687,0.425356367
COX5B,Glioma,High - Low,0.348792814,0.04104459,0.087809937
COX6B1,Glioma,High - Low,0.497653448,0.006341288,0.024634299
COX7A1,Glioma,High - Low,-1.446411087,0.045618171,0.095047536
COX7A2,Glioma,High - Low,0.653722714,0.003923842,0.017988398
COX7C,Glioma,High - Low,0.55095187,0.008453949,0.029705826
CPS1,Glioma,High - Low,1.180072543,0.01620719,0.045831693
ATF2,Glioma,High - Low,0.771546603,0.03716991,0.081875105
CRYAB,Glioma,High - Low,1.543902093,0.058537473,0.114315333
CSNK1A1,Glioma,High - Low,1.931976415,6.54E-06,0.00072233
CSNK1D,Glioma,High - Low,0.858957683,6.68E-07,0.000228197
CSNK2A2,Glioma,High - Low,1.121235574,0.01455451,0.042650448
CSPG4,Glioma,High - Low,2.67151266,0.002141521,0.012596106
CCN2,Glioma,High - Low,0.197799634,0.778996029,0.836991809
CTNNA1,Glioma,High - Low,0.415768871,0.057171199,0.112048331
CTSD,Glioma,High - Low,-0.032550869,0.921964864,0.944197478
CUX1,Glioma,High - Low,0.959666089,0.000248062,0.003889676
CYB561,Glioma,High - Low,0.169598002,0.770684222,0.830118394
CYC1,Glioma,High - Low,0.967745398,2.97E-05,0.001422687
ECI1,Glioma,High - Low,1.194937484,0.000577486,0.005969674
DCN,Glioma,High - Low,-0.783124515,0.212252977,0.307142819
DDB1,Glioma,High - Low,0.558784532,0.005622497,0.022734824
GADD45A,Glioma,High - Low,0.65562284,0.168568204,0.255980456
DHPS,Glioma,High - Low,0.826958225,0.000336594,0.004534628
DLAT,Glioma,High - Low,0.603900866,0.008968293,0.030941202
MPP3,Glioma,High - Low,0.860382319,0.077218263,0.141228298
DLST,Glioma,High - Low,0.700006869,0.011398235,0.036091194
DR1,Glioma,High - Low,0.493170771,0.303269427,0.406950498
DUSP6,Glioma,High - Low,0.779102845,0.05264982,0.105538637
E2F4,Glioma,High - Low,0.70373441,0.01132899,0.035940417
E2F5,Glioma,High - Low,2.547056804,0.000182994,0.003335381
DDR1,Glioma,High - Low,1.48777257,0.00307284,0.015563907
EDNRA,Glioma,High - Low,0.888986132,0.064209285,0.122424956
EEF1A2,Glioma,High - Low,-0.470995461,0.666435756,0.745654021
EGR1,Glioma,High - Low,0.114632121,0.865873896,0.901547139
EIF4A2,Glioma,High - Low,0.013766454,0.93532857,0.953649295
EIF5A,Glioma,High - Low,0.913716606,5.22E-05,0.001824194
ELK4,Glioma,High - Low,0.685760327,0.045781596,0.095281901
ENO2,Glioma,High - Low,0.070625495,0.812146272,0.862123491
DMTN,Glioma,High - Low,-1.01466798,0.304054773,0.407637635
EPHX2,Glioma,High - Low,0.093771327,0.870716168,0.904928305
STX2,Glioma,High - Low,0.665317985,0.108537235,0.182259589
ERCC1,Glioma,High - Low,0.668701067,0.009988293,0.033217352
ESD,Glioma,High - Low,0.669137182,0.002909188,0.015097106
ETV6,Glioma,High - Low,0.977265341,0.016700966,0.046723452
EVX1,Glioma,High - Low,0.815247328,0.222409261,0.318983947
EYA3,Glioma,High - Low,0.425396974,0.434244613,0.536829828
EZH1,Glioma,High - Low,0.471712178,0.022467963,0.057349509
ACSL1,Glioma,High - Low,0.346941533,0.615731788,0.701512034
FAU,Glioma,High - Low,0.868835316,0.000711318,0.006700208
FCN1,Glioma,High - Low,-0.410752869,0.225476811,0.322606042
FGF2,Glioma,High - Low,1.039602826,0.00286752,0.014964946
FGFR4,Glioma,High - Low,0.232383658,0.713168467,0.783677276
FKBP3,Glioma,High - Low,0.413918829,0.014682116,0.042957083
FKBP4,Glioma,High - Low,0.67395837,0.003484745,0.016761852
FLT1,Glioma,High - Low,0.694391377,0.289276193,0.392120633
FMOD,Glioma,High - Low,0.726523365,0.297572517,0.400766613
FNTA,Glioma,High - Low,1.119867833,0.020125297,0.053210927
FNTB,Glioma,High - Low,0.496641607,0.014121156,0.041660274
FPR1,Glioma,High - Low,0.282451403,0.681834563,0.758089329
FTH1,Glioma,High - Low,-0.00750253,0.983485869,0.988316868
FUT4,Glioma,High - Low,0.567064952,0.072172727,0.134226919
FYN,Glioma,High - Low,0.859851037,0.011695815,0.036774002
GAB1,Glioma,High - Low,1.218760987,0.028747595,0.068248823
GABPA,Glioma,High - Low,1.160354364,0.00056634,0.005908442
GABPB1,Glioma,High - Low,0.88759886,0.051110866,0.103341128
GABRR1,Glioma,High - Low,0.493484892,0.243919888,0.343107337
GAP43,Glioma,High - Low,1.084267571,0.153175023,0.23793102
GAS1,Glioma,High - Low,1.485317376,0.032254072,0.074270589
GBP1,Glioma,High - Low,0.014602122,0.985837121,0.989566452
GFAP,Glioma,High - Low,1.375598219,0.260401062,0.361321651
GLRX,Glioma,High - Low,0.236872109,0.618079571,0.703697029
GNA11,Glioma,High - Low,0.603654377,0.052083127,0.104621723
GNA15,Glioma,High - Low,0.414987533,0.414656788,0.517912939
GNAI1,Glioma,High - Low,-0.078904707,0.890711858,0.92041428
GNAI2,Glioma,High - Low,0.699912616,0.001165787,0.008953702
GNAQ,Glioma,High - Low,0.184544274,0.319323279,0.424112365
GNAZ,Glioma,High - Low,0.87817247,0.00688557,0.025868799
GNB1,Glioma,High - Low,0.11085832,0.56228111,0.654395251
GNB3,Glioma,High - Low,0.851247545,0.088696063,0.156699171
GNS,Glioma,High - Low,0.766476114,0.066243602,0.125390701
GOLGA1,Glioma,High - Low,0.566387306,0.07702801,0.14100028
GOLGA4,Glioma,High - Low,0.724621933,0.000840532,0.007461078
GOT1,Glioma,High - Low,-0.592571242,0.130899489,0.21029043
GOT2,Glioma,High - Low,0.545173539,0.316236086,0.420951513
GPC1,Glioma,High - Low,0.782409917,0.055117468,0.108978105
GPX3,Glioma,High - Low,-0.431168623,0.410583171,0.513837265
GRB2,Glioma,High - Low,0.223641862,0.238948561,0.337689923
GRN,Glioma,High - Low,0.852415062,0.093923676,0.163334132
GRIK5,Glioma,High - Low,1.025489727,0.074707331,0.137862106
CXCL2,Glioma,High - Low,0.320325934,0.642959187,0.724837664
CXCL3,Glioma,High - Low,-1.206012314,0.054659156,0.108367464
GSK3B,Glioma,High - Low,0.645828582,0.004265369,0.019041969
GSPT1,Glioma,High - Low,1.336292898,7.76E-05,0.002233959
GTF2E2,Glioma,High - Low,0.566059403,0.016587457,0.046534343
GTF3A,Glioma,High - Low,0.639245106,0.02711667,0.06536056
GUCA1B,Glioma,High - Low,0.80303,0.083866745,0.150420177
GYS1,Glioma,High - Low,1.702045665,0.000390108,0.004902543
H2AX,Glioma,High - Low,0.645542278,0.025193808,0.062074244
H3-3A,Glioma,High - Low,0.826450542,0.000597585,0.006088853
HCK,Glioma,High - Low,0.30006005,0.702499524,0.774945343
HTT,Glioma,High - Low,0.716377548,0.031889925,0.073613327
HIVEP1,Glioma,High - Low,0.471010072,0.205561398,0.299645445
HK3,Glioma,High - Low,-0.600501447,0.295008128,0.397872004
HLA-C,Glioma,High - Low,0.301445374,0.519996228,0.616304029
HLA-DMB,Glioma,High - Low,-0.294577754,0.455850705,0.557070494
HLA-DOA,Glioma,High - Low,-0.515668499,0.504164783,0.602063982
HLA-DOB,Glioma,High - Low,0.462592093,0.410186587,0.513390018
HLA-DPB1,Glioma,High - Low,-0.386196609,0.590614445,0.679100283
HLA-DQA1,Glioma,High - Low,0.066001873,0.937521601,0.955548055
HLA-DQB1,Glioma,High - Low,-0.444798708,0.635365848,0.718492627
HLA-DRB1,Glioma,High - Low,-0.117994889,0.85089342,0.890547366
HLF,Glioma,High - Low,-0.07831946,0.900303085,0.927401985
HMGB1,Glioma,High - Low,0.85283454,9.40E-05,0.002451804
HMGCS1,Glioma,High - Low,0.880611167,0.041624885,0.088775797
HMOX1,Glioma,High - Low,0.331708366,0.641017527,0.72339618
HNRNPA2B1,Glioma,High - Low,0.917694649,7.31E-06,0.000741828
HNRNPD,Glioma,High - Low,0.880396464,5.04E-05,0.001799939
HNRNPK,Glioma,High - Low,0.961040473,7.57E-08,8.24E-05
HPCA,Glioma,High - Low,-0.348743558,0.687655534,0.762648755
HOXB2,Glioma,High - Low,0.019666203,0.977096492,0.98408649
HOXB3,Glioma,High - Low,0.863390648,0.214838341,0.309993211
HOXD10,Glioma,High - Low,-0.192063292,0.738949652,0.803910909
HPCAL1,Glioma,High - Low,-0.431376392,0.359018472,0.463481448
HSPA4,Glioma,High - Low,0.629698288,0.016130023,0.045722103
HSPA6,Glioma,High - Low,0.670181854,0.45502376,0.556319553
HSPD1,Glioma,High - Low,1.159026474,0.002083094,0.012341473
HSPE1,Glioma,High - Low,0.625489302,0.000267355,0.004079815
FOXN2,Glioma,High - Low,1.414032086,0.00308443,0.015598469
TNC,Glioma,High - Low,0.78514094,0.346522282,0.450844351
IARS1,Glioma,High - Low,1.466114258,7.01E-05,0.002130281
IRF8,Glioma,High - Low,0.435075786,0.604195129,0.691111405
ID1,Glioma,High - Low,1.367644504,0.008896703,0.030807864
ID2,Glioma,High - Low,1.246773069,0.001207392,0.009061784
IDH2,Glioma,High - Low,0.523934153,0.041062902,0.087834761
IFNA14,Glioma,High - Low,-0.311694577,0.591468885,0.679903609
IFNA16,Glioma,High - Low,-0.129373199,0.676519014,0.753843698
IGHMBP2,Glioma,High - Low,0.141117003,0.388609416,0.493364014
IL6ST,Glioma,High - Low,0.710547288,0.009506848,0.032107976
IL13,Glioma,High - Low,0.228021911,0.574807071,0.66507149
INHA,Glioma,High - Low,0.83705356,0.180424463,0.270004272
INHBA,Glioma,High - Low,0.645509399,0.305779886,0.409614902
INSM1,Glioma,High - Low,2.011088854,0.001452872,0.009915602
ACO1,Glioma,High - Low,1.199448428,0.021351422,0.055488247
IRF2,Glioma,High - Low,1.246006786,0.026524356,0.064395215
IRF5,Glioma,High - Low,0.389986928,0.481950223,0.580895147
ISG20,Glioma,High - Low,0.270191833,0.724230057,0.792705579
ITGA3,Glioma,High - Low,0.061203922,0.861088443,0.897673399
ITGA5,Glioma,High - Low,0.521224626,0.433531879,0.536049947
ITGA9,Glioma,High - Low,1.202138961,0.018710454,0.050555126
ITGAV,Glioma,High - Low,0.810202613,0.001327179,0.009485128
ITGB5,Glioma,High - Low,-0.064832857,0.878604212,0.910679853
ITGB8,Glioma,High - Low,0.914778208,0.000803904,0.007258978
ITIH4,Glioma,High - Low,0.753691371,0.139709794,0.221160721
ITPKA,Glioma,High - Low,-0.331061556,0.618619173,0.704066484
ITPKB,Glioma,High - Low,0.053009101,0.883964288,0.914703582
ITPR2,Glioma,High - Low,0.994942703,0.000326082,0.004470571
ITPR3,Glioma,High - Low,-0.784726516,0.020180326,0.053313359
IVD,Glioma,High - Low,0.755479373,0.014905453,0.043426145
JAK1,Glioma,High - Low,1.292293992,0.002211489,0.01284086
JUN,Glioma,High - Low,0.461924864,0.389723157,0.494298682
JUP,Glioma,High - Low,0.183892968,0.698765382,0.772199958
CD82,Glioma,High - Low,0.943840782,0.055531114,0.109498324
KCNA6,Glioma,High - Low,0.000984025,0.99815067,0.998684603
KCNF1,Glioma,High - Low,0.279924971,0.719585489,0.788681403
KCNH1,Glioma,High - Low,-0.062344663,0.897687311,0.925611904
KCNJ6,Glioma,High - Low,-0.252575063,0.707093006,0.778962451
KCNJ10,Glioma,High - Low,0.338498329,0.385019498,0.489851354
KCNK1,Glioma,High - Low,-0.987321631,0.066653221,0.125965737
KCNN1,Glioma,High - Low,-0.015136631,0.982825867,0.98788109
KCNN3,Glioma,High - Low,0.659102514,0.269296604,0.370796872
KCNS3,Glioma,High - Low,-0.671886848,0.033927476,0.076760402
KDR,Glioma,High - Low,1.14550888,0.02460707,0.061019008
KIF3C,Glioma,High - Low,1.193232215,0.010657781,0.0346689
KLRC2,Glioma,High - Low,0.39235917,0.35940602,0.463844555
KPNA1,Glioma,High - Low,0.358155617,0.001124101,0.008838894
KPNB1,Glioma,High - Low,0.97861452,5.51E-05,0.001878269
KPNA3,Glioma,High - Low,-0.153052852,0.478442981,0.577670043
KPNA4,Glioma,High - Low,0.734924751,0.137717767,0.218907214
TNPO1,Glioma,High - Low,0.595824154,0.010257122,0.033798752
IPO5,Glioma,High - Low,1.382632894,0.0039842,0.018150705
KRT8,Glioma,High - Low,0.803945535,0.186651258,0.27751816
KRT35,Glioma,High - Low,-0.073653961,0.872495846,0.906385298
LAIR1,Glioma,High - Low,0.452715639,0.556229314,0.648967243
LAMB1,Glioma,High - Low,0.848684927,0.346509488,0.450844351
LAMB2,Glioma,High - Low,0.585065683,0.051478528,0.103805385
LAMC1,Glioma,High - Low,0.409538651,0.155003112,0.240096051
LAMP2,Glioma,High - Low,0.350213547,0.201494236,0.295030646
RPSA,Glioma,High - Low,1.252805198,6.92E-06,0.000733353
LBR,Glioma,High - Low,1.04047885,0.009942983,0.033105317
LCP1,Glioma,High - Low,-0.152633195,0.857805172,0.89570485
LECT2,Glioma,High - Low,-0.530519433,0.061093075,0.117931066
LIF,Glioma,High - Low,-0.386100085,0.44720941,0.549175839
LIG3,Glioma,High - Low,1.365334621,0.003153089,0.015763038
LIG4,Glioma,High - Low,0.700419859,0.198294078,0.291354995
LIMK1,Glioma,High - Low,0.807689629,0.073808805,0.136593261
LMO1,Glioma,High - Low,1.609294777,0.015646637,0.044817636
LOXL2,Glioma,High - Low,0.974484396,0.143818326,0.226378136
LRCH4,Glioma,High - Low,0.565913385,0.021871877,0.05636642
LRP1,Glioma,High - Low,0.559764445,0.030184422,0.070764194
LRP3,Glioma,High - Low,1.158490855,0.006133946,0.024110405
LRP4,Glioma,High - Low,0.97244487,0.021526928,0.055724016
LRP5,Glioma,High - Low,1.503746555,0.008742015,0.030425092
LRP6,Glioma,High - Low,0.43979295,0.0888953,0.156975115
LSAMP,Glioma,High - Low,1.191281952,0.144403049,0.227080126
LSP1,Glioma,High - Low,0.698123038,0.414258027,0.517639827
LSS,Glioma,High - Low,0.733796269,0.094817763,0.164604744
LTF,Glioma,High - Low,0.452029078,0.166223828,0.253272265
LUM,Glioma,High - Low,-0.658076453,0.373851968,0.478548357
LY6E,Glioma,High - Low,0.474060492,0.336700794,0.440798269
LY6H,Glioma,High - Low,-0.869313108,0.109294981,0.183174273
LYN,Glioma,High - Low,1.247441268,0.097507604,0.168148948
MXD1,Glioma,High - Low,0.169315434,0.590092713,0.67867919
MAD2L1,Glioma,High - Low,1.722699298,0.010280441,0.033837399
MAFG,Glioma,High - Low,0.633704318,0.000971704,0.008128762
MAFK,Glioma,High - Low,0.484816953,0.172326213,0.260448702
MAGOH,Glioma,High - Low,0.647536095,0.07660244,0.140430656
MAL,Glioma,High - Low,-1.696121225,0.026755871,0.064728238
MAN2A1,Glioma,High - Low,0.005905826,0.989371239,0.992403098
MAP1A,Glioma,High - Low,-0.0640117,0.839411073,0.881701498
MARK3,Glioma,High - Low,0.588341276,0.000674227,0.006505267
MATN1,Glioma,High - Low,-0.487598987,0.321133991,0.42565371
MATN2,Glioma,High - Low,1.090111402,0.036788413,0.081335814
MATN3,Glioma,High - Low,1.69105846,0.001553406,0.010339984
MAX,Glioma,High - Low,0.600879246,0.00567246,0.022860789
MAZ,Glioma,High - Low,0.099488936,0.620319186,0.705571983
MBP,Glioma,High - Low,-1.456705415,0.186748708,0.277631524
MCM3,Glioma,High - Low,1.318750619,0.000399299,0.004936755
ADAM11,Glioma,High - Low,-0.330734454,0.432289,0.534866744
ME1,Glioma,High - Low,-0.48230792,0.355447826,0.45950616
ME2,Glioma,High - Low,0.684054102,0.017596793,0.048412441
MEF2C,Glioma,High - Low,-0.341976447,0.45841151,0.559360186
MEIS1,Glioma,High - Low,1.08049854,0.052531209,0.10536016
MEIS2,Glioma,High - Low,1.475326942,0.03804564,0.083230003
MAP3K3,Glioma,High - Low,0.543351903,0.012481291,0.038333931
MFAP4,Glioma,High - Low,0.228873499,0.676127663,0.753471741
MFNG,Glioma,High - Low,0.579014794,0.214031769,0.308999664
MGAT2,Glioma,High - Low,1.51749589,0.019317694,0.05160654
MGAT5,Glioma,High - Low,0.375795921,0.158794412,0.244887542
MGMT,Glioma,High - Low,-0.805649125,0.171912278,0.259952527
MGST2,Glioma,High - Low,0.557021517,0.213413961,0.308274463
CD99,Glioma,High - Low,0.151723961,0.768015947,0.827896657
MKI67,Glioma,High - Low,1.099105409,0.122097242,0.199279381
MAP3K11,Glioma,High - Low,0.86752895,0.061887421,0.11903805
MMP15,Glioma,High - Low,2.005753088,0.00513444,0.021321034
MN1,Glioma,High - Low,0.716732754,0.113490835,0.188403132
MNDA,Glioma,High - Low,0.739578014,0.331562135,0.435816119
MPV17,Glioma,High - Low,0.966910924,0.000522774,0.005665896
MSH3,Glioma,High - Low,1.131564656,0.001981851,0.011979856
MSI1,Glioma,High - Low,1.145569549,0.000271733,0.004099969
MSN,Glioma,High - Low,0.13575259,0.720576409,0.789564559
MSR1,Glioma,High - Low,0.461197953,0.524895417,0.620798917
MAP3K10,Glioma,High - Low,0.325957229,0.234529068,0.332757812
MSX1,Glioma,High - Low,1.611462641,0.011565833,0.036507099
MSX2,Glioma,High - Low,0.703686638,0.154711407,0.239805428
MTAP,Glioma,High - Low,0.719397181,0.128944319,0.207684581
NUDT1,Glioma,High - Low,0.754109644,0.231320953,0.329026099
MTRR,Glioma,High - Low,0.369666964,0.096800073,0.167115421
MTX1,Glioma,High - Low,1.232906118,0.003478122,0.016742299
MUC5B,Glioma,High - Low,-0.128367553,0.747342378,0.810750995
MVD,Glioma,High - Low,0.95070983,0.025436458,0.062472247
MX1,Glioma,High - Low,0.348264546,0.600136638,0.6879346
MYBL2,Glioma,High - Low,0.844620525,0.226289295,0.323415101
MYC,Glioma,High - Low,1.085142338,0.058970397,0.114929951
MYD88,Glioma,High - Low,1.030770842,0.097725597,0.168361932
MYF6,Glioma,High - Low,-0.912936739,0.019213443,0.051412551
MYH3,Glioma,High - Low,1.023923288,0.066389295,0.125629518
MYH9,Glioma,High - Low,0.089047744,0.736084991,0.801460357
MYL5,Glioma,High - Low,0.320018197,0.468628419,0.56833567
MYOD1,Glioma,High - Low,-0.357837726,0.392000174,0.496417282
PPP1R12A,Glioma,High - Low,1.185478152,0.002352357,0.01322999
PPP1R12B,Glioma,High - Low,1.021564259,0.077220911,0.141228298
NBN,Glioma,High - Low,2.479182313,9.61E-07,0.000280266
NCBP1,Glioma,High - Low,0.554583104,0.042532446,0.090288381
NDN,Glioma,High - Low,0.624757692,0.439502865,0.541999718
NDUFA4,Glioma,High - Low,0.556022297,0.016316172,0.046030519
NDUFA6,Glioma,High - Low,0.941602971,0.000847697,0.007484086
NDUFB3,Glioma,High - Low,0.595613306,0.000190691,0.003404782
NDUFB5,Glioma,High - Low,1.260484019,0.002996454,0.015343203
NDUFB6,Glioma,High - Low,0.270984611,0.089851819,0.158086203
NDUFC1,Glioma,High - Low,1.144804856,0.028470568,0.067763538
NDUFS4,Glioma,High - Low,0.422261815,0.024974478,0.061649856
NDUFS8,Glioma,High - Low,1.165926188,0.000184222,0.003336123
NEK2,Glioma,High - Low,-0.302514101,0.603621473,0.690599087
NEK3,Glioma,High - Low,0.640370308,0.271368108,0.372903299
NEO1,Glioma,High - Low,0.902186205,0.014763676,0.043118628
NEUROD1,Glioma,High - Low,0.95977281,0.117509005,0.193396925
NFIX,Glioma,High - Low,1.285517512,0.000704342,0.006658448
NFKBIB,Glioma,High - Low,0.803528559,0.157049942,0.242683217
NFX1,Glioma,High - Low,0.979771814,0.000697869,0.006645249
NFYA,Glioma,High - Low,0.363088956,0.021411268,0.055556428
NGFR,Glioma,High - Low,1.037406009,0.193684004,0.285800143
NID1,Glioma,High - Low,1.07944456,0.016087164,0.04565003
NME3,Glioma,High - Low,0.895451783,0.007749808,0.027944984
NOVA2,Glioma,High - Low,0.673624948,0.205704104,0.2998057
NPAS2,Glioma,High - Low,0.384576089,0.473811567,0.573347029
NPAT,Glioma,High - Low,1.027806455,0.015394776,0.044358232
NPPB,Glioma,High - Low,-0.694000825,0.113129784,0.187994449
NPTX1,Glioma,High - Low,-0.813588472,0.274812229,0.376924001
NPTX2,Glioma,High - Low,-0.901070347,0.218402146,0.314269622
NRAS,Glioma,High - Low,1.201422242,0.004755323,0.020366843
NT5E,Glioma,High - Low,0.595880265,0.277527946,0.379808476
NTHL1,Glioma,High - Low,1.50455125,0.000834717,0.007424558
TBC1D25,Glioma,High - Low,1.444958788,0.009627597,0.032379688
OAZ2,Glioma,High - Low,0.380459031,0.043484466,0.091755377
OLR1,Glioma,High - Low,-0.660790394,0.407851381,0.511347135
OMG,Glioma,High - Low,-0.44973107,0.561565273,0.653794605
TNFRSF11B,Glioma,High - Low,0.373927705,0.485849056,0.58483237
ORC5,Glioma,High - Low,0.321761641,0.618039344,0.703697029
SLC22A18,Glioma,High - Low,0.257012601,0.606097679,0.692645274
OSBP,Glioma,High - Low,0.668051875,0.003306185,0.016230929
OVGP1,Glioma,High - Low,-0.226084531,0.499816997,0.597853457
P2RX7,Glioma,High - Low,0.627949227,0.165438482,0.252252669
P2RY1,Glioma,High - Low,1.425811462,0.049767205,0.101337793
P2RY11,Glioma,High - Low,0.966277663,0.045508894,0.094902545
PEBP1,Glioma,High - Low,0.205934931,0.409050481,0.512359891
PABPC1,Glioma,High - Low,0.7942685,0.009783915,0.032728871
PCSK6,Glioma,High - Low,-0.65313941,0.260812016,0.361759917
PAFAH1B2,Glioma,High - Low,0.537844521,0.00104609,0.008475533
PRDX1,Glioma,High - Low,-0.276098264,0.524250064,0.620222833
PAK1,Glioma,High - Low,-0.510688647,0.272079635,0.373724157
PAK2,Glioma,High - Low,0.90236072,0.001377986,0.009601901
PBX1,Glioma,High - Low,1.016927343,0.051711487,0.104133492
PBX2,Glioma,High - Low,0.814632853,0.004126964,0.018606868
PCDH1,Glioma,High - Low,1.221645785,0.023026815,0.058270213
PCDH7,Glioma,High - Low,0.557044551,0.323939727,0.428634951
PCDH8,Glioma,High - Low,0.760443215,0.370004522,0.474668744
PCOLCE,Glioma,High - Low,-0.387458261,0.597641479,0.685734807
PCSK2,Glioma,High - Low,0.064444333,0.915162023,0.93886829
CDK17,Glioma,High - Low,0.276602151,0.049811055,0.101395544
CDK18,Glioma,High - Low,-0.748513659,0.247342693,0.34673014
PDE6D,Glioma,High - Low,0.765087608,0.084114738,0.150709066
PDE7A,Glioma,High - Low,0.398652981,0.039245807,0.085087821
PDGFA,Glioma,High - Low,1.165609344,0.073658466,0.136446505
PDGFRB,Glioma,High - Low,0.562707,0.431439564,0.534045059
PDK1,Glioma,High - Low,0.760861285,0.153674791,0.23850925
PDK2,Glioma,High - Low,0.582889629,0.093182996,0.162503307
PDK4,Glioma,High - Low,0.111852137,0.832127788,0.87637139
PDPK1,Glioma,High - Low,0.727921344,0.01584447,0.045186591
SERPINF1,Glioma,High - Low,-0.515272694,0.443714809,0.545762423
PER1,Glioma,High - Low,0.672725807,0.109581464,0.183565777
PEX13,Glioma,High - Low,0.90455353,0.038603203,0.084140459
PFDN1,Glioma,High - Low,0.632864227,0.007443846,0.027292713
PFDN4,Glioma,High - Low,0.857740146,0.0151656,0.043920193
PFKP,Glioma,High - Low,0.222409164,0.521497099,0.617859154
PFN2,Glioma,High - Low,0.435229695,0.344116655,0.448488888
PGD,Glioma,High - Low,0.831552179,0.021888942,0.05639353
PGF,Glioma,High - Low,0.941844058,0.114992669,0.190304104
PIGF,Glioma,High - Low,0.843770915,0.028825366,0.06837147
PIK3C2A,Glioma,High - Low,0.353913485,0.171138217,0.259011984
PIK3C2B,Glioma,High - Low,1.532542461,0.016599674,0.046539516
PIK3C3,Glioma,High - Low,0.595686764,0.053983398,0.107368165
PIM1,Glioma,High - Low,1.095988233,0.09162904,0.16036613
PIK3CG,Glioma,High - Low,0.00544647,0.991066676,0.993489828
PITX1,Glioma,High - Low,-0.474060025,0.183091723,0.273218592
PLAGL2,Glioma,High - Low,1.712853174,0.007757012,0.027950078
PLCG1,Glioma,High - Low,1.182369152,0.000413721,0.005038925
PLCG2,Glioma,High - Low,0.405262922,0.344662176,0.449021082
PLP2,Glioma,High - Low,0.418780294,0.417127713,0.520138395
PLRG1,Glioma,High - Low,0.875715529,0.00192313,0.01174967
PML,Glioma,High - Low,1.263654434,0.072015375,0.134000271
PMM1,Glioma,High - Low,0.450452094,0.239936129,0.338667933
PMP2,Glioma,High - Low,0.6504914,0.437873945,0.540347178
PNN,Glioma,High - Low,0.732887795,0.001351646,0.009540213
SEPTIN5,Glioma,High - Low,0.711980538,0.411783182,0.515043677
POLA2,Glioma,High - Low,0.939153197,0.124321954,0.201853589
POLB,Glioma,High - Low,0.65469347,0.075571981,0.139022616
POLG,Glioma,High - Low,0.554042153,0.007899117,0.028335105
POLR2E,Glioma,High - Low,0.47327396,0.00413968,0.018644936
POLR2G,Glioma,High - Low,2.320245142,9.26E-05,0.002446545
POU2F1,Glioma,High - Low,0.488390535,0.037812459,0.082846008
POU5F1,Glioma,High - Low,0.548876828,0.034973779,0.078436398
PPAT,Glioma,High - Low,0.781612348,0.024473785,0.060792121
PPBP,Glioma,High - Low,0.840372694,0.053520593,0.10672329
PPP1CA,Glioma,High - Low,0.912725079,0.014386241,0.04223297
PPP1CB,Glioma,High - Low,0.656481258,0.002271137,0.012939946
PPP1CC,Glioma,High - Low,1.004958023,3.62E-05,0.001512467
PPP1R7,Glioma,High - Low,0.414939915,0.050145973,0.101903031
PPP1R10,Glioma,High - Low,1.508443505,0.000691487,0.00661816
PPP2CA,Glioma,High - Low,0.542527819,0.001089594,0.008661332
PPP2R1B,Glioma,High - Low,0.926060945,0.015475262,0.044492228
PPP2R3A,Glioma,High - Low,0.408140543,0.441907714,0.544043038
PPP2R5C,Glioma,High - Low,0.577571773,0.000929569,0.007898018
PPP4C,Glioma,High - Low,0.828584794,0.003198026,0.015890607
PPP6C,Glioma,High - Low,0.824654162,0.000895114,0.007718172
PREP,Glioma,High - Low,1.03234256,0.022932052,0.058134829
PRG2,Glioma,High - Low,0.349754412,0.520477328,0.616818397
PRKACA,Glioma,High - Low,0.2165562,0.138127907,0.219362502
PRKAG1,Glioma,High - Low,1.372079493,0.000274297,0.004113826
PRKCA,Glioma,High - Low,1.03419689,0.071261504,0.132877573
PRKCI,Glioma,High - Low,0.38694774,0.204445318,0.298385109
PRKD1,Glioma,High - Low,1.301695932,0.003820591,0.017696959
PRKCSH,Glioma,High - Low,0.902195045,0.000358475,0.004691029
PRKCZ,Glioma,High - Low,-0.390685979,0.487453489,0.586332433
MAPK4,Glioma,High - Low,0.279096156,0.673074129,0.751091755
MAPK6,Glioma,High - Low,0.693965367,0.023016609,0.058265552
MAPK8,Glioma,High - Low,1.001110911,0.005969047,0.023708418
MAPK11,Glioma,High - Low,1.523417112,0.02225758,0.057017901
MAP2K1,Glioma,High - Low,-0.152151625,0.574270537,0.664685656
MAP2K6,Glioma,High - Low,1.155833556,0.028575649,0.067963845
PROX1,Glioma,High - Low,1.271676606,0.049876469,0.101449838
PRPS1,Glioma,High - Low,0.798323167,0.00050828,0.00559236
PRPSAP1,Glioma,High - Low,0.61885511,0.009896143,0.033019176
PRPSAP2,Glioma,High - Low,0.785159423,0.005954732,0.023668883
CHMP1A,Glioma,High - Low,0.627483671,0.001648593,0.010706859
PRSS3,Glioma,High - Low,0.480827088,0.414717588,0.51791936
KLK6,Glioma,High - Low,-1.209586746,0.09740486,0.168048732
HTRA1,Glioma,High - Low,1.02520131,0.062164304,0.11941274
PSMA2,Glioma,High - Low,0.619326313,0.001829094,0.011399499
PSMA4,Glioma,High - Low,0.753623097,0.022050931,0.056665917
PSMA5,Glioma,High - Low,0.597943943,0.029899153,0.07026067
PSMA6,Glioma,High - Low,1.684420865,0.00024612,0.003867119
PSMA7,Glioma,High - Low,1.00609454,0.000724001,0.006766124
PSMB1,Glioma,High - Low,0.318982837,0.232566184,0.330545923
PSMB2,Glioma,High - Low,0.683845093,0.006160492,0.024160143
PSMB6,Glioma,High - Low,0.704816688,0.005979408,0.023738142
PSMB7,Glioma,High - Low,0.649623049,0.000295851,0.00422879
PSMB9,Glioma,High - Low,0.808422824,0.104149914,0.176453781
PSMC2,Glioma,High - Low,0.796200397,0.017648791,0.048478468
PSMC5,Glioma,High - Low,1.094020675,0.00140715,0.009730362
PSMC6,Glioma,High - Low,0.587815916,0.004871039,0.020612966
PSMD2,Glioma,High - Low,0.724324367,8.36E-05,0.002304572
PSMD3,Glioma,High - Low,0.905136665,1.08E-07,8.24E-05
PSMD4,Glioma,High - Low,0.803190883,6.46E-05,0.002038299
PSMD7,Glioma,High - Low,0.55990078,0.006757219,0.025540493
PSMD8,Glioma,High - Low,0.349218939,0.059763931,0.116027455
PSMD10,Glioma,High - Low,1.670850094,0.001003663,0.008294633
PSME2,Glioma,High - Low,0.822515575,0.011775906,0.036939896
TWF1,Glioma,High - Low,1.09428865,0.011319519,0.03592013
PTMA,Glioma,High - Low,0.309914705,0.200406718,0.293799704
PTMS,Glioma,High - Low,1.01100352,0.000489779,0.005490372
PTN,Glioma,High - Low,0.820032229,0.090103851,0.158474967
PTPN1,Glioma,High - Low,0.567140257,0.04241334,0.090090503
PTPN2,Glioma,High - Low,1.076179088,0.02138811,0.055551382
PTPN4,Glioma,High - Low,1.275905158,0.017249219,0.04785845
PTPN6,Glioma,High - Low,0.131793827,0.809388757,0.860001902
PTPN9,Glioma,High - Low,1.775429935,0.000700278,0.006645636
PTPN11,Glioma,High - Low,0.620575274,0.007003885,0.026223009
PTPN12,Glioma,High - Low,0.737435073,0.032367748,0.07442763
PTPRA,Glioma,High - Low,0.701439099,0.005669271,0.022860789
PTPRD,Glioma,High - Low,-0.258565246,0.703623596,0.775798855
PTPRF,Glioma,High - Low,0.21356277,0.695170732,0.769258823
PTPRG,Glioma,High - Low,0.32085537,0.287634547,0.390460082
PTPRM,Glioma,High - Low,1.229460267,0.015136629,0.043884827
PTPRS,Glioma,High - Low,1.364701639,0.001800395,0.01133842
PTPRZ1,Glioma,High - Low,1.743546354,0.004915129,0.020683214
PTX3,Glioma,High - Low,0.387707678,0.608937983,0.694920685
PYGB,Glioma,High - Low,1.068542968,0.002839313,0.014911802
PYGL,Glioma,High - Low,0.527837543,0.317379413,0.422044348
PZP,Glioma,High - Low,-0.72513833,0.143982435,0.226556638
RAB2A,Glioma,High - Low,0.607185486,0.018408192,0.050034972
RAB3A,Glioma,High - Low,-0.594224701,0.41315616,0.516514237
RAB5B,Glioma,High - Low,0.54720678,0.000358188,0.004691029
RAB6A,Glioma,High - Low,0.663958366,0.001614837,0.01058649
RAB13,Glioma,High - Low,0.778218325,0.04328043,0.091416782
RABIF,Glioma,High - Low,0.721824877,0.073130601,0.135603874
RAC2,Glioma,High - Low,0.31467939,0.682805384,0.758975371
RAD23B,Glioma,High - Low,0.35826461,0.011252773,0.035803781
RAD51C,Glioma,High - Low,0.332635399,0.017377829,0.048032069
RAD51B,Glioma,High - Low,0.550081497,0.121209369,0.198101894
RAD51D,Glioma,High - Low,0.774812084,0.142953338,0.22531456
RAF1,Glioma,High - Low,1.23022899,7.71E-05,0.002233406
RALB,Glioma,High - Low,0.196251805,0.674269504,0.751977054
RANBP1,Glioma,High - Low,1.246101807,0.001778789,0.011277117
RANGAP1,Glioma,High - Low,0.273697363,0.212330892,0.307155997
RAP1GAP,Glioma,High - Low,0.489272983,0.384564175,0.48941473
RARS1,Glioma,High - Low,0.82892178,0.006477487,0.024922051
RARRES2,Glioma,High - Low,0.069737662,0.90011358,0.92731034
RASA1,Glioma,High - Low,0.916520926,0.036442837,0.080803736
RBBP7,Glioma,High - Low,1.097002324,3.61E-05,0.001512467
RBBP8,Glioma,High - Low,1.025273014,0.019263157,0.051513993
RBP1,Glioma,High - Low,0.943682046,0.065604245,0.124432592
RCN1,Glioma,High - Low,0.842359313,0.007117167,0.026480552
RCN2,Glioma,High - Low,1.170660217,0.055508566,0.109489658
NELFE,Glioma,High - Low,1.020090012,0.003118344,0.015655093
RDH5,Glioma,High - Low,0.477439299,0.386965807,0.491640095
RENBP,Glioma,High - Low,0.684954758,0.25350577,0.353926296
UPF1,Glioma,High - Low,0.820069939,0.063706226,0.121623429
REV3L,Glioma,High - Low,0.518070807,0.024971302,0.061649856
RFC3,Glioma,High - Low,1.199246411,0.018464985,0.050154591
RFNG,Glioma,High - Low,0.920093753,0.00233772,0.01318164
RFX1,Glioma,High - Low,0.438283344,0.385992078,0.490674431
RGR,Glioma,High - Low,1.534047658,0.018131968,0.049438122
RGS1,Glioma,High - Low,0.718479132,0.421238462,0.524514996
RGS2,Glioma,High - Low,0.701594434,0.325380654,0.430174372
RGS7,Glioma,High - Low,0.142801078,0.777341347,0.835472849
RGS16,Glioma,High - Low,0.415800071,0.424712779,0.527837154
RIT2,Glioma,High - Low,0.252453043,0.652703187,0.734052811
RING1,Glioma,High - Low,0.714320208,0.000232782,0.0037666
RNASE1,Glioma,High - Low,-0.836636274,0.326937189,0.431423969
RNASEH1,Glioma,High - Low,1.700026149,0.000126614,0.002853276
RNF4,Glioma,High - Low,1.017725462,0.034822162,0.07824379
ROBO1,Glioma,High - Low,1.338134982,0.028787208,0.068318091
RPA1,Glioma,High - Low,0.970093304,0.00186308,0.011522583
RPA2,Glioma,High - Low,0.570122509,0.098896777,0.169705833
MRPL12,Glioma,High - Low,1.177741216,6.89E-05,0.00211669
RPN1,Glioma,High - Low,0.821537682,0.006357509,0.024663368
RPS2,Glioma,High - Low,1.193358142,0.004338379,0.01923549
RPS6KA1,Glioma,High - Low,-0.486981288,0.379134694,0.483680264
RPS27A,Glioma,High - Low,0.987639063,0.001453555,0.009915602
CLIP1,Glioma,High - Low,0.530942126,0.032427315,0.074512256
RXRA,Glioma,High - Low,0.199831265,0.252523439,0.35274612
RYK,Glioma,High - Low,0.537861209,0.026001761,0.063479592
SORT1,Glioma,High - Low,0.430477836,0.361067765,0.465576152
S100A4,Glioma,High - Low,-0.58721033,0.263984003,0.365093752
S100A7,Glioma,High - Low,0.284944587,0.520824682,0.617174184
S100A10,Glioma,High - Low,0.242915396,0.784037928,0.840049803
SALL1,Glioma,High - Low,0.656834734,0.18406954,0.274490032
MAPK12,Glioma,High - Low,0.7248968,0.059429582,0.115513207
SAT1,Glioma,High - Low,0.333259429,0.405435305,0.509119255
ATXN2,Glioma,High - Low,0.472830849,0.013037039,0.039479837
CLEC11A,Glioma,High - Low,0.389814028,0.400180535,0.503949576
SCN7A,Glioma,High - Low,1.134070252,0.070099706,0.131191459
SCNN1D,Glioma,High - Low,1.680438391,0.005558355,0.022536384
CCL2,Glioma,High - Low,0.799544257,0.311300435,0.415606872
CX3CL1,Glioma,High - Low,0.902437907,0.058731478,0.11463495
SDC1,Glioma,High - Low,-0.048760951,0.930005115,0.950180021
SDC4,Glioma,High - Low,-0.109231971,0.866228691,0.901695997
SDHB,Glioma,High - Low,0.26464918,0.176210195,0.26533871
SDHD,Glioma,High - Low,1.198787309,0.003574897,0.016983356
SEMG1,Glioma,High - Low,-0.432877942,0.350298618,0.45450994
SELENOW,Glioma,High - Low,-0.056585606,0.834849289,0.87803693
MAP2K4,Glioma,High - Low,0.593900224,0.036133417,0.080294438
SFRP1,Glioma,High - Low,1.616338024,0.012320451,0.03805418
SFRP2,Glioma,High - Low,0.457885744,0.68770025,0.762648755
SFRP4,Glioma,High - Low,-0.184642585,0.762698794,0.823453065
SRSF2,Glioma,High - Low,0.619144622,0.00017934,0.003324643
SGTA,Glioma,High - Low,0.905411784,0.012190765,0.037751582
SH3BGRL,Glioma,High - Low,0.834608173,0.043422459,0.09165408
SH3BP2,Glioma,High - Low,0.428254475,0.206540022,0.300670281
ITSN1,Glioma,High - Low,0.360820922,0.123421305,0.200814607
SH3GL2,Glioma,High - Low,-0.101118366,0.833319417,0.87699149
SIAH1,Glioma,High - Low,1.048935218,0.01084507,0.034956794
ST6GAL1,Glioma,High - Low,0.33374771,0.452750347,0.554316467
ST3GAL1,Glioma,High - Low,-0.208317906,0.537909605,0.632383088
SKI,Glioma,High - Low,0.504561611,0.020297381,0.053557761
SLC1A4,Glioma,High - Low,0.31104393,0.490073263,0.588672406
SLC2A5,Glioma,High - Low,-0.273930767,0.507136532,0.604895565
SLC6A1,Glioma,High - Low,1.119961782,0.120811938,0.197575656
SLC7A1,Glioma,High - Low,1.601098357,0.004802664,0.02045585
SLC9A1,Glioma,High - Low,-0.133503516,0.826863507,0.872511597
SLC16A1,Glioma,High - Low,0.664342112,0.021442775,0.05560512
SLC22A1,Glioma,High - Low,0.30565988,0.57548179,0.66561688
SLC22A4,Glioma,High - Low,0.746301228,0.159218559,0.245195083
SLIT1,Glioma,High - Low,0.918727331,0.065092287,0.123658346
SLPI,Glioma,High - Low,0.406575682,0.538089543,0.632481047
SNAI2,Glioma,High - Low,0.447184505,0.53262022,0.627799472
SMARCA1,Glioma,High - Low,1.283177566,0.007261122,0.026825585
SMARCA4,Glioma,High - Low,1.486500421,0.011854384,0.037104817
SMARCB1,Glioma,High - Low,0.605098893,0.002961086,0.015245576
SMARCC1,Glioma,High - Low,1.059019052,0.001446512,0.009905428
SMARCD1,Glioma,High - Low,1.874155389,1.39E-05,0.001025572
SMARCE1,Glioma,High - Low,0.962880766,0.000799145,0.007226768
SNAP25,Glioma,High - Low,-0.552065743,0.589365736,0.678021754
SNAPC1,Glioma,High - Low,1.236951371,0.044614435,0.093521741
SNAPC2,Glioma,High - Low,0.362038041,0.459035338,0.559864898
SNAPC4,Glioma,High - Low,0.623977544,0.018649229,0.05047328
SNCG,Glioma,High - Low,-0.56736479,0.509666479,0.607249359
FSCN1,Glioma,High - Low,-0.113612607,0.681791049,0.758089329
SNRPA1,Glioma,High - Low,0.417156166,0.011673204,0.036730895
SNRPC,Glioma,High - Low,0.926240322,0.00059045,0.006038516
SNRPF,Glioma,High - Low,1.340667921,1.22E-05,0.000970782
SNTA1,Glioma,High - Low,-0.349732275,0.296662894,0.39993897
SNX2,Glioma,High - Low,0.603522778,0.008922588,0.030848548
SOAT1,Glioma,High - Low,0.686906263,0.184249224,0.274632865
SOD3,Glioma,High - Low,-0.509292491,0.196813697,0.289602352
SORD,Glioma,High - Low,0.988138783,0.087690719,0.155384299
SORL1,Glioma,High - Low,0.212595417,0.38220624,0.486887166
SOX11,Glioma,High - Low,1.756431877,0.024946079,0.061602981
SP1,Glioma,High - Low,0.636145502,0.000361876,0.004700441
SP2,Glioma,High - Low,0.959735811,0.01499555,0.043601319
SP3,Glioma,High - Low,0.64844649,0.001549024,0.010331822
SP4,Glioma,High - Low,1.267573703,0.022609188,0.05762548
SP100,Glioma,High - Low,1.048150777,0.191987128,0.283872103
UAP1,Glioma,High - Low,0.339530248,0.402674711,0.50665193
SPI1,Glioma,High - Low,0.36981215,0.50462267,0.602555825
SPN,Glioma,High - Low,0.85775833,0.081940899,0.147735085
SPR,Glioma,High - Low,0.628375776,0.198109299,0.291214219
SPTAN1,Glioma,High - Low,0.286857694,0.296423697,0.399698812
SQLE,Glioma,High - Low,0.744047614,0.103331096,0.175475232
SRI,Glioma,High - Low,1.095301272,0.001320008,0.009442881
SRF,Glioma,High - Low,0.606505191,0.015359782,0.044286497
SRM,Glioma,High - Low,1.191628695,0.017766875,0.048690787
SRPK1,Glioma,High - Low,0.647703233,0.01066872,0.03468725
TRIM21,Glioma,High - Low,0.355353788,0.199680982,0.292998217
SSB,Glioma,High - Low,0.800663441,0.02144054,0.05560512
SSBP1,Glioma,High - Low,1.005492382,0.000142757,0.002995391
SSRP1,Glioma,High - Low,1.174437209,0.000165322,0.003205932
STAT3,Glioma,High - Low,0.90787035,0.000818914,0.007354678
STAT4,Glioma,High - Low,-1.770356019,0.005247857,0.021661475
STAT6,Glioma,High - Low,-0.870050184,0.135872273,0.216525763
STIM1,Glioma,High - Low,1.153821039,0.010605072,0.034548945
NEK4,Glioma,High - Low,0.833292175,0.026650013,0.064553386
RPS6KB1,Glioma,High - Low,0.825382101,0.01590331,0.04526566
STRN,Glioma,High - Low,0.809149294,0.027296616,0.065707675
STXBP1,Glioma,High - Low,-0.005679435,0.990131795,0.993013833
SUPT6H,Glioma,High - Low,0.582120104,0.000160766,0.003174827
SUPV3L1,Glioma,High - Low,0.881630579,0.033673931,0.076358293
SURF1,Glioma,High - Low,1.101830543,0.015926953,0.045303409
SUV39H1,Glioma,High - Low,0.688564466,0.12016899,0.196868441
SYK,Glioma,High - Low,-0.443701149,0.316583954,0.421243263
SYN2,Glioma,High - Low,-0.77279314,0.367273589,0.47222951
SYP,Glioma,High - Low,0.159326659,0.850421915,0.890267381
SYT5,Glioma,High - Low,-1.076563216,0.010934986,0.035134178
ADAM17,Glioma,High - Low,0.555548746,0.105054816,0.177550369
TAF2,Glioma,High - Low,0.759603195,2.63E-05,0.001348137
TAF4,Glioma,High - Low,2.691021616,2.14E-05,0.001271103
TAL1,Glioma,High - Low,-0.505999948,0.111535808,0.186101483
TAPBP,Glioma,High - Low,0.966785502,0.003065976,0.01553515
TBCC,Glioma,High - Low,1.33865666,0.012682546,0.038760245
TBCE,Glioma,High - Low,1.293898069,0.007969157,0.028515888
TCEA2,Glioma,High - Low,0.760170616,0.016144277,0.045735535
TCEA3,Glioma,High - Low,-0.469859655,0.185542598,0.276214808
ELOA,Glioma,High - Low,1.205695327,3.04E-05,0.001432569
TCF3,Glioma,High - Low,1.343311383,0.004356683,0.019277476
TFAM,Glioma,High - Low,1.268777343,0.004087709,0.018493564
NFE2L1,Glioma,High - Low,0.055886536,0.68436712,0.75993713
TCF12,Glioma,High - Low,2.023012678,3.92E-06,0.000604474
TDG,Glioma,High - Low,0.71585392,0.010137533,0.033517859
TDGF1,Glioma,High - Low,-0.006552639,0.978451859,0.985072679
TMBIM6,Glioma,High - Low,0.69597268,0.008754904,0.030461853
TERF1,Glioma,High - Low,1.917116416,0.000167229,0.003210444
TFAP2A,Glioma,High - Low,0.658984064,0.292524186,0.395540553
TFRC,Glioma,High - Low,1.139242591,0.011526068,0.036411021
TG,Glioma,High - Low,-0.260265307,0.518439536,0.615098926
TGFA,Glioma,High - Low,-0.132515715,0.716410051,0.786084484
TGFB2,Glioma,High - Low,1.231011717,0.15453543,0.239610311
TGFB3,Glioma,High - Low,1.102138146,0.09906739,0.169931788
LEFTY2,Glioma,High - Low,0.191800914,0.698689617,0.772199958
TGFBR3,Glioma,High - Low,-0.22754857,0.591619783,0.680017367
THBS2,Glioma,High - Low,0.283712585,0.323699856,0.42849077
THBS4,Glioma,High - Low,0.596103231,0.389006197,0.493581443
THOP1,Glioma,High - Low,1.172252774,0.000294645,0.004228643
TIAL1,Glioma,High - Low,0.709188452,0.001655428,0.010739649
TIMP1,Glioma,High - Low,-0.227222839,0.816447458,0.865443492
TIMP2,Glioma,High - Low,0.660077112,0.047262693,0.097605604
TIMP4,Glioma,High - Low,2.385099716,0.023844145,0.05974955
TJP1,Glioma,High - Low,1.10923424,0.022818024,0.057954683
TK1,Glioma,High - Low,1.239392007,0.118234117,0.194355216
SEC62,Glioma,High - Low,0.45299075,0.017946606,0.0490246
TLR1,Glioma,High - Low,0.179513364,0.766084991,0.826069935
TLR2,Glioma,High - Low,0.754640757,0.397606852,0.50175575
TLR3,Glioma,High - Low,0.570532393,0.423745203,0.526784651
TSPAN6,Glioma,High - Low,1.908827282,0.003499122,0.016800147
GPR137B,Glioma,High - Low,0.284199908,0.331732915,0.435950924
TM7SF2,Glioma,High - Low,1.106821925,0.002766901,0.014666818
TRAPPC10,Glioma,High - Low,0.816699808,0.037336266,0.082131004
TMOD1,Glioma,High - Low,0.771677555,0.095615314,0.165550292
CLEC3B,Glioma,High - Low,-0.246856884,0.733668727,0.799627457
TNR,Glioma,High - Low,1.585104352,0.062764938,0.120319375
TOP1,Glioma,High - Low,0.766116036,0.001377089,0.009601901
TPD52L1,Glioma,High - Low,-0.884527272,0.175392255,0.264366869
TPD52L2,Glioma,High - Low,0.655754721,0.031895905,0.073614152
TPM2,Glioma,High - Low,0.83814753,0.049144203,0.100397106
TPM4,Glioma,High - Low,0.47317789,0.209429961,0.303762765
TPP2,Glioma,High - Low,0.827777091,0.005416204,0.022160736
TPR,Glioma,High - Low,1.208172528,0.014024779,0.041475955
NR2C1,Glioma,High - Low,1.07334765,0.001661432,0.010758223
NR2C2,Glioma,High - Low,0.884992318,7.96E-05,0.002263891
TRIP6,Glioma,High - Low,0.428112426,0.050376606,0.102265862
TRPC1,Glioma,High - Low,1.316839705,0.002949725,0.015208947
TRPM2,Glioma,High - Low,-0.795262584,0.152765775,0.23743617
TSPY1,Glioma,High - Low,-0.242829557,0.752268623,0.815014736
TSPYL1,Glioma,High - Low,0.350463511,0.270976667,0.372560906
EIPR1,Glioma,High - Low,1.02575535,0.078829668,0.143568902
GFUS,Glioma,High - Low,1.66633172,0.000455706,0.005298895
DNAJC7,Glioma,High - Low,0.953767104,0.000970511,0.008124613
TTK,Glioma,High - Low,0.489709011,0.281650638,0.384242077
TUB,Glioma,High - Low,1.13150537,0.003614122,0.01710984
TULP3,Glioma,High - Low,0.134071395,0.487945346,0.586708459
HIRA,Glioma,High - Low,0.468085488,0.000678614,0.006523561
TXN,Glioma,High - Low,0.302337549,0.235688944,0.334150011
TYK2,Glioma,High - Low,0.962147337,0.001296531,0.00937177
TYROBP,Glioma,High - Low,0.220230952,0.761488015,0.822417106
UBA52,Glioma,High - Low,1.035700515,0.000503759,0.005570045
UBA1,Glioma,High - Low,0.615990106,0.000640188,0.006316486
UBE2B,Glioma,High - Low,0.383677596,0.108634433,0.182376027
UBE2D1,Glioma,High - Low,0.834733094,0.0325608,0.074661744
UBE2D3,Glioma,High - Low,0.711521643,0.000442743,0.005245999
UBE2G1,Glioma,High - Low,0.901729773,0.000173466,0.003267892
UBE2H,Glioma,High - Low,1.246667543,9.59E-06,0.000834141
UBE2V2,Glioma,High - Low,0.534874978,0.006026538,0.023836093
UCN,Glioma,High - Low,0.397234353,0.331324801,0.435629573
UCP2,Glioma,High - Low,0.16766384,0.800019595,0.85333251
SCGB1A1,Glioma,High - Low,0.373556268,0.403144741,0.507097137
UGCG,Glioma,High - Low,0.664706796,0.076701397,0.14054861
UGDH,Glioma,High - Low,0.795210027,0.040866046,0.087534907
UNG,Glioma,High - Low,0.659457864,0.000561398,0.005875605
USP4,Glioma,High - Low,0.474455652,0.013868679,0.041147204
UPP1,Glioma,High - Low,0.159904001,0.680077125,0.756585079
UQCRC1,Glioma,High - Low,0.43532082,0.03318,0.075556791
UQCRC2,Glioma,High - Low,0.81970274,4.42E-05,0.001686134
USF2,Glioma,High - Low,0.269052981,0.085497063,0.152384024
USP1,Glioma,High - Low,1.709358355,0.000352401,0.004674756
UVRAG,Glioma,High - Low,0.393585297,0.086413405,0.153536533
VASP,Glioma,High - Low,0.340763546,0.261034601,0.361888392
VBP1,Glioma,High - Low,0.880539497,0.005837922,0.02335347
VDAC1,Glioma,High - Low,0.399145846,0.049224925,0.100488929
VDAC2,Glioma,High - Low,0.521574589,0.003522282,0.016881661
VEGFB,Glioma,High - Low,0.454184903,0.046033515,0.095638973
VGF,Glioma,High - Low,1.258578222,0.224278517,0.321172331
EZR,Glioma,High - Low,0.422951792,0.394571633,0.498757134
VIM,Glioma,High - Low,-0.22536172,0.754623945,0.816958105
VIPR2,Glioma,High - Low,1.25726278,0.07615654,0.139769776
VLDLR,Glioma,High - Low,0.93418035,0.105931946,0.178755892
VSNL1,Glioma,High - Low,-2.144144044,0.042746527,0.090565086
CLIP2,Glioma,High - Low,0.994015267,0.079735254,0.14477516
WEE1,Glioma,High - Low,1.664197687,0.01412834,0.041672079
WNT2,Glioma,High - Low,-0.278431871,0.501082813,0.599203331
WNT5A,Glioma,High - Low,1.013341095,0.155184451,0.240311061
WNT10B,Glioma,High - Low,-0.303590399,0.526753734,0.62233851
WNT9B,Glioma,High - Low,0.730773924,0.147876533,0.231237005
XPO1,Glioma,High - Low,1.248345998,0.011266759,0.035830866
XRCC4,Glioma,High - Low,0.762925453,0.02406232,0.060104651
YY1,Glioma,High - Low,0.733388853,0.000633931,0.006285629
YWHAB,Glioma,High - Low,0.250476168,0.332965914,0.437380538
YWHAH,Glioma,High - Low,-0.673927046,0.075812757,0.139373269
YWHAZ,Glioma,High - Low,0.25840766,0.06490351,0.123460942
ZFP36,Glioma,High - Low,0.504012869,0.474944346,0.574407322
ZFP37,Glioma,High - Low,1.144957838,0.010934136,0.035134178
ZFY,Glioma,High - Low,0.867814791,0.220464682,0.316715391
ZIC3,Glioma,High - Low,0.728036764,0.024598695,0.061017272
ZNF267,Glioma,High - Low,1.392355755,0.017882285,0.048929714
ZNF7,Glioma,High - Low,0.767494251,0.059232578,0.115303618
ZNF264,Glioma,High - Low,0.797609065,0.061147965,0.117982355
CNBP,Glioma,High - Low,0.658186162,0.005252712,0.021667851
ZNF35,Glioma,High - Low,1.25842129,0.025270784,0.062205373
MZF1,Glioma,High - Low,0.842090758,0.019155395,0.051320154
ZNF45,Glioma,High - Low,1.155617833,0.008846507,0.030687616
ZNF74,Glioma,High - Low,0.937512908,0.023802224,0.059698407
ZNF76,Glioma,High - Low,1.510009904,5.68E-05,0.001897272
ZNF91,Glioma,High - Low,2.001226183,0.0003559,0.004687359
ZNF124,Glioma,High - Low,0.260837932,0.448738299,0.550437157
ZNF131,Glioma,High - Low,0.869897968,0.000127516,0.002868666
ZNF132,Glioma,High - Low,0.426721432,0.206288495,0.300437354
ZNF134,Glioma,High - Low,0.361233801,0.21151712,0.30631497
ZNF136,Glioma,High - Low,0.578564517,0.028637329,0.068072136
ZKSCAN1,Glioma,High - Low,1.054199367,0.000334834,0.004534628
ZNF140,Glioma,High - Low,1.208441432,3.64E-05,0.001512467
ZMYM2,Glioma,High - Low,1.315593169,0.000846895,0.007484086
ZNF202,Glioma,High - Low,1.833798539,0.001176604,0.009003671
ZNF207,Glioma,High - Low,1.071835616,2.40E-09,4.48E-06
BSN,Glioma,High - Low,0.161463456,0.820301333,0.868035671
SLC30A3,Glioma,High - Low,-0.52246505,0.248076958,0.347573206
ZYX,Glioma,High - Low,0.706952516,0.032599332,0.074723923
DNALI1,Glioma,High - Low,0.917236683,0.103002707,0.175031076
PTP4A1,Glioma,High - Low,0.646022559,0.001176446,0.009003671
CHIT1,Glioma,High - Low,0.291417692,0.585004634,0.674248739
CXCR4,Glioma,High - Low,-0.103421465,0.797102722,0.850914467
SCG2,Glioma,High - Low,1.459886275,0.027391753,0.065890176
USP7,Glioma,High - Low,1.454837841,5.07E-06,0.000652005
ADAM12,Glioma,High - Low,0.31472978,0.573574237,0.664114563
PDHX,Glioma,High - Low,0.245377387,0.063116845,0.120764116
CUL5,Glioma,High - Low,0.835756179,0.015961157,0.045371131
KMT2D,Glioma,High - Low,1.134813303,0.003298023,0.016203008
SLC7A5,Glioma,High - Low,0.577423963,0.103711043,0.175937896
TMEM187,Glioma,High - Low,0.993653762,0.039161443,0.084950297
DYSF,Glioma,High - Low,0.747075403,0.083537152,0.149990989
TRRAP,Glioma,High - Low,0.802633197,0.00136147,0.009558029
SNN,Glioma,High - Low,0.126774718,0.715739458,0.785666532
ACOX2,Glioma,High - Low,0.784281916,0.099399946,0.170390612
AXIN1,Glioma,High - Low,1.561803818,0.004623502,0.020014694
CDC7,Glioma,High - Low,1.68911096,0.01473591,0.043067395
CDC45,Glioma,High - Low,1.106206542,0.067913519,0.127800751
FZD1,Glioma,High - Low,0.247605978,0.68397193,0.759691591
FZD7,Glioma,High - Low,0.613504894,0.347969656,0.452250021
H2BC21,Glioma,High - Low,-0.209830806,0.675136908,0.752623886
NME5,Glioma,High - Low,-0.278306828,0.466815897,0.566925196
OR1E1,Glioma,High - Low,0.931981981,0.066568078,0.125841155
SLC25A11,Glioma,High - Low,0.876958463,4.14E-07,0.000180715
TAGLN2,Glioma,High - Low,0.320179269,0.197078443,0.289926747
ULK1,Glioma,High - Low,0.14647421,0.313508372,0.418085671
BCAR3,Glioma,High - Low,0.415468764,0.488307885,0.587061427
STX7,Glioma,High - Low,0.109631181,0.586453596,0.675383669
LTBP4,Glioma,High - Low,0.969751883,0.192585206,0.284627847
ZNF282,Glioma,High - Low,0.985151536,0.002131429,0.012553497
RAD54L,Glioma,High - Low,0.125290427,0.820298245,0.868035671
NSMAF,Glioma,High - Low,0.75066725,0.003064924,0.01553515
DYRK3,Glioma,High - Low,0.72151679,0.121401266,0.198316503
DYRK2,Glioma,High - Low,0.762371037,0.015923892,0.045303409
DUSP11,Glioma,High - Low,0.63285934,0.026489749,0.064345295
DOC2B,Glioma,High - Low,-0.561853682,0.225585784,0.32272669
CUL4A,Glioma,High - Low,1.043715952,0.013943499,0.041284992
CUL3,Glioma,High - Low,0.878067407,0.017315402,0.047941798
CUL2,Glioma,High - Low,0.682751895,0.011228926,0.035772395
CUL1,Glioma,High - Low,0.533110706,0.005900999,0.023505255
TPST1,Glioma,High - Low,0.962764838,0.000737327,0.006851537
AURKA,Glioma,High - Low,0.532105423,0.074678858,0.137850034
SMARCA5,Glioma,High - Low,0.742152374,0.000414249,0.005040675
GPR65,Glioma,High - Low,0.180122811,0.771433752,0.83062353
RAE1,Glioma,High - Low,1.391850226,0.021635105,0.055948732
OFD1,Glioma,High - Low,0.509658982,0.053530741,0.106727272
GALR3,Glioma,High - Low,-0.030325061,0.857094331,0.895176777
SLC4A7,Glioma,High - Low,0.984651707,0.060155295,0.116601442
GEMIN2,Glioma,High - Low,1.404649961,0.013887386,0.041165393
RGS5,Glioma,High - Low,0.457876327,0.499575474,0.597728382
MAP4K3,Glioma,High - Low,0.749381036,3.45E-05,0.001512467
PRSS12,Glioma,High - Low,0.309789939,0.553204513,0.646539873
PPM1D,Glioma,High - Low,0.70858756,0.020461231,0.053892356
PPFIBP2,Glioma,High - Low,0.008242222,0.973550919,0.98149705
PPFIBP1,Glioma,High - Low,0.918111116,0.127729241,0.206184259
PKP4,Glioma,High - Low,0.295503578,0.502062209,0.600264862
PIK3R3,Glioma,High - Low,0.748456575,0.006933915,0.026008503
PEX3,Glioma,High - Low,0.609083561,0.127000266,0.205352467
PARG,Glioma,High - Low,0.523889683,0.195018723,0.287382131
CNTNAP1,Glioma,High - Low,-0.155163158,0.595443093,0.683863223
ENC1,Glioma,High - Low,-0.554626035,0.476490944,0.575791041
NDST2,Glioma,High - Low,0.575580548,0.034750181,0.078135688
ITGA10,Glioma,High - Low,-0.614942985,0.191616625,0.283420298
ELP1,Glioma,High - Low,1.338895781,0.004701332,0.020234893
IFITM1,Glioma,High - Low,0.254515034,0.751476199,0.814262561
HAT1,Glioma,High - Low,1.382698198,0.001191858,0.009018428
DGKE,Glioma,High - Low,0.407979752,0.531451845,0.626704405
DGKD,Glioma,High - Low,2.058829898,0.000391569,0.004907254
YBX3,Glioma,High - Low,1.054894326,0.032852045,0.075066637
COPS3,Glioma,High - Low,1.080001595,0.022590046,0.057610663
CHST1,Glioma,High - Low,-0.42755373,0.449527069,0.551091566
CBX4,Glioma,High - Low,0.353012102,0.14881238,0.232478284
CAMK1,Glioma,High - Low,0.89007866,0.060166451,0.116601442
BCAS1,Glioma,High - Low,-0.064493045,0.949628371,0.964434088
BARX2,Glioma,High - Low,-0.856235443,0.160111674,0.246190846
AGPS,Glioma,High - Low,0.329665017,0.03200348,0.073836399
PPFIA3,Glioma,High - Low,-0.111062535,0.861607689,0.898028139
APOL1,Glioma,High - Low,-0.225808868,0.715818839,0.785666532
BLZF1,Glioma,High - Low,0.61872017,0.002239784,0.012889947
LGR5,Glioma,High - Low,-0.41292583,0.46409126,0.564611305
MAPKAPK5,Glioma,High - Low,0.68344485,0.011170531,0.035675249
BHLHE40,Glioma,High - Low,0.085754104,0.898679843,0.926416439
TCAP,Glioma,High - Low,-0.348446701,0.125707098,0.203748828
PRPF18,Glioma,High - Low,0.496115301,0.050754088,0.10286738
DEGS1,Glioma,High - Low,0.456853647,0.007328371,0.027007548
DENR,Glioma,High - Low,0.712825916,0.004684924,0.020177537
PDXK,Glioma,High - Low,0.170478881,0.404710422,0.508613197
KHSRP,Glioma,High - Low,0.783035609,1.81E-07,0.000113132
EXO1,Glioma,High - Low,-0.30251915,0.643616374,0.725266303
PRKRA,Glioma,High - Low,0.649140806,0.000295517,0.004228643
STK16,Glioma,High - Low,0.241249724,0.393374494,0.497820631
TMEFF1,Glioma,High - Low,1.012928077,0.05967039,0.115863031
SCARF1,Glioma,High - Low,1.121359732,0.049932984,0.101549016
FAM193A,Glioma,High - Low,0.908147299,0.00615021,0.024138099
SLC25A12,Glioma,High - Low,0.783899126,0.00916739,0.031412886
RUVBL1,Glioma,High - Low,0.789658965,0.002637744,0.014244498
RDH16,Glioma,High - Low,0.669910698,0.106100397,0.178970948
PLPP2,Glioma,High - Low,-0.612703395,0.420858554,0.524141639
PLPP3,Glioma,High - Low,0.206959785,0.570878945,0.661696001
USO1,Glioma,High - Low,0.361553071,0.0422555,0.089842687
NPFF,Glioma,High - Low,0.481922562,0.032814877,0.075007473
CDK13,Glioma,High - Low,0.772563828,0.000571127,0.005925325
PDE8B,Glioma,High - Low,1.313938935,0.013012145,0.039427912
RNASET2,Glioma,High - Low,-0.287866439,0.615104732,0.700912244
SSNA1,Glioma,High - Low,0.470109136,0.064942838,0.123481931
DCHS1,Glioma,High - Low,0.379516807,0.212509789,0.307310654
PTCH2,Glioma,High - Low,-0.395224377,0.319582824,0.424155896
CHRD,Glioma,High - Low,0.098419121,0.864017684,0.900110084
NCOA1,Glioma,High - Low,1.249799037,0.001244823,0.009206727
DYNLL1,Glioma,High - Low,0.386002157,0.050488142,0.102439368
TNKS,Glioma,High - Low,1.618189122,3.51E-05,0.001512467
ALDH4A1,Glioma,High - Low,0.367005002,0.510275878,0.607754214
IRS2,Glioma,High - Low,0.365831988,0.23117587,0.328891194
EIF3A,Glioma,High - Low,0.541709878,0.009480809,0.032075512
EIF3D,Glioma,High - Low,1.33013499,0.00445075,0.0195372
EIF3F,Glioma,High - Low,1.03732588,0.000123437,0.002822948
EIF3G,Glioma,High - Low,1.251292099,9.42E-06,0.000833582
EIF3H,Glioma,High - Low,0.965486877,0.008428944,0.029681662
EIF3I,Glioma,High - Low,0.757012253,0.000192349,0.003412501
EIF3J,Glioma,High - Low,1.11458901,0.004879808,0.020636732
VAMP8,Glioma,High - Low,0.081088988,0.833045076,0.876843732
VAMP4,Glioma,High - Low,1.637925479,0.008081149,0.028767397
BECN1,Glioma,High - Low,0.41954394,0.004868666,0.020609586
PEA15,Glioma,High - Low,0.528571949,0.13525565,0.215779484
SRSF9,Glioma,High - Low,0.621500014,0.00034128,0.004568896
JRKL,Glioma,High - Low,1.05945204,0.036914096,0.081544838
HYAL2,Glioma,High - Low,0.880842745,0.033072585,0.075425773
MRPL40,Glioma,High - Low,0.382097256,0.28422197,0.386730504
B4GALT4,Glioma,High - Low,0.615783205,0.148530612,0.232065788
B3GALT4,Glioma,High - Low,0.320975616,0.540787256,0.635138818
B3GALT2,Glioma,High - Low,-0.028781015,0.943915154,0.960345102
NOL4,Glioma,High - Low,1.481832306,0.011606352,0.036590891
TRADD,Glioma,High - Low,1.439043266,0.024063209,0.060104651
MBTPS1,Glioma,High - Low,0.686786392,0.000272747,0.004099969
EDF1,Glioma,High - Low,0.6150076,0.000256009,0.003962093
CTSF,Glioma,High - Low,0.552037755,0.114281814,0.189332126
SNX4,Glioma,High - Low,0.641225122,0.019102306,0.051209356
EED,Glioma,High - Low,0.93203655,0.030916575,0.072001195
RNMT,Glioma,High - Low,0.178238928,0.396006416,0.500232707
RNGTT,Glioma,High - Low,0.904196879,0.017680603,0.048541022
GPAA1,Glioma,High - Low,0.540268231,0.012996563,0.03940806
MYOM1,Glioma,High - Low,0.496654172,0.386078667,0.490674431
RIPK1,Glioma,High - Low,0.450858463,0.03454638,0.077799594
CRADD,Glioma,High - Low,1.30071434,0.000131812,0.002898233
HRK,Glioma,High - Low,0.401203767,0.241478057,0.340539875
TNFSF12,Glioma,High - Low,0.186097955,0.678715271,0.75545516
TNFSF10,Glioma,High - Low,0.608057773,0.434801487,0.537239586
CDS2,Glioma,High - Low,0.749899203,0.029839815,0.070180114
RIPK2,Glioma,High - Low,1.122816187,0.022874865,0.058065259
TNFRSF6B,Glioma,High - Low,0.673723379,0.276762773,0.3789245
FADD,Glioma,High - Low,1.043598137,0.000846766,0.007484086
SNAP23,Glioma,High - Low,0.318694103,0.307531103,0.411539732
NAPG,Glioma,High - Low,0.574106868,0.036078492,0.080246817
NAPA,Glioma,High - Low,0.641867238,0.141611919,0.223550139
MTMR1,Glioma,High - Low,1.164689858,0.000733362,0.006824388
MPDZ,Glioma,High - Low,1.132243052,0.047964169,0.0986018
RIOK3,Glioma,High - Low,0.153096447,0.471139414,0.570482599
RGS9,Glioma,High - Low,0.59929793,0.353369362,0.457437533
FPGT,Glioma,High - Low,1.542472592,0.009268846,0.031619854
TNFRSF11A,Glioma,High - Low,-0.879992128,0.041184567,0.088037475
TNFRSF10C,Glioma,High - Low,0.388279619,0.363372573,0.468225283
TNFRSF10B,Glioma,High - Low,1.304346695,0.033955083,0.076787001
DYRK4,Glioma,High - Low,1.050980042,0.042940786,0.090842416
SUCLG1,Glioma,High - Low,0.569825074,0.009286187,0.031666683
SUCLA2,Glioma,High - Low,0.622644141,0.027522142,0.066106659
CREG1,Glioma,High - Low,-0.319510523,0.366922936,0.471824985
IL18R1,Glioma,High - Low,0.128209495,0.782846253,0.839720317
CCNK,Glioma,High - Low,1.366243227,0.030600985,0.071495128
DPM1,Glioma,High - Low,0.796619532,0.001829248,0.011399499
DCAF5,Glioma,High - Low,0.727375881,0.002617953,0.014195312
DPM2,Glioma,High - Low,0.832592983,6.18E-05,0.00199807
SAP30,Glioma,High - Low,0.827183952,0.021869238,0.05636642
INPP4B,Glioma,High - Low,0.630381716,0.324590394,0.429278993
FGF17,Glioma,High - Low,-0.745229017,0.010809885,0.034912141
CES2,Glioma,High - Low,0.857947768,0.003892084,0.017875501
IQGAP1,Glioma,High - Low,0.641755812,0.246405369,0.345818183
NRP2,Glioma,High - Low,0.934331334,0.045426578,0.094784093
GMPS,Glioma,High - Low,0.80112181,0.023547912,0.059194384
TMEM11,Glioma,High - Low,0.665723976,0.021098503,0.055041208
SOCS2,Glioma,High - Low,1.871089586,0.015257693,0.044089379
GGH,Glioma,High - Low,0.727456463,0.201217068,0.294690724
HDAC3,Glioma,High - Low,1.921374319,0.007733766,0.027925594
KAT2B,Glioma,High - Low,0.871746588,0.03878417,0.084464594
CDK5R1,Glioma,High - Low,0.288594568,0.458243368,0.559211522
ST3GAL5,Glioma,High - Low,0.72982015,0.03585937,0.079875252
IER3,Glioma,High - Low,-1.07454569,0.11752023,0.193396925
SQSTM1,Glioma,High - Low,0.079777542,0.728406341,0.795809396
SGPL1,Glioma,High - Low,0.686812491,0.008386927,0.029584861
FUBP1,Glioma,High - Low,0.714959276,0.007151697,0.026571275
CDC16,Glioma,High - Low,1.360243948,0.002747366,0.014603831
ZPR1,Glioma,High - Low,0.811358772,0.085656509,0.152564369
MCM3AP,Glioma,High - Low,1.129807365,0.006127977,0.024094174
EIF2B5,Glioma,High - Low,0.734867091,0.002232232,0.01288464
EIF2S2,Glioma,High - Low,0.807145844,0.001462359,0.009950347
CPNE3,Glioma,High - Low,1.055774627,0.00025749,0.003971324
PRPF4B,Glioma,High - Low,0.588289102,0.000360941,0.004697618
AP1S2,Glioma,High - Low,1.238549218,0.005285832,0.021777028
TIMELESS,Glioma,High - Low,0.492448336,0.327963853,0.432430084
BCL10,Glioma,High - Low,0.009210504,0.975059671,0.98271544
HERC1,Glioma,High - Low,0.48221451,0.046140931,0.095770959
MBD4,Glioma,High - Low,1.785979998,0.002176736,0.012706197
MBD2,Glioma,High - Low,1.054879878,0.023006759,0.058265552
SKAP2,Glioma,High - Low,0.204173084,0.644278407,0.72576247
ST13,Glioma,High - Low,1.036611131,8.54E-05,0.002316317
BAIAP3,Glioma,High - Low,0.157353757,0.781179957,0.838428493
FUBP3,Glioma,High - Low,0.797203321,0.000166904,0.003210308
CDK5R2,Glioma,High - Low,0.424673698,0.516563248,0.61344603
AP3D1,Glioma,High - Low,1.011795696,0.000134513,0.002934234
USP13,Glioma,High - Low,0.933420768,0.017542986,0.048315169
WASL,Glioma,High - Low,0.742525297,0.000457352,0.005308612
RPS6KA4,Glioma,High - Low,0.259781433,0.318600482,0.423367108
SELENBP1,Glioma,High - Low,-0.708413945,0.245703579,0.345079042
ATP6V0E1,Glioma,High - Low,0.974405771,0.001047733,0.008480344
NOL3,Glioma,High - Low,1.725072284,8.02E-05,0.002263891
CDKL2,Glioma,High - Low,-0.514644903,0.123805397,0.201317347
F2RL3,Glioma,High - Low,0.693233086,0.192739131,0.284791044
RPS6KB2,Glioma,High - Low,0.92251366,9.95E-05,0.00251882
MPZL1,Glioma,High - Low,0.594480981,0.049313431,0.10063291
MAP3K14,Glioma,High - Low,0.76557608,0.098882159,0.169705833
SOCS3,Glioma,High - Low,0.220295198,0.725439985,0.793698147
CH25H,Glioma,High - Low,0.266773666,0.736395952,0.801732264
BRSK2,Glioma,High - Low,1.201561101,0.015074915,0.043773756
RNF8,Glioma,High - Low,1.422882071,0.006576023,0.025110916
HIP1R,Glioma,High - Low,1.984096522,0.015228181,0.044052712
NAT8,Glioma,High - Low,0.495727066,0.474925626,0.574407322
CCRL2,Glioma,High - Low,-0.100248657,0.809409531,0.860001902
SEMA5A,Glioma,High - Low,0.547497694,0.434008298,0.536588352
UBA3,Glioma,High - Low,0.531825284,0.01695449,0.04723088
BTAF1,Glioma,High - Low,0.789765422,0.002364258,0.013259457
RPL14,Glioma,High - Low,1.046730527,0.000634223,0.006285629
AIP,Glioma,High - Low,0.795544898,0.008430941,0.029681662
MAP7,Glioma,High - Low,-0.573226585,0.408528265,0.511999671
SLC7A7,Glioma,High - Low,0.801226153,0.135637309,0.216309292
BBOX1,Glioma,High - Low,1.56594613,0.061095732,0.117931066
EDNRB,Glioma,High - Low,0.469521161,0.288332831,0.391084819
CLK3,Glioma,High - Low,0.612421158,0.194170261,0.286420823
CLK2,Glioma,High - Low,0.977319954,0.000489807,0.005490372
KITLG,Glioma,High - Low,0.854227209,0.05424224,0.107784739
NPR2,Glioma,High - Low,0.015695887,0.907560888,0.932707591
NFKB1,Glioma,High - Low,0.945005314,0.064802523,0.123304669
OSMR,Glioma,High - Low,0.191816533,0.774843443,0.83354081
CHI3L2,Glioma,High - Low,0.568426192,0.431747991,0.534247845
AQP4,Glioma,High - Low,0.53717953,0.534319342,0.629179166
ACOX1,Glioma,High - Low,1.065169803,0.003349916,0.016392281
ADCY3,Glioma,High - Low,0.668819651,0.180233925,0.269876804
AMPD2,Glioma,High - Low,0.343854059,0.104242677,0.176527623
AMY1A,Glioma,High - Low,-0.157587147,0.575633614,0.665674873
RHOB,Glioma,High - Low,0.321031649,0.518577563,0.615098926
ARRB1,Glioma,High - Low,-0.398993941,0.381452778,0.48616385
ATIC,Glioma,High - Low,0.525963886,0.162574269,0.248986419
ATOX1,Glioma,High - Low,0.453852254,0.008721768,0.030386624
ATP6V0B,Glioma,High - Low,-0.0196852,0.921244846,0.943659738
B2M,Glioma,High - Low,0.7630859,0.159350194,0.245368939
BCL2A1,Glioma,High - Low,0.10074445,0.877415761,0.91015723
BCL2L2,Glioma,High - Low,0.0115113,0.899439708,0.926937628
BYSL,Glioma,High - Low,2.633916694,2.71E-05,0.001348137
C3AR1,Glioma,High - Low,-0.285467731,0.452996528,0.554566015
CAPN5,Glioma,High - Low,1.279335062,0.013099015,0.039590353
CA8,Glioma,High - Low,2.282858425,0.001178198,0.009010596
KYAT1,Glioma,High - Low,0.64814609,0.021393366,0.05555174
CDKN1B,Glioma,High - Low,0.360895654,0.028423693,0.067688507
CHN2,Glioma,High - Low,-0.216198384,0.503510638,0.601502261
AP2M1,Glioma,High - Low,0.445557295,0.011229248,0.035772395
CLK1,Glioma,High - Low,0.78820693,0.00476098,0.020375009
CMKLR1,Glioma,High - Low,0.36909188,0.597455574,0.685581581
PLK3,Glioma,High - Low,0.480533495,0.39204736,0.496429022
COX8A,Glioma,High - Low,0.543424157,0.001694847,0.010925961
CRY1,Glioma,High - Low,1.290062229,0.009885716,0.033001959
CS,Glioma,High - Low,1.130520513,1.70E-05,0.001120464
CSRP1,Glioma,High - Low,-0.5625074,0.283090123,0.385684393
CTSS,Glioma,High - Low,-0.031640721,0.96687065,0.976434465
DGKB,Glioma,High - Low,0.086158223,0.873640128,0.907318966
DCTN1,Glioma,High - Low,0.268132027,0.146212064,0.229263577
DDIT3,Glioma,High - Low,0.393041446,0.172946639,0.261265761
TIMM8A,Glioma,High - Low,1.285371146,0.002407944,0.013398732
DUSP3,Glioma,High - Low,1.473527135,0.002848932,0.014919739
ECHS1,Glioma,High - Low,0.299940337,0.089496255,0.157659053
EFNB2,Glioma,High - Low,0.351680783,0.430750389,0.533498503
EIF4EBP2,Glioma,High - Low,1.022060406,0.033489472,0.076072806
EMX1,Glioma,High - Low,0.048519414,0.842354737,0.883659207
EMX2,Glioma,High - Low,0.515374449,0.483670868,0.582746174
STOM,Glioma,High - Low,0.334016899,0.377421971,0.482152977
FABP3,Glioma,High - Low,-1.786370672,0.00758977,0.027641962
PTK2B,Glioma,High - Low,-0.386555332,0.415671883,0.518817156
FASN,Glioma,High - Low,1.033117184,0.008032956,0.028642563
EFEMP1,Glioma,High - Low,0.449374315,0.486398368,0.585332154
FCER1G,Glioma,High - Low,0.705822361,0.349392369,0.453603796
FCGRT,Glioma,High - Low,1.525151224,0.021120654,0.055064261
FDXR,Glioma,High - Low,0.728457362,0.226242251,0.323383166
FEN1,Glioma,High - Low,1.481413219,0.001456892,0.009924605
FGF11,Glioma,High - Low,1.779176215,0.001691963,0.010918125
FGF12,Glioma,High - Low,0.514117416,0.521967438,0.618304502
FGF14,Glioma,High - Low,0.672572958,0.249108732,0.348682984
GBP2,Glioma,High - Low,0.579236358,0.456329464,0.557521964
GGT5,Glioma,High - Low,0.565501378,0.453364663,0.554709776
GMFB,Glioma,High - Low,1.103506044,0.001552046,0.010337587
GNG11,Glioma,High - Low,1.408649886,0.029893375,0.07026067
GPS1,Glioma,High - Low,0.602476322,2.22E-05,0.001281426
GTF2F2,Glioma,High - Low,1.301225853,0.000393261,0.004908452
GYG1,Glioma,High - Low,0.997615954,0.030142692,0.070727287
GZMB,Glioma,High - Low,-0.065255331,0.891665724,0.920926033
HNF4G,Glioma,High - Low,0.292158448,0.652925101,0.734176258
HSPA9,Glioma,High - Low,0.79757,1.25E-05,0.000973587
IDH3G,Glioma,High - Low,0.641154153,0.000485719,0.005490372
IREB2,Glioma,High - Low,1.388220229,0.000152974,0.003124626
LLGL1,Glioma,High - Low,0.822034945,0.176720683,0.265893347
CITED1,Glioma,High - Low,1.753427619,0.050647679,0.102667606
MYO9B,Glioma,High - Low,0.340526826,0.135969292,0.216640181
NDUFB7,Glioma,High - Low,0.766505701,3.22E-05,0.001477059
DRG1,Glioma,High - Low,0.898797969,0.000529324,0.005703871
NINJ1,Glioma,High - Low,-0.117282376,0.804463433,0.856607004
OAZ1,Glioma,High - Low,0.386390841,0.047376156,0.0977768
PRKAR2A,Glioma,High - Low,1.688756136,0.000568799,0.005922114
PSMB8,Glioma,High - Low,1.036319407,0.124304273,0.201849912
PYY,Glioma,High - Low,-0.695108989,0.241354984,0.340450421
RAB5A,Glioma,High - Low,0.652951399,0.007215144,0.026716029
SDHA,Glioma,High - Low,0.705976163,0.001051529,0.008493315
SLC1A1,Glioma,High - Low,0.410582923,0.471517802,0.570887977
SLC1A2,Glioma,High - Low,0.524283317,0.632147242,0.716228375
SLC1A3,Glioma,High - Low,0.35385492,0.341411738,0.445584518
TANK,Glioma,High - Low,0.433648613,0.064368601,0.122657268
UCHL1,Glioma,High - Low,-0.67492201,0.255783019,0.356348911
UXT,Glioma,High - Low,1.444976708,0.023657728,0.059443843
KDM5C,Glioma,High - Low,0.762113065,0.008634087,0.030177818
ASMTL,Glioma,High - Low,0.387707494,0.378381784,0.48295503
CDKL1,Glioma,High - Low,0.859681604,0.115425059,0.190838036
STK19,Glioma,High - Low,0.607541137,0.01517816,0.043946322
P4HA2,Glioma,High - Low,-0.102609151,0.832863617,0.876843732
SYT7,Glioma,High - Low,-0.480666709,0.575568216,0.665658038
TMSB4Y,Glioma,High - Low,-0.069863823,0.91782834,0.940601632
PKMYT1,Glioma,High - Low,0.169481301,0.51130296,0.608755993
SLC16A3,Glioma,High - Low,0.365545774,0.551258481,0.644834029
AIFM1,Glioma,High - Low,1.868259655,0.00072786,0.006792494
SYNGR3,Glioma,High - Low,-0.792538199,0.24260798,0.341739245
NEURL1,Glioma,High - Low,-0.059829941,0.91769869,0.940542384
AURKB,Glioma,High - Low,0.089310449,0.860666131,0.897403971
RAB11B,Glioma,High - Low,0.688246666,0.000723128,0.006766124
UBE2L6,Glioma,High - Low,1.244269749,0.006165053,0.024160143
MFHAS1,Glioma,High - Low,1.394323679,0.00225473,0.012910637
CYTH3,Glioma,High - Low,0.080584684,0.63476789,0.718290304
CYTH2,Glioma,High - Low,0.711459806,0.01450643,0.042547646
MED14,Glioma,High - Low,1.219338518,0.00013032,0.002893103
SOCS6,Glioma,High - Low,0.818721287,0.081501682,0.147145825
CD83,Glioma,High - Low,0.382956134,0.440857719,0.543107839
ZNF235,Glioma,High - Low,0.480318506,0.308375844,0.412417255
KLF4,Glioma,High - Low,0.647327631,0.327320707,0.431799498
COPS2,Glioma,High - Low,0.507461278,0.013290675,0.040012601
TRIP12,Glioma,High - Low,0.49739676,0.002088807,0.012358224
TRIP11,Glioma,High - Low,0.393842387,0.168873727,0.256355213
TRIP10,Glioma,High - Low,1.342383838,0.023009461,0.058265552
JMJD1C,Glioma,High - Low,1.05965664,0.001210456,0.009071838
HMGN3,Glioma,High - Low,0.440206284,0.101919581,0.173573501
CD163,Glioma,High - Low,0.455965949,0.606988956,0.693313953
TGM5,Glioma,High - Low,-0.956763119,0.076150663,0.139769776
PRLHR,Glioma,High - Low,1.34261401,0.052949921,0.105960135
SLC9A3R1,Glioma,High - Low,0.535679,0.09762886,0.168301245
SLC22A8,Glioma,High - Low,0.184582889,0.72204085,0.790838284
COX5A,Glioma,High - Low,0.634304392,0.011464589,0.036257456
RECQL5,Glioma,High - Low,0.644476324,0.000869244,0.007590181
TMPRSS11D,Glioma,High - Low,-0.911463857,0.010352346,0.033978733
MED21,Glioma,High - Low,1.130381232,0.004886489,0.02065679
FADS2,Glioma,High - Low,1.382054458,0.02687473,0.064908844
MED17,Glioma,High - Low,1.154508529,0.001839571,0.011425764
MED27,Glioma,High - Low,1.200603721,0.008300144,0.029331655
MED7,Glioma,High - Low,1.757176152,9.26E-05,0.002446545
LY86,Glioma,High - Low,0.394152213,0.563805264,0.65541173
HOMER1,Glioma,High - Low,0.742802237,0.217285989,0.312904251
CHST3,Glioma,High - Low,1.529442333,0.023039976,0.058292253
MED20,Glioma,High - Low,0.751076455,0.14935593,0.23324394
SLC25A27,Glioma,High - Low,1.057550232,0.016392483,0.046176158
PIGL,Glioma,High - Low,2.116347053,0.001522101,0.010231621
PMPCB,Glioma,High - Low,1.167926395,0.000123814,0.002822948
EEF1E1,Glioma,High - Low,0.709222938,0.004465256,0.019570411
BAG2,Glioma,High - Low,0.34795694,0.509558686,0.607176181
RAB3D,Glioma,High - Low,-0.020272823,0.933380145,0.952736122
H6PD,Glioma,High - Low,1.204438459,0.006376324,0.024721708
GTPBP1,Glioma,High - Low,0.343531282,0.053364026,0.106524652
CYTIP,Glioma,High - Low,-0.378228451,0.443762832,0.545762423
NFE2L3,Glioma,High - Low,1.179868457,0.107540206,0.180911285
RIN1,Glioma,High - Low,-0.086679733,0.877182356,0.909987211
MTRF1,Glioma,High - Low,0.337799402,0.555615871,0.648367077
TRAF4,Glioma,High - Low,1.189487627,0.001335038,0.009506471
NUP155,Glioma,High - Low,0.566939402,0.099572029,0.170551618
ABCB7,Glioma,High - Low,1.054310207,0.001198126,0.009036323
ARHGAP1,Glioma,High - Low,0.391810702,0.163783717,0.250370135
ARL3,Glioma,High - Low,0.712393879,0.163305239,0.249842894
ARRB2,Glioma,High - Low,0.350788479,0.161541499,0.247655022
ASCL1,Glioma,High - Low,1.524780617,0.026210444,0.063834328
GET3,Glioma,High - Low,1.065711861,0.000326019,0.004470571
ASTN1,Glioma,High - Low,1.693076282,0.002495627,0.013715301
KIF1A,Glioma,High - Low,-0.188560698,0.81466453,0.863956155
BAD,Glioma,High - Low,0.528180164,0.124112688,0.201588813
BCL9,Glioma,High - Low,0.771983847,0.024873502,0.061481737
BCR,Glioma,High - Low,1.618414096,0.02116554,0.055159318
BMPR1A,Glioma,High - Low,2.05232473,0.000212151,0.003584124
BNIP2,Glioma,High - Low,0.768643686,0.034231265,0.077220874
BNIP3L,Glioma,High - Low,0.092434013,0.699887111,0.772893396
BPHL,Glioma,High - Low,1.641823555,0.013538458,0.040454451
BRAF,Glioma,High - Low,0.547120738,0.008871198,0.030735802
BST2,Glioma,High - Low,0.883873722,0.183779774,0.274119524
PTTG1IP,Glioma,High - Low,0.899218041,0.002658617,0.014295388
CAD,Glioma,High - Low,1.623296282,3.13E-05,0.001453618
CALD1,Glioma,High - Low,1.273877743,0.001149375,0.008904597
CALR,Glioma,High - Low,0.582022185,0.066486228,0.125704576
CASP3,Glioma,High - Low,0.575399404,0.045742931,0.095216565
CASP5,Glioma,High - Low,0.177405226,0.668607313,0.747253568
RUNX2,Glioma,High - Low,0.902382052,0.140187385,0.221729093
RUNX1T1,Glioma,High - Low,0.80936741,0.085682784,0.152590409
RUNX3,Glioma,High - Low,-0.462628511,0.117090749,0.19286315
CCNG2,Glioma,High - Low,0.213461203,0.483279066,0.582381298
CD81,Glioma,High - Low,0.875945013,0.001185489,0.009018428
CDC34,Glioma,High - Low,0.855819579,0.002031642,0.012157352
CEBPA,Glioma,High - Low,0.639223757,0.39628705,0.500515036
CETN3,Glioma,High - Low,0.967479752,0.013111972,0.039597615
CLCN2,Glioma,High - Low,1.343137766,0.031271451,0.072582364
CNN2,Glioma,High - Low,0.076535395,0.896491328,0.924742847
COL6A3,Glioma,High - Low,-0.23169722,0.764749458,0.824986789
COPA,Glioma,High - Low,0.470565931,0.000393147,0.004908452
COX6A1,Glioma,High - Low,0.433835459,0.013720556,0.04080019
COX6C,Glioma,High - Low,0.649220092,0.000356528,0.004687359
COX11,Glioma,High - Low,0.893654751,0.001347502,0.009532033
COX15,Glioma,High - Low,0.901975002,0.000273552,0.004107362
CPT1B,Glioma,High - Low,0.880467226,0.089009578,0.157062318
CREB1,Glioma,High - Low,0.910147363,0.004617304,0.019998136
CREBBP,Glioma,High - Low,1.197271146,0.001010314,0.008320031
ATF6B,Glioma,High - Low,1.185946188,0.007650005,0.027760952
CSK,Glioma,High - Low,0.358758635,0.152680261,0.237415993
VCAN,Glioma,High - Low,0.809265553,0.215517294,0.310795981
NCAN,Glioma,High - Low,2.200638654,0.006741054,0.025508851
CTBS,Glioma,High - Low,-0.060077836,0.922412021,0.944542436
CTNNA2,Glioma,High - Low,1.031828798,0.03731766,0.08211004
DAP,Glioma,High - Low,0.466254898,0.053747961,0.10702997
DBN1,Glioma,High - Low,1.566430997,0.007980173,0.028532059
DDX5,Glioma,High - Low,0.858991302,2.08E-05,0.001251013
DDX10,Glioma,High - Low,1.060307264,0.033290475,0.075751161
DFFA,Glioma,High - Low,1.378062336,0.006587058,0.025122153
DLX2,Glioma,High - Low,0.369755566,0.561681181,0.653813273
DNM1,Glioma,High - Low,-0.650760476,0.303891904,0.407516142
TRDMT1,Glioma,High - Low,-0.020743753,0.962002196,0.97300724
RCAN1,Glioma,High - Low,0.836427959,0.022466377,0.057349509
DUSP2,Glioma,High - Low,-0.065989907,0.919846577,0.9425224
DUSP5,Glioma,High - Low,0.174938764,0.801035335,0.853987193
DUSP8,Glioma,High - Low,0.624818283,0.099427642,0.170415776
DVL1,Glioma,High - Low,0.347434632,0.0325197,0.0746067
DVL2,Glioma,High - Low,1.371822529,0.017913174,0.048984376
DVL3,Glioma,High - Low,1.947617014,0.000793104,0.007191216
ECM1,Glioma,High - Low,0.509160165,0.50311356,0.601302222
PHC1,Glioma,High - Low,0.9181586,0.000286899,0.004195943
PHC2,Glioma,High - Low,0.645484719,0.033135017,0.075529292
EFNA1,Glioma,High - Low,0.804414396,0.091421284,0.160183682
EGR3,Glioma,High - Low,-0.383035419,0.530212188,0.625411547
EML1,Glioma,High - Low,0.915121412,0.096489371,0.166688922
ENDOG,Glioma,High - Low,0.900367129,0.034191607,0.077197916
ENSA,Glioma,High - Low,0.367561875,0.002451721,0.013550185
EPHA4,Glioma,High - Low,0.115493524,0.819401892,0.867504567
EPHA5,Glioma,High - Low,-0.660954282,0.269765137,0.371324111
EPHB1,Glioma,High - Low,0.593867251,0.075890172,0.139469303
EPHB2,Glioma,High - Low,-0.147855614,0.749849871,0.812999699
EPHB3,Glioma,High - Low,-0.117447326,0.824697993,0.871235458
EPHB4,Glioma,High - Low,0.911051094,0.074716986,0.137862106
EPS8,Glioma,High - Low,0.377865103,0.351908101,0.456010765
ERH,Glioma,High - Low,0.758280362,0.000484104,0.005490372
ESRRA,Glioma,High - Low,2.121053244,0.000142022,0.002994363
ETFDH,Glioma,High - Low,1.194830374,0.012158024,0.03769477
ETV5,Glioma,High - Low,0.381985447,0.562539985,0.65452604
ACSL4,Glioma,High - Low,0.241700235,0.329051827,0.433502454
FAP,Glioma,High - Low,0.174964353,0.791595482,0.846208331
FGD1,Glioma,High - Low,2.094164561,0.000182449,0.003335381
GPC5,Glioma,High - Low,-0.173827499,0.759101515,0.820719746
FHL3,Glioma,High - Low,0.932934904,0.004391833,0.01938903
FOXD1,Glioma,High - Low,0.397821092,0.467911455,0.567949166
FOXD2,Glioma,High - Low,-0.458021599,0.269336986,0.37081274
FLOT2,Glioma,High - Low,0.453494553,0.028775265,0.06830213
FOLH1,Glioma,High - Low,-1.645699603,0.006901967,0.025919889
FRG1,Glioma,High - Low,0.875674335,0.143323384,0.225816254
FUT8,Glioma,High - Low,0.480605127,0.330440368,0.434827656
GALNT2,Glioma,High - Low,0.114099688,0.553572986,0.646790211
GNG4,Glioma,High - Low,1.764706143,0.012949856,0.039330195
GOLGA2,Glioma,High - Low,0.351367958,0.158813919,0.244888781
GPS2,Glioma,High - Low,1.000829952,3.56E-06,0.000560819
ARHGAP35,Glioma,High - Low,0.710267565,0.006084948,0.02396349
GTF2A2,Glioma,High - Low,1.18293724,0.013732509,0.040826461
HSD17B10,Glioma,High - Low,1.190946718,0.001877869,0.011570325
HDGF,Glioma,High - Low,0.660689056,0.001347574,0.009532033
NRG1,Glioma,High - Low,-0.359036023,0.576562966,0.666396444
FOXA3,Glioma,High - Low,-0.606812913,0.200451794,0.293832887
ONECUT1,Glioma,High - Low,0.008971796,0.983784129,0.988469058
HNRNPAB,Glioma,High - Low,0.961952032,0.002824604,0.014864364
AGFG1,Glioma,High - Low,0.799520387,0.013573543,0.040510235
USP6,Glioma,High - Low,-0.629152839,0.141237316,0.223120195
HUS1,Glioma,High - Low,0.491173157,0.027960445,0.066848254
IDI1,Glioma,High - Low,0.42642474,0.206665617,0.300763601
SP110,Glioma,High - Low,1.934390653,0.002895597,0.01506838
FOXK2,Glioma,High - Low,0.788762972,0.009643399,0.03240786
ILF2,Glioma,High - Low,0.999681999,0.001022406,0.008403237
ILK,Glioma,High - Low,0.880892793,0.011010372,0.035305442
KCNQ3,Glioma,High - Low,-0.521796915,0.232635574,0.330582146
KIF5B,Glioma,High - Low,0.72826843,0.004744605,0.020342731
KIF5C,Glioma,High - Low,0.147880952,0.803934826,0.856322704
KIF11,Glioma,High - Low,1.494907475,0.008478553,0.029777277
LRP2,Glioma,High - Low,-0.721080968,0.254983469,0.355537653
MCM2,Glioma,High - Low,0.464257391,0.086117637,0.153177315
MGST3,Glioma,High - Low,0.136373332,0.297491193,0.400725534
MLLT3,Glioma,High - Low,0.732550287,0.158350627,0.244318261
MMP2,Glioma,High - Low,1.06144157,0.242308926,0.34135472
MOCS2,Glioma,High - Low,0.103022826,0.811155793,0.861443906
MYT1,Glioma,High - Low,1.502167995,0.045859099,0.095412868
NAIP,Glioma,High - Low,0.719170472,0.112763794,0.187576719
NAP1L3,Glioma,High - Low,0.341674363,0.260171688,0.36104352
NCAM2,Glioma,High - Low,0.309126707,0.635892512,0.718732461
NDUFA1,Glioma,High - Low,0.446313562,0.018139929,0.049439235
NDUFA10,Glioma,High - Low,0.573244848,0.027598583,0.066229517
NDUFB1,Glioma,High - Low,0.55046795,0.028735572,0.068232652
NDUFB2,Glioma,High - Low,0.6393121,0.010959434,0.035178199
NDUFB4,Glioma,High - Low,0.430733602,0.001542065,0.010301153
NDUFB10,Glioma,High - Low,0.575433516,1.01E-06,0.000280266
NDUFS3,Glioma,High - Low,0.813492573,8.31E-05,0.002295745
NDUFS5,Glioma,High - Low,0.698125649,0.001242177,0.009206727
NDUFS6,Glioma,High - Low,0.737056582,2.57E-05,0.001342514
NFATC3,Glioma,High - Low,1.162083267,0.013169614,0.039730358
NOTCH4,Glioma,High - Low,1.177159414,0.011237027,0.035779764
YBX1,Glioma,High - Low,0.87560472,0.010817634,0.034928552
OVOL1,Glioma,High - Low,0.664530403,0.204379273,0.298354089
GATB,Glioma,High - Low,1.021776092,0.025160561,0.062015668
PFKFB3,Glioma,High - Low,0.281944224,0.530809292,0.626003068
SERPINB6,Glioma,High - Low,0.397121915,0.0841199,0.150709066
PKNOX1,Glioma,High - Low,2.144353523,0.00023687,0.00380219
PLCB2,Glioma,High - Low,0.057782753,0.886103077,0.916482154
PSPH,Glioma,High - Low,2.000167648,9.94E-06,0.000846387
RAB4A,Glioma,High - Low,0.626463106,0.000517891,0.00564993
MAP4K2,Glioma,High - Low,0.029366377,0.955367726,0.967935435
RABGGTB,Glioma,High - Low,0.864403831,0.011043018,0.035377106
RAB5C,Glioma,High - Low,0.634765768,0.000831309,0.007409347
PLAAT4,Glioma,High - Low,0.557657214,0.309279436,0.413287983
RPS6KA3,Glioma,High - Low,0.735341077,0.073727939,0.136537468
RRBP1,Glioma,High - Low,1.668812475,0.001263006,0.009258983
SCN2B,Glioma,High - Low,-0.595160437,0.215288624,0.310540261
SCO1,Glioma,High - Low,0.979182059,0.005725958,0.023011039
SFSWAP,Glioma,High - Low,0.765424442,0.001533172,0.010272875
TRA2B,Glioma,High - Low,0.803018821,0.00013215,0.002898233
SMS,Glioma,High - Low,1.130940631,0.053761083,0.10703982
SNRPA,Glioma,High - Low,1.286793176,0.028690048,0.06816164
SPOCK1,Glioma,High - Low,-0.128641148,0.876441903,0.909507318
SREBF2,Glioma,High - Low,0.588887367,0.025286021,0.062231179
TBCA,Glioma,High - Low,0.949393946,2.08E-05,0.001251013
TCP10L3,Glioma,High - Low,-0.457264495,0.302162799,0.405765901
TGFBR1,Glioma,High - Low,1.275188873,0.01667735,0.046707283
TGM2,Glioma,High - Low,0.969114951,0.231865703,0.329721913
TK2,Glioma,High - Low,1.036285878,0.003359967,0.016414945
TSPAN7,Glioma,High - Low,0.416998364,0.449031196,0.55056504
TM4SF4,Glioma,High - Low,-0.567717303,0.018908898,0.050857169
TOP3A,Glioma,High - Low,1.057794232,0.000394432,0.0049117
XPC,Glioma,High - Low,0.74953906,0.039025871,0.084807591
SF1,Glioma,High - Low,0.885240225,1.49E-05,0.001043908
DAP3,Glioma,High - Low,0.735974771,0.00201805,0.012137035
MAPKAPK3,Glioma,High - Low,0.746457782,0.0774233,0.141440389
RAB7A,Glioma,High - Low,0.574483889,0.000372787,0.004771602
CDK2AP1,Glioma,High - Low,1.195297473,0.001552257,0.010337587
PABPN1,Glioma,High - Low,0.969840632,8.08E-05,0.002263891
COIL,Glioma,High - Low,1.191427107,0.013090673,0.039581362
GATD3A,Glioma,High - Low,0.819041396,0.00040076,0.004943821
USP11,Glioma,High - Low,0.688653314,0.003900281,0.01790147
AXIN2,Glioma,High - Low,-0.059047944,0.8706587,0.904928305
BAP1,Glioma,High - Low,0.750843084,0.002941251,0.015197748
CAVIN2,Glioma,High - Low,-0.045861449,0.94255272,0.959480856
CDC23,Glioma,High - Low,1.081193732,0.001999058,0.012056044
RAB11A,Glioma,High - Low,0.520888913,0.003093965,0.015619166
LIN7A,Glioma,High - Low,1.125379633,0.085282347,0.152112662
HERC2,Glioma,High - Low,1.459065927,0.003783139,0.017633548
PIAS2,Glioma,High - Low,0.545693099,0.000504605,0.005570654
PRY,Glioma,High - Low,0.249112335,0.740998887,0.805604785
EIF1AY,Glioma,High - Low,0.227823826,0.799108806,0.852569394
SPARCL1,Glioma,High - Low,0.163653314,0.803775481,0.856222632
MTMR6,Glioma,High - Low,2.022988458,0.000451089,0.005278019
MTMR4,Glioma,High - Low,0.897775608,0.007616945,0.027702404
NMI,Glioma,High - Low,0.526062026,0.403720066,0.507625739
MTA1,Glioma,High - Low,1.062286946,0.000112475,0.002692207
LATS1,Glioma,High - Low,0.872999038,0.001909803,0.011706484
ATP6V0D1,Glioma,High - Low,0.189340078,0.316513411,0.421235017
SLC16A4,Glioma,High - Low,0.746249528,0.138250567,0.219461042
PRPF4,Glioma,High - Low,1.700873309,8.49E-05,0.002316317
PRPF3,Glioma,High - Low,0.721455546,0.004257676,0.019019365
FAM50A,Glioma,High - Low,0.686557431,0.00478893,0.02042133
CCNB2,Glioma,High - Low,0.387413616,0.626348972,0.711330859
THAP12,Glioma,High - Low,1.341006686,0.000163635,0.003192532
ATG12,Glioma,High - Low,0.712230005,0.000215153,0.003589576
PDCD5,Glioma,High - Low,0.214340207,0.300027503,0.403353536
SYNGR2,Glioma,High - Low,0.285874105,0.654035708,0.735109411
HGS,Glioma,High - Low,1.222381543,0.000338556,0.004548231
CTDP1,Glioma,High - Low,0.690409695,0.137075352,0.218097896
PCSK7,Glioma,High - Low,1.833341092,8.44E-05,0.002312871
DGKI,Glioma,High - Low,1.413958755,0.016497305,0.046391585
COX7A2L,Glioma,High - Low,0.302343088,0.076152377,0.139769776
SCAF11,Glioma,High - Low,1.046315106,0.020355126,0.053656064
LPAR2,Glioma,High - Low,0.286190676,0.225675237,0.32281939
ARHGEF2,Glioma,High - Low,0.56603544,0.013708706,0.040774213
ZW10,Glioma,High - Low,0.80278903,0.029773727,0.070049849
BUB3,Glioma,High - Low,0.91614436,0.003120907,0.01565595
REPS2,Glioma,High - Low,0.525120086,0.206311177,0.300437354
DDX21,Glioma,High - Low,1.881706198,0.000184857,0.003338395
KCNAB3,Glioma,High - Low,0.41482903,0.239222601,0.337975236
SLC33A1,Glioma,High - Low,0.512884565,0.038728649,0.084371747
DCLK1,Glioma,High - Low,0.201568023,0.723107238,0.791867058
XPR1,Glioma,High - Low,1.217866561,0.00858872,0.030067409
LARGE1,Glioma,High - Low,-0.072272473,0.692341907,0.766840917
MTA2,Glioma,High - Low,0.987248667,0.001344037,0.009532033
TIAF1,Glioma,High - Low,0.803150233,0.166607779,0.253739171
DLGAP2,Glioma,High - Low,-0.068792133,0.88840957,0.9183599
DLG5,Glioma,High - Low,1.658984818,1.01E-09,2.66E-06
TBRG4,Glioma,High - Low,1.048900377,2.24E-05,0.001281426
CRLF1,Glioma,High - Low,-0.694623044,0.386204856,0.490787167
DHRS3,Glioma,High - Low,0.215712997,0.641477307,0.723595666
NUMBL,Glioma,High - Low,0.856342631,0.051869039,0.104319713
AIMP1,Glioma,High - Low,1.085940604,3.22E-06,0.000555418
TSPOAP1,Glioma,High - Low,0.49840139,0.109999332,0.184030316
MAPKAPK2,Glioma,High - Low,0.643910719,0.005121517,0.021280872
STK17A,Glioma,High - Low,1.664319637,0.002055639,0.012256137
CYTH1,Glioma,High - Low,0.590513825,0.030916341,0.072001195
BCL7C,Glioma,High - Low,0.60863771,0.011609714,0.036592679
COPB2,Glioma,High - Low,0.579352518,0.001525503,0.010237524
GPR37L1,Glioma,High - Low,0.999254082,0.162558277,0.248986419
SRSF11,Glioma,High - Low,0.662556192,0.021056404,0.054951466
MED1,Glioma,High - Low,1.319073605,0.014741864,0.043067395
B4GALT6,Glioma,High - Low,-0.149217345,0.785095309,0.840939074
CNOT8,Glioma,High - Low,0.804868185,0.037653872,0.082660092
VAMP3,Glioma,High - Low,0.30223265,0.360977198,0.465505216
SNAP29,Glioma,High - Low,0.344546684,0.024466893,0.060786534
TAOK2,Glioma,High - Low,1.296906402,0.008723999,0.030386624
NDST3,Glioma,High - Low,-0.279197847,0.562794916,0.654702251
TXNL1,Glioma,High - Low,0.324757092,0.004810924,0.020463238
SLIT2,Glioma,High - Low,0.005830554,0.991369056,0.993645797
UBE4A,Glioma,High - Low,1.231635258,0.00010437,0.002606357
LHX2,Glioma,High - Low,0.569608427,0.371053521,0.475688216
PPIG,Glioma,High - Low,0.16073693,0.480227595,0.579261887
LONP1,Glioma,High - Low,0.823859569,0.008980808,0.030976218
RAB33A,Glioma,High - Low,-0.058272305,0.898596505,0.926403467
KIF3B,Glioma,High - Low,0.626271285,0.043145065,0.091186172
ZFYVE9,Glioma,High - Low,1.007167302,0.078330126,0.142718666
TM9SF2,Glioma,High - Low,1.271621882,0.00185322,0.011488733
SLC22A14,Glioma,High - Low,-0.000819713,0.998232237,0.998689896
CIAO1,Glioma,High - Low,0.997029436,0.001368308,0.009580353
POLR2D,Glioma,High - Low,1.231111643,0.007666928,0.027769148
HS6ST1,Glioma,High - Low,0.992154961,0.084597959,0.151271269
NMT2,Glioma,High - Low,0.634684382,0.156748731,0.242303557
STOML1,Glioma,High - Low,0.152510668,0.748652438,0.81190312
SNRNP40,Glioma,High - Low,0.764957377,0.051286617,0.10354598
ARHGAP29,Glioma,High - Low,0.23492598,0.557659099,0.650345647
FAM189A2,Glioma,High - Low,0.611892351,0.334005379,0.43836532
SYMPK,Glioma,High - Low,0.32052487,0.061880691,0.11903805
CYP7B1,Glioma,High - Low,0.150395017,0.831945596,0.876334865
NTN1,Glioma,High - Low,0.842560341,0.023467864,0.05910074
ABCG2,Glioma,High - Low,0.659306385,0.448814106,0.550437157
MED23,Glioma,High - Low,1.802911247,5.02E-05,0.001799939
MED26,Glioma,High - Low,0.502289443,0.023211127,0.05860071
MAP4K4,Glioma,High - Low,0.447233884,0.085538022,0.152432793
EIF2AK3,Glioma,High - Low,0.854260633,0.062040041,0.119191527
HOMER3,Glioma,High - Low,1.103814209,0.02588704,0.06324669
ARHGEF6,Glioma,High - Low,2.017641023,0.000617591,0.006191517
RASAL2,Glioma,High - Low,0.097533085,0.597316609,0.685482195
AKAP7,Glioma,High - Low,2.346659856,0.000864601,0.007561934
IL27RA,Glioma,High - Low,0.240828735,0.677478022,0.754591216
EIF4E2,Glioma,High - Low,0.953835221,0.000240828,0.003835959
ATG5,Glioma,High - Low,1.033149192,0.035013804,0.078499271
ROCK2,Glioma,High - Low,0.351858601,0.080980412,0.146487501
NAPSA,Glioma,High - Low,-0.084065488,0.765844034,0.825963421
STX8,Glioma,High - Low,0.517508692,0.002550946,0.013939707
CHST10,Glioma,High - Low,0.56577922,0.013624753,0.040598291
AKAP5,Glioma,High - Low,-1.010741967,0.071183649,0.132764603
CLTC,Glioma,High - Low,0.573120252,0.001395096,0.009679912
FXR2,Glioma,High - Low,0.384629258,0.009582223,0.032276832
GAL3ST1,Glioma,High - Low,0.820787616,0.23643167,0.334949129
LITAF,Glioma,High - Low,-0.511181872,0.141366174,0.223242952
SPTLC2,Glioma,High - Low,0.355148782,0.422314552,0.525505078
SCAMP1,Glioma,High - Low,0.470635463,0.166371303,0.253408501
ITM2A,Glioma,High - Low,0.531655152,0.490175224,0.588740868
VPS4B,Glioma,High - Low,0.079170999,0.72388048,0.792455445
MPDU1,Glioma,High - Low,1.886290986,0.001143461,0.00888664
GOSR1,Glioma,High - Low,0.882505151,2.36E-05,0.0013055
BAG5,Glioma,High - Low,0.895330273,7.05E-05,0.002136103
BAG4,Glioma,High - Low,-0.109537671,0.551311327,0.644838235
POLR1C,Glioma,High - Low,1.438063271,0.000550621,0.005822667
GMFG,Glioma,High - Low,0.518510084,0.314942998,0.419614193
PTGES,Glioma,High - Low,0.298163014,0.578039466,0.667690404
CIR1,Glioma,High - Low,0.723010465,0.018654258,0.05047328
NRG2,Glioma,High - Low,2.108068004,2.47E-05,0.00132189
IGDCC3,Glioma,High - Low,1.118178975,0.056196798,0.11049477
CXCL14,Glioma,High - Low,0.576516282,0.405452262,0.509119255
SPAG7,Glioma,High - Low,1.25944467,0.002418133,0.013440239
MRPL33,Glioma,High - Low,0.604385548,0.008195006,0.029069957
ATP5MJ,Glioma,High - Low,0.37015882,0.112980486,0.187794021
VPS26A,Glioma,High - Low,0.774073222,0.002316698,0.013142345
CLOCK,Glioma,High - Low,0.374969559,0.356155861,0.460325708
BABAM2,Glioma,High - Low,0.876505922,0.000160155,0.003172326
PRDX6,Glioma,High - Low,0.248287833,0.423123755,0.526211942
IER2,Glioma,High - Low,1.175552091,0.064474086,0.122786794
PDIA4,Glioma,High - Low,0.269426274,0.456503642,0.557660215
KRIT1,Glioma,High - Low,1.625514325,0.000111728,0.002685823
VPS9D1,Glioma,High - Low,0.678919791,0.028289872,0.067431147
RAB36,Glioma,High - Low,1.000888149,0.104357383,0.176624331
SEC24C,Glioma,High - Low,0.862913135,3.58E-05,0.001512467
ACTN4,Glioma,High - Low,0.378177589,0.139183199,0.22051375
ZFP36L1,Glioma,High - Low,-0.077369668,0.879366011,0.911167585
CALB1,Glioma,High - Low,0.749188164,0.206058758,0.300236736
CDH6,Glioma,High - Low,1.219108188,0.097977343,0.168676448
DDX1,Glioma,High - Low,0.835559683,0.000200769,0.003493171
DHX8,Glioma,High - Low,0.829780957,0.004047358,0.018342698
DMWD,Glioma,High - Low,0.516823222,0.119297613,0.195710268
DNM2,Glioma,High - Low,0.351346276,0.01887503,0.050791865
DOCK2,Glioma,High - Low,-0.119681432,0.846003882,0.886634821
DOCK3,Glioma,High - Low,0.382802811,0.49772796,0.595872033
GPR183,Glioma,High - Low,0.166788693,0.776175318,0.834630703
EFNA3,Glioma,High - Low,0.484817044,0.263247735,0.364306373
EIF4G1,Glioma,High - Low,0.870426511,0.000288537,0.004199183
ETV1,Glioma,High - Low,2.142058809,0.010158362,0.033552835
MTOR,Glioma,High - Low,2.164534939,0.000678538,0.006523561
FUS,Glioma,High - Low,0.800039925,0.000231474,0.003760164
HMGN1,Glioma,High - Low,0.725331628,0.003473703,0.016727179
IBSP,Glioma,High - Low,-0.550230074,0.16684565,0.25394074
ICA1,Glioma,High - Low,1.783554137,0.002381093,0.013287519
IDE,Glioma,High - Low,1.504619088,0.000982927,0.008186685
KCNA2,Glioma,High - Low,-0.656472863,0.296622842,0.399926153
KCNB1,Glioma,High - Low,-0.290432368,0.637752676,0.72027049
KCNC3,Glioma,High - Low,0.727596755,0.179613665,0.269163524
KCND3,Glioma,High - Low,0.194881845,0.727294219,0.795261668
KCNJ4,Glioma,High - Low,-0.614019612,0.330921138,0.435189881
KCNJ9,Glioma,High - Low,-0.366301473,0.090579301,0.159145838
KIF5A,Glioma,High - Low,-0.235537627,0.764235852,0.824568605
KRAS,Glioma,High - Low,0.523902221,0.032449619,0.074550422
ATXN3,Glioma,High - Low,0.891364209,0.017340195,0.047961428
MMP9,Glioma,High - Low,-0.365557166,0.634928227,0.718381894
MMP14,Glioma,High - Low,0.928772083,0.258294377,0.359121619
ABCC1,Glioma,High - Low,1.486149719,0.00225072,0.012909997
MYO1E,Glioma,High - Low,0.456230042,0.549310243,0.642979034
NDUFA5,Glioma,High - Low,0.506816396,0.024058583,0.060104651
NDUFA7,Glioma,High - Low,1.367169081,8.86E-06,0.000805936
NDUFAB1,Glioma,High - Low,0.584263461,0.000131971,0.002898233
NDUFS1,Glioma,High - Low,0.966869245,0.013569973,0.040508815
NFKBIL1,Glioma,High - Low,2.22463648,0.0014301,0.009823868
SNU13,Glioma,High - Low,0.633790053,0.000423754,0.005104152
NUCB2,Glioma,High - Low,1.811260708,0.000433103,0.00517465
PCBP2,Glioma,High - Low,0.970925661,4.52E-06,0.000629867
PCYT1A,Glioma,High - Low,0.959738427,0.018200202,0.04956224
PDE1A,Glioma,High - Low,-0.684376843,0.169072241,0.256567322
PFN1,Glioma,High - Low,0.642482085,0.054383224,0.107994307
PGGT1B,Glioma,High - Low,0.796170076,0.000460188,0.005332067
SERPINI1,Glioma,High - Low,-1.484177745,0.018700543,0.050546285
PIK3CD,Glioma,High - Low,0.8011897,0.262788761,0.363863499
PIK3R2,Glioma,High - Low,1.105380905,0.002232891,0.01288464
PIP4K2A,Glioma,High - Low,-0.107657817,0.807524516,0.85881882
PLK1,Glioma,High - Low,0.62778136,0.293476084,0.396398834
FXYD1,Glioma,High - Low,-1.46718637,0.093746798,0.163156564
POLR2K,Glioma,High - Low,0.730056758,0.001805214,0.011351756
POLRMT,Glioma,High - Low,0.880903538,0.020914131,0.054678581
PPID,Glioma,High - Low,0.690016644,0.068127559,0.128104859
PRCP,Glioma,High - Low,1.221657328,0.002190092,0.012767084
PRKX,Glioma,High - Low,0.706960353,0.212888802,0.307677646
PWP2,Glioma,High - Low,1.1304172,0.026413396,0.064206327
RAC3,Glioma,High - Low,0.255953005,0.309109667,0.413145454
RAD23A,Glioma,High - Low,0.653109149,0.001186322,0.009018428
RANBP2,Glioma,High - Low,0.430586396,0.020952272,0.054723338
RBBP5,Glioma,High - Low,0.672977873,0.283713283,0.386233656
SCD,Glioma,High - Low,0.184301696,0.764492088,0.824777101
SEL1L,Glioma,High - Low,1.281925131,0.000406644,0.004994554
SFPQ,Glioma,High - Low,0.829917059,0.000161744,0.003184561
SIAH2,Glioma,High - Low,0.170746323,0.381666601,0.486389022
SIM2,Glioma,High - Low,1.540643198,0.053891239,0.107231055
SLC4A3,Glioma,High - Low,0.903842622,0.078041305,0.142305106
SLC12A4,Glioma,High - Low,1.152166251,0.005443344,0.022216242
SLC15A1,Glioma,High - Low,-0.926749699,0.082524025,0.148622704
CNTN2,Glioma,High - Low,-0.740178778,0.400931451,0.504555506
TLE1,Glioma,High - Low,0.608762629,0.164872354,0.251740376
TRIM25,Glioma,High - Low,1.971667332,0.004149564,0.018676604
NUP214,Glioma,High - Low,1.106881798,0.002589529,0.014075349
SSPN,Glioma,High - Low,1.487032772,0.041251701,0.088166589
FXR1,Glioma,High - Low,0.780214272,0.002121939,0.012503395
AKAP17A,Glioma,High - Low,1.207118282,0.015432042,0.044406974
ZRSR2,Glioma,High - Low,1.113459324,0.004908416,0.020683214
CBFA2T2,Glioma,High - Low,0.598631215,0.039278333,0.085116057
SLC27A4,Glioma,High - Low,0.10341546,0.695931324,0.769970325
ZMYM4,Glioma,High - Low,0.612966211,0.012001608,0.037340633
LGI1,Glioma,High - Low,-0.209938309,0.775009483,0.833650933
ADAMTS4,Glioma,High - Low,-1.159466138,0.054970775,0.108786632
AKAP12,Glioma,High - Low,0.637159282,0.252059646,0.352173402
EXOG,Glioma,High - Low,0.786499158,2.52E-05,0.001336915
XYLB,Glioma,High - Low,1.201237567,0.051097293,0.103341128
OXSR1,Glioma,High - Low,0.23140228,0.296909974,0.40014846
GFPT2,Glioma,High - Low,0.910991214,0.107395032,0.180805343
WDR1,Glioma,High - Low,0.684961039,0.002369864,0.013265167
GOLGA5,Glioma,High - Low,0.356069529,0.006567129,0.025104647
HS3ST1,Glioma,High - Low,-0.203578249,0.755145481,0.817455129
SLC23A2,Glioma,High - Low,0.848690514,0.001365173,0.009578687
THRAP3,Glioma,High - Low,0.415868326,0.029000348,0.068674545
MED12,Glioma,High - Low,1.961139233,0.000524787,0.005669173
MED13,Glioma,High - Low,1.256761496,1.04E-07,8.24E-05
CCS,Glioma,High - Low,0.607278614,0.002809073,0.014822135
DOP1B,Glioma,High - Low,0.492304171,0.464620887,0.564936116
THOC1,Glioma,High - Low,0.83503311,0.006647062,0.025240713
HP,Glioma,High - Low,1.25539254,0.042325587,0.089947883
HR,Glioma,High - Low,2.044474711,3.59E-05,0.001512467
SART1,Glioma,High - Low,0.726441938,0.012552153,0.038499352
USP14,Glioma,High - Low,0.535332146,0.001798512,0.01133842
USP10,Glioma,High - Low,0.96909828,0.000204059,0.003522594
PTBP3,Glioma,High - Low,1.403643914,0.04414863,0.092768096
ABL1,Glioma,High - Low,0.648642107,0.006806023,0.02567308
GRK3,Glioma,High - Low,-0.180840841,0.722273677,0.791027123
APLNR,Glioma,High - Low,1.335479764,0.146412164,0.229522805
ABCD2,Glioma,High - Low,0.323459552,0.528423204,0.623807142
ALDOC,Glioma,High - Low,0.420805479,0.516554642,0.61344603
APLP1,Glioma,High - Low,-0.049923079,0.960855222,0.972065942
RND3,Glioma,High - Low,1.167519145,0.106062444,0.17892998
ATF1,Glioma,High - Low,1.489375937,0.007366974,0.027106043
ATP5F1C,Glioma,High - Low,0.886153594,2.42E-05,0.001315415
BCL3,Glioma,High - Low,0.727843496,0.333145424,0.43754369
BMI1,Glioma,High - Low,0.53901883,0.008030456,0.02864145
CA3,Glioma,High - Low,0.974249842,0.164714042,0.251586671
CALM3,Glioma,High - Low,-0.152613344,0.663975834,0.743791546
CBL,Glioma,High - Low,0.472939364,0.030732538,0.071738477
CCNC,Glioma,High - Low,0.413175427,0.138553584,0.219867307
CD80,Glioma,High - Low,0.690576972,0.205086577,0.299086494
CDKN3,Glioma,High - Low,0.126245627,0.737516444,0.802618469
CEBPD,Glioma,High - Low,0.316895568,0.505058649,0.602856495
FOXN3,Glioma,High - Low,-0.076648879,0.733018084,0.79945071
CHKB,Glioma,High - Low,0.84960863,0.014741792,0.043067395
MAP3K8,Glioma,High - Low,-0.266662468,0.638086889,0.720523642
CRKL,Glioma,High - Low,0.682870126,2.56E-06,0.000466903
CSF1R,Glioma,High - Low,-0.196543089,0.697896485,0.77155777
CSTA,Glioma,High - Low,0.245738134,0.509138566,0.606788019
DDOST,Glioma,High - Low,0.617283953,0.040087155,0.086382673
DIAPH1,Glioma,High - Low,1.213189162,0.035182781,0.078810633
DLX3,Glioma,High - Low,-1.07074824,0.010292907,0.033869071
DLX5,Glioma,High - Low,0.785677201,0.27037325,0.371965636
DLX6,Glioma,High - Low,-0.564561795,0.255508599,0.356080265
DNASE1,Glioma,High - Low,1.387577277,0.001793923,0.011324898
ARID3A,Glioma,High - Low,-0.056746812,0.903208114,0.929474482
E2F1,Glioma,High - Low,0.446326188,0.172451429,0.260607867
S1PR3,Glioma,High - Low,0.591399756,0.390471326,0.49500785
ELK1,Glioma,High - Low,0.152514204,0.38941836,0.493959949
NR2F6,Glioma,High - Low,1.262672683,0.000282431,0.004168966
ERCC4,Glioma,High - Low,0.606006485,5.79E-05,0.001912286
ETS1,Glioma,High - Low,2.607591197,0.002245329,0.012905218
ETS2,Glioma,High - Low,-0.140488404,0.746120947,0.80982853
MECOM,Glioma,High - Low,0.12634509,0.841028524,0.882815065
EYA2,Glioma,High - Low,1.157150564,0.049212394,0.100488929
FER,Glioma,High - Low,0.324643745,0.274844689,0.376929037
FOXG1,Glioma,High - Low,0.989205428,0.043040682,0.091024333
FOSL2,Glioma,High - Low,0.461462281,0.320378105,0.424866862
MSTN,Glioma,High - Low,1.208499284,0.088287397,0.156124647
GEM,Glioma,High - Low,0.060147682,0.934125076,0.953057424
GFER,Glioma,High - Low,1.673469069,0.003199263,0.015890726
GFRA1,Glioma,High - Low,1.516350303,0.021843385,0.056320489
GLI2,Glioma,High - Low,0.497779355,0.289345057,0.392173379
GNB2,Glioma,High - Low,0.776050639,0.000216487,0.003589576
GNG5,Glioma,High - Low,0.914646753,0.115701263,0.191055194
GNL1,Glioma,High - Low,1.223275662,0.003310635,0.016246681
GPD1,Glioma,High - Low,0.097310234,0.858590477,0.896167499
GPM6A,Glioma,High - Low,1.367607855,0.0700164,0.131073024
GPR1,Glioma,High - Low,0.519957192,0.208934644,0.30316608
GPR17,Glioma,High - Low,1.583600492,0.127729361,0.206184259
GPR21,Glioma,High - Low,0.723595391,0.115727364,0.191072356
GPR22,Glioma,High - Low,0.339276407,0.491597227,0.590178112
GPR34,Glioma,High - Low,-0.255921853,0.567196073,0.658593312
GPR37,Glioma,High - Low,-0.133457127,0.869756066,0.904217578
GRK5,Glioma,High - Low,0.264808052,0.46794309,0.567949166
RAPGEF1,Glioma,High - Low,0.526473947,0.073970174,0.136869911
GTF2H1,Glioma,High - Low,1.075640847,0.000957027,0.008037432
H1-6,Glioma,High - Low,0.600130191,0.249042137,0.348627039
HAGH,Glioma,High - Low,1.027148164,0.003539887,0.016927589
HAS2,Glioma,High - Low,1.180771833,0.107554624,0.180911285
HCCS,Glioma,High - Low,0.630084296,0.110054647,0.184099335
HCFC1,Glioma,High - Low,1.131622075,0.002650531,0.014281235
HCLS1,Glioma,High - Low,-0.140153666,0.773201951,0.832048421
NCKAP1L,Glioma,High - Low,-0.130787225,0.858940205,0.896389614
HIP1,Glioma,High - Low,0.749293445,0.001034309,0.008442352
UBE2K,Glioma,High - Low,0.43266822,0.009726701,0.032604121
HINT1,Glioma,High - Low,0.594175975,0.003790627,0.01765588
HSPA1B,Glioma,High - Low,-0.059938121,0.945612489,0.961623636
JUND,Glioma,High - Low,-0.060279514,0.800866077,0.853903549
LIPE,Glioma,High - Low,-1.002364756,0.043293375,0.091425832
SMAD4,Glioma,High - Low,0.691717608,0.001054244,0.008504751
MAGEA3,Glioma,High - Low,0.304059722,0.074831364,0.137956497
MCF2,Glioma,High - Low,0.041263494,0.934999708,0.953428555
RAB8A,Glioma,High - Low,2.480664943,0.000140899,0.002980271
MYCN,Glioma,High - Low,2.812669074,0.005561373,0.022536384
NCL,Glioma,High - Low,0.926820367,5.11E-05,0.001809178
NEFM,Glioma,High - Low,-0.986992298,0.21115134,0.305954459
NFIL3,Glioma,High - Low,0.866901362,0.159583133,0.245669836
NKTR,Glioma,High - Low,0.668417779,0.022330179,0.057136805
NUP98,Glioma,High - Low,0.640722255,0.016138226,0.045735453
PDCL,Glioma,High - Low,1.149693348,0.024654548,0.061067348
PCMT1,Glioma,High - Low,0.322559071,0.25469915,0.35525471
PHF2,Glioma,High - Low,1.405132818,0.004107192,0.018566034
PPP1R3C,Glioma,High - Low,0.171108183,0.604563999,0.691254601
PRKAB2,Glioma,High - Low,0.902971136,0.00953653,0.032166076
PRKCE,Glioma,High - Low,1.218679669,0.009138058,0.031361347
PTPN14,Glioma,High - Low,0.663933344,0.200782593,0.29418683
RALA,Glioma,High - Low,0.654695708,0.013636232,0.040614009
ROCK1,Glioma,High - Low,0.609039283,0.089461884,0.157659053
SALL2,Glioma,High - Low,1.448866498,0.011214981,0.035749896
SELENOP,Glioma,High - Low,-0.869474585,0.139258407,0.220606209
SKIL,Glioma,High - Low,0.605697797,0.00322432,0.015996979
SLC20A1,Glioma,High - Low,0.596447401,0.197944642,0.29100485
SRC,Glioma,High - Low,0.664785571,0.098023803,0.168694223
STAT2,Glioma,High - Low,0.674449869,0.027713034,0.066431116
TAL2,Glioma,High - Low,-0.385788286,0.393232609,0.497689179
TECTA,Glioma,High - Low,0.532734353,0.219093477,0.315091267
TIE1,Glioma,High - Low,0.293147059,0.607053476,0.693313953
XRCC2,Glioma,High - Low,0.788139385,0.139470839,0.220835855
YES1,Glioma,High - Low,0.774414051,0.118785167,0.195031398
MALL,Glioma,High - Low,1.039242139,0.131460977,0.210907803
ARHGEF5,Glioma,High - Low,0.430043774,0.338099235,0.442407884
MLF2,Glioma,High - Low,0.620919801,0.000314043,0.004397604
RND2,Glioma,High - Low,1.880770391,0.014873757,0.043377767
CHAF1B,Glioma,High - Low,0.47701454,0.237692266,0.336351373
EOMES,Glioma,High - Low,0.840634812,0.262194141,0.363232238
PAPSS1,Glioma,High - Low,0.771688542,0.008410567,0.029649853
CNOT9,Glioma,High - Low,1.040919468,0.006005919,0.02380009
SMC3,Glioma,High - Low,1.506836255,0.002967492,0.015254729
NOG,Glioma,High - Low,1.625099836,0.000597258,0.006088853
PDLIM7,Glioma,High - Low,0.134241674,0.757611643,0.819311906
ZBTB22,Glioma,High - Low,0.85130121,0.011236374,0.035779764
ZRANB2,Glioma,High - Low,0.572577259,0.045367469,0.09469094
MAPK8IP1,Glioma,High - Low,0.464851573,0.214656128,0.309764431
GABBR2,Glioma,High - Low,0.08482674,0.899943862,0.92720845
MAFB,Glioma,High - Low,0.77359282,0.315185468,0.419894519
AKT3,Glioma,High - Low,0.538500082,0.285559312,0.388247982
MED6,Glioma,High - Low,1.306200856,0.000270641,0.004099969
ACOT8,Glioma,High - Low,1.495150691,0.016021223,0.045492484
GNPDA1,Glioma,High - Low,1.397779343,0.054144175,0.107638882
KCNE3,Glioma,High - Low,-0.315851838,0.488983505,0.587579023
HDAC5,Glioma,High - Low,0.764853619,0.020001368,0.05297955
GNE,Glioma,High - Low,1.00706843,0.001452034,0.009915602
HCN4,Glioma,High - Low,-0.033379887,0.881153756,0.912660875
INSL5,Glioma,High - Low,0.026332126,0.954585502,0.967708641
FRAT1,Glioma,High - Low,0.880443664,0.033428395,0.075985759
MED16,Glioma,High - Low,1.22038032,0.004954497,0.0207783
PIGK,Glioma,High - Low,0.355509817,0.3878588,0.492554342
CHAF1A,Glioma,High - Low,0.923856789,0.014742845,0.043067395
PARP2,Glioma,High - Low,1.852265863,0.000876636,0.007621377
PARP3,Glioma,High - Low,1.874521482,0.001620473,0.010603122
RANBP9,Glioma,High - Low,0.275156975,0.131993731,0.211581038
UBA2,Glioma,High - Low,0.595384236,0.030774456,0.071772346
SCARB1,Glioma,High - Low,0.695144042,0.005714851,0.022980512
CFL1,Glioma,High - Low,0.607271895,0.000126304,0.0028512
DMXL1,Glioma,High - Low,0.316718445,0.064695226,0.12317211
DXO,Glioma,High - Low,3.481092137,3.22E-10,1.49E-06
MLANA,Glioma,High - Low,-0.28453432,0.586648951,0.675489818
LRRC32,Glioma,High - Low,0.292730805,0.566627997,0.658050414
GTF2E1,Glioma,High - Low,0.987193604,0.037394802,0.08224595
HLA-E,Glioma,High - Low,0.120551488,0.788947012,0.843961459
HOXA1,Glioma,High - Low,0.621566397,0.14989292,0.233923032
HES1,Glioma,High - Low,1.531173355,0.028715599,0.068197595
HSPG2,Glioma,High - Low,0.526073526,0.346431345,0.450844351
IFI27,Glioma,High - Low,1.251379651,0.098866803,0.169705833
IFI35,Glioma,High - Low,1.116700883,0.023458083,0.059087473
IFNGR2,Glioma,High - Low,0.283987897,0.415748331,0.518820943
INPP5A,Glioma,High - Low,0.563653838,0.23543741,0.3338657
INPP5B,Glioma,High - Low,0.402691664,0.371820284,0.476577873
INPP5D,Glioma,High - Low,-0.000558914,0.999333382,0.999481543
INSIG1,Glioma,High - Low,0.632586093,0.248075114,0.347573206
ISLR,Glioma,High - Low,-0.180197364,0.80519926,0.8571117
KLC1,Glioma,High - Low,0.255085715,0.253391073,0.353807115
LAD1,Glioma,High - Low,0.282487625,0.634625789,0.718287988
LAMA1,Glioma,High - Low,0.588860033,0.353198058,0.457361997
LAMA5,Glioma,High - Low,1.89759038,0.002336234,0.01318164
LAMP1,Glioma,High - Low,0.408419413,0.085117939,0.151955699
LCP2,Glioma,High - Low,0.433299987,0.517277372,0.614038746
LGALS3BP,Glioma,High - Low,1.187827616,0.021658771,0.055954675
LMAN1,Glioma,High - Low,0.60274885,0.085212735,0.15206356
LMNA,Glioma,High - Low,0.876537947,0.034614274,0.077937178
LMNB1,Glioma,High - Low,1.525451782,0.022120573,0.056765707
LMO2,Glioma,High - Low,1.157326701,0.017688788,0.048543136
LOXL1,Glioma,High - Low,0.139050146,0.845953889,0.886634821
BCAM,Glioma,High - Low,0.35843498,0.415261754,0.518453527
CD180,Glioma,High - Low,-0.139662506,0.816468261,0.865443492
LYL1,Glioma,High - Low,-0.752383596,0.167458324,0.254649458
MDFI,Glioma,High - Low,1.981365247,0.010710594,0.034719287
MEF2A,Glioma,High - Low,0.259656617,0.387851381,0.492554342
MRE11,Glioma,High - Low,0.986261253,0.014889001,0.043397528
NACA,Glioma,High - Low,0.946446196,0.000952585,0.008020701
NFIB,Glioma,High - Low,1.805181574,0.006788528,0.025636632
NKG7,Glioma,High - Low,-0.929997895,0.178003505,0.267328441
ATP8B1,Glioma,High - Low,-0.573529541,0.141948107,0.223972832
POU3F2,Glioma,High - Low,1.369888963,0.015547268,0.044611084
PPP3CC,Glioma,High - Low,0.964660968,0.001480564,0.010013635
PTK2,Glioma,High - Low,0.242641989,0.219763351,0.315846493
PTPRCAP,Glioma,High - Low,0.44612862,0.513197503,0.610512417
RBL2,Glioma,High - Low,1.337971458,0.008685118,0.030315717
RGS4,Glioma,High - Low,-1.415873537,0.01124289,0.035784653
RNASE6,Glioma,High - Low,0.603345268,0.344361783,0.448712391
DLL1,Glioma,High - Low,0.431338091,0.424821104,0.52792167
S100A11,Glioma,High - Low,0.633402935,0.494398585,0.592671733
CCL8,Glioma,High - Low,0.053557009,0.909726918,0.934420219
SRSF4,Glioma,High - Low,0.599092978,0.022186839,0.056881199
SGK1,Glioma,High - Low,0.377747405,0.277371242,0.379638477
SMO,Glioma,High - Low,1.318693822,0.011741241,0.036882935
CAPN15,Glioma,High - Low,1.514838424,0.002493474,0.013715301
SOS1,Glioma,High - Low,0.76726479,0.000123205,0.002822948
SOX3,Glioma,High - Low,0.156828128,0.788557017,0.843783562
VAMP7,Glioma,High - Low,0.204337046,0.561553819,0.653794605
SYT1,Glioma,High - Low,-1.586501113,0.079652494,0.144671681
TAF7,Glioma,High - Low,1.364704203,4.68E-05,0.001727388
TAF13,Glioma,High - Low,0.128024137,0.575028868,0.665269327
TARBP1,Glioma,High - Low,1.977577596,0.000821156,0.007354837
TBL1X,Glioma,High - Low,1.451998371,0.005140043,0.021330769
ZNF354A,Glioma,High - Low,0.563147525,0.288058805,0.390794107
TCF20,Glioma,High - Low,0.488146878,0.269185903,0.370760681
TERF2,Glioma,High - Low,0.674769897,0.004438569,0.01950795
TFCP2,Glioma,High - Low,0.42691624,0.007950107,0.028463426
NR2F1,Glioma,High - Low,0.469012476,0.133634213,0.21371354
KLF10,Glioma,High - Low,0.425553141,0.120003214,0.196670682
VDAC3,Glioma,High - Low,0.582995136,9.99E-05,0.002519803
NELFA,Glioma,High - Low,1.600560419,0.002424662,0.013451735
MKRN3,Glioma,High - Low,0.903992776,0.001609189,0.010582172
EVI5,Glioma,High - Low,-0.222796215,0.282269401,0.384974299
RNF103,Glioma,High - Low,0.608105678,0.019519828,0.051988021
REEP5,Glioma,High - Low,0.517976413,0.053298353,0.106426008
UBXN8,Glioma,High - Low,0.650281173,0.076791707,0.14065946
ZNF239,Glioma,High - Low,-0.075742192,0.802832958,0.855560258
COLQ,Glioma,High - Low,0.588681425,0.212577737,0.307341023
TAF1C,Glioma,High - Low,2.142928665,0.000324985,0.004466889
TAF1A,Glioma,High - Low,1.878433195,0.001089816,0.008661332
GPR52,Glioma,High - Low,0.390461759,0.228531914,0.325908763
GTF2IRD1,Glioma,High - Low,1.973554063,1.51E-06,0.000365877
SOX13,Glioma,High - Low,0.699115834,0.189266934,0.280674138
ABCB6,Glioma,High - Low,1.218708357,0.004159433,0.018705054
NR1H3,Glioma,High - Low,1.11062902,0.011565824,0.036507099
COX17,Glioma,High - Low,0.200713644,0.25466153,0.355240082
SCAMP2,Glioma,High - Low,0.720089871,0.118686279,0.194951631
DPP3,Glioma,High - Low,2.30432669,0.000136705,0.002934234
ERAL1,Glioma,High - Low,1.583354661,1.26E-05,0.000973587
TSPAN32,Glioma,High - Low,-0.198194386,0.657620957,0.738315142
PDCD7,Glioma,High - Low,1.863572698,0.002725149,0.01452193
GPC6,Glioma,High - Low,0.624970749,0.340087642,0.444387974
USH1C,Glioma,High - Low,1.238418028,0.052796114,0.105751186
EDIL3,Glioma,High - Low,-1.284263707,0.091567502,0.160301284
ARPC5,Glioma,High - Low,0.213981925,0.336637698,0.440798269
ARPC4,Glioma,High - Low,0.591986105,6.80E-05,0.002099859
ARPC3,Glioma,High - Low,0.911643092,0.009109089,0.031311449
ARPC1B,Glioma,High - Low,0.805958392,0.195238035,0.287671798
ACTR3,Glioma,High - Low,0.468282667,0.038967733,0.084717804
TSPAN5,Glioma,High - Low,0.588266253,0.069364136,0.130086916
PPIF,Glioma,High - Low,1.268723609,0.00896559,0.030941202
CTDSP2,Glioma,High - Low,1.151361329,0.005260228,0.021692019
ARPC2,Glioma,High - Low,0.288569531,0.182914576,0.273047605
RAD50,Glioma,High - Low,1.15461092,0.000153934,0.003129592
HIPK3,Glioma,High - Low,0.228315926,0.34389632,0.448335609
ACTR1B,Glioma,High - Low,0.770156849,0.050927168,0.103122395
ACTR1A,Glioma,High - Low,0.818639027,6.94E-05,0.002122224
ARL4C,Glioma,High - Low,0.212038601,0.565867525,0.657326163
DNAL4,Glioma,High - Low,1.200141962,0.019321413,0.05160654
ZNF263,Glioma,High - Low,0.740874742,0.023049077,0.058304011
PDIA6,Glioma,High - Low,0.441513629,0.208281121,0.302465031
ARIH1,Glioma,High - Low,0.40414697,0.033230241,0.075653546
NAMPT,Glioma,High - Low,1.774705998,0.013593273,0.040533026
YAF2,Glioma,High - Low,0.857899261,0.003237519,0.016045455
TOB1,Glioma,High - Low,0.446892732,0.171820838,0.259924926
G3BP1,Glioma,High - Low,0.896833137,1.70E-05,0.001120464
EBI3,Glioma,High - Low,0.176141219,0.618401978,0.703959793
ABI2,Glioma,High - Low,0.4986856,0.021399424,0.05555174
CEBPZ,Glioma,High - Low,0.795681313,0.004990571,0.020888802
PLXNC1,Glioma,High - Low,1.033214706,0.113850944,0.188836613
TRIM28,Glioma,High - Low,1.010026299,0.000204965,0.003522594
AASS,Glioma,High - Low,1.239813121,0.000308055,0.004354481
ATP6AP2,Glioma,High - Low,0.258380494,0.085197599,0.152057275
FARP1,Glioma,High - Low,0.246755033,0.19288903,0.284916072
LPAR6,Glioma,High - Low,0.51234049,0.205248471,0.299289256
LPCAT3,Glioma,High - Low,2.053899292,1.00E-05,0.000846387
RCL1,Glioma,High - Low,0.897577588,0.030525326,0.071369302
ZNF256,Glioma,High - Low,0.759458828,0.115740843,0.191072356
CNIH1,Glioma,High - Low,0.9395211,0.000146302,0.003050203
RBM6,Glioma,High - Low,1.017546225,7.98E-05,0.002263891
RBM5,Glioma,High - Low,1.069654007,0.000168005,0.003215911
LHFPL2,Glioma,High - Low,0.512758489,0.247342817,0.34673014
LHFPL6,Glioma,High - Low,0.484847985,0.044127424,0.092738422
ALYREF,Glioma,High - Low,1.058929305,0.00054524,0.005789803
TXNDC9,Glioma,High - Low,0.966188548,0.051210408,0.103455928
RNF41,Glioma,High - Low,0.6095862,0.315311357,0.419976765
TSHZ1,Glioma,High - Low,1.075937627,0.072374416,0.134544687
PRMT3,Glioma,High - Low,1.051658652,2.27E-05,0.001281426
PSME3,Glioma,High - Low,1.083944867,2.90E-10,1.49E-06
MPHOSPH10,Glioma,High - Low,0.973626807,0.018974498,0.050981553
MPHOSPH6,Glioma,High - Low,0.677618789,0.015047009,0.043712113
NME6,Glioma,High - Low,1.154577814,0.013903972,0.041195904
CALCRL,Glioma,High - Low,0.613041733,0.162822048,0.249336734
NUTF2,Glioma,High - Low,0.596187777,0.016329125,0.046047219
USPL1,Glioma,High - Low,1.746516426,5.54E-06,0.000660851
EIF1,Glioma,High - Low,0.541718419,0.002451013,0.013550185
TOPORS,Glioma,High - Low,1.726088241,1.63E-05,0.001108928
FLOT1,Glioma,High - Low,0.530144182,0.029354934,0.069226251
DDX39A,Glioma,High - Low,1.143211895,0.00045347,0.005289058
PSMD14,Glioma,High - Low,0.57912614,0.003266333,0.016117703
OLIG2,Glioma,High - Low,1.189643969,0.239537536,0.338251182
CTDSPL,Glioma,High - Low,1.379836224,0.017768623,0.048690787
GDF11,Glioma,High - Low,0.610249541,0.075479909,0.138897885
PRKD3,Glioma,High - Low,0.642469145,0.05804917,0.113523194
STX6,Glioma,High - Low,1.377979987,0.00039881,0.004935364
RCAN2,Glioma,High - Low,-1.460917224,0.034791855,0.078215962
DCAF7,Glioma,High - Low,1.555889854,0.003886485,0.017867189
MRPS31,Glioma,High - Low,1.560509648,0.004657448,0.020103145
CALCOCO2,Glioma,High - Low,1.07237938,0.007299446,0.026929175
TIMM17B,Glioma,High - Low,0.432615503,0.02424412,0.060416494
POP7,Glioma,High - Low,0.916910424,0.027432322,0.065951412
SRRM1,Glioma,High - Low,0.664078563,0.040841619,0.087504388
SPRY1,Glioma,High - Low,-0.381740315,0.461406009,0.562127931
SPRY2,Glioma,High - Low,0.781301264,0.198534807,0.291643244
STAM2,Glioma,High - Low,1.035438675,0.000348498,0.004637076
IGSF6,Glioma,High - Low,0.408155257,0.398047708,0.5022298
SF3B4,Glioma,High - Low,1.124432424,0.001615505,0.01058649
CDK2AP2,Glioma,High - Low,0.56150836,0.144445829,0.227112051
RAMP2,Glioma,High - Low,2.017286471,0.006083094,0.02396349
RAMP1,Glioma,High - Low,1.057752745,0.008963611,0.030941202
ZMPSTE24,Glioma,High - Low,0.472253649,0.029120648,0.068823725
AKAP8,Glioma,High - Low,1.483064091,0.014943564,0.043508136
PURA,Glioma,High - Low,0.820183782,0.01802742,0.049204298
STUB1,Glioma,High - Low,0.346564498,0.042266714,0.089851939
STAG1,Glioma,High - Low,0.69223915,0.002034728,0.012164699
NET1,Glioma,High - Low,0.372195145,0.303308954,0.406950498
SIGMAR1,Glioma,High - Low,0.541921379,0.075590163,0.139022616
CWC27,Glioma,High - Low,1.086384576,0.003654652,0.01721236
SMNDC1,Glioma,High - Low,0.961789857,0.03103346,0.072216047
BCAS2,Glioma,High - Low,0.211109172,0.263765299,0.364868363
RGS19,Glioma,High - Low,0.085911048,0.812304943,0.862157165
LILRB2,Glioma,High - Low,-0.070888689,0.901292249,0.928031142
EIF1B,Glioma,High - Low,0.157444068,0.20808283,0.30224582
SPEG,Glioma,High - Low,0.604140975,0.071511325,0.133204975
DNAJA2,Glioma,High - Low,0.604100441,0.010765106,0.034848227
BCKDK,Glioma,High - Low,0.645594496,0.005416165,0.022160736
APC2,Glioma,High - Low,1.771007438,0.012237713,0.037870096
PAK4,Glioma,High - Low,1.270011789,0.010280698,0.033837399
MARCHF6,Glioma,High - Low,0.464222105,0.001165133,0.008953702
KATNB1,Glioma,High - Low,0.634296779,0.145085074,0.227770677
ACAT2,Glioma,High - Low,0.636444437,0.066756061,0.126105483
FMNL1,Glioma,High - Low,0.50514176,0.477986587,0.577225456
IDH1,Glioma,High - Low,1.237901676,0.005455633,0.022242073
CAPRIN1,Glioma,High - Low,0.686639461,0.000125854,0.002850868
SMAD1,Glioma,High - Low,1.927802795,0.001859177,0.011514762
SMAD3,Glioma,High - Low,0.561862373,0.238667164,0.337349582
SMAD5,Glioma,High - Low,1.096736275,8.13E-05,0.002263891
SMAD7,Glioma,High - Low,-0.185643157,0.394007101,0.498235945
MAN1A1,Glioma,High - Low,0.007623333,0.991704361,0.993753651
MANBA,Glioma,High - Low,1.264596195,0.043569725,0.091871542
MAP1B,Glioma,High - Low,0.129632129,0.635951696,0.718732461
MAT2A,Glioma,High - Low,0.785567731,0.004230296,0.01895526
MC4R,Glioma,High - Low,-0.164429541,0.740003748,0.804723212
MCM6,Glioma,High - Low,1.000195679,0.028509958,0.067828196
MDH1,Glioma,High - Low,-0.156937138,0.499752122,0.597830474
MDH2,Glioma,High - Low,0.914516325,0.001076612,0.008595175
MAP3K1,Glioma,High - Low,1.281383746,0.007384958,0.027110156
MAP3K4,Glioma,High - Low,0.808293462,0.012449589,0.038306236
MAP3K5,Glioma,High - Low,0.428730378,0.212436288,0.307263203
MEOX2,Glioma,High - Low,0.214116866,0.693483003,0.767715647
MFAP1,Glioma,High - Low,0.717750755,0.088817399,0.1568712
MELTF,Glioma,High - Low,-0.215715023,0.63082652,0.715224422
MIPEP,Glioma,High - Low,1.11948189,0.023662195,0.059443843
KMT2A,Glioma,High - Low,0.65657136,0.010839992,0.034956794
MLLT1,Glioma,High - Low,0.736868564,0.000723046,0.006766124
MMP16,Glioma,High - Low,1.397597878,0.009691675,0.032504559
CD200,Glioma,High - Low,0.017105953,0.960673501,0.972032314
MT1A,Glioma,High - Low,2.041859318,0.006198304,0.024268658
MT1G,Glioma,High - Low,-0.616206214,0.176270587,0.265399125
MT2A,Glioma,High - Low,0.461162323,0.398225018,0.502308301
MT3,Glioma,High - Low,0.00755495,0.994395076,0.995840197
MTF1,Glioma,High - Low,0.799909045,0.018622321,0.050437619
MTHFD1,Glioma,High - Low,1.004083658,0.000799233,0.007226768
MTHFR,Glioma,High - Low,0.732392372,0.198833325,0.291983481
MYH10,Glioma,High - Low,0.777334946,0.000202108,0.003509548
NAB1,Glioma,High - Low,0.731103536,0.006026183,0.023836093
NAB2,Glioma,High - Low,1.535097336,0.004948256,0.020775012
PRCC,Glioma,High - Low,0.581140649,0.001024271,0.008410548
RNF6,Glioma,High - Low,0.577941231,0.027205475,0.065550475
S100A2,Glioma,High - Low,0.300637565,0.668445076,0.747136023
SKP2,Glioma,High - Low,0.693883606,0.032064131,0.073937243
SLC25A1,Glioma,High - Low,0.710126347,0.002773304,0.014688861
SOX1,Glioma,High - Low,0.08243443,0.837432404,0.880117392
STK10,Glioma,High - Low,0.151672893,0.607760484,0.693939829
TBCD,Glioma,High - Low,2.070052231,0.00133471,0.009506471
TBX2,Glioma,High - Low,1.333522736,0.090112742,0.158474967
TBX3,Glioma,High - Low,0.757435899,0.122811527,0.200095983
VPS72,Glioma,High - Low,1.570083144,0.001421608,0.009786072
TSNAX,Glioma,High - Low,0.188574478,0.044079664,0.092667797
TUBA4A,Glioma,High - Low,-1.190275253,0.014187295,0.041789483
UCHL3,Glioma,High - Low,1.011466684,0.01706233,0.047458585
UQCRFS1,Glioma,High - Low,0.735923021,0.006147764,0.024135733
ZBTB16,Glioma,High - Low,0.78129548,0.077469752,0.141505505
MANF,Glioma,High - Low,0.603589417,0.075444917,0.138872529
CLPP,Glioma,High - Low,0.815367032,0.003273149,0.016117703
LAGE3,Glioma,High - Low,0.162909413,0.503357249,0.601445913
ARID1A,Glioma,High - Low,0.796889485,0.047249856,0.097605604
CD164,Glioma,High - Low,0.672377601,0.095305453,0.165112598
PROM1,Glioma,High - Low,0.870791421,0.131069584,0.21038702
ALKBH1,Glioma,High - Low,0.750626542,0.173476385,0.261854544
CDC123,Glioma,High - Low,0.693545108,0.00106534,0.008531195
TAX1BP1,Glioma,High - Low,0.66124132,0.005210432,0.021546454
H1-10,Glioma,High - Low,0.226388233,0.23130406,0.329026099
PNMA1,Glioma,High - Low,0.507502904,0.066200357,0.125326963
PCNT,Glioma,High - Low,0.508899841,0.012446895,0.038306236
CPNE6,Glioma,High - Low,-1.569148942,0.008455939,0.029705826
LIPG,Glioma,High - Low,-0.305364454,0.406913854,0.510416085
CDC42BPB,Glioma,High - Low,0.513363367,0.023070811,0.058336448
HDAC4,Glioma,High - Low,1.744037218,0.003113678,0.015655093
MRC2,Glioma,High - Low,0.935893772,0.156648147,0.242205266
ATP9A,Glioma,High - Low,0.905044925,0.033350293,0.075847731
RBM12,Glioma,High - Low,1.144029195,0.003735389,0.017448252
UBE4B,Glioma,High - Low,0.406224091,0.079862834,0.144986701
SNAPC5,Glioma,High - Low,0.071288474,0.795916432,0.850063941
VPS26C,Glioma,High - Low,0.854868527,0.00721254,0.02671538
TCIRG1,Glioma,High - Low,-0.170456416,0.745624252,0.809557869
LANCL1,Glioma,High - Low,0.136520556,0.739192954,0.804041983
B3GALT5,Glioma,High - Low,1.081959094,0.08622274,0.153301784
LAMC3,Glioma,High - Low,-0.327962283,0.446530556,0.548599472
SMYD5,Glioma,High - Low,0.776742844,0.002957857,0.015234941
RRAGB,Glioma,High - Low,0.773486398,0.003406966,0.016515144
AKR1A1,Glioma,High - Low,0.28011551,0.165439064,0.252252669
TRIM22,Glioma,High - Low,0.665374752,0.193554121,0.285695973
AGFG2,Glioma,High - Low,2.05300401,0.000183417,0.003335381
MICU1,Glioma,High - Low,0.949160537,0.024645484,0.061056448
CACNG2,Glioma,High - Low,0.521647815,0.456763005,0.55787295
CITED2,Glioma,High - Low,-0.125934764,0.743731451,0.807770708
SEMA3A,Glioma,High - Low,-0.737242448,0.272955825,0.374613272
IRF9,Glioma,High - Low,0.872190878,0.015352243,0.044274652
BPNT1,Glioma,High - Low,1.14826605,0.011827969,0.037066443
TUBB3,Glioma,High - Low,1.602402158,0.069002951,0.129558204
TUBB4A,Glioma,High - Low,-0.444857834,0.691177507,0.765784624
TUBB4B,Glioma,High - Low,-0.340760267,0.087122959,0.154587465
SCML2,Glioma,High - Low,0.66021795,0.236364333,0.334895348
CEPT1,Glioma,High - Low,0.568727306,0.112292579,0.187054292
CORO2B,Glioma,High - Low,0.040386186,0.933954382,0.953057424
NOD1,Glioma,High - Low,0.639501988,0.178802962,0.268295429
DLC1,Glioma,High - Low,0.597425069,0.3889568,0.493581443
ATP8A1,Glioma,High - Low,-0.158193733,0.70465578,0.776800382
PIAS3,Glioma,High - Low,1.014845579,0.002894738,0.01506838
ST3GAL6,Glioma,High - Low,0.230700897,0.535793729,0.630461696
NDC80,Glioma,High - Low,0.380499328,0.583537313,0.672794474
LUC7L3,Glioma,High - Low,0.803218723,2.45E-05,0.001315415
PRMT5,Glioma,High - Low,2.282339067,0.000320258,0.004456468
CD2BP2,Glioma,High - Low,0.614593334,0.00411782,0.018584841
ACAA2,Glioma,High - Low,-0.505032005,0.028153061,0.067166187
ECI2,Glioma,High - Low,0.633397075,0.005812004,0.023299622
HLA-DMA,Glioma,High - Low,-0.193151865,0.724486051,0.792919491
MAN2A2,Glioma,High - Low,0.145203752,0.567758611,0.659129588
DAGLA,Glioma,High - Low,0.50348785,0.169276914,0.256818382
TMEM50B,Glioma,High - Low,0.534200135,0.000553143,0.005835862
CAPZA1,Glioma,High - Low,0.536303297,0.103767646,0.176011114
CAPZA2,Glioma,High - Low,1.102407967,0.001357689,0.009547213
CSF2RA,Glioma,High - Low,-0.483724701,0.425755644,0.528809214
DYNC1LI2,Glioma,High - Low,0.600855514,0.034819164,0.07824379
GPR19,Glioma,High - Low,1.788198504,0.000329702,0.004491975
DNAJB1,Glioma,High - Low,-0.014705467,0.965968266,0.975881367
LASP1,Glioma,High - Low,0.356454007,0.085471225,0.15237946
NCK1,Glioma,High - Low,1.71111002,7.78E-05,0.002233959
NEDD4,Glioma,High - Low,0.380646806,0.486579321,0.585496098
NEDD8,Glioma,High - Low,0.594820302,0.001144016,0.00888664
NELL1,Glioma,High - Low,-0.195216436,0.728207582,0.795795165
NELL2,Glioma,High - Low,-0.368054586,0.458466805,0.559360186
NEUROD2,Glioma,High - Low,-0.51368989,0.388875913,0.493558776
NFE2L2,Glioma,High - Low,0.644326465,0.02289549,0.058106349
NFRKB,Glioma,High - Low,0.992354019,0.004487525,0.019612694
NNMT,Glioma,High - Low,0.968854003,0.262891964,0.363890949
NPPA,Glioma,High - Low,0.470864484,0.315430155,0.420092261
NRAP,Glioma,High - Low,-1.102746427,0.004586558,0.019914964
NRL,Glioma,High - Low,0.293151183,0.506109541,0.603890661
NSF,Glioma,High - Low,0.045550996,0.911491161,0.935938653
DDR2,Glioma,High - Low,-0.114690951,0.872533438,0.906385298
NUCB1,Glioma,High - Low,0.205755692,0.33563143,0.439838086
NUMA1,Glioma,High - Low,0.788733812,0.000694331,0.0066253
NR4A2,Glioma,High - Low,-0.677471805,0.32223983,0.426946579
OAS3,Glioma,High - Low,1.631341848,0.071452482,0.133152199
ORC2,Glioma,High - Low,1.684832871,0.004624185,0.020014694
PAX1,Glioma,High - Low,0.158657028,0.795108025,0.849408402
PBX3,Glioma,High - Low,0.33613766,0.480538228,0.579451742
PCM1,Glioma,High - Low,0.82227012,0.000656565,0.006405668
PCP4,Glioma,High - Low,-0.32234594,0.642526816,0.724412607
PCSK5,Glioma,High - Low,0.280578786,0.597238937,0.685453139
CDK16,Glioma,High - Low,0.952149915,0.007082602,0.026410041
PDE4A,Glioma,High - Low,0.74542599,0.100272213,0.171392178
PDE4D,Glioma,High - Low,0.059439942,0.782549167,0.839553937
PDGFRA,Glioma,High - Low,0.430597276,0.663518166,0.743406071
PEG3,Glioma,High - Low,-1.240350868,0.151616277,0.236069916
SERPINI2,Glioma,High - Low,-0.112109669,0.853397765,0.892455027
PIK3CA,Glioma,High - Low,1.009404377,0.000582428,0.006004513
PIK3CB,Glioma,High - Low,0.093789725,0.486200137,0.585147384
PIN1,Glioma,High - Low,0.403389979,0.308581575,0.412594363
PITPNA,Glioma,High - Low,0.435901859,0.024898041,0.061519165
PLCD1,Glioma,High - Low,1.770542413,0.001200644,0.009044899
PLCL1,Glioma,High - Low,0.347091279,0.620094437,0.705377625
PLTP,Glioma,High - Low,0.754308843,0.132446394,0.212176758
POLD2,Glioma,High - Low,0.732421614,0.003798471,0.017673552
POLE,Glioma,High - Low,1.476544435,0.001482198,0.010013635
POLR2I,Glioma,High - Low,0.202093528,0.377802357,0.48244768
POU3F3,Glioma,High - Low,1.624644457,0.036082228,0.080246817
POU4F1,Glioma,High - Low,-0.681232356,0.184168437,0.274574966
PPARD,Glioma,High - Low,1.21780022,0.058386991,0.114047571
PPP1R2,Glioma,High - Low,0.159450078,0.351719225,0.455811126
PPP2R5B,Glioma,High - Low,0.264470151,0.06836371,0.128511996
PPP2R5D,Glioma,High - Low,1.109348205,0.002212335,0.01284086
PPP2R5E,Glioma,High - Low,1.019117562,0.000338694,0.004548231
PRKAA1,Glioma,High - Low,0.598286275,0.001354558,0.009545451
PRKAA2,Glioma,High - Low,0.398567786,0.433024474,0.535574291
PRKAB1,Glioma,High - Low,1.168378962,0.001377935,0.009601901
PRKCD,Glioma,High - Low,-0.738410276,0.263154359,0.364215647
PRKCH,Glioma,High - Low,0.711323701,0.246743708,0.346223916
PKN2,Glioma,High - Low,0.581046457,0.059979529,0.116342515
DNAJC3,Glioma,High - Low,0.568237482,0.091916387,0.160683039
PROP1,Glioma,High - Low,-0.388489779,0.207976326,0.302156462
PSME1,Glioma,High - Low,1.025332452,0.016754992,0.046834566
RAD21,Glioma,High - Low,0.578825996,0.001367163,0.009578687
DPF2,Glioma,High - Low,1.616632354,0.000336188,0.004534628
RRAS,Glioma,High - Low,0.511152448,0.320519825,0.425011755
S100A1,Glioma,High - Low,-1.113961507,0.238504735,0.337229212
S100B,Glioma,High - Low,0.799835699,0.339644076,0.443896975
SRSF6,Glioma,High - Low,1.180364297,0.000327694,0.004473926
ITSN2,Glioma,High - Low,0.137695323,0.526316782,0.622105771
ST3GAL4,Glioma,High - Low,-0.323459268,0.344787992,0.449060658
SSR4,Glioma,High - Low,1.100685121,0.000668002,0.006478631
STK3,Glioma,High - Low,1.217495368,0.044100865,0.092697483
TACC1,Glioma,High - Low,0.437504633,0.243906339,0.343107337
TAF10,Glioma,High - Low,1.107313311,0.000499412,0.005560206
TESK1,Glioma,High - Low,1.14626724,0.005036271,0.021026752
TFDP2,Glioma,High - Low,1.037039539,0.000554818,0.005840303
THY1,Glioma,High - Low,0.803126607,0.353230315,0.457361997
TLN1,Glioma,High - Low,0.702192371,0.074610383,0.137762479
TNFAIP3,Glioma,High - Low,-0.152100572,0.77968753,0.837307154
TNFAIP2,Glioma,High - Low,1.083215869,0.120661645,0.197498769
TSG101,Glioma,High - Low,0.87233599,0.007377736,0.027108741
TYRO3,Glioma,High - Low,0.471642718,0.430806084,0.533498503
VRK2,Glioma,High - Low,-0.137815614,0.796081101,0.850064766
XRCC1,Glioma,High - Low,0.888351241,0.003834865,0.017723223
MAP3K12,Glioma,High - Low,1.780872223,9.99E-05,0.002519803
MOGS,Glioma,High - Low,1.710198128,0.00012942,0.002893103
AIMP2,Glioma,High - Low,2.610281632,1.37E-06,0.000339041
ANP32A,Glioma,High - Low,0.955629093,0.012299423,0.038007162
SMC1A,Glioma,High - Low,0.493724559,0.032886499,0.075119144
SRPX,Glioma,High - Low,1.379699336,0.032692643,0.074833002
NPEPPS,Glioma,High - Low,1.052811834,0.007245555,0.026781172
NCOR1,Glioma,High - Low,0.967642779,0.002508653,0.01376605
NCOR2,Glioma,High - Low,1.082532859,0.00133299,0.009506471
PCGF3,Glioma,High - Low,0.484292754,0.006413324,0.024799068
CDIPT,Glioma,High - Low,0.880271388,0.001183901,0.009018428
PGRMC2,Glioma,High - Low,0.3708389,0.122308674,0.19957471
ARIH2,Glioma,High - Low,0.512790048,0.012017859,0.037340633
TUBGCP3,Glioma,High - Low,1.309451843,0.012018134,0.037340633
CFDP1,Glioma,High - Low,0.469060367,0.033489434,0.076072806
RAN,Glioma,High - Low,0.964362413,0.001104818,0.008745699
RBM14,Glioma,High - Low,2.207760962,4.30E-06,0.000629867
FBLN5,Glioma,High - Low,-0.348519044,0.361811002,0.46644264
LYPLA1,Glioma,High - Low,1.252928756,0.000607773,0.006135372
EMG1,Glioma,High - Low,1.221037928,0.00164404,0.010698514
IFI30,Glioma,High - Low,0.193368731,0.813522613,0.863003904
OLFM1,Glioma,High - Low,-0.433746284,0.57899348,0.668556454
TIMM17A,Glioma,High - Low,0.711585384,0.002114949,0.012473437
ZER1,Glioma,High - Low,0.316580901,0.093793055,0.163193684
LRRN2,Glioma,High - Low,0.537035948,0.260500772,0.361421703
HMG20B,Glioma,High - Low,0.970550721,0.015460762,0.044460304
TACC3,Glioma,High - Low,0.319078225,0.60454669,0.691254601
MERTK,Glioma,High - Low,0.452866161,0.391078861,0.49549018
SLC30A9,Glioma,High - Low,0.762499982,0.00013037,0.002893103
PIBF1,Glioma,High - Low,2.196301448,9.60E-05,0.002485029
COG5,Glioma,High - Low,0.702034893,0.029063541,0.068741573
ZNHIT1,Glioma,High - Low,0.92684475,5.34E-05,0.001857989
FST,Glioma,High - Low,-0.258101994,0.658487175,0.739160887
TIMM44,Glioma,High - Low,1.640889782,0.001283892,0.009342627
HMGN4,Glioma,High - Low,0.755402283,0.026632499,0.064538091
TRIM38,Glioma,High - Low,-0.287608019,0.674725515,0.752229322
ATP5PD,Glioma,High - Low,0.797323899,0.001008628,0.008316101
UBE2E3,Glioma,High - Low,1.172784027,4.54E-05,0.001698981
SLC25A17,Glioma,High - Low,0.887779174,0.015366498,0.044286497
EIF3M,Glioma,High - Low,1.173934698,0.001271809,0.009289952
NXF1,Glioma,High - Low,0.602156725,0.017179859,0.047716567
SEC23A,Glioma,High - Low,0.931797574,0.017356491,0.047993355
MIR9-1HG,Glioma,High - Low,1.393578982,0.046389561,0.096180288
CAP2,Glioma,High - Low,0.158050106,0.806898081,0.858494163
CAP1,Glioma,High - Low,0.355755886,0.169532302,0.257086685
CREB3,Glioma,High - Low,0.329398177,0.182189991,0.272152146
LRRC41,Glioma,High - Low,0.826927412,0.003239756,0.016045455
VAT1,Glioma,High - Low,0.590776443,0.058863792,0.114824735
ENOX2,Glioma,High - Low,1.407050808,0.000388798,0.004899457
UNC13B,Glioma,High - Low,1.128706484,0.021983728,0.056578747
SEMA3C,Glioma,High - Low,-0.449872217,0.392264237,0.496605261
APPBP2,Glioma,High - Low,0.780568918,0.001740942,0.011119098
CIB2,Glioma,High - Low,1.156840992,0.01757558,0.048374411
CHERP,Glioma,High - Low,1.299481221,0.000190541,0.003404782
HYOU1,Glioma,High - Low,0.976435076,0.026031778,0.063517344
IPO8,Glioma,High - Low,0.695830385,0.032422889,0.074512256
IPO7,Glioma,High - Low,1.004648684,1.04E-05,0.000876608
ZNRD2,Glioma,High - Low,0.674033182,0.012975183,0.039379982
RNASEH2A,Glioma,High - Low,1.025664602,0.078191877,0.142506437
DCTN2,Glioma,High - Low,0.529288216,0.007757625,0.027950078
LAMTOR5,Glioma,High - Low,0.472765802,0.006411194,0.024798156
PRDX4,Glioma,High - Low,1.986245188,0.00208621,0.012350107
ARL6IP5,Glioma,High - Low,0.216164547,0.178978485,0.268457476
ARPC1A,Glioma,High - Low,0.859747839,0.001293456,0.009366826
SPTLC1,Glioma,High - Low,0.571616168,0.017104754,0.047538217
IFI44,Glioma,High - Low,0.769220728,0.33344808,0.437850151
ARFGEF2,Glioma,High - Low,0.778530088,0.039445512,0.085421781
ARFGEF1,Glioma,High - Low,1.023992791,4.48E-06,0.000629867
RABAC1,Glioma,High - Low,0.38962896,0.083848185,0.150407492
SLU7,Glioma,High - Low,0.410787562,0.15092844,0.235306748
DPYSL4,Glioma,High - Low,0.875187211,0.022917374,0.058116827
SIVA1,Glioma,High - Low,0.572541848,0.061448976,0.11840345
CCT4,Glioma,High - Low,0.815154999,0.000652476,0.00637568
NPC2,Glioma,High - Low,0.09894255,0.829290257,0.874086084
IFITM2,Glioma,High - Low,0.262712858,0.126206126,0.204380558
PARP4,Glioma,High - Low,1.671942478,0.000599871,0.006093183
TXNRD2,Glioma,High - Low,1.31667855,0.004703184,0.020236208
MTHFS,Glioma,High - Low,0.834097379,0.052251075,0.104878633
DRAP1,Glioma,High - Low,0.405078619,0.020712599,0.054335817
PRPF8,Glioma,High - Low,1.315632719,7.77E-05,0.002233959
PAIP1,Glioma,High - Low,1.118594829,0.002714912,0.014496658
PAICS,Glioma,High - Low,1.573641164,0.000123886,0.002822948
TBL3,Glioma,High - Low,0.650818454,0.001594204,0.01050474
MXD4,Glioma,High - Low,0.918882684,0.000538031,0.005727184
P3H4,Glioma,High - Low,0.982168418,0.014390669,0.0422365
ST6GALNAC2,Glioma,High - Low,-0.484988953,0.398290573,0.502342595
RBCK1,Glioma,High - Low,1.231158625,5.55E-05,0.001885988
STAMBP,Glioma,High - Low,1.198484525,0.004763454,0.020375009
ARID3B,Glioma,High - Low,1.323174941,0.029784433,0.070062447
POLR3F,Glioma,High - Low,2.003460206,5.80E-05,0.001912286
IVNS1ABP,Glioma,High - Low,0.81952298,0.013567809,0.040508815
MYL12A,Glioma,High - Low,0.326078589,0.442943501,0.54506196
PDPN,Glioma,High - Low,0.944762866,0.193120655,0.285226028
ATP5MG,Glioma,High - Low,0.393790416,0.040482793,0.087006108
GAS2L1,Glioma,High - Low,0.194043878,0.5256307,0.621463135
RGS14,Glioma,High - Low,-0.287762354,0.457780832,0.558907537
DYRK1B,Glioma,High - Low,0.451289694,0.082455845,0.148520343
FBLN1,Glioma,High - Low,-1.444545279,0.044759378,0.093750525
NOVA1,Glioma,High - Low,1.344016198,0.006310734,0.024555973
ERF,Glioma,High - Low,0.535085667,0.018796794,0.050680895
EVI2B,Glioma,High - Low,-0.767540853,0.2443768,0.343650258
GNAI3,Glioma,High - Low,0.701368026,0.013442195,0.040320427
LGALS8,Glioma,High - Low,0.391413599,0.350462256,0.454677201
MCAM,Glioma,High - Low,0.961031614,0.014027001,0.041475955
POLH,Glioma,High - Low,1.145359536,0.0360936,0.080246817
PSMC4,Glioma,High - Low,0.535070673,0.224896578,0.321881383
RASA2,Glioma,High - Low,2.104680567,0.000926709,0.007889927
RELB,Glioma,High - Low,1.356764715,0.051966733,0.104452016
TRIM27,Glioma,High - Low,1.849492841,0.005017196,0.020967173
SLC2A1,Glioma,High - Low,0.433588397,0.264880305,0.366102987
SLC16A2,Glioma,High - Low,0.903204762,0.008630728,0.030177753
DYNLT1,Glioma,High - Low,0.653966954,0.003163747,0.015798222
DYNLT3,Glioma,High - Low,-0.205083677,0.586636484,0.675489818
TFE3,Glioma,High - Low,0.455132529,0.228359738,0.325734181
ZNF217,Glioma,High - Low,0.20318633,0.551617778,0.645081419
SLBP,Glioma,High - Low,0.620871163,0.096680756,0.16695346
GLRA3,Glioma,High - Low,0.243742782,0.527143523,0.622633302
YEATS4,Glioma,High - Low,0.862732199,0.004197245,0.018832944
ELL,Glioma,High - Low,1.186899554,0.004631712,0.020036261
USP3,Glioma,High - Low,1.123676629,0.024849481,0.061445563
CACNG3,Glioma,High - Low,-0.56322536,0.343588226,0.448067794
NCOA2,Glioma,High - Low,0.766974475,0.011058903,0.035410667
EXOC5,Glioma,High - Low,1.313730289,0.003013076,0.015404217
NPRL2,Glioma,High - Low,0.741613681,0.03715928,0.081875105
IGF2BP3,Glioma,High - Low,-0.09959464,0.853969133,0.89298122
CAMKK2,Glioma,High - Low,-0.159508346,0.663237901,0.743155656
MTX2,Glioma,High - Low,0.271522691,0.212201327,0.307121994
YKT6,Glioma,High - Low,0.747811294,3.80E-05,0.001548065
PMVK,Glioma,High - Low,1.518447603,0.015310237,0.044182705
KHDRBS3,Glioma,High - Low,0.287871737,0.389961662,0.494553278
KHDRBS1,Glioma,High - Low,0.717875841,0.002262302,0.012931112
CELF1,Glioma,High - Low,0.919593345,2.98E-05,0.0014244
FARS2,Glioma,High - Low,0.786611426,0.123981925,0.201430524
CGRRF1,Glioma,High - Low,0.222288989,0.202615581,0.296308031
RRAGA,Glioma,High - Low,0.237929557,0.145783867,0.228702153
DCTN6,Glioma,High - Low,0.419013073,0.024131046,0.06022466
GNA13,Glioma,High - Low,0.533345682,0.127639712,0.206096554
CSPG5,Glioma,High - Low,1.444680344,0.041601441,0.088740251
B3GNT2,Glioma,High - Low,0.118460919,0.813568868,0.863003904
GNB5,Glioma,High - Low,0.602396871,0.081096829,0.146617064
EBP,Glioma,High - Low,0.399536333,0.245762253,0.345105661
FUT9,Glioma,High - Low,-0.604685284,0.407442705,0.510932606
GMEB1,Glioma,High - Low,0.642309366,0.218253101,0.314124201
RRH,Glioma,High - Low,0.12210395,0.692458578,0.766840917
CCT6B,Glioma,High - Low,0.434213995,0.388853307,0.493558776
CCT8,Glioma,High - Low,1.009965688,0.000663922,0.00646126
CNPY3,Glioma,High - Low,0.465186515,0.042593591,0.090326837
FAM189B,Glioma,High - Low,1.070464603,0.002838702,0.014911802
POLD3,Glioma,High - Low,-0.202000016,0.641179711,0.723454494
TBR1,Glioma,High - Low,-0.493085961,0.426410439,0.529494678
AP4B1,Glioma,High - Low,0.431313032,0.200192143,0.293616638
HSPA8,Glioma,High - Low,0.583066812,0.000887089,0.007686736
SLC12A7,Glioma,High - Low,0.140808337,0.829866527,0.874552676
NUDC,Glioma,High - Low,0.566830699,0.001757829,0.011185026
TCFL5,Glioma,High - Low,-0.499974779,0.390017375,0.494576028
RBBP9,Glioma,High - Low,1.016955161,0.01687895,0.047081735
PHTF1,Glioma,High - Low,-0.059980639,0.781029864,0.838336121
MAP3K2,Glioma,High - Low,0.424609835,0.022773174,0.05787445
KIF1C,Glioma,High - Low,1.689712936,0.001245368,0.009206727
NES,Glioma,High - Low,1.335703756,0.010671672,0.034688232
KDM5B,Glioma,High - Low,0.627844991,0.040272729,0.086682696
HBS1L,Glioma,High - Low,0.378477173,0.137789246,0.218941092
AHCYL1,Glioma,High - Low,0.716342906,0.21623419,0.311663832
PLK2,Glioma,High - Low,-1.18269738,0.031563987,0.073099325
PHGDH,Glioma,High - Low,0.694409065,0.117628669,0.193481428
ZBTB6,Glioma,High - Low,0.47135517,0.226661718,0.323735342
POP4,Glioma,High - Low,0.704870385,0.066085888,0.12516455
ARPP19,Glioma,High - Low,0.809122847,0.002096454,0.012386676
ZNF234,Glioma,High - Low,0.310162501,0.294608876,0.397456364
IQGAP2,Glioma,High - Low,0.537475627,0.302476723,0.406131222
VAMP5,Glioma,High - Low,1.02276255,0.014726874,0.043059171
MTHFD2,Glioma,High - Low,1.660106185,0.000589543,0.006035098
RPP40,Glioma,High - Low,1.047531019,0.075858071,0.139436997
SEPTIN9,Glioma,High - Low,0.710575713,0.002440814,0.013522387
SDCCAG8,Glioma,High - Low,0.539175774,0.028875048,0.06845211
HSPH1,Glioma,High - Low,1.110208269,0.027942694,0.066822592
NOXA1,Glioma,High - Low,0.518844699,0.351091264,0.455267695
WNK2,Glioma,High - Low,-0.685630382,0.318053756,0.422812248
CPLX2,Glioma,High - Low,-0.254711311,0.565391246,0.656905456
CPLX1,Glioma,High - Low,0.136077794,0.842984732,0.884107586
FRS3,Glioma,High - Low,1.441330432,0.015220048,0.044038914
FRS2,Glioma,High - Low,0.860367999,0.00570932,0.022965323
NEU3,Glioma,High - Low,0.152296016,0.733200655,0.79951663
TUBGCP2,Glioma,High - Low,0.922065633,0.001784694,0.011293863
CLPX,Glioma,High - Low,1.214842674,0.008142721,0.02893152
SRCAP,Glioma,High - Low,1.007008745,5.21E-05,0.001823385
RUVBL2,Glioma,High - Low,0.41210104,0.023474692,0.059106567
PGRMC1,Glioma,High - Low,0.770211566,0.069856074,0.130847721
CYP46A1,Glioma,High - Low,-0.142450993,0.806291125,0.858064675
TPBG,Glioma,High - Low,-0.907426635,0.186901641,0.277814133
TSPAN9,Glioma,High - Low,0.490559874,0.298423246,0.401567889
USP20,Glioma,High - Low,0.453457368,0.097501495,0.168148948
USP19,Glioma,High - Low,0.506164164,0.035389799,0.079117912
FGL2,Glioma,High - Low,-0.104018167,0.847432022,0.887818161
MMP24,Glioma,High - Low,2.268363456,0.000336642,0.004534628
LYVE1,Glioma,High - Low,-0.032215435,0.960851497,0.972065942
CPSF4,Glioma,High - Low,1.040016069,0.001758953,0.011185026
BLCAP,Glioma,High - Low,0.783162322,0.002364761,0.013259457
MAN1A2,Glioma,High - Low,1.004873862,0.041757171,0.088985456
TXNL4A,Glioma,High - Low,0.573508113,0.000927155,0.007889927
PNPLA6,Glioma,High - Low,0.692296778,0.067416125,0.127126428
NUDT3,Glioma,High - Low,0.27486152,0.275031475,0.3771062
GADD45G,Glioma,High - Low,0.371422333,0.455438321,0.556670457
GLO1,Glioma,High - Low,0.623018419,0.002350616,0.01322999
COPS8,Glioma,High - Low,0.426819292,0.017275625,0.047895401
SUB1,Glioma,High - Low,1.065897039,2.45E-05,0.001315415
DBF4,Glioma,High - Low,2.006628995,0.000339515,0.004554573
SPIN1,Glioma,High - Low,0.998738306,0.029760651,0.070031668
PLAGL1,Glioma,High - Low,1.054609034,0.098576784,0.169442026
LRBA,Glioma,High - Low,1.546219877,0.009055182,0.03116706
CDH10,Glioma,High - Low,1.153209407,0.037758941,0.082796485
FKTN,Glioma,High - Low,2.003521416,3.53E-05,0.001512467
CENPI,Glioma,High - Low,0.661195655,0.169894414,0.257546319
HIVEP2,Glioma,High - Low,-0.060704485,0.859198547,0.896444862
DNAJB2,Glioma,High - Low,-0.218385994,0.404913752,0.508722689
AKAP13,Glioma,High - Low,0.362561646,0.382876372,0.487551093
MCM5,Glioma,High - Low,0.653979791,0.12309145,0.200402431
PPP1R1A,Glioma,High - Low,1.036927107,0.157210427,0.242873879
PSKH1,Glioma,High - Low,1.356510966,0.000723947,0.006766124
RBM3,Glioma,High - Low,1.149398955,0.000112847,0.002696184
SIPA1,Glioma,High - Low,-0.462588012,0.165127289,0.251953338
SNTB2,Glioma,High - Low,0.775641318,0.037500764,0.082423619
SURF6,Glioma,High - Low,1.157894035,0.004830785,0.020502258
TALDO1,Glioma,High - Low,0.467500808,0.060276873,0.116694528
TCEA1,Glioma,High - Low,1.378332749,0.000180886,0.003335381
UGP2,Glioma,High - Low,-0.467076621,0.123917043,0.201370963
YWHAE,Glioma,High - Low,0.842046286,0.000418286,0.005075638
LAPTM5,Glioma,High - Low,-0.058032034,0.916129978,0.939522973
TUSC3,Glioma,High - Low,0.313533302,0.508783261,0.606523327
LZTR1,Glioma,High - Low,0.131565231,0.60953803,0.695544834
BRAP,Glioma,High - Low,0.492676878,0.013994776,0.041418083
SYNGAP1,Glioma,High - Low,0.905642175,0.004710547,0.020254577
DDX18,Glioma,High - Low,0.555881893,0.046779704,0.096851149
INMT,Glioma,High - Low,0.715467285,0.280750153,0.383261573
QKI,Glioma,High - Low,0.673751843,0.016982244,0.047298132
ZBTB33,Glioma,High - Low,1.210891462,0.00043128,0.00517101
CDC42EP2,Glioma,High - Low,-0.32111297,0.448450952,0.550287564
ZFPL1,Glioma,High - Low,0.787675493,0.063656869,0.121566421
GJB6,Glioma,High - Low,-1.344094563,0.004175811,0.018743194
WDR3,Glioma,High - Low,0.901831335,0.014953446,0.04351012
MALT1,Glioma,High - Low,1.300131183,0.0073097,0.026951817
RALBP1,Glioma,High - Low,0.708546386,0.023104438,0.058410195
MORF4L1,Glioma,High - Low,0.352776389,0.040469356,0.086991509
EHD1,Glioma,High - Low,0.106723384,0.803304107,0.855929416
AFG3L2,Glioma,High - Low,0.702761027,0.002448124,0.013541737
MSL3,Glioma,High - Low,0.336990849,0.053195086,0.106268425
KDELR1,Glioma,High - Low,0.604703543,0.094609548,0.164308637
HNRNPA0,Glioma,High - Low,1.059084248,3.59E-05,0.001512467
BTG3,Glioma,High - Low,1.903123952,0.001531774,0.010272875
CBX1,Glioma,High - Low,1.220956095,1.46E-05,0.001039509
SEC61B,Glioma,High - Low,1.219266974,3.17E-05,0.001467287
TOMM34,Glioma,High - Low,0.33282509,0.197836685,0.290911469
PDIA5,Glioma,High - Low,0.394600259,0.487437044,0.586332433
SERINC3,Glioma,High - Low,0.48677735,0.073808357,0.136593261
TMED2,Glioma,High - Low,1.058605471,0.00037225,0.004771602
LMAN2,Glioma,High - Low,1.095445611,0.009290049,0.031667433
STIP1,Glioma,High - Low,0.55920707,0.011080082,0.035461139
IFI44L,Glioma,High - Low,0.800135982,0.373281912,0.478076893
ACOT2,Glioma,High - Low,0.510728827,0.339715229,0.443945653
RAB40B,Glioma,High - Low,-0.390940974,0.461963372,0.562636757
EBNA1BP2,Glioma,High - Low,0.139959267,0.479776437,0.578973044
CKAP4,Glioma,High - Low,0.747336716,0.012561875,0.038509161
YWHAQ,Glioma,High - Low,0.475642369,0.016488788,0.046387559
TMED10,Glioma,High - Low,0.568143519,0.027426339,0.065951412
ASCC3,Glioma,High - Low,1.11597,0.000864064,0.007561934
ADIRF,Glioma,High - Low,-0.948487151,0.048013948,0.098667703
CLP1,Glioma,High - Low,0.514800829,0.185061303,0.275623665
COPS6,Glioma,High - Low,1.428517395,2.01E-05,0.001227473
RAB32,Glioma,High - Low,0.452386093,0.44877052,0.550437157
CCNI,Glioma,High - Low,0.578078224,0.002343752,0.013204282
GCN1,Glioma,High - Low,1.586924709,0.003093955,0.015619166
COPS5,Glioma,High - Low,0.734826249,0.06133028,0.118218418
METAP2,Glioma,High - Low,1.250475812,6.18E-06,0.000691294
IMMT,Glioma,High - Low,1.041806564,0.043282107,0.091416782
SLC38A3,Glioma,High - Low,1.10135485,0.018867681,0.050791865
SF3B2,Glioma,High - Low,0.875261199,0.00233205,0.01318164
SDS,Glioma,High - Low,0.324658081,0.568247117,0.659509376
ILVBL,Glioma,High - Low,0.526893944,0.023550259,0.059194384
KIF2C,Glioma,High - Low,0.628943999,0.135154482,0.215644361
PDIA2,Glioma,High - Low,0.391969725,0.524926664,0.620798917
GLIPR1,Glioma,High - Low,0.510595798,0.425331736,0.528398674
KDELR2,Glioma,High - Low,1.682964442,0.016828983,0.047000283
SNRNP27,Glioma,High - Low,0.634255525,0.000449417,0.005278019
TMED1,Glioma,High - Low,2.463865193,0.000294128,0.004228643
LILRB3,Glioma,High - Low,0.696271658,0.340835912,0.445054812
RAB31,Glioma,High - Low,1.347497702,0.002635565,0.014243952
ADAP1,Glioma,High - Low,-0.665377207,0.143561605,0.226055574
DSTN,Glioma,High - Low,0.847033391,0.005816868,0.02330485
GTF2A1L,Glioma,High - Low,-0.658365076,0.316352666,0.421063887
PIM2,Glioma,High - Low,-0.242436019,0.328287139,0.432769182
B4GAT1,Glioma,High - Low,0.699533771,0.080607632,0.145994705
GMPR,Glioma,High - Low,0.523981626,0.369515767,0.474227596
ZFHX3,Glioma,High - Low,0.623157813,0.186194996,0.276997056
CALM1,Glioma,High - Low,-0.099551686,0.831959244,0.876334865
EIF2D,Glioma,High - Low,1.516881272,0.021553257,0.055759097
HOXD3,Glioma,High - Low,0.109801407,0.783652042,0.840005472
MYO9A,Glioma,High - Low,0.521244618,0.033503479,0.076072806
PPA2,Glioma,High - Low,2.165738936,0.000258175,0.003976804
PRKDC,Glioma,High - Low,0.78776873,0.000501076,0.005565018
PYCR1,Glioma,High - Low,1.141445467,0.028641977,0.068072136
RASGRF2,Glioma,High - Low,-1.314129327,0.018205025,0.049565065
RIT1,Glioma,High - Low,1.24224029,0.002079458,0.012332121
RP2,Glioma,High - Low,0.768442841,0.090346167,0.158821477
SCN1A,Glioma,High - Low,1.230093325,0.06016396,0.116601442
SCN3A,Glioma,High - Low,1.206994458,0.022853987,0.058026566
SDF2,Glioma,High - Low,0.890809001,0.00752634,0.027518114
SRSF1,Glioma,High - Low,0.943021276,7.49E-05,0.00219535
ST3GAL2,Glioma,High - Low,-0.134540302,0.393421343,0.497831801
SKIV2L,Glioma,High - Low,0.94071406,0.00093825,0.00794447
SUMO3,Glioma,High - Low,0.32640871,0.10179801,0.173479284
SUMO2,Glioma,High - Low,0.739634041,0.007615695,0.027702404
SOS2,Glioma,High - Low,0.847061143,0.000862191,0.007550952
SOX12,Glioma,High - Low,1.236620004,0.000581045,0.005999145
SPTBN2,Glioma,High - Low,0.59795947,0.313173674,0.417766981
SRP72,Glioma,High - Low,0.996452049,0.004254704,0.019012574
HSPA13,Glioma,High - Low,1.159156449,0.007662765,0.027769148
SYN1,Glioma,High - Low,-0.046807263,0.953796357,0.967316476
ZNF33A,Glioma,High - Low,0.683632243,0.140523504,0.222153374
ZNF12,Glioma,High - Low,0.711137676,0.005456468,0.022242073
ZNF17,Glioma,High - Low,0.806776633,0.075946577,0.139501759
ZNF22,Glioma,High - Low,1.232041157,4.41E-06,0.000629867
ZNF24,Glioma,High - Low,1.707617579,0.0011661,0.008953702
RNF113A,Glioma,High - Low,0.162341089,0.351371164,0.455540415
MTERF1,Glioma,High - Low,0.562341706,0.175808597,0.264855824
NPIPA1,Glioma,High - Low,0.843277901,0.000723815,0.006766124
MAGED1,Glioma,High - Low,1.180496989,0.011843893,0.037098586
ADAMTS1,Glioma,High - Low,0.053036768,0.920724327,0.943274148
WASF2,Glioma,High - Low,0.180202553,0.483812429,0.582863096
LRRC23,Glioma,High - Low,1.034488058,0.093528343,0.162949647
NPM3,Glioma,High - Low,2.048336144,0.000152917,0.003124626
SLC19A2,Glioma,High - Low,0.844032275,0.088995869,0.157059296
SLC35D2,Glioma,High - Low,1.169430227,0.089504296,0.157659053
TLE4,Glioma,High - Low,-0.186938245,0.71915843,0.788340701
NUDT21,Glioma,High - Low,0.817623611,0.001237371,0.009206727
CPSF6,Glioma,High - Low,1.392113453,0.005184786,0.021459025
RTN4,Glioma,High - Low,0.173831677,0.34688585,0.451154905
ABHD2,Glioma,High - Low,0.594719852,0.057632707,0.112843581
WWP1,Glioma,High - Low,1.301408002,0.005914647,0.023545293
CNTRL,Glioma,High - Low,0.506595252,0.153161643,0.23793102
DEPP1,Glioma,High - Low,0.46898937,0.354565851,0.458691178
RAPGEF4,Glioma,High - Low,-0.215480334,0.62863265,0.713334729
TMEM115,Glioma,High - Low,2.126591122,0.000368649,0.004747314
TOPBP1,Glioma,High - Low,0.772312706,0.000646233,0.006342674
STMN2,Glioma,High - Low,-0.250320144,0.696606117,0.770456487
TPPP,Glioma,High - Low,-1.124773975,0.212546434,0.307329703
HSF2BP,Glioma,High - Low,0.524073574,0.179511074,0.269104242
RER1,Glioma,High - Low,1.473735634,0.003090236,0.01561577
DNAJB4,Glioma,High - Low,-0.135671601,0.569143946,0.660211012
PTPN21,Glioma,High - Low,0.840367386,0.145919383,0.228859905
HNRNPUL1,Glioma,High - Low,0.843355237,1.46E-05,0.001039509
ATE1,Glioma,High - Low,1.056118893,0.033417351,0.075984453
RPP14,Glioma,High - Low,1.216524309,0.001868528,0.011545367
KRR1,Glioma,High - Low,1.431389709,0.004557474,0.019822103
PTPRT,Glioma,High - Low,0.113425583,0.797410627,0.851034996
FAF1,Glioma,High - Low,0.720565222,0.102686968,0.174644149
KIF3A,Glioma,High - Low,0.634941147,0.000194118,0.003439222
POLR3A,Glioma,High - Low,0.201840845,0.282397462,0.385036553
ZWINT,Glioma,High - Low,1.275037711,0.049610173,0.101065192
KPTN,Glioma,High - Low,1.548945972,0.001664593,0.010762724
PWP1,Glioma,High - Low,0.678273502,0.000172988,0.003263585
CDC37,Glioma,High - Low,0.730997489,1.76E-09,3.85E-06
PKIG,Glioma,High - Low,0.674679302,0.024775905,0.06129836
KAT7,Glioma,High - Low,0.812167793,0.001244724,0.009206727
DMC1,Glioma,High - Low,0.527774204,0.31041766,0.414639709
PLAAT3,Glioma,High - Low,-0.182009733,0.768649531,0.82838102
BVES,Glioma,High - Low,-0.735895412,0.143437112,0.225910805
WDR45,Glioma,High - Low,0.864020106,0.027859342,0.066708552
PTP4A3,Glioma,High - Low,0.641334226,0.000537281,0.005727184
LSM6,Glioma,High - Low,0.595559073,0.000836593,0.007436192
NUDT6,Glioma,High - Low,1.58277281,0.007753658,0.027950078
SOX21,Glioma,High - Low,1.155472548,0.010858858,0.034992623
CLTB,Glioma,High - Low,0.305876632,0.208871006,0.303133827
CLTCL1,Glioma,High - Low,0.477150156,0.420010873,0.523285028
ATP5ME,Glioma,High - Low,0.466141301,0.001911526,0.011711564
NDUFV1,Glioma,High - Low,0.792628606,0.05658168,0.111118035
RPL10A,Glioma,High - Low,1.483969051,5.74E-05,0.001908625
UBL3,Glioma,High - Low,0.337991583,0.194549078,0.286818047
SSR3,Glioma,High - Low,0.502438439,0.066040066,0.125113961
TCF19,Glioma,High - Low,0.559638412,0.408325347,0.511794349
TEP1,Glioma,High - Low,0.664580261,0.204762631,0.298680607
TFDP1,Glioma,High - Low,2.001414283,0.000161745,0.003184561
TMF1,Glioma,High - Low,0.314912836,0.033181971,0.075556791
TRIO,Glioma,High - Low,0.806156376,0.00077622,0.007087204
NR1H2,Glioma,High - Low,-0.163455656,0.374824463,0.479583377
USF1,Glioma,High - Low,1.485322326,0.001025114,0.008410548
UTRN,Glioma,High - Low,0.322333847,0.354858623,0.458971051
VCP,Glioma,High - Low,0.458761469,0.01578762,0.045073552
ZNF135,Glioma,High - Low,1.039836704,0.043112402,0.091146565
ZNF79,Glioma,High - Low,0.371702226,0.269799807,0.371332795
ZNF81,Glioma,High - Low,0.613706623,0.104358499,0.176624331
ZNF92,Glioma,High - Low,1.299251539,0.001314805,0.009435152
VEZF1,Glioma,High - Low,0.656032634,0.00146465,0.009950347
ZNF175,Glioma,High - Low,0.256213672,0.497831051,0.595872033
RNF112,Glioma,High - Low,2.167074043,0.001199988,0.009044899
ZNF184,Glioma,High - Low,1.458728936,0.011772765,0.036939896
ZNF195,Glioma,High - Low,1.369116251,0.00165324,0.010731714
ZXDB,Glioma,High - Low,0.22415757,0.463103737,0.563566989
LST1,Glioma,High - Low,-0.242319066,0.698538245,0.772199958
TFEB,Glioma,High - Low,1.824084663,0.002742973,0.01459089
SF3A2,Glioma,High - Low,1.15588127,0.000202646,0.003514226
PICALM,Glioma,High - Low,0.571694748,0.015811876,0.045112413
ZMYM6,Glioma,High - Low,0.649167425,0.150645739,0.234995484
ABCA8,Glioma,High - Low,-0.324059633,0.574066619,0.66456713
TESK2,Glioma,High - Low,-0.444634704,0.432680258,0.535241784
POMT1,Glioma,High - Low,1.786197294,0.000551003,0.005822667
NUP50,Glioma,High - Low,0.770593798,0.011527051,0.036411021
CIT,Glioma,High - Low,0.226687618,0.574660051,0.664960146
ERG28,Glioma,High - Low,2.101970731,4.93E-05,0.001783122
STRAP,Glioma,High - Low,0.688466041,6.26E-05,0.002015067
RASSF1,Glioma,High - Low,0.648957841,0.219337929,0.315338916
CEP250,Glioma,High - Low,1.024513417,0.006867089,0.025821595
WBP4,Glioma,High - Low,0.454824691,0.096362428,0.166557527
ABCF2,Glioma,High - Low,0.740619297,0.005400052,0.022123835
SEC23IP,Glioma,High - Low,0.285102115,0.048174185,0.098940331
SUPT16H,Glioma,High - Low,1.316217256,4.41E-05,0.001686134
POLI,Glioma,High - Low,0.453604213,0.098678111,0.169508332
PLPBP,Glioma,High - Low,0.556949527,0.005032898,0.021019373
AKAP10,Glioma,High - Low,1.832979244,0.000106383,0.002616912
DDX20,Glioma,High - Low,0.556158024,0.110095846,0.184144725
MRPL3,Glioma,High - Low,0.816109316,0.000245357,0.003867119
RPL35,Glioma,High - Low,1.029522715,0.000474769,0.005436282
RASSF8,Glioma,High - Low,0.083765498,0.671444169,0.749912011
RNF2,Glioma,High - Low,1.206580476,0.021984742,0.056578747
PRAF2,Glioma,High - Low,2.08654933,0.000239546,0.00382485
SEC63,Glioma,High - Low,0.484441965,0.012007294,0.037340633
POLG2,Glioma,High - Low,2.490204308,8.13E-05,0.002263891
RNF139,Glioma,High - Low,1.152657683,0.004821826,0.020490805
RNF24,Glioma,High - Low,0.932192725,0.021135976,0.055093237
CA5B,Glioma,High - Low,0.960947729,0.022342108,0.057148477
GPR176,Glioma,High - Low,-0.154649431,0.589100344,0.677835557
NXPH3,Glioma,High - Low,-0.303688956,0.578733309,0.668314978
HRH3,Glioma,High - Low,0.43822631,0.560674339,0.653189096
XPOT,Glioma,High - Low,0.826482042,0.000642202,0.006326823
DUSP12,Glioma,High - Low,0.739621314,0.001647061,0.010702216
PRR4,Glioma,High - Low,0.879357872,0.016379108,0.046158344
KLHL2,Glioma,High - Low,0.161975069,0.568589563,0.65976799
CYP4F8,Glioma,High - Low,1.457394551,0.035656535,0.07954524
PNKP,Glioma,High - Low,1.049751516,0.08443565,0.151088693
B4GALT7,Glioma,High - Low,0.893550828,0.016639664,0.046641644
PNMA2,Glioma,High - Low,1.0221387,0.031644339,0.07322717
VPS45,Glioma,High - Low,1.204838953,0.003050505,0.01552802
LYPLA2,Glioma,High - Low,1.11145307,0.045386841,0.094716275
GPR182,Glioma,High - Low,-0.066773222,0.872146499,0.906127131
GPN1,Glioma,High - Low,0.958944085,0.000400115,0.004942181
STXBP3,Glioma,High - Low,0.50137423,0.243017402,0.342205512
FKBP9,Glioma,High - Low,0.582456398,0.211867941,0.306721247
PHB2,Glioma,High - Low,0.846672845,0.001067911,0.00854256
ACOT7,Glioma,High - Low,-0.244576917,0.713995208,0.784190862
TUSC2,Glioma,High - Low,0.709333341,0.005356294,0.022018824
CBX3,Glioma,High - Low,1.161742507,0.000170471,0.003234748
EXOC3,Glioma,High - Low,0.901809831,0.000229919,0.003739536
GABARAP,Glioma,High - Low,0.688856231,0.001662323,0.010758674
U2AF2,Glioma,High - Low,1.04204057,0.000186973,0.003362687
SCRG1,Glioma,High - Low,1.696668921,0.098575449,0.169442026
MGLL,Glioma,High - Low,0.642854116,0.013488225,0.040375248
TWF2,Glioma,High - Low,1.001463058,0.02666116,0.064553386
GABARAPL2,Glioma,High - Low,0.322039289,0.169442885,0.256980852
BRCA1,Glioma,High - Low,0.638186689,0.111651398,0.186246879
RANBP3,Glioma,High - Low,0.73222696,4.63E-06,0.000636015
NSD2,Glioma,High - Low,0.82307522,0.000546806,0.00579703
SH3BGR,Glioma,High - Low,0.59833606,0.275381356,0.377506868
NUP42,Glioma,High - Low,1.540786955,3.38E-05,0.001510813
TTF1,Glioma,High - Low,0.826514116,0.006655644,0.025258651
OGFR,Glioma,High - Low,0.511345992,0.033141708,0.075530788
AP4E1,Glioma,High - Low,0.016165967,0.958712565,0.970516777
ATF6,Glioma,High - Low,0.535873489,0.019080328,0.051160912
PAXIP1,Glioma,High - Low,0.952943258,0.085090322,0.151934604
PHLDA1,Glioma,High - Low,1.133453027,0.024872351,0.061481737
GNA12,Glioma,High - Low,0.690026122,0.002041525,0.012194199
HSP90AB1,Glioma,High - Low,0.678868034,0.002269652,0.012938118
COG2,Glioma,High - Low,0.732828985,0.002030499,0.012156068
CASC3,Glioma,High - Low,1.355934031,0.000505505,0.005575888
KLRK1,Glioma,High - Low,1.197470049,0.00666178,0.025274613
NID2,Glioma,High - Low,-1.006079354,0.11992157,0.196586091
NONO,Glioma,High - Low,1.707042974,0.000191654,0.003404782
TMED3,Glioma,High - Low,0.633682584,0.299617743,0.402940938
RALY,Glioma,High - Low,1.042218631,9.06E-05,0.002416655
RASA3,Glioma,High - Low,0.532169528,0.093509141,0.162949647
GPR161,Glioma,High - Low,1.114762043,0.03384104,0.076615401
BRD3,Glioma,High - Low,0.723910269,0.009853975,0.032921176
DDX42,Glioma,High - Low,0.996415539,6.68E-06,0.00072233
SHOC2,Glioma,High - Low,1.109672716,0.006031951,0.023838313
TARDBP,Glioma,High - Low,0.865361136,7.23E-05,0.002165853
AKR7A3,Glioma,High - Low,0.290669188,0.618548284,0.704047004
ATF5,Glioma,High - Low,0.132517215,0.808348126,0.859413345
COMMD3,Glioma,High - Low,-0.045041653,0.821073872,0.868620644
CD93,Glioma,High - Low,0.227966728,0.579392146,0.668898807
DGAT1,Glioma,High - Low,1.149607184,0.001134448,0.008864939
ELL2,Glioma,High - Low,-0.095157687,0.845396388,0.886210961
ZFPM2,Glioma,High - Low,1.729185649,0.001082402,0.008625619
FRAT2,Glioma,High - Low,0.978166732,0.053059587,0.106046279
GTF3C5,Glioma,High - Low,0.260010333,0.047191484,0.097518639
PGLS,Glioma,High - Low,0.920808767,0.000331016,0.004504059
ABCB10,Glioma,High - Low,0.860120368,0.017842857,0.048863528
MACF1,Glioma,High - Low,0.185103484,0.33335839,0.437779479
ADAT1,Glioma,High - Low,1.219148631,0.010699483,0.034719287
PRDX5,Glioma,High - Low,0.627493861,0.002719371,0.014502942
AP3M1,Glioma,High - Low,0.776257259,0.00045083,0.005278019
APPL1,Glioma,High - Low,0.494242755,0.012473035,0.038317561
ANGPTL2,Glioma,High - Low,2.627308905,0.003402054,0.016497443
DNPEP,Glioma,High - Low,1.404631279,0.009138617,0.031361347
RERE,Glioma,High - Low,0.502804712,0.077547466,0.141588199
BACE1,Glioma,High - Low,0.301583647,0.317277927,0.421995113
BACE2,Glioma,High - Low,0.660582257,0.160291712,0.246297311
ARL2BP,Glioma,High - Low,0.906507431,0.004008032,0.018221236
TMEM59L,Glioma,High - Low,0.503312674,0.503500969,0.601502261
CHIC2,Glioma,High - Low,0.864117219,0.122482699,0.19975909
TPX2,Glioma,High - Low,0.595425063,0.414955077,0.518120049
CA14,Glioma,High - Low,0.9260078,0.156875594,0.242471036
CASP8AP2,Glioma,High - Low,0.325758117,0.094854022,0.164624034
CBX5,Glioma,High - Low,0.964921587,0.001944597,0.011836637
CD2AP,Glioma,High - Low,0.911203608,0.06491561,0.12346602
CDC42EP4,Glioma,High - Low,1.326729451,0.02231479,0.057119754
CIZ1,Glioma,High - Low,0.528386381,0.00090025,0.007744249
CLCA4,Glioma,High - Low,-0.910663817,0.030160095,0.070742766
COPG2,Glioma,High - Low,1.298721601,0.025168232,0.062022899
LMOD1,Glioma,High - Low,0.752850164,0.107250843,0.180632272
DDAH1,Glioma,High - Low,-0.195782439,0.589746118,0.678340149
SERGEF,Glioma,High - Low,1.665081196,8.71E-05,0.002357407
INTS6,Glioma,High - Low,1.282973573,0.013890663,0.041165788
DNAI1,Glioma,High - Low,-0.584979126,0.221408633,0.317869222
DTYMK,Glioma,High - Low,2.238699451,0.007620053,0.027706012
AGO2,Glioma,High - Low,1.153643608,0.015768358,0.045039396
EML2,Glioma,High - Low,-0.445606527,0.095122535,0.164915168
FBXL2,Glioma,High - Low,-0.057738146,0.904032187,0.930103208
FBXL3,Glioma,High - Low,0.547081575,0.016853978,0.047030932
FBXL4,Glioma,High - Low,0.19218198,0.300647068,0.404062006
FBXL6,Glioma,High - Low,1.913380597,5.48E-05,0.001876773
FBXW2,Glioma,High - Low,0.851547584,0.0325029,0.0746067
FBXO10,Glioma,High - Low,1.14005799,0.049227525,0.100488929
FBXO2,Glioma,High - Low,-1.223403413,0.091304943,0.160057381
TSPAN17,Glioma,High - Low,0.823166007,0.015854657,0.045205798
FBXO24,Glioma,High - Low,-0.178897587,0.67809856,0.755025465
FBXW8,Glioma,High - Low,1.823301122,0.000409896,0.005015667
FBXO3,Glioma,High - Low,1.01036014,0.052940291,0.105960135
FBXO5,Glioma,High - Low,0.11271338,0.848760734,0.888954827
FBXO8,Glioma,High - Low,0.559611692,0.013669733,0.04070453
FKBP8,Glioma,High - Low,0.246970284,0.045971169,0.095539765
FOXD4L1,Glioma,High - Low,1.353525311,0.040799885,0.087472227
ALDH1L1,Glioma,High - Low,0.784948795,0.245956042,0.345340747
TIMM10B,Glioma,High - Low,0.679317973,0.003353393,0.016401185
KIAA1549L,Glioma,High - Low,1.17226104,0.078050054,0.142305106
RABGAP1,Glioma,High - Low,0.916949536,0.000157713,0.003152566
GCA,Glioma,High - Low,-0.217118036,0.454784553,0.556130957
B3GAT3,Glioma,High - Low,0.410412595,0.055384306,0.109324565
GNG3,Glioma,High - Low,-0.840170138,0.347036596,0.451216536
GTF3C4,Glioma,High - Low,2.021183214,1.80E-05,0.00114785
HARS2,Glioma,High - Low,0.743596043,0.066422862,0.125657352
TRIM32,Glioma,High - Low,0.676101276,0.091165628,0.159939912
ITGA11,Glioma,High - Low,0.233056797,0.663056274,0.743015731
OGA,Glioma,High - Low,0.719064177,0.000305822,0.004328785
MRAS,Glioma,High - Low,0.492096021,0.310183015,0.414368556
NEK1,Glioma,High - Low,0.947377062,0.040115329,0.086407521
NUBP2,Glioma,High - Low,0.85308488,0.001951949,0.011859338
GTPBP6,Glioma,High - Low,1.029857886,0.000289289,0.004199183
MSRB2,Glioma,High - Low,0.138657528,0.61504172,0.700908804
NT5C2,Glioma,High - Low,0.770757372,0.046811676,0.096902019
PRDM2,Glioma,High - Low,-0.014654307,0.970119478,0.978866702
CAVIN1,Glioma,High - Low,-0.144828828,0.8139249,0.863311627
RAB3GAP1,Glioma,High - Low,0.423193792,0.01235371,0.038111951
RYBP,Glioma,High - Low,0.593038697,0.093522257,0.162949647
SCAP,Glioma,High - Low,0.837373371,4.96E-05,0.00178949
SIRT2,Glioma,High - Low,0.298448509,0.584805551,0.674078624
SIRT1,Glioma,High - Low,0.254742232,0.055259829,0.109177145
SIRT3,Glioma,High - Low,1.200601546,0.009303237,0.03168764
SIRT5,Glioma,High - Low,-0.116582044,0.604227622,0.691111405
DKK1,Glioma,High - Low,-0.260629572,0.288022313,0.390785092
SLC35A3,Glioma,High - Low,0.693427736,0.03104744,0.072216047
SNW1,Glioma,High - Low,0.059853926,0.563576462,0.655378508
SEPHS2,Glioma,High - Low,1.406324527,0.003377732,0.016446503
RHOQ,Glioma,High - Low,0.230819347,0.422573983,0.52567802
TFEC,Glioma,High - Low,0.374963495,0.530041729,0.625266813
XRN2,Glioma,High - Low,0.834329595,0.00253679,0.013891336
ZNF212,Glioma,High - Low,1.109190017,0.002420426,0.013440239
HBP1,Glioma,High - Low,0.913499013,0.008378097,0.029575203
HEY1,Glioma,High - Low,1.495631138,0.001987222,0.011995713
HEY2,Glioma,High - Low,-0.354385201,0.481306488,0.580271257
HACL1,Glioma,High - Low,1.366858575,0.00036545,0.004723434
LAMP5,Glioma,High - Low,0.029497273,0.965823844,0.97587407
HS2ST1,Glioma,High - Low,0.609252462,0.156482529,0.241977767
RHBDD3,Glioma,High - Low,2.35197313,0.000389516,0.004902543
DNAJB5,Glioma,High - Low,1.431386844,0.003620341,0.017112415
HSPBP1,Glioma,High - Low,0.124588139,0.723161568,0.791867058
IL36RN,Glioma,High - Low,-0.095055188,0.892400549,0.921539584
LILRA4,Glioma,High - Low,-0.813593908,0.008879338,0.030755864
ZNF346,Glioma,High - Low,0.20731325,0.202862614,0.296569921
KCNH3,Glioma,High - Low,-0.729156963,0.038928826,0.084681029
ACAP2,Glioma,High - Low,1.937465624,2.94E-05,0.001422687
TRAM2,Glioma,High - Low,0.437765985,0.356214952,0.460325708
KEAP1,Glioma,High - Low,1.663130297,0.000931999,0.007913529
PXDN,Glioma,High - Low,1.255958161,0.010766141,0.034848227
CABIN1,Glioma,High - Low,0.979220764,1.81E-05,0.00114785
MAGI2,Glioma,High - Low,0.79515959,0.183470764,0.273721822
ADGRL2,Glioma,High - Low,0.160048016,0.804583356,0.856614777
FBXL7,Glioma,High - Low,0.995036358,0.051033232,0.103257318
AP2A2,Glioma,High - Low,0.412784307,0.010705151,0.034719287
FAIM2,Glioma,High - Low,-0.205469624,0.706844168,0.778753844
EPB41L3,Glioma,High - Low,-0.409796512,0.462761165,0.563254805
KDM2A,Glioma,High - Low,0.806404131,0.011275025,0.035848445
KIF4A,Glioma,High - Low,-0.106796365,0.784002267,0.840049803
KIN,Glioma,High - Low,0.868830863,0.074519226,0.137642063
KPNA6,Glioma,High - Low,0.633389077,0.21088985,0.305609386
LDOC1,Glioma,High - Low,0.574117113,0.317322667,0.42201175
LETM1,Glioma,High - Low,1.224170347,0.001348735,0.009535093
SLC39A6,Glioma,High - Low,0.782506658,0.000820402,0.007354837
PLA2G15,Glioma,High - Low,0.796825953,0.101601341,0.173240382
LSM5,Glioma,High - Low,1.602289284,0.000851093,0.007498899
MAPK8IP2,Glioma,High - Low,0.422339338,0.588497093,0.677260477
MAPRE1,Glioma,High - Low,1.119603782,1.19E-05,0.000958881
MAPRE3,Glioma,High - Low,0.003599154,0.989974752,0.99293239
PIGN,Glioma,High - Low,0.323712641,0.081463417,0.147117313
DNAJB9,Glioma,High - Low,0.246153257,0.211175014,0.305954903
MMD,Glioma,High - Low,0.058014234,0.811177111,0.861443906
KAT6B,Glioma,High - Low,0.601550834,0.100030526,0.171093749
MYCBP,Glioma,High - Low,0.76272804,0.276534502,0.378712702
MYO10,Glioma,High - Low,1.095340424,0.025375736,0.062381621
TSPAN15,Glioma,High - Low,-0.282016279,0.555555712,0.648354661
NFATC2,Glioma,High - Low,-0.375756296,0.238373014,0.337115779
BAMBI,Glioma,High - Low,-0.823632632,0.195871562,0.288572788
NNT,Glioma,High - Low,1.345772356,0.004381966,0.019363172
NTSR2,Glioma,High - Low,-0.793171434,0.212051332,0.306952801
NUFIP1,Glioma,High - Low,0.981616534,0.0185081,0.050223119
FBXO9,Glioma,High - Low,0.9022745,0.003512702,0.016846817
OR1F1,Glioma,High - Low,0.708594416,0.126008743,0.204096699
OR2F1,Glioma,High - Low,1.053987163,0.003561109,0.01697258
OR8B8,Glioma,High - Low,1.367064134,0.040352793,0.086812212
TTC33,Glioma,High - Low,-0.034076659,0.941085382,0.958308444
OSTF1,Glioma,High - Low,-0.350117211,0.161464174,0.247607684
GMEB2,Glioma,High - Low,1.238088022,0.00277293,0.014688861
NUPR1,Glioma,High - Low,0.05600864,0.921133017,0.943619012
PFAS,Glioma,High - Low,2.323779433,0.000457073,0.005308612
PFDN2,Glioma,High - Low,0.552011039,0.006274403,0.02447877
CDK14,Glioma,High - Low,0.624677778,0.052192353,0.104776829
PHLDA3,Glioma,High - Low,0.590604989,0.045641402,0.095065682
PIP5K1C,Glioma,High - Low,1.386244083,0.046828165,0.09692083
PITPNB,Glioma,High - Low,0.747901752,0.002635374,0.014243952
PLXNB2,Glioma,High - Low,0.349280225,0.122729835,0.200012662
ICMT,Glioma,High - Low,0.220799525,0.31461699,0.419300533
PRDM4,Glioma,High - Low,0.959502724,0.005309657,0.021861428
PICK1,Glioma,High - Low,-0.005542275,0.991450246,0.993651107
PRND,Glioma,High - Low,-0.321745268,0.414670537,0.517912939
H2AZ2,Glioma,High - Low,1.127571245,0.005685897,0.022899246
RAB3GAP2,Glioma,High - Low,1.271392835,0.00141085,0.009747894
PITPNC1,Glioma,High - Low,0.921126034,0.004480249,0.019610928
RGS17,Glioma,High - Low,0.979207842,0.109976114,0.184018788
RLF,Glioma,High - Low,0.969623178,0.007189982,0.026660558
RPS6KC1,Glioma,High - Low,0.434263711,0.032514346,0.0746067
SF3B3,Glioma,High - Low,0.899262954,0.000122146,0.002822948
SEC14L2,Glioma,High - Low,0.521563173,0.151239236,0.235622956
SEC22A,Glioma,High - Low,0.735275895,0.015809466,0.045112413
SEMA3E,Glioma,High - Low,1.549883233,0.039458608,0.085432948
SLC17A5,Glioma,High - Low,0.174813469,0.598178721,0.686170843
SHC2,Glioma,High - Low,1.325411222,0.033962692,0.076787001
SNAPIN,Glioma,High - Low,0.931744951,0.03765886,0.082660092
SPON2,Glioma,High - Low,0.263948436,0.48787155,0.586673604
STAT5B,Glioma,High - Low,1.71580083,3.43E-05,0.001512467
STEAP1,Glioma,High - Low,-0.01582883,0.977778973,0.984546651
SYNGR4,Glioma,High - Low,0.203087218,0.672925783,0.750990221
TIMM13,Glioma,High - Low,1.620505618,8.13E-05,0.002263891
TIMM9,Glioma,High - Low,0.720559877,0.004379029,0.019357401
ATP6V0A2,Glioma,High - Low,1.49807758,0.002694688,0.014430082
PRPF6,Glioma,High - Low,0.939172499,0.016532351,0.046442772
TNPO3,Glioma,High - Low,1.069720645,5.37E-05,0.001860242
DNAAF11,Glioma,High - Low,-0.083406186,0.888694038,0.918581435
TXN2,Glioma,High - Low,1.061967232,9.34E-05,0.002446957
UCK2,Glioma,High - Low,1.70004998,1.77E-05,0.001133939
USP21,Glioma,High - Low,1.034558555,0.001107646,0.008762784
VAX2,Glioma,High - Low,1.425963984,0.008640385,0.030183714
WBP2,Glioma,High - Low,0.265202548,0.198472601,0.291584578
YWHAG,Glioma,High - Low,0.306845774,0.313133559,0.417766981
ZNF281,Glioma,High - Low,0.082026974,0.763332339,0.823989758
HMMR,Glioma,High - Low,0.013592752,0.97935744,0.985562537
ACAN,Glioma,High - Low,0.849982535,0.283961084,0.386436178
FLRT2,Glioma,High - Low,0.404814592,0.568610861,0.65976799
PDCD6,Glioma,High - Low,0.695453655,0.000106283,0.002616912
STK39,Glioma,High - Low,0.673351621,0.158988224,0.24497469
ATXN10,Glioma,High - Low,0.593474614,0.005329336,0.021935555
PRELID1,Glioma,High - Low,0.790889385,0.000135023,0.002934234
DNAJC15,Glioma,High - Low,1.405175862,0.040905294,0.087583486
PPP2R3B,Glioma,High - Low,0.903910127,0.017763447,0.048690787
N6AMT1,Glioma,High - Low,0.95082064,0.031205302,0.072480223
FHOD1,Glioma,High - Low,-0.234826486,0.630289036,0.714862643
CFAP20,Glioma,High - Low,0.433952468,0.34405742,0.448476049
VPS4A,Glioma,High - Low,0.887816887,0.002760336,0.014655134
NXT1,Glioma,High - Low,0.913602123,0.04530003,0.094580337
ZNF214,Glioma,High - Low,0.333313037,0.543834128,0.637973322
TBK1,Glioma,High - Low,1.379598906,0.000610202,0.006150404
ZNF180,Glioma,High - Low,0.233466014,0.572944457,0.663502721
SGK3,Glioma,High - Low,-0.158941013,0.666202374,0.74558404
PYCARD,Glioma,High - Low,-0.640993724,0.354649121,0.458745401
SAP30BP,Glioma,High - Low,1.134855176,0.000704063,0.006658448
PPARGC1A,Glioma,High - Low,0.544519299,0.24858632,0.348168933
DDX25,Glioma,High - Low,1.223502943,0.002196138,0.012779573
PRSS50,Glioma,High - Low,-0.401116869,0.32583188,0.430399193
PCSK1N,Glioma,High - Low,0.343765915,0.469869004,0.56926019
SLCO3A1,Glioma,High - Low,-0.847819598,0.070916011,0.132359705
SHPK,Glioma,High - Low,1.614577876,0.006020107,0.023836093
RACGAP1,Glioma,High - Low,1.29616686,0.0293307,0.069206497
FLRT1,Glioma,High - Low,1.244699913,0.00766711,0.027769148
FLRT3,Glioma,High - Low,0.166514056,0.731942837,0.798743754
MAT2B,Glioma,High - Low,0.109694548,0.537677652,0.632223933
GNL2,Glioma,High - Low,0.807141934,0.089248938,0.157399831
KIR3DL1,Glioma,High - Low,0.992530791,0.146549386,0.229639876
CPSF1,Glioma,High - Low,1.506178306,0.000253555,0.003938644
TRA2A,Glioma,High - Low,0.66242582,0.000732931,0.006824388
GPSM2,Glioma,High - Low,0.433317844,0.053798543,0.107098119
SAC3D1,Glioma,High - Low,1.888055172,0.000559924,0.005870793
FAM216A,Glioma,High - Low,1.124384379,0.012812421,0.039048658
CCDC106,Glioma,High - Low,0.583559401,0.370378093,0.475008362
EEF2K,Glioma,High - Low,1.883409377,0.001848776,0.011466615
ZDHHC1,Glioma,High - Low,0.513074864,0.233113571,0.331108667
ST8SIA5,Glioma,High - Low,0.383902496,0.654151442,0.73517638
SNX15,Glioma,High - Low,1.129860559,0.009630812,0.032382184
YPEL1,Glioma,High - Low,0.590280968,0.163487537,0.250034146
BLNK,Glioma,High - Low,-0.495629147,0.426743985,0.529672651
PRRC2B,Glioma,High - Low,0.748603404,1.71E-05,0.001120464
UBIAD1,Glioma,High - Low,0.644778237,0.138177163,0.21939772
HCFC2,Glioma,High - Low,0.858531246,0.045005387,0.094115242
SNX8,Glioma,High - Low,1.74285921,0.003937282,0.018024765
ATG4B,Glioma,High - Low,0.605163067,1.44E-05,0.001039509
PARVB,Glioma,High - Low,0.482819895,0.431039127,0.533723784
PYCR2,Glioma,High - Low,0.463885222,0.010956721,0.035178115
PAXBP1,Glioma,High - Low,0.974843482,0.000529745,0.005703871
NME7,Glioma,High - Low,1.851345685,0.000741902,0.006889162
HILPDA,Glioma,High - Low,1.398137071,0.007749028,0.027944984
EPN1,Glioma,High - Low,0.150520056,0.377631565,0.482300527
GMPPA,Glioma,High - Low,0.763567169,0.191339301,0.283234083
SEC61A1,Glioma,High - Low,1.070812498,0.000207083,0.00353061
TIMM22,Glioma,High - Low,0.554502039,0.268205365,0.369662614
ALG5,Glioma,High - Low,0.290491262,0.189742871,0.281125201
ALG6,Glioma,High - Low,0.080823659,0.825925627,0.87193508
TFPT,Glioma,High - Low,0.175903313,0.713564392,0.783849197
KCNJ14,Glioma,High - Low,0.055818325,0.906206224,0.931681044
DSE,Glioma,High - Low,0.95178343,0.16890233,0.256368908
CNOT7,Glioma,High - Low,0.796319466,0.000523524,0.005665896
PKN3,Glioma,High - Low,0.663966873,0.263488758,0.364562856
ZNF221,Glioma,High - Low,1.172380022,0.039067718,0.084814066
ZNF225,Glioma,High - Low,0.511013771,0.368716495,0.473712596
PNMA3,Glioma,High - Low,-0.627050353,0.268718241,0.370233392
ANAPC4,Glioma,High - Low,1.039097768,0.019901392,0.052778797
OSGIN1,Glioma,High - Low,0.419866348,0.432714755,0.535241784
ZDHHC8,Glioma,High - Low,0.981212132,0.008952332,0.030918725
ABT1,Glioma,High - Low,0.599611592,0.248985028,0.348584364
SERTAD1,Glioma,High - Low,0.728216488,0.283723769,0.386233656
PDZRN4,Glioma,High - Low,0.730793873,0.095301488,0.165112598
VPREB3,Glioma,High - Low,-1.187718454,0.024216385,0.060358868
POMT2,Glioma,High - Low,0.851613034,0.018476531,0.050168647
CYTH4,Glioma,High - Low,0.245837068,0.75461903,0.816958105
PREB,Glioma,High - Low,1.349222542,0.007635896,0.027732811
CEMIP2,Glioma,High - Low,-0.357409021,0.547530721,0.641332951
NRBP1,Glioma,High - Low,1.440079694,0.003529081,0.016891684
MRM2,Glioma,High - Low,1.907370533,0.006765328,0.025563764
ZNF224,Glioma,High - Low,0.345171811,0.270836527,0.372460196
CDIP1,Glioma,High - Low,0.461441575,0.200721949,0.294163026
RAB3IL1,Glioma,High - Low,0.566646485,0.14726268,0.230580037
FADS1,Glioma,High - Low,0.856857128,0.019213164,0.051412551
AK2,Glioma,High - Low,0.661485718,0.012907071,0.039282261
ARHGAP6,Glioma,High - Low,0.661386893,0.262889657,0.363890949
KLRC4,Glioma,High - Low,1.247528161,0.062740579,0.120307909
NCKAP1,Glioma,High - Low,1.022813045,1.47E-05,0.001039509
LRP12,Glioma,High - Low,0.731568554,0.012382399,0.03816392
STOML2,Glioma,High - Low,0.651836682,0.107493976,0.180911285
ST6GALNAC6,Glioma,High - Low,-0.152345661,0.615832596,0.701565838
UBQLN2,Glioma,High - Low,0.61096169,0.003782422,0.017633548
MKRN1,Glioma,High - Low,2.098901415,5.66E-05,0.001897272
BAZ1A,Glioma,High - Low,1.426416163,0.008554478,0.029971576
BAZ2A,Glioma,High - Low,1.780920464,0.000595546,0.006077545
BAZ2B,Glioma,High - Low,1.288907134,0.018733661,0.05057876
SPANXA1,Glioma,High - Low,-0.305340123,0.08409987,0.150709066
CLIC4,Glioma,High - Low,0.812500593,0.010710378,0.034719287
DDAH2,Glioma,High - Low,1.163632042,0.06754054,0.12729355
BNIP1,Glioma,High - Low,0.842962122,0.080389163,0.145679627
EWSR1,Glioma,High - Low,0.759478504,1.13E-07,8.24E-05
DIO2,Glioma,High - Low,0.232320402,0.653713489,0.73493652
VCL,Glioma,High - Low,0.041145264,0.868262032,0.903128673
DHX38,Glioma,High - Low,1.27827524,0.000731161,0.006816557
CCDC22,Glioma,High - Low,1.054013026,0.003280227,0.01613374
SOCS5,Glioma,High - Low,0.291231903,0.307613974,0.4115665
SNRNP200,Glioma,High - Low,1.608286425,0.003759867,0.017543815
DEXI,Glioma,High - Low,0.156646183,0.230039058,0.327665512
SACM1L,Glioma,High - Low,0.977507872,2.68E-05,0.001348137
MRPS28,Glioma,High - Low,0.868671615,0.003135923,0.015707208
WDR37,Glioma,High - Low,0.38442574,0.163192927,0.24972979
OSTM1,Glioma,High - Low,0.703435119,0.029352989,0.069226251
GIT1,Glioma,High - Low,0.47837591,0.035432043,0.079192854
SLC27A6,Glioma,High - Low,-0.502804354,0.105625197,0.178307207
ASF1A,Glioma,High - Low,1.234019968,0.017452749,0.048178123
SNX24,Glioma,High - Low,0.672371551,0.070228858,0.131360943
C11orf54,Glioma,High - Low,1.863978817,0.000479689,0.005461368
SPCS1,Glioma,High - Low,0.655965849,0.000601012,0.006100037
UNC50,Glioma,High - Low,0.811487827,0.001724351,0.011050869
MRPS18B,Glioma,High - Low,0.819671117,0.001882445,0.011593062
C19orf53,Glioma,High - Low,0.511323768,0.025242504,0.062159133
MRTFB,Glioma,High - Low,0.131768038,0.785470922,0.841172156
ACAD9,Glioma,High - Low,0.309692115,0.09641242,0.16662194
MRPL42,Glioma,High - Low,1.237087021,0.00018137,0.003335381
TMEM14A,Glioma,High - Low,1.152054702,0.000322075,0.004462744
FLVCR1,Glioma,High - Low,0.760200356,0.074524141,0.137642063
IFT81,Glioma,High - Low,1.759319041,0.000526837,0.00568194
HIGD1A,Glioma,High - Low,0.43301161,0.018723796,0.050577813
MAGEH1,Glioma,High - Low,0.751372555,0.079638458,0.144671681
NOB1,Glioma,High - Low,1.842862642,0.008000343,0.028561934
NTMT1,Glioma,High - Low,0.514670912,0.05557905,0.109544408
MACROD1,Glioma,High - Low,0.822002432,0.004413945,0.019438877
NCOA6,Glioma,High - Low,1.176419064,0.001470867,0.009967941
FAM32A,Glioma,High - Low,1.232831252,0.000806334,0.007270893
MRPL13,Glioma,High - Low,0.569296434,0.020452222,0.053879464
KLF15,Glioma,High - Low,2.301714484,0.006028675,0.023836093
NUP58,Glioma,High - Low,0.553206401,0.004170983,0.018727941
PRDX3,Glioma,High - Low,0.889872565,0.0002034,0.003518297
ATAD2,Glioma,High - Low,0.927213341,0.039867841,0.086065893
TRPS1,Glioma,High - Low,0.013087714,0.971984252,0.980370527
SMARCAL1,Glioma,High - Low,1.510807475,0.005705702,0.022957825
CNTNAP2,Glioma,High - Low,-0.249933173,0.678318186,0.755077369
NUDT5,Glioma,High - Low,1.018100548,0.000138454,0.002947597
CD274,Glioma,High - Low,0.45297795,0.453167502,0.5546716
LAT2,Glioma,High - Low,0.455614562,0.468292637,0.568185202
ZC3H7A,Glioma,High - Low,0.518827446,0.001775808,0.011277117
ZBTB44,Glioma,High - Low,1.268796762,0.000895358,0.007718172
CCDC113,Glioma,High - Low,0.909630845,0.097987708,0.168676448
SETD2,Glioma,High - Low,1.654272219,0.000151927,0.003112967
MKRN2,Glioma,High - Low,1.592753621,1.52E-05,0.001057572
FXYD5,Glioma,High - Low,-0.074184465,0.934090849,0.953057424
CCDC59,Glioma,High - Low,1.459976084,0.009312953,0.031704236
METTL5,Glioma,High - Low,0.529403157,0.046884249,0.097006237
CHMP4A,Glioma,High - Low,1.00756423,0.000670603,0.006494238
BABAM1,Glioma,High - Low,0.717092948,4.63E-05,0.001712278
THYN1,Glioma,High - Low,0.490487177,0.02234347,0.057148477
MRPL15,Glioma,High - Low,1.588398135,0.005175677,0.021444666
UBE2T,Glioma,High - Low,0.860117493,0.145085729,0.227770677
TIMM21,Glioma,High - Low,1.129275379,0.014249265,0.041953143
STXBP6,Glioma,High - Low,-0.830587488,0.054291427,0.107833381
LGALSL,Glioma,High - Low,-0.018879623,0.965571704,0.975706593
ORMDL2,Glioma,High - Low,0.574493492,0.042614614,0.090356783
DYNLRB1,Glioma,High - Low,0.342645948,0.067573601,0.127319205
CNIH4,Glioma,High - Low,1.076504742,0.000867726,0.007584201
TMEM208,Glioma,High - Low,1.142182795,0.003230244,0.016020299
SSU72,Glioma,High - Low,0.321001567,0.14281659,0.225153235
SCN8A,Glioma,High - Low,0.588086353,0.290143126,0.393010961
AP2A1,Glioma,High - Low,0.083506509,0.711304669,0.782614456
TMEM258,Glioma,High - Low,0.578820948,0.017098101,0.047529817
ETV2,Glioma,High - Low,0.62436815,0.138723686,0.220078664
HOXD9,Glioma,High - Low,1.018467936,0.091261295,0.160057381
TM4SF1,Glioma,High - Low,-0.166193892,0.752772279,0.815425453
NDUFA8,Glioma,High - Low,0.344918899,0.098957852,0.169788383
PPP2R1A,Glioma,High - Low,0.539054444,0.012344281,0.038109801
MOK,Glioma,High - Low,0.295883647,0.313337966,0.41794356
SLC6A11,Glioma,High - Low,0.73243926,0.304480956,0.408125425
SRP68,Glioma,High - Low,0.688960222,0.000432131,0.005171741
VAMP2,Glioma,High - Low,0.093168738,0.628391464,0.713204702
UBTF,Glioma,High - Low,0.719177523,0.000504125,0.005570045
HSD17B8,Glioma,High - Low,1.072670202,0.115615249,0.191033626
UBL4A,Glioma,High - Low,1.30382303,0.003119797,0.01565595
GNPAT,Glioma,High - Low,0.778617729,0.020602273,0.054116685
KSR1,Glioma,High - Low,0.835313002,0.07344863,0.136116477
EIF2B2,Glioma,High - Low,1.554090847,0.004446448,0.019536023
LIMD1,Glioma,High - Low,1.386022637,0.004000658,0.018200352
ADAMTS3,Glioma,High - Low,-0.395160238,0.453368159,0.554709776
RNF7,Glioma,High - Low,0.942271038,0.00016281,0.00318636
RAPGEF2,Glioma,High - Low,0.502156175,0.083175436,0.149546924
RBX1,Glioma,High - Low,0.489485707,0.001358545,0.009547213
SLC25A15,Glioma,High - Low,1.337272854,0.025261138,0.06219332
TENM1,Glioma,High - Low,0.525617833,0.451255316,0.552796206
PFDN6,Glioma,High - Low,0.903179288,0.003054101,0.015529876
TICAM1,Glioma,High - Low,1.311830495,0.005509695,0.02240324
P3H3,Glioma,High - Low,1.134002274,0.059080668,0.115093466
PLK4,Glioma,High - Low,0.861040464,0.106239274,0.179182123
ADAM28,Glioma,High - Low,-0.724139121,0.154960959,0.240078551
C11orf58,Glioma,High - Low,0.600452162,0.000511819,0.005607739
IL1RAPL1,Glioma,High - Low,0.104475336,0.832316974,0.876500132
MGAT4B,Glioma,High - Low,0.675287889,0.058070254,0.113534052
HSPA4L,Glioma,High - Low,0.924397545,0.07927366,0.144156948
DNAJC8,Glioma,High - Low,0.580319952,0.045175075,0.094394711
HABP4,Glioma,High - Low,0.748194105,0.169667127,0.257261343
EXOSC2,Glioma,High - Low,1.549041558,0.001256813,0.009234257
TDRD7,Glioma,High - Low,0.714329647,0.243087956,0.34224417
CBX6,Glioma,High - Low,0.21413751,0.398946176,0.502927237
NPTXR,Glioma,High - Low,-0.03090128,0.951433832,0.965668462
TRAM1,Glioma,High - Low,0.38261465,0.188586033,0.279949765
CAPN7,Glioma,High - Low,0.721541949,0.00057091,0.005925325
ETHE1,Glioma,High - Low,0.624213831,0.051193411,0.10343755
QPRT,Glioma,High - Low,0.787278491,0.181104872,0.270840216
BRD4,Glioma,High - Low,0.907090726,3.99E-07,0.000179991
SEC11A,Glioma,High - Low,1.095624245,0.01381739,0.041032227
ISCU,Glioma,High - Low,0.026897703,0.913534761,0.937595879
RTCB,Glioma,High - Low,0.883565377,0.018050556,0.049246911
RASD2,Glioma,High - Low,-0.099773087,0.83950159,0.881725839
VSIG2,Glioma,High - Low,0.333806453,0.486643444,0.585519446
TMEM50A,Glioma,High - Low,1.060118109,0.010302757,0.033875942
DDX58,Glioma,High - Low,0.631430673,0.179873449,0.269521981
KLHDC2,Glioma,High - Low,0.509743981,0.020093483,0.053169761
PDSS1,Glioma,High - Low,1.525611477,0.00015952,0.00316454
LEMD3,Glioma,High - Low,0.505168157,0.008011557,0.028589621
HEBP2,Glioma,High - Low,0.165543428,0.582512671,0.671908942
PATZ1,Glioma,High - Low,1.159209254,0.001721629,0.011038827
DAPK2,Glioma,High - Low,-0.773413434,0.074779356,0.137938308
EDC4,Glioma,High - Low,0.910294722,0.001628782,0.010625635
PPP1R15A,Glioma,High - Low,-0.140779122,0.759820758,0.821226117
SLC7A11,Glioma,High - Low,0.675926105,0.084707649,0.151389196
CADM1,Glioma,High - Low,2.026757468,0.001706268,0.010972574
FRRS1L,Glioma,High - Low,-0.203811074,0.785298464,0.841056261
IL17RA,Glioma,High - Low,0.439730458,0.176469739,0.265637882
MTCH1,Glioma,High - Low,0.420721076,0.019754172,0.05244148
MTCH2,Glioma,High - Low,0.332611455,0.17774919,0.267188122
CLDN15,Glioma,High - Low,2.362069825,0.000487281,0.005490372
FJX1,Glioma,High - Low,1.271001799,0.017707342,0.048583871
ZNF318,Glioma,High - Low,1.764920812,4.89E-05,0.001774298
ZNF324,Glioma,High - Low,0.313536388,0.379272095,0.483808412
SULT4A1,Glioma,High - Low,-1.759729466,0.008248336,0.029211648
CLEC4E,Glioma,High - Low,0.719613384,0.208677235,0.302973059
HIBCH,Glioma,High - Low,0.468169987,0.007937639,0.028428445
SACS,Glioma,High - Low,1.26700477,0.019196122,0.051392857
GNL3,Glioma,High - Low,1.079623293,0.000317396,0.004439808
FAM162A,Glioma,High - Low,0.519317806,0.067925102,0.127800751
PTPN18,Glioma,High - Low,0.580274108,0.182831375,0.272954526
SRPK3,Glioma,High - Low,0.331761616,0.507516009,0.605198013
AKAP8L,Glioma,High - Low,1.597578701,0.000398462,0.004935364
RNF11,Glioma,High - Low,0.255990383,0.123529106,0.200940065
GPR160,Glioma,High - Low,0.592616418,0.1620443,0.248319993
DNAJC2,Glioma,High - Low,1.082208373,0.063710838,0.121623429
MLH3,Glioma,High - Low,1.353350229,0.018172304,0.049506861
ACAD8,Glioma,High - Low,0.863015721,0.000593645,0.006062861
UTP25,Glioma,High - Low,0.916361456,0.105670877,0.178361325
SND1,Glioma,High - Low,0.919350259,0.003042459,0.015506
STAU2,Glioma,High - Low,0.245428526,0.216270172,0.311681382
VPS41,Glioma,High - Low,0.701841781,0.000443705,0.005252646
TSPAN13,Glioma,High - Low,0.690489801,0.105196871,0.17772163
UQCRQ,Glioma,High - Low,0.684947587,0.000318712,0.004453461
CACNG4,Glioma,High - Low,2.589449552,0.001583842,0.010483945
EIF2AK1,Glioma,High - Low,0.725514757,0.004297588,0.019112878
ZBTB11,Glioma,High - Low,1.252110604,0.002849338,0.014919739
AFF4,Glioma,High - Low,0.895454068,0.001140379,0.00888664
INVS,Glioma,High - Low,0.245744493,0.426647333,0.529672651
SNX5,Glioma,High - Low,0.730454998,0.000324671,0.004466889
SIGLEC8,Glioma,High - Low,-0.223123658,0.702793398,0.775138906
SERP1,Glioma,High - Low,0.530659617,0.026194307,0.063818767
GPR162,Glioma,High - Low,1.294290583,0.089476189,0.157659053
TNFRSF21,Glioma,High - Low,1.224487413,0.004330462,0.019219911
CHMP2A,Glioma,High - Low,1.374838611,0.000128583,0.00288276
SESN1,Glioma,High - Low,0.095271379,0.850851847,0.890547366
RNF115,Glioma,High - Low,0.673970531,0.009140349,0.031361347
PDCD4,Glioma,High - Low,0.160166968,0.464331857,0.564694131
KLHL20,Glioma,High - Low,0.982230045,0.000759353,0.007009054
CSDC2,Glioma,High - Low,0.477139597,0.390835639,0.495361841
LSM1,Glioma,High - Low,0.456799049,0.090746083,0.159386302
TEKT2,Glioma,High - Low,0.847351517,0.163146153,0.24972979
RND1,Glioma,High - Low,-0.211841514,0.683175883,0.759083489
DIMT1,Glioma,High - Low,1.154576227,5.21E-05,0.001823385
PDLIM3,Glioma,High - Low,0.6897806,0.044960883,0.094037195
ZNF544,Glioma,High - Low,1.282631787,0.004898462,0.020683214
APEX2,Glioma,High - Low,0.108505672,0.861203811,0.897678648
MOCS3,Glioma,High - Low,-0.042975377,0.849853209,0.889885482
HPGDS,Glioma,High - Low,-0.06844413,0.861765598,0.898121227
ZNF330,Glioma,High - Low,1.798058346,4.75E-05,0.001743105
RAB30,Glioma,High - Low,0.952534527,0.143390526,0.225894857
PGAP2,Glioma,High - Low,0.599045055,0.012852601,0.039161999
FOXP2,Glioma,High - Low,0.930559351,0.059285652,0.115355482
TNRC6A,Glioma,High - Low,0.78607188,0.001573188,0.01044252
ZNF638,Glioma,High - Low,0.911055267,0.007127204,0.026502836
GOLIM4,Glioma,High - Low,0.999779458,0.016794802,0.046915799
HTATSF1,Glioma,High - Low,0.480221252,0.017170126,0.047699651
UBE2S,Glioma,High - Low,1.009039148,0.054449696,0.108076089
PRPF19,Glioma,High - Low,0.804464248,0.01065628,0.0346689
UTP20,Glioma,High - Low,0.836458712,0.181801662,0.271665049
TOR1B,Glioma,High - Low,0.926257991,0.006530111,0.025042716
MCAT,Glioma,High - Low,0.962703463,0.077714633,0.14183408
APOBEC3C,Glioma,High - Low,0.546825964,0.303861809,0.407516142
PCLO,Glioma,High - Low,-1.269200206,0.003718625,0.017376144
KIR2DS1,Glioma,High - Low,0.581076455,0.372996136,0.477804364
CNOT2,Glioma,High - Low,1.111634262,0.001124692,0.008838894
CNOT3,Glioma,High - Low,0.203956703,0.21817324,0.314043781
ZNF232,Glioma,High - Low,0.86047239,0.097427845,0.168066242
MYBBP1A,Glioma,High - Low,1.627677899,0.002420519,0.013440239
SH3BP4,Glioma,High - Low,0.719195089,0.172304531,0.260445997
TMOD3,Glioma,High - Low,0.670259906,0.287603184,0.390460082
TRPM5,Glioma,High - Low,-1.316835769,0.013942067,0.041284992
TRAPPC2,Glioma,High - Low,0.533477974,0.29984945,0.40315556
OR1D5,Glioma,High - Low,0.615922585,0.301042689,0.404510666
ZKSCAN5,Glioma,High - Low,0.425115111,0.07172639,0.133548582
LATS2,Glioma,High - Low,0.779661049,0.061927284,0.119063568
TMEM97,Glioma,High - Low,1.619168522,0.001207569,0.009061784
BRD1,Glioma,High - Low,1.227896331,0.054571067,0.108273826
SLC2A8,Glioma,High - Low,1.085654074,0.083558717,0.149990989
SLC40A1,Glioma,High - Low,0.707884156,0.199236239,0.292443955
SOX8,Glioma,High - Low,2.021596064,0.01620327,0.045830505
ZNF354C,Glioma,High - Low,0.469654894,0.041371768,0.088365506
DNTTIP2,Glioma,High - Low,0.808804341,0.039861505,0.086065893
MAGED2,Glioma,High - Low,0.814496917,0.001758771,0.011185026
EHD3,Glioma,High - Low,0.176095371,0.772205684,0.831181275
EHD2,Glioma,High - Low,1.830315839,0.001407569,0.009730362
PIK3R4,Glioma,High - Low,0.562170727,0.130030003,0.209175923
CDR2L,Glioma,High - Low,0.703266886,0.118217244,0.19435188
TAX1BP3,Glioma,High - Low,1.927032797,0.002172405,0.012702648
UBXN4,Glioma,High - Low,0.564080899,0.002858788,0.014942162
MDN1,Glioma,High - Low,0.370297459,0.087031809,0.154479442
FAF2,Glioma,High - Low,1.03863202,0.010571367,0.03450475
PSME4,Glioma,High - Low,0.449870531,0.076959635,0.140907915
ATP11B,Glioma,High - Low,0.980798891,0.002834559,0.014904769
BRINP1,Glioma,High - Low,0.588564118,0.230412778,0.328024346
GRIK4,Glioma,High - Low,1.279409387,0.023016288,0.058265552
HOXC4,Glioma,High - Low,1.231675609,0.059277378,0.115355482
HOXD4,Glioma,High - Low,-0.240330883,0.722009298,0.790838284
MEA1,Glioma,High - Low,0.704055168,0.004203346,0.018853855
S100A6,Glioma,High - Low,0.018845276,0.964592074,0.974942414
MAD2L1BP,Glioma,High - Low,1.733411061,0.000533669,0.005713274
ARHGEF10,Glioma,High - Low,0.397496211,0.271351911,0.372903299
ZNF592,Glioma,High - Low,0.51515547,0.008084774,0.028772477
SH3PXD2A,Glioma,High - Low,-0.756060643,0.083202703,0.149556972
CTR9,Glioma,High - Low,0.740113911,0.018737666,0.05057876
PPM1F,Glioma,High - Low,0.673106988,0.003100162,0.015635756
PLCH2,Glioma,High - Low,-1.124656018,0.122511441,0.19978108
TTC37,Glioma,High - Low,0.755285009,1.20E-06,0.000307541
TTLL4,Glioma,High - Low,0.967667026,0.04528332,0.094560528
MDC1,Glioma,High - Low,0.804021869,0.029063835,0.068741573
LPIN2,Glioma,High - Low,0.246051947,0.363964176,0.468803045
DZIP3,Glioma,High - Low,0.854092259,0.002197217,0.01278017
SAFB2,Glioma,High - Low,1.013706062,4.58E-08,5.99E-05
ZNF432,Glioma,High - Low,0.245992251,0.275204539,0.377303983
IPO13,Glioma,High - Low,0.129709043,0.708772784,0.780353352
WSCD2,Glioma,High - Low,0.219986538,0.725380159,0.793698147
SDC3,Glioma,High - Low,0.601551314,0.056654788,0.111211565
SLC25A44,Glioma,High - Low,0.859815989,0.014824276,0.043276309
TTI1,Glioma,High - Low,1.00509649,0.000972248,0.008128762
PHF14,Glioma,High - Low,1.201641694,0.013365362,0.040182016
FAM53B,Glioma,High - Low,0.033294055,0.89464439,0.923201372
KDM4A,Glioma,High - Low,0.648079661,0.004353252,0.019268807
GREB1,Glioma,High - Low,0.237536519,0.622749449,0.708056126
NUP93,Glioma,High - Low,0.808160739,0.041542412,0.088643219
UBE3C,Glioma,High - Low,1.355014088,0.00350431,0.016812724
PRORP,Glioma,High - Low,1.04613868,0.001064384,0.008529957
EMC2,Glioma,High - Low,0.264396744,0.264100688,0.365188134
EDEM1,Glioma,High - Low,0.7156439,0.057019258,0.111855186
CROCC,Glioma,High - Low,0.196723387,0.582388387,0.671883968
RIMS2,Glioma,High - Low,-0.206568456,0.730963556,0.797874601
CEP57,Glioma,High - Low,1.784442822,0.000113805,0.002697716
KIAA0100,Glioma,High - Low,0.878063767,1.53E-05,0.001058184
ST18,Glioma,High - Low,-0.314431111,0.6413275,0.723558893
ULK2,Glioma,High - Low,0.591164753,0.305943748,0.409750562
GARRE1,Glioma,High - Low,1.682734937,0.010801318,0.034910306
USP6NL,Glioma,High - Low,0.136499464,0.537107765,0.631837553
DOCK10,Glioma,High - Low,-0.295351411,0.236368129,0.334895348
AQR,Glioma,High - Low,1.238579938,0.014874385,0.043377767
SEC14L5,Glioma,High - Low,-1.379281676,0.023730588,0.059567597
ADAMTSL2,Glioma,High - Low,-0.034871015,0.950003199,0.964629584
NOS1AP,Glioma,High - Low,0.032166361,0.93250866,0.952143483
TMEM63A,Glioma,High - Low,-0.054368645,0.917052452,0.940174439
CEP104,Glioma,High - Low,0.755118176,0.100832554,0.172192595
DOCK4,Glioma,High - Low,0.250058684,0.238542954,0.33724683
SART3,Glioma,High - Low,1.370664043,0.000216455,0.003589576
HDAC9,Glioma,High - Low,1.186819096,0.048532972,0.099489933
KNTC1,Glioma,High - Low,1.039354341,0.011720866,0.036836605
USP34,Glioma,High - Low,0.532751424,0.007374387,0.027108741
CCP110,Glioma,High - Low,0.370024453,0.301900647,0.405497043
SETD1A,Glioma,High - Low,1.016336911,0.026554636,0.064429747
LAPTM4A,Glioma,High - Low,0.803678352,0.031804576,0.073481086
IFT140,Glioma,High - Low,1.050138627,0.006753499,0.025533803
ZNF536,Glioma,High - Low,0.036025003,0.963822539,0.974465522
CLSTN3,Glioma,High - Low,0.135227333,0.748937585,0.81207783
RIPOR2,Glioma,High - Low,0.475671053,0.420838869,0.524141639
SNPH,Glioma,High - Low,0.391094058,0.436424038,0.538862686
STARD8,Glioma,High - Low,-0.023267374,0.969075149,0.978114471
TBKBP1,Glioma,High - Low,1.177334636,0.007727968,0.027912355
KMT2B,Glioma,High - Low,0.934705945,0.030942436,0.072048607
FRMPD4,Glioma,High - Low,-0.685464386,0.230526847,0.32814612
TOX,Glioma,High - Low,1.721586082,0.009254536,0.031605076
KIAA0513,Glioma,High - Low,-0.609258918,0.236145197,0.334688143
SUSD6,Glioma,High - Low,0.309619093,0.166681891,0.253793
JADE3,Glioma,High - Low,0.539991561,0.12687421,0.205208651
RASSF2,Glioma,High - Low,1.508149461,0.005351104,0.022004398
EIF4A3,Glioma,High - Low,0.947793879,0.015099465,0.043825603
TM9SF4,Glioma,High - Low,1.696193486,0.001865489,0.011532032
KIAA0232,Glioma,High - Low,0.324562991,0.17859661,0.268068946
RIMS3,Glioma,High - Low,-0.421917935,0.553962475,0.647014334
SNX17,Glioma,High - Low,0.767951293,0.000149726,0.003087947
KIAA0586,Glioma,High - Low,1.787810862,0.000272517,0.004099969
MTSS1,Glioma,High - Low,1.487824697,0.003592767,0.01703734
BMS1,Glioma,High - Low,0.757787881,0.003144218,0.015736714
PTDSS1,Glioma,High - Low,0.754111839,0.004853267,0.020564347
SERTAD2,Glioma,High - Low,0.154958916,0.60516273,0.691818355
CKAP5,Glioma,High - Low,1.315417203,0.020490582,0.053942683
MAML1,Glioma,High - Low,0.766233101,0.001297002,0.00937177
SNX19,Glioma,High - Low,0.976737496,0.000156732,0.003146788
PHYHIP,Glioma,High - Low,-0.773380576,0.239353025,0.338063555
TATDN2,Glioma,High - Low,1.044812528,0.000349952,0.004651695
IST1,Glioma,High - Low,0.713602818,0.003846894,0.017753746
DHCR24,Glioma,High - Low,-0.787713128,0.087943324,0.15565078
MRPL19,Glioma,High - Low,0.723077647,0.002004918,0.012085816
TOMM20,Glioma,High - Low,0.753294152,0.00055521,0.005840303
AGAP2,Glioma,High - Low,1.161386828,0.179589114,0.26915754
DELE1,Glioma,High - Low,1.443807545,0.007379176,0.027108741
EFCAB14,Glioma,High - Low,0.488985129,0.105213971,0.177727587
URB2,Glioma,High - Low,1.550624591,0.008788943,0.030564046
TSC22D2,Glioma,High - Low,0.708453251,0.02416269,0.060270927
ARHGEF11,Glioma,High - Low,0.926713354,0.007343161,0.027037121
ARHGEF17,Glioma,High - Low,1.542960171,0.016733055,0.04680134
DNAJC6,Glioma,High - Low,-0.21755169,0.781812628,0.838901224
TRIM14,Glioma,High - Low,1.98088196,0.003374432,0.016442662
ZNF623,Glioma,High - Low,0.689808821,0.026210173,0.063834328
JAKMIP2,Glioma,High - Low,1.727231953,0.006421174,0.024802999
ZBTB24,Glioma,High - Low,0.702660242,0.056153172,0.110434104
PLEKHM1,Glioma,High - Low,0.884456474,0.010685688,0.034716556
ELMO1,Glioma,High - Low,0.621392355,0.123048072,0.200371039
PCNX2,Glioma,High - Low,1.144434734,0.032666805,0.074817175
C2CD5,Glioma,High - Low,0.95733561,0.009112788,0.031315941
EPM2AIP1,Glioma,High - Low,0.413321655,0.017967436,0.04906103
RUSC2,Glioma,High - Low,0.691813897,0.196250841,0.288871531
C2CD2L,Glioma,High - Low,0.095304918,0.800881049,0.853903549
KIAA0319,Glioma,High - Low,-0.280509093,0.605592892,0.692189239
CEP350,Glioma,High - Low,1.617498395,0.000135373,0.002934234
PPP1R26,Glioma,High - Low,0.449635334,0.15543268,0.240628385
LRIG2,Glioma,High - Low,0.486343621,0.096776244,0.167096315
TRIL,Glioma,High - Low,0.217807281,0.632884837,0.71681325
PJA2,Glioma,High - Low,0.154969735,0.408889572,0.512207344
TOMM70,Glioma,High - Low,0.696918697,0.026762516,0.064728238
FCHSD2,Glioma,High - Low,0.733724605,0.018625669,0.050437619
URB1,Glioma,High - Low,0.950007181,0.001127042,0.008852046
CDC42BPA,Glioma,High - Low,0.523419958,0.142358642,0.224512371
ZC3H11A,Glioma,High - Low,0.955004587,1.54E-06,0.000367235
TOX4,Glioma,High - Low,0.876583305,9.90E-05,0.002512035
DDX46,Glioma,High - Low,0.860209418,9.39E-05,0.002451804
ZBTB39,Glioma,High - Low,0.411612731,0.171861569,0.259952527
TBC1D4,Glioma,High - Low,0.898965364,0.089294763,0.157438235
OSBPL2,Glioma,High - Low,0.544518176,0.015232239,0.044054716
ZBED4,Glioma,High - Low,0.866695972,0.167897111,0.255109304
FIG4,Glioma,High - Low,0.741587418,0.050284971,0.102137935
WASHC5,Glioma,High - Low,0.634805651,0.022907809,0.058116827
KLHL21,Glioma,High - Low,-0.363101521,0.415434964,0.518620326
SGSM2,Glioma,High - Low,0.368589694,0.032667713,0.074817175
AP5Z1,Glioma,High - Low,1.671305692,0.000334776,0.004534628
DENND4B,Glioma,High - Low,1.357322429,0.010414871,0.034099002
TMCC2,Glioma,High - Low,0.63794854,0.257850128,0.358580109
ARHGAP44,Glioma,High - Low,-1.265182292,0.031131669,0.072360543
SUPT7L,Glioma,High - Low,-0.905358972,0.069747361,0.130737608
ARNT2,Glioma,High - Low,0.643074784,0.061927969,0.119063568
FAM20B,Glioma,High - Low,0.774616961,0.002241687,0.012889947
KBTBD11,Glioma,High - Low,-0.074448399,0.882020003,0.913311509
RNF10,Glioma,High - Low,1.226723466,0.000190315,0.003404782
IQSEC1,Glioma,High - Low,0.132325431,0.585686658,0.674915984
ZBTB5,Glioma,High - Low,1.349378361,0.001320546,0.009442881
LPGAT1,Glioma,High - Low,0.29278881,0.356939106,0.461069822
MFN2,Glioma,High - Low,0.869850665,0.018669596,0.050483481
KIF14,Glioma,High - Low,0.253801214,0.460724013,0.561453788
JOSD1,Glioma,High - Low,1.110404691,0.055078015,0.108916547
HELZ,Glioma,High - Low,1.008744935,0.000537351,0.005727184
PUM3,Glioma,High - Low,1.488090494,0.010836487,0.034955079
CD302,Glioma,High - Low,0.680526189,0.128922549,0.207675066
DCLRE1A,Glioma,High - Low,0.505022752,0.177605456,0.267071119
N4BP2L2,Glioma,High - Low,0.67838104,0.003627633,0.017128237
PITRM1,Glioma,High - Low,0.994125336,0.004841854,0.020535921
FILIP1L,Glioma,High - Low,0.953940394,0.082564458,0.148663427
SCAF8,Glioma,High - Low,0.498578597,0.005142935,0.021336011
CEP162,Glioma,High - Low,0.812648125,0.063516922,0.121369974
ZNF652,Glioma,High - Low,1.700216399,0.00317162,0.015815575
ZFP30,Glioma,High - Low,1.394510026,0.010598294,0.034538836
COBLL1,Glioma,High - Low,0.545672523,0.352480599,0.456617045
RNF44,Glioma,High - Low,0.698878632,0.002173217,0.012702648
DLGAP4,Glioma,High - Low,1.039224665,6.31E-07,0.000228197
NAV3,Glioma,High - Low,-1.36816205,0.008260922,0.029240403
RAB11FIP2,Glioma,High - Low,0.8226474,0.017491012,0.048263397
GLS,Glioma,High - Low,-0.154967701,0.483382808,0.582452706
PPM1E,Glioma,High - Low,0.476590407,0.309176891,0.413193124
DOLK,Glioma,High - Low,1.555311201,2.24E-05,0.001281426
VASH1,Glioma,High - Low,0.857432396,0.002647114,0.01426921
ZNF507,Glioma,High - Low,0.476279809,0.144950373,0.227612765
AAK1,Glioma,High - Low,0.383596582,0.201205223,0.294690724
ADNP2,Glioma,High - Low,0.272286909,0.325544237,0.430192843
LMTK2,Glioma,High - Low,0.774974851,0.154321105,0.239342126
NTNG1,Glioma,High - Low,-0.478168583,0.409892761,0.513169433
CHSY1,Glioma,High - Low,0.429860274,0.340681908,0.444898088
ATG14,Glioma,High - Low,-0.199803244,0.272434898,0.374094401
R3HDM2,Glioma,High - Low,0.795647994,0.000175448,0.003291035
SLITRK3,Glioma,High - Low,0.106086827,0.842091186,0.883453517
CNKSR2,Glioma,High - Low,0.133947932,0.719649945,0.788681403
FASTKD2,Glioma,High - Low,1.03772977,0.01088852,0.03504508
ZNF510,Glioma,High - Low,1.554459429,0.004526245,0.019726134
PPP6R1,Glioma,High - Low,0.344561316,0.082600967,0.148679469
NLGN1,Glioma,High - Low,1.789571414,0.00037769,0.004813972
DZIP1,Glioma,High - Low,0.977865788,0.000653996,0.006385359
PLEKHA6,Glioma,High - Low,0.398914617,0.441827188,0.543995051
ENPP4,Glioma,High - Low,0.034009299,0.939676727,0.957148544
MLXIP,Glioma,High - Low,1.431789513,0.015427791,0.044406974
TRAPPC8,Glioma,High - Low,0.530187367,0.070371602,0.131568669
MORC2,Glioma,High - Low,1.295829878,0.000137454,0.002937361
ZHX2,Glioma,High - Low,1.070165564,0.01140946,0.03611162
ABLIM3,Glioma,High - Low,-0.341814152,0.604164848,0.691111405
SPAST,Glioma,High - Low,0.836471723,0.012935018,0.039330195
FOXJ3,Glioma,High - Low,0.554809984,0.056607644,0.111152353
UBOX5,Glioma,High - Low,1.152965395,0.010906053,0.035090525
KHDC4,Glioma,High - Low,0.544058685,0.005777018,0.023180661
ZNF365,Glioma,High - Low,-0.446913733,0.254344868,0.35483616
BAHD1,Glioma,High - Low,1.469723719,0.009898658,0.033019176
CEP164,Glioma,High - Low,1.118713827,0.00335032,0.016392281
BTBD3,Glioma,High - Low,1.150067939,0.039034277,0.084811781
SBNO2,Glioma,High - Low,1.66562439,0.000122765,0.002822948
TRAK1,Glioma,High - Low,0.613841767,0.021759456,0.056148317
KIFAP3,Glioma,High - Low,0.601229416,0.01257481,0.038521756
EFR3B,Glioma,High - Low,0.797318668,0.027705921,0.066426227
DIP2C,Glioma,High - Low,0.045206353,0.832523256,0.876583643
MAST1,Glioma,High - Low,0.969296278,0.206405586,0.300541407
PDCD11,Glioma,High - Low,1.339099934,0.015245831,0.044074556
SORCS3,Glioma,High - Low,0.538909429,0.283167862,0.385700021
SV2C,Glioma,High - Low,-0.021845994,0.962317017,0.973243991
STXBP5L,Glioma,High - Low,0.326809858,0.622378618,0.707852957
PCNX1,Glioma,High - Low,0.659506359,0.000219198,0.003614274
HMGXB3,Glioma,High - Low,0.967823838,0.006173044,0.02418422
LIMCH1,Glioma,High - Low,0.565713557,0.342284599,0.44645669
DAAM1,Glioma,High - Low,0.231462861,0.480051012,0.579184289
PLCH1,Glioma,High - Low,-0.376454443,0.499648868,0.597761571
KLHDC10,Glioma,High - Low,1.129542006,0.001590311,0.010490987
STK38L,Glioma,High - Low,0.639407836,0.050521798,0.102491772
SPEN,Glioma,High - Low,0.294337348,0.099820917,0.17091085
EXOSC7,Glioma,High - Low,0.566073273,0.008425705,0.029679245
CEP170B,Glioma,High - Low,0.208274004,0.693645643,0.767830775
TMCC1,Glioma,High - Low,0.662226349,0.047056701,0.097316915
PDZRN3,Glioma,High - Low,0.868459061,0.088167557,0.155997002
KDM1A,Glioma,High - Low,0.374854277,0.195019494,0.287382131
RBM34,Glioma,High - Low,1.350988294,0.008215621,0.029119416
MAST3,Glioma,High - Low,-0.67851458,0.04503985,0.09417227
DOP1A,Glioma,High - Low,1.594782688,0.002700594,0.014441868
PHLPP2,Glioma,High - Low,0.997105567,0.051454608,0.10378912
ZNF292,Glioma,High - Low,0.703146465,0.003106381,0.015655058
WDTC1,Glioma,High - Low,0.526158302,0.193452915,0.285587892
XPO7,Glioma,High - Low,0.625905753,0.004451193,0.0195372
MYT1L,Glioma,High - Low,-0.098362246,0.901295829,0.928031142
PDXDC1,Glioma,High - Low,0.557225472,0.00876,0.030471488
FRYL,Glioma,High - Low,0.67342961,0.068772242,0.129168694
PDS5B,Glioma,High - Low,0.450607496,0.049383904,0.100745319
FNBP1,Glioma,High - Low,0.505322563,0.292454377,0.395487003
ZHX3,Glioma,High - Low,1.057577793,0.015123886,0.043877031
ENDOD1,Glioma,High - Low,0.126612421,0.73240388,0.799113666
NMNAT2,Glioma,High - Low,0.156794882,0.712046045,0.783232704
PIKFYVE,Glioma,High - Low,1.32462247,0.001190332,0.009018428
CLUAP1,Glioma,High - Low,0.726940462,0.025759311,0.063055187
ZNF609,Glioma,High - Low,0.216097873,0.263795896,0.364872139
GGA2,Glioma,High - Low,1.274132947,0.042588257,0.090326837
WAPL,Glioma,High - Low,1.966834084,5.45E-05,0.001871415
SETX,Glioma,High - Low,0.554978854,0.016249782,0.045932295
EMC1,Glioma,High - Low,1.448524738,0.015210393,0.044020707
SETD1B,Glioma,High - Low,0.644948216,0.152702101,0.237421756
TRAK2,Glioma,High - Low,0.319289616,0.198798814,0.29196555
CMTR1,Glioma,High - Low,1.397663553,0.00321751,0.015969242
HECW1,Glioma,High - Low,0.569609324,0.308437335,0.412457361
PPFIA4,Glioma,High - Low,0.145138234,0.831510075,0.87607318
RRP1B,Glioma,High - Low,0.821731489,0.092122857,0.160972183
MYCBP2,Glioma,High - Low,0.274606704,0.270729968,0.372378135
AVL9,Glioma,High - Low,1.655809104,0.001243915,0.009206727
PPRC1,Glioma,High - Low,1.664602127,0.000585801,0.006017732
SLC8A2,Glioma,High - Low,0.064045549,0.932897795,0.952392267
ZNF423,Glioma,High - Low,1.036415232,0.009248366,0.03159939
ZC3H13,Glioma,High - Low,0.703497177,0.073357576,0.13598623
TTLL5,Glioma,High - Low,1.772928947,0.002867719,0.014964946
SIPA1L3,Glioma,High - Low,-0.090526815,0.809327796,0.860001902
IQSEC2,Glioma,High - Low,-0.108395875,0.855252963,0.893823998
CDK19,Glioma,High - Low,0.457260173,0.108385467,0.182028081
SARM1,Glioma,High - Low,1.028764178,0.001781339,0.011283539
MCF2L2,Glioma,High - Low,-0.396310667,0.595171707,0.683619893
TBC1D2B,Glioma,High - Low,1.202226187,0.057305573,0.112253421
NRXN2,Glioma,High - Low,0.873217493,0.06279732,0.120363829
CDK12,Glioma,High - Low,1.017595335,7.38E-05,0.002187682
RAP1GAP2,Glioma,High - Low,-0.430124332,0.429443479,0.532301758
DDN,Glioma,High - Low,-1.036772185,0.072314519,0.134471524
CUL9,Glioma,High - Low,1.772018914,0.000218318,0.003604592
TOGARAM1,Glioma,High - Low,1.339739836,0.000295033,0.004228643
SMG1,Glioma,High - Low,0.963586631,0.000150362,0.00309057
TAB2,Glioma,High - Low,-0.252439977,0.125762175,0.203800767
HIC2,Glioma,High - Low,0.19066873,0.582649674,0.672007768
CLASP2,Glioma,High - Low,1.057936194,0.00668677,0.02535473
CAMTA2,Glioma,High - Low,0.462372141,0.034528916,0.077785116
NPHP4,Glioma,High - Low,-0.56054561,0.214584342,0.309729114
PLXND1,Glioma,High - Low,0.340763035,0.424611598,0.527761501
ATG2A,Glioma,High - Low,1.780884702,1.28E-05,0.000973587
RAD54L2,Glioma,High - Low,1.131718068,0.000323023,0.004462744
SMC5,Glioma,High - Low,0.558674536,0.077402963,0.141440389
N4BP3,Glioma,High - Low,-0.055093938,0.899468614,0.926937628
MAST2,Glioma,High - Low,1.575158079,0.008629886,0.030177753
ZZEF1,Glioma,High - Low,0.834460577,5.14E-07,0.000210489
ANKLE2,Glioma,High - Low,0.7062434,0.006384115,0.024737265
DCUN1D4,Glioma,High - Low,1.018426009,0.032743706,0.07489751
LRCH1,Glioma,High - Low,0.890279074,0.032456975,0.074554241
FRMD4B,Glioma,High - Low,0.35049753,0.587185865,0.675929711
GRAMD4,Glioma,High - Low,1.16412897,0.011336127,0.035940417
CIC,Glioma,High - Low,0.300358263,0.076128973,0.139769776
SEPTIN6,Glioma,High - Low,-0.043556701,0.93353729,0.952747972
TBC1D9,Glioma,High - Low,-0.337087056,0.493377042,0.591718019
WDR43,Glioma,High - Low,0.875787324,0.005110963,0.021261143
SNX13,Glioma,High - Low,0.642729051,0.001252533,0.009233905
NUP205,Glioma,High - Low,1.243119288,0.000243637,0.003857248
STAB1,Glioma,High - Low,0.943181953,0.060479188,0.116992623
EFR3A,Glioma,High - Low,0.432734854,0.10750151,0.180911285
RTF1,Glioma,High - Low,1.433682542,0.009149602,0.031368352
SLC35D1,Glioma,High - Low,0.585536917,0.065196982,0.123821306
TTLL12,Glioma,High - Low,1.220085915,0.008929166,0.030863138
GPD1L,Glioma,High - Low,0.62141629,0.113276621,0.18813379
METAP1,Glioma,High - Low,1.937426905,8.50E-06,0.000798644
ZCCHC14,Glioma,High - Low,0.4988933,0.104247429,0.176527623
CEP68,Glioma,High - Low,1.226191508,0.017501662,0.048272438
PASK,Glioma,High - Low,0.391600809,0.400313315,0.503981791
DIP2A,Glioma,High - Low,1.23477764,0.011959747,0.037265341
PHF3,Glioma,High - Low,0.830014628,0.019722046,0.052388059
MESD,Glioma,High - Low,0.897058466,0.240633574,0.339542557
LARP4B,Glioma,High - Low,0.707531268,0.038414041,0.083811872
RCOR1,Glioma,High - Low,1.250210422,0.001547314,0.010330948
KANK1,Glioma,High - Low,0.823766256,0.044547453,0.093396285
FAM168A,Glioma,High - Low,1.136010107,0.006825566,0.025694979
PMPCA,Glioma,High - Low,1.515246688,0.000759631,0.007009054
ARL6IP1,Glioma,High - Low,0.143355452,0.458190817,0.55920168
TRIM9,Glioma,High - Low,1.381750914,3.95E-05,0.001578086
PLEKHM2,Glioma,High - Low,0.243649482,0.405781645,0.509239824
MLC1,Glioma,High - Low,1.179623284,0.15605124,0.241417756
ZC3H4,Glioma,High - Low,1.206483398,0.004991434,0.020888802
XPO6,Glioma,High - Low,0.893804025,0.000433164,0.00517465
PRRC2C,Glioma,High - Low,0.866023877,0.000361642,0.004700441
NBEAL2,Glioma,High - Low,1.127613323,0.093710575,0.163134379
MAST4,Glioma,High - Low,0.600906883,0.241826772,0.340858857
PLCL2,Glioma,High - Low,0.584552143,0.29364953,0.396562127
SEL1L3,Glioma,High - Low,0.176099582,0.762151687,0.823065988
EXOC6B,Glioma,High - Low,0.532677224,0.045837005,0.095382057
DNAJC9,Glioma,High - Low,1.72626673,0.002086492,0.012350107
SIK2,Glioma,High - Low,0.6940682,0.010573059,0.03450475
ARC,Glioma,High - Low,1.242051053,0.071314694,0.132952198
KATNIP,Glioma,High - Low,1.3490984,0.001625585,0.010615353
RPRD2,Glioma,High - Low,0.632337882,0.009565705,0.032229484
THSD7A,Glioma,High - Low,1.067148735,0.032612378,0.074727663
ATP11A,Glioma,High - Low,1.247407974,0.008940533,0.030886122
OTUD3,Glioma,High - Low,0.030994775,0.941196165,0.958323461
ANKRD12,Glioma,High - Low,0.240385153,0.271267254,0.372842972
KAZN,Glioma,High - Low,1.329158754,0.005615043,0.022725736
MTCL1,Glioma,High - Low,0.517833067,0.330810602,0.435088218
DENND5A,Glioma,High - Low,0.88005262,0.001943951,0.011836637
PPIP5K2,Glioma,High - Low,1.314300416,0.000171468,0.003244632
DNMBP,Glioma,High - Low,0.60601425,0.040639931,0.087251168
PRUNE2,Glioma,High - Low,1.193077264,0.000162767,0.00318636
CLEC16A,Glioma,High - Low,1.477355717,0.001519475,0.010223271
CLUH,Glioma,High - Low,1.562915588,0.003684807,0.017297407
ARAP2,Glioma,High - Low,0.470983488,0.462854398,0.563315917
NUP160,Glioma,High - Low,1.517726669,0.026483802,0.064345295
IQSEC3,Glioma,High - Low,0.487149676,0.27967063,0.382106602
ADGRF5,Glioma,High - Low,-0.047547107,0.899597687,0.926997679
CSTF2T,Glioma,High - Low,0.475152389,0.100015946,0.171093749
VPS13B,Glioma,High - Low,0.586008545,0.00325524,0.016089415
ANKS1A,Glioma,High - Low,0.936105795,0.006596614,0.025136632
BICD2,Glioma,High - Low,0.552477793,0.022056724,0.056669679
ATMIN,Glioma,High - Low,0.56146283,0.017307839,0.047941798
EHBP1,Glioma,High - Low,0.595323771,0.078902114,0.143660879
WSCD1,Glioma,High - Low,1.3525808,0.033779746,0.076518723
KIF13B,Glioma,High - Low,0.537313602,0.204446102,0.298385109
UBR2,Glioma,High - Low,0.810879369,0.002904186,0.015088529
FKBP15,Glioma,High - Low,1.341833055,0.032588404,0.074711954
ICOSLG,Glioma,High - Low,-0.095157694,0.853075097,0.892260125
SATB2,Glioma,High - Low,-0.207999463,0.385504518,0.490277868
SLC9A8,Glioma,High - Low,1.505329223,0.009497703,0.032107778
CUX2,Glioma,High - Low,0.290459493,0.517655684,0.614364201
TUT4,Glioma,High - Low,0.548574984,0.087984386,0.155693954
ADCY6,Glioma,High - Low,1.026654406,0.00311519,0.015655093
MAN2B2,Glioma,High - Low,1.627620054,0.012175299,0.037730458
WASHC4,Glioma,High - Low,0.876608965,0.006343132,0.024634299
USP22,Glioma,High - Low,0.784279467,0.000932687,0.007914238
SASH1,Glioma,High - Low,0.316977234,0.572321862,0.663016292
TBC1D30,Glioma,High - Low,-0.440282918,0.402993374,0.506991687
DPY19L1,Glioma,High - Low,1.064504279,0.000571097,0.005925325
WDR7,Glioma,High - Low,0.15765219,0.575800936,0.665750764
SYNM,Glioma,High - Low,-0.582134549,0.137251986,0.21829935
JADE2,Glioma,High - Low,0.841885393,0.129155594,0.207973704
VPS39,Glioma,High - Low,0.927739661,0.00381065,0.017679959
DNAJC16,Glioma,High - Low,-0.160175596,0.595954278,0.684338656
ESYT1,Glioma,High - Low,0.057303503,0.766132072,0.826069935
SYNE1,Glioma,High - Low,0.072944938,0.867110957,0.902399155
TRIM37,Glioma,High - Low,0.656184856,0.068040138,0.127995621
SMCHD1,Glioma,High - Low,1.152762386,0.007543582,0.027555989
PHF24,Glioma,High - Low,-1.143373455,0.04303418,0.091024333
KHNYN,Glioma,High - Low,-0.28620901,0.497375158,0.595585599
HAUS5,Glioma,High - Low,0.862760578,0.138556874,0.219867307
VPS8,Glioma,High - Low,0.144931109,0.550732078,0.644333401
ANGEL1,Glioma,High - Low,1.225508374,0.001577043,0.010460091
USP24,Glioma,High - Low,1.633923175,0.001052269,0.008494058
FNBP4,Glioma,High - Low,1.381229851,0.001123988,0.008838894
PSD3,Glioma,High - Low,0.147582972,0.779880088,0.837376578
OBSL1,Glioma,High - Low,1.171913701,0.017625654,0.048451122
KIAA1109,Glioma,High - Low,0.65020317,0.086110191,0.153177315
LARP1,Glioma,High - Low,0.711736955,0.000842819,0.007466189
PUM2,Glioma,High - Low,0.964624566,0.000264585,0.004051702
ARHGEF18,Glioma,High - Low,1.14028918,0.002575086,0.014024792
TNS2,Glioma,High - Low,1.258351482,0.033237513,0.075656947
CRTC1,Glioma,High - Low,1.322081394,0.00216333,0.012667476
FEM1B,Glioma,High - Low,0.543699592,0.000948553,0.008002192
UFL1,Glioma,High - Low,0.361715937,0.063996458,0.122036939
RRP8,Glioma,High - Low,0.062253231,0.66839464,0.747136023
ICE1,Glioma,High - Low,1.356903938,0.00085593,0.00752059
SMG5,Glioma,High - Low,0.598887478,0.000531949,0.005706645
MAU2,Glioma,High - Low,1.864360142,0.00162359,0.010612915
SPECC1L,Glioma,High - Low,1.236331754,0.000121032,0.002814683
NCSTN,Glioma,High - Low,0.581906524,0.007810037,0.02810025
NUDCD3,Glioma,High - Low,0.521003848,0.002603532,0.014132691
MED13L,Glioma,High - Low,0.726981111,0.000204537,0.003522594
ZDHHC17,Glioma,High - Low,0.47549854,0.047132845,0.097412841
ASXL1,Glioma,High - Low,2.668595747,0.000180356,0.00333531
LARS2,Glioma,High - Low,2.572215975,2.66E-07,0.000134073
PPWD1,Glioma,High - Low,0.488906193,0.034862312,0.078293697
LEPROTL1,Glioma,High - Low,0.709372817,0.007173401,0.02661555
RIMBP2,Glioma,High - Low,-1.316159425,0.031325988,0.072670297
TMEM131,Glioma,High - Low,0.699859366,0.001196446,0.009032941
BICRAL,Glioma,High - Low,1.620829568,0.000682033,0.006551623
POFUT1,Glioma,High - Low,0.812514157,0.046554421,0.096451187
KCTD2,Glioma,High - Low,1.146751565,0.0042517,0.019005637
NUP188,Glioma,High - Low,1.01545023,2.45E-05,0.001315415
SUZ12,Glioma,High - Low,1.78101365,0.003050728,0.01552802
MORC3,Glioma,High - Low,1.856245432,0.000947381,0.00799746
R3HDM1,Glioma,High - Low,0.655039048,0.071146879,0.132714929
LY96,Glioma,High - Low,0.192917414,0.792761934,0.847247735
AMMECR1,Glioma,High - Low,0.558406194,0.302572247,0.406165775
PRR5,Glioma,High - Low,0.27077869,0.63871425,0.721107672
PANX1,Glioma,High - Low,1.063476336,0.005985407,0.023747558
DSTYK,Glioma,High - Low,0.40452233,0.20014176,0.293575629
RASGRP3,Glioma,High - Low,-0.386857775,0.327628234,0.432074583
VPS13D,Glioma,High - Low,0.434974447,0.10705785,0.18037684
BRI3,Glioma,High - Low,0.830934472,0.038343898,0.083692307
TAFA5,Glioma,High - Low,0.8774612,0.05600843,0.110223715
HECTD1,Glioma,High - Low,0.714118068,0.000779701,0.007112538
NIPBL,Glioma,High - Low,0.536819398,0.004807434,0.020463238
COG4,Glioma,High - Low,0.69736148,0.0059321,0.023600421
YIPF3,Glioma,High - Low,1.636583492,0.000319946,0.004456468
NPDC1,Glioma,High - Low,0.83705364,0.016594275,0.046534343
PARM1,Glioma,High - Low,-0.113342628,0.876173911,0.909411108
ZNF10,Glioma,High - Low,0.666264279,0.015365013,0.044286497
TECPR1,Glioma,High - Low,1.06117188,0.007861169,0.028232749
ARMC8,Glioma,High - Low,0.610407,0.000474029,0.005436282
DCAF12,Glioma,High - Low,1.105378017,0.003187556,0.015856638
FAM149A,Glioma,High - Low,0.459259355,0.400444658,0.504088252
WHRN,Glioma,High - Low,-0.044774243,0.904943265,0.930674902
ABHD14A,Glioma,High - Low,0.579331012,0.098371216,0.169203144
EP400,Glioma,High - Low,1.11035025,0.129079555,0.207876828
NEPRO,Glioma,High - Low,0.711607774,0.024641383,0.061056448
TMEM186,Glioma,High - Low,-0.169216783,0.686821915,0.762081299
AASDHPPT,Glioma,High - Low,1.350329183,0.000649465,0.006367402
ABI3BP,Glioma,High - Low,0.27249104,0.788995788,0.843961459
PLEKHG4,Glioma,High - Low,-0.138774562,0.639592596,0.721974814
INTS7,Glioma,High - Low,2.086236661,2.69E-06,0.000469247
CCDC28A,Glioma,High - Low,0.907752083,0.009724441,0.032604121
OLFML2B,Glioma,High - Low,0.045011567,0.926346949,0.947255592
AHCTF1,Glioma,High - Low,0.536676291,0.010578488,0.034513864
CAMSAP1,Glioma,High - Low,0.397717904,0.02966567,0.069845822
C1orf43,Glioma,High - Low,0.828826945,9.14E-05,0.002428049
POT1,Glioma,High - Low,1.242553894,0.009344802,0.031779609
CNOT6,Glioma,High - Low,1.148775878,0.002378627,0.013287519
NELFB,Glioma,High - Low,1.143242605,0.00602069,0.023836093
ZDHHC5,Glioma,High - Low,0.622919102,0.166856503,0.25394074
MTMR9,Glioma,High - Low,0.791743189,0.04358162,0.091871542
MYRIP,Glioma,High - Low,0.683491278,0.160761098,0.246786851
ZNF521,Glioma,High - Low,0.485919548,0.356484861,0.460619391
NOL11,Glioma,High - Low,1.45576118,0.001920836,0.011746616
CNRIP1,Glioma,High - Low,0.237720693,0.63660906,0.719227063
GEMIN5,Glioma,High - Low,2.419403063,2.91E-05,0.001415598
PTPN23,Glioma,High - Low,0.891215686,0.000766579,0.007028581
RAB11FIP5,Glioma,High - Low,0.104499838,0.735592888,0.80105778
HEATR5A,Glioma,High - Low,0.439256088,0.057158407,0.112048331
FAM98A,Glioma,High - Low,0.715568747,0.118848854,0.195096294
TPGS2,Glioma,High - Low,0.173684428,0.439841055,0.542314618
SIN3A,Glioma,High - Low,0.822793195,0.085815177,0.152763849
L3MBTL1,Glioma,High - Low,0.252657438,0.432502287,0.535080076
SLC22A23,Glioma,High - Low,0.185153317,0.529778383,0.625181466
KBTBD2,Glioma,High - Low,1.057500847,0.005119451,0.021280872
SYF2,Glioma,High - Low,0.450641841,0.151868134,0.236377731
RWDD3,Glioma,High - Low,0.719170698,0.119789551,0.196424265
SEC31B,Glioma,High - Low,0.856880133,0.039877189,0.086071883
PNISR,Glioma,High - Low,0.769400228,0.00232479,0.013162196
C15orf39,Glioma,High - Low,1.632221969,0.002824573,0.014864364
KANK2,Glioma,High - Low,0.802646091,0.050920403,0.103122395
TIPARP,Glioma,High - Low,0.126997752,0.804408108,0.856607004
NECAP1,Glioma,High - Low,0.905813468,0.005855251,0.023394203
DHRS7B,Glioma,High - Low,1.577747145,0.000664498,0.00646126
AAR2,Glioma,High - Low,2.336732254,0.00010777,0.00262761
DNAH1,Glioma,High - Low,0.604648889,0.173891326,0.262329661
TSKU,Glioma,High - Low,1.258823558,0.020799848,0.054477376
REXO2,Glioma,High - Low,0.241609457,0.230416246,0.328024346
IBTK,Glioma,High - Low,1.107338574,0.008577764,0.030038653
CLIP3,Glioma,High - Low,0.334341807,0.317206,0.421942311
RNF167,Glioma,High - Low,0.050449176,0.718334111,0.787568959
GORASP2,Glioma,High - Low,0.960992715,0.005263544,0.021692031
POLR2M,Glioma,High - Low,1.593212704,0.005815753,0.02330485
TKFC,Glioma,High - Low,1.736563401,0.001036501,0.008442352
ZZZ3,Glioma,High - Low,1.890207672,0.000131145,0.002898233
RPAP1,Glioma,High - Low,1.623971001,0.011865875,0.03711559
LRIG1,Glioma,High - Low,1.599927357,0.007586166,0.027639306
UPF2,Glioma,High - Low,0.626273454,0.066101871,0.125176714
PTCD1,Glioma,High - Low,1.371874099,0.011898683,0.037170574
ACOT11,Glioma,High - Low,0.447805877,0.34430464,0.448689226
PLEKHG3,Glioma,High - Low,0.73479608,0.253653507,0.354022532
OSBPL3,Glioma,High - Low,0.601169852,0.188845188,0.280175642
SUSD5,Glioma,High - Low,1.859051837,0.008647034,0.030198885
GLCE,Glioma,High - Low,-0.033306247,0.941108224,0.958308444
SIPA1L1,Glioma,High - Low,0.267117664,0.481957075,0.580895147
SETBP1,Glioma,High - Low,1.896771346,0.004917654,0.020683214
UBXN7,Glioma,High - Low,0.871529843,0.014185169,0.041789483
LRRTM2,Glioma,High - Low,2.012631446,0.004725639,0.020299473
LTN1,Glioma,High - Low,0.680189589,6.41E-05,0.002035757
FAM169A,Glioma,High - Low,0.690809084,0.109886048,0.183911291
SLITRK5,Glioma,High - Low,0.912164591,0.008070329,0.028744511
DNM3,Glioma,High - Low,-0.023522856,0.967953707,0.977133222
AUTS2,Glioma,High - Low,1.176674584,0.003264284,0.016117703
POLDIP2,Glioma,High - Low,1.127858015,0.001313837,0.009435152
GPATCH4,Glioma,High - Low,2.856742146,2.68E-05,0.001348137
ABHD12,Glioma,High - Low,0.428801196,0.083386632,0.149825878
TOR1AIP1,Glioma,High - Low,1.131444216,0.002170762,0.012699637
CCDC9,Glioma,High - Low,0.507350818,0.177747832,0.267188122
CHTOP,Glioma,High - Low,0.759969848,0.000490204,0.005490372
EDRF1,Glioma,High - Low,1.540986495,0.002286326,0.012998205
WIPI2,Glioma,High - Low,0.761871313,0.000961928,0.008063077
PYGO1,Glioma,High - Low,1.498184379,0.002477716,0.013653509
CCZ1,Glioma,High - Low,1.188003003,0.000684218,0.006564232
WSB1,Glioma,High - Low,0.841719274,0.00022405,0.003680663
LDLRAP1,Glioma,High - Low,0.212532335,0.755813864,0.817840572
EPC2,Glioma,High - Low,2.106866341,6.54E-07,0.000228197
TCTN3,Glioma,High - Low,2.115798993,0.002269624,0.012938118
KIFBP,Glioma,High - Low,0.679472992,0.138981542,0.22028106
TRPC4AP,Glioma,High - Low,0.738375752,0.009257935,0.03160589
TES,Glioma,High - Low,-0.249485687,0.426756037,0.529672651
C1QTNF5,Glioma,High - Low,1.595518593,0.031817859,0.073485841
IRF2BP1,Glioma,High - Low,0.925908049,0.025346863,0.062322344
NAT9,Glioma,High - Low,1.83452404,0.000130202,0.002893103
ZNF337,Glioma,High - Low,2.156894608,0.001309622,0.00941619
KIF26A,Glioma,High - Low,0.299726528,0.570338261,0.661158883
NOC2L,Glioma,High - Low,0.976516044,0.075926086,0.139483688
GIMAP2,Glioma,High - Low,0.546060388,0.441180982,0.543403819
IFT172,Glioma,High - Low,0.737603086,0.081735424,0.147460259
AAAS,Glioma,High - Low,1.696799969,0.003036941,0.015488688
MTG2,Glioma,High - Low,0.713181305,0.003377424,0.016446503
SENP3,Glioma,High - Low,0.795321844,0.001401661,0.009704893
GADD45B,Glioma,High - Low,1.17933237,0.15702695,0.242676329
NBEA,Glioma,High - Low,0.929858567,0.086069756,0.153133756
CNPPD1,Glioma,High - Low,0.490463759,0.016538416,0.046447336
SDCBP2,Glioma,High - Low,0.605184978,0.248309993,0.347862481
FAM184B,Glioma,High - Low,0.436835808,0.215796848,0.311136233
DENND2A,Glioma,High - Low,1.09763476,0.02154668,0.055753099
WWC3,Glioma,High - Low,0.724524476,0.108081692,0.181657714
INTU,Glioma,High - Low,1.470979325,0.038074244,0.083278662
ZNF777,Glioma,High - Low,0.488485162,0.207858593,0.302018928
BRPF3,Glioma,High - Low,1.187293482,0.000298028,0.004250629
GPX7,Glioma,High - Low,1.129860394,0.013449302,0.040323268
COQ2,Glioma,High - Low,0.559077058,0.065632373,0.124467651
GPKOW,Glioma,High - Low,1.258807366,0.000500782,0.005565018
MMADHC,Glioma,High - Low,0.805875135,0.009142768,0.031361347
SGSM3,Glioma,High - Low,0.486082947,0.013885631,0.041165393
NOP53,Glioma,High - Low,0.759541111,0.006097019,0.024001285
BICRA,Glioma,High - Low,0.332650048,0.546873188,0.640849428
RRM2B,Glioma,High - Low,0.707944079,0.05358614,0.10678894
COL5A3,Glioma,High - Low,-0.434041461,0.510251621,0.607754214
PODXL2,Glioma,High - Low,1.42454149,0.002845075,0.014918804
GEMIN4,Glioma,High - Low,1.663194247,0.00237542,0.013279834
CALY,Glioma,High - Low,-1.683530964,0.06725265,0.12687881
DCAF8,Glioma,High - Low,0.820201644,0.000291497,0.004207901
TACR1,Glioma,High - Low,0.147484312,0.762549539,0.823359815
ADARB1,Glioma,High - Low,-0.569461073,0.021116784,0.055064261
WARS2,Glioma,High - Low,0.597575502,0.185960451,0.276742463
FGFR1,Glioma,High - Low,0.663406417,0.136781367,0.217709512
GTF2A1,Glioma,High - Low,0.457611883,0.001788021,0.011309447
ZNF593,Glioma,High - Low,0.980291084,0.141514276,0.223422936
ZBTB7B,Glioma,High - Low,0.353984985,0.15301911,0.237745248
VILL,Glioma,High - Low,-0.13251387,0.801089949,0.853987193
RBPJ,Glioma,High - Low,0.487762352,0.016198329,0.045826431
ST8SIA3,Glioma,High - Low,0.938124797,0.070162828,0.131272065
MBTPS2,Glioma,High - Low,1.0386803,0.005627095,0.022739368
PCF11,Glioma,High - Low,0.804425818,7.12E-05,0.002149027
CDC40,Glioma,High - Low,0.046447089,0.856298723,0.894576935
GMNN,Glioma,High - Low,0.893634585,0.027846401,0.066701963
PIAS4,Glioma,High - Low,1.036321114,0.088912201,0.156975115
ZBTB7A,Glioma,High - Low,0.877931548,0.005758731,0.023128547
UBR5,Glioma,High - Low,0.670972234,0.001734653,0.011089751
EIF5B,Glioma,High - Low,0.892014545,0.000290798,0.004207086
TRIM24,Glioma,High - Low,2.094190584,0.001151969,0.008919411
TRIM33,Glioma,High - Low,0.932213425,0.01185127,0.037104817
LAP3,Glioma,High - Low,0.852745241,0.0169299,0.047182456
SRRT,Glioma,High - Low,1.002835042,5.14E-08,6.12E-05
NBAS,Glioma,High - Low,0.509598407,0.007280424,0.026881723
WDPCP,Glioma,High - Low,0.955512667,0.050611749,0.10262655
FAM135B,Glioma,High - Low,-0.137486006,0.646535687,0.727679167
TXNDC11,Glioma,High - Low,1.691242572,0.009263025,0.031608233
ATL1,Glioma,High - Low,-0.152208615,0.641169766,0.723454494
CALHM2,Glioma,High - Low,-0.594870333,0.098472543,0.169332941
GSTK1,Glioma,High - Low,1.158092171,0.000191276,0.003404782
POP5,Glioma,High - Low,1.445038299,0.00116202,0.008953702
RPS27L,Glioma,High - Low,0.457954363,0.180606758,0.270126146
POMP,Glioma,High - Low,0.450823615,0.02808464,0.067076286
TMA7,Glioma,High - Low,-0.008351954,0.953658666,0.967316476
NOP58,Glioma,High - Low,0.587462425,0.012862746,0.039174676
EEF1AKNMT,Glioma,High - Low,0.465371335,0.050063049,0.101750311
NMD3,Glioma,High - Low,0.916319053,0.000631192,0.00627035
TRMT6,Glioma,High - Low,1.278353641,0.041637005,0.088787184
GET4,Glioma,High - Low,0.773886296,0.024563164,0.060944762
MRPL2,Glioma,High - Low,0.252818386,0.224343274,0.32122993
NOSIP,Glioma,High - Low,0.493129952,0.053502167,0.10672329
DERA,Glioma,High - Low,1.071365844,0.024414434,0.060725338
MEMO1,Glioma,High - Low,0.909186369,0.011911075,0.037193347
MRPL4,Glioma,High - Low,2.391434669,0.000190322,0.003404782
APIP,Glioma,High - Low,0.937798364,0.040739948,0.087386654
CUTC,Glioma,High - Low,1.221684421,0.033696309,0.076385209
FCF1,Glioma,High - Low,0.608107622,0.118633106,0.19488874
THAP4,Glioma,High - Low,0.146911756,0.177970642,0.267328441
TPPP3,Glioma,High - Low,-0.859038364,0.281262045,0.383760312
NDUFA13,Glioma,High - Low,0.525290921,0.023063922,0.058330295
ERGIC3,Glioma,High - Low,1.33012809,0.00032745,0.004473926
MRPS17,Glioma,High - Low,2.106082692,1.77E-05,0.001133939
MRPS7,Glioma,High - Low,1.02374237,0.000894318,0.007718172
CRYL1,Glioma,High - Low,0.26074832,0.54943407,0.64304463
TAF9B,Glioma,High - Low,1.752659307,0.002106423,0.012434356
TNNI3K,Glioma,High - Low,-0.733313489,0.072971801,0.135424492
YBX2,Glioma,High - Low,1.650921137,0.00871111,0.030374051
UBE2D4,Glioma,High - Low,1.336124997,0.000792794,0.007191216
CRLF3,Glioma,High - Low,0.345978867,0.518396314,0.615098926
HEBP1,Glioma,High - Low,-0.364624175,0.28240327,0.385036553
C1QA,Glioma,High - Low,0.193689811,0.77936345,0.837096444
PLLP,Glioma,High - Low,-0.87302856,0.304594793,0.408236219
ATP6V1D,Glioma,High - Low,0.32802852,0.201388747,0.294909168
RRNAD1,Glioma,High - Low,0.944502269,0.004860977,0.02059035
UTP18,Glioma,High - Low,0.42858168,0.026788636,0.064760637
SCCPDH,Glioma,High - Low,0.772734535,0.000257426,0.003971324
ABHD5,Glioma,High - Low,1.157542595,0.014171248,0.041761007
SH3GLB1,Glioma,High - Low,0.858258139,0.042563129,0.090320752
ZC2HC1A,Glioma,High - Low,0.763476431,0.040760871,0.087408578
NDUFAF1,Glioma,High - Low,0.629662195,0.107807463,0.181262475
UBE2J1,Glioma,High - Low,2.327707954,0.00085393,0.007508731
RBMX2,Glioma,High - Low,1.100591136,0.030148749,0.070728825
RDH11,Glioma,High - Low,0.883162757,0.000556033,0.005842813
LACTB2,Glioma,High - Low,0.882465021,0.04274744,0.090565086
KMT5B,Glioma,High - Low,0.759857985,3.18E-05,0.001467287
DHRS7,Glioma,High - Low,0.522997575,0.020067433,0.053123046
TRAPPC12,Glioma,High - Low,1.020334927,0.007851493,0.028218391
ZDHHC9,Glioma,High - Low,1.352898447,0.024997969,0.061696213
RMDN1,Glioma,High - Low,0.754372772,0.000215674,0.003589576
UTP11,Glioma,High - Low,1.137738793,0.001898214,0.011657279
SBDS,Glioma,High - Low,0.479419104,0.000857731,0.007526989
RTRAF,Glioma,High - Low,1.186568674,0.000768721,0.007038746
EXOSC1,Glioma,High - Low,0.758603663,0.035447767,0.079196023
SF3B6,Glioma,High - Low,0.862362457,0.001537928,0.01028401
ISOC1,Glioma,High - Low,0.437106204,0.305427974,0.409224998
RRP15,Glioma,High - Low,1.496211322,0.039618614,0.085654972
WASHC3,Glioma,High - Low,0.680246007,0.001238121,0.009206727
MRPL48,Glioma,High - Low,0.823762267,0.047132337,0.097412841
TMBIM4,Glioma,High - Low,0.921528044,0.026061283,0.063566105
COPZ1,Glioma,High - Low,0.785166515,0.000422076,0.005093308
TPRKB,Glioma,High - Low,1.063563051,0.014954215,0.04351012
PPIL1,Glioma,High - Low,2.308947481,0.000693635,0.0066253
MED31,Glioma,High - Low,1.519551799,0.004762757,0.020375009
HDDC2,Glioma,High - Low,0.587065385,0.062398136,0.11977405
MRPS16,Glioma,High - Low,0.790806559,0.000621599,0.006222171
FIS1,Glioma,High - Low,0.583657863,0.006637867,0.025235074
MRPS23,Glioma,High - Low,1.059261599,6.74E-05,0.002086757
MRPS33,Glioma,High - Low,0.553322689,0.085559352,0.152432793
GOLT1B,Glioma,High - Low,0.587494763,0.202100829,0.295771384
BOLA1,Glioma,High - Low,0.613311528,0.341549569,0.445719975
VPS36,Glioma,High - Low,1.277219534,0.000146904,0.003057892
DESI2,Glioma,High - Low,1.623582453,0.000925459,0.007888695
PTRH2,Glioma,High - Low,1.605354287,0.000644209,0.006336688
TVP23B,Glioma,High - Low,0.59369669,0.000589291,0.006035098
CHMP3,Glioma,High - Low,0.248816373,0.161484917,0.247607684
GLOD4,Glioma,High - Low,1.031186964,0.002844072,0.014918804
CNR1,Glioma,High - Low,1.261927865,0.052622996,0.105511929
RASD1,Glioma,High - Low,0.719682735,0.206208283,0.300354328
STYXL1,Glioma,High - Low,0.764304176,0.022915503,0.058116827
ZNF589,Glioma,High - Low,1.461523796,0.002461796,0.013591273
EIF3L,Glioma,High - Low,1.071719621,0.00028366,0.00418132
RPL26L1,Glioma,High - Low,1.715029951,0.00606404,0.023936669
COMMD2,Glioma,High - Low,0.812860826,0.026711375,0.064645477
IER3IP1,Glioma,High - Low,1.017441518,0.002005931,0.012086356
MPC1,Glioma,High - Low,0.450241616,0.081304119,0.146917474
NAA20,Glioma,High - Low,0.629344633,0.003456821,0.016664272
NIP7,Glioma,High - Low,0.909957526,0.039518826,0.085501874
ZFR,Glioma,High - Low,1.019478278,0.003805194,0.017679959
AIG1,Glioma,High - Low,0.436111308,0.358292908,0.462636
TELO2,Glioma,High - Low,1.373469718,0.001971524,0.011956074
KCTD3,Glioma,High - Low,1.633539867,9.98E-06,0.000846387
CEP83,Glioma,High - Low,1.302253039,0.037141184,0.081875105
IRAK4,Glioma,High - Low,1.36528346,0.003112883,0.015655093
RHD,Glioma,High - Low,-0.090438862,0.828078154,0.873300626
HSPB11,Glioma,High - Low,0.057701347,0.860286162,0.897293613
SARAF,Glioma,High - Low,0.377165564,0.011918638,0.037199221
COPG1,Glioma,High - Low,0.853252486,0.015159767,0.043913014
RAB10,Glioma,High - Low,0.933953528,1.28E-07,8.36E-05
MYEF2,Glioma,High - Low,0.798965348,0.002761485,0.014655134
INSIG2,Glioma,High - Low,0.466900977,0.313776439,0.418315336
CPQ,Glioma,High - Low,-0.587253662,0.212904565,0.307677646
COQ7,Glioma,High - Low,0.698495244,0.000328455,0.004479648
CHCHD2,Glioma,High - Low,0.557955736,0.00410667,0.018566034
DYNC1LI1,Glioma,High - Low,1.353199757,0.010151933,0.033540059
HSD17B12,Glioma,High - Low,0.768967209,0.007011622,0.026238802
COMMD10,Glioma,High - Low,0.772411283,0.015407336,0.04437489
TRAPPC4,Glioma,High - Low,0.424006739,0.005517086,0.022419367
PPME1,Glioma,High - Low,0.727757075,0.000440797,0.00523716
SHANK1,Glioma,High - Low,-0.202119497,0.784829353,0.84082896
RAB4B,Glioma,High - Low,1.260977099,0.022734497,0.057821051
MMP17,Glioma,High - Low,0.067416144,0.924707426,0.946244183
TRO,Glioma,High - Low,0.654082208,0.003504171,0.016812724
PIAS1,Glioma,High - Low,0.416844642,0.021839619,0.056320489
NOL7,Glioma,High - Low,0.554485528,0.145679231,0.228565389
TLX2,Glioma,High - Low,-0.128596711,0.771411425,0.83062353
UBAC1,Glioma,High - Low,0.803462847,0.000203418,0.003518297
CERCAM,Glioma,High - Low,-0.430467273,0.509241522,0.606853486
SDF4,Glioma,High - Low,0.474708864,0.017571265,0.048372702
MRTO4,Glioma,High - Low,0.720676486,0.017524222,0.04829793
ACTL6B,Glioma,High - Low,0.250072376,0.687254386,0.762431933
TMEFF2,Glioma,High - Low,-0.388066401,0.584579846,0.673877789
KIF20B,Glioma,High - Low,0.799334008,0.147529348,0.230859539
LSM7,Glioma,High - Low,1.23419411,0.000143422,0.003004509
LSM8,Glioma,High - Low,1.034740994,0.000182509,0.003335381
AMOTL2,Glioma,High - Low,1.258363355,0.03951099,0.085501874
PRKAG2,Glioma,High - Low,1.550891028,0.009365442,0.031825572
PDGFC,Glioma,High - Low,2.265279052,0.001588293,0.010486899
CPSF3,Glioma,High - Low,1.309331587,0.006421917,0.024802999
VPS28,Glioma,High - Low,0.685433366,0.012117019,0.037603255
TRAPPC2L,Glioma,High - Low,1.535459948,0.008146246,0.02893619
TP53TG3F,Glioma,High - Low,1.549987718,0.030376296,0.071099501
TRIP4,Glioma,High - Low,0.550947688,0.360913925,0.465469466
EGFL7,Glioma,High - Low,0.187643512,0.632150524,0.716228375
DBR1,Glioma,High - Low,1.694281197,0.000637324,0.006302478
HECA,Glioma,High - Low,0.259636232,0.318932697,0.423722557
POLK,Glioma,High - Low,0.967560438,0.025877624,0.063235487
MAN1B1,Glioma,High - Low,0.521699493,0.065036193,0.123595252
DCTN4,Glioma,High - Low,1.176597626,5.55E-06,0.000660851
DDX41,Glioma,High - Low,0.692465367,0.004910085,0.020683214
SNX9,Glioma,High - Low,0.162891969,0.735471287,0.800991978
VPS29,Glioma,High - Low,0.419336035,0.015543534,0.044610148
SUCO,Glioma,High - Low,0.714905579,0.033960681,0.076787001
AADAT,Glioma,High - Low,1.591006104,0.003967663,0.018099679
CYB5R4,Glioma,High - Low,0.283215543,0.225065653,0.322052961
NLK,Glioma,High - Low,0.152983565,0.287339215,0.390262691
ANAPC5,Glioma,High - Low,0.905211994,0.002215879,0.012843074
ANAPC7,Glioma,High - Low,1.096446458,1.82E-06,0.000404391
EMCN,Glioma,High - Low,-0.713237008,0.000923681,0.007878669
CYB5R1,Glioma,High - Low,-0.032720335,0.905337867,0.931007595
HSD17B11,Glioma,High - Low,-0.164881445,0.599118575,0.687008189
HSD17B14,Glioma,High - Low,0.254103598,0.529489864,0.624939418
AKAP11,Glioma,High - Low,0.160490534,0.454095323,0.555443765
BIRC6,Glioma,High - Low,0.662429342,0.001367339,0.009578687
FAM8A1,Glioma,High - Low,0.732004348,0.016162468,0.045754091
HPCAL4,Glioma,High - Low,-0.95411451,0.255592015,0.356158606
TUBD1,Glioma,High - Low,1.594659495,0.00061124,0.006151396
TUBE1,Glioma,High - Low,0.543371381,0.027746345,0.066498792
LEF1,Glioma,High - Low,1.19235917,0.032229837,0.074227836
RNF138,Glioma,High - Low,1.288347054,0.008818994,0.03061073
TOB2,Glioma,High - Low,0.884719991,0.003688521,0.017297407
PLEKHO1,Glioma,High - Low,0.329174058,0.293485903,0.396398834
TAOK3,Glioma,High - Low,0.821678959,0.006834926,0.02572282
AK3,Glioma,High - Low,0.389023087,0.079532156,0.14452665
DCXR,Glioma,High - Low,1.609002718,0.018035247,0.0492154
HP1BP3,Glioma,High - Low,0.554476572,0.038881598,0.084620472
TRAP1,Glioma,High - Low,1.164911444,0.000240421,0.003834138
BIN2,Glioma,High - Low,-0.029161277,0.945604472,0.961623636
PCYOX1,Glioma,High - Low,0.932110696,0.005998277,0.023784205
HSPA14,Glioma,High - Low,1.091555838,0.002397051,0.013349463
GPN3,Glioma,High - Low,0.431493988,0.142511856,0.224699871
CRBN,Glioma,High - Low,0.371744923,0.068097069,0.128065919
RSL24D1,Glioma,High - Low,0.957605423,0.047394737,0.09778432
SS18L2,Glioma,High - Low,0.983298903,0.005557529,0.022536384
DNAJB11,Glioma,High - Low,0.656936657,0.023809924,0.059698407
POLR3K,Glioma,High - Low,1.421504533,0.034641228,0.077944
COPS7A,Glioma,High - Low,0.317282444,0.125179608,0.203019523
RAB14,Glioma,High - Low,0.601053938,0.007938165,0.028428445
HERC5,Glioma,High - Low,0.963878833,0.169022736,0.256521929
ZNF274,Glioma,High - Low,0.620016294,0.186418739,0.277235409
ZNF639,Glioma,High - Low,0.919393849,5.16E-05,0.001821106
MSRB1,Glioma,High - Low,2.088934694,0.000166858,0.003210308
SRRM2,Glioma,High - Low,0.647161224,0.00032709,0.004473926
PRODH,Glioma,High - Low,0.176617564,0.813146109,0.862905009
EVL,Glioma,High - Low,0.585246739,0.018351295,0.049890677
RAPGEFL1,Glioma,High - Low,0.563523466,0.188785564,0.280147548
RAPGEF6,Glioma,High - Low,1.076294461,0.004813855,0.020463574
NAT8B,Glioma,High - Low,0.705895882,0.112605489,0.187403653
NIN,Glioma,High - Low,0.534334765,0.008154376,0.02894936
DDX47,Glioma,High - Low,0.669078168,0.005120109,0.021280872
TACO1,Glioma,High - Low,0.095333258,0.61918435,0.704526001
ACP6,Glioma,High - Low,0.589922316,0.126436612,0.204652561
RAB9B,Glioma,High - Low,0.895778883,0.020757114,0.054419883
HSD17B7,Glioma,High - Low,1.667755364,0.00869592,0.030329165
TPRA1,Glioma,High - Low,0.662743601,0.040874467,0.087534907
WWOX,Glioma,High - Low,0.706851944,0.003104298,0.015650584
ARID4B,Glioma,High - Low,0.641061839,0.020604267,0.054116685
VCX3A,Glioma,High - Low,-0.39810027,0.190143531,0.281591364
TREX1,Glioma,High - Low,0.286637008,0.585865853,0.674944269
HACD3,Glioma,High - Low,0.655163526,0.007843713,0.028205914
CTDSPL2,Glioma,High - Low,0.397765716,0.252574656,0.352780027
TRIAP1,Glioma,High - Low,1.502718754,0.010484844,0.034293794
HIKESHI,Glioma,High - Low,0.981463458,2.10E-07,0.00012191
CWC15,Glioma,High - Low,0.840787399,0.001645025,0.010699609
TRMT112,Glioma,High - Low,0.943641736,0.000242634,0.003854395
UFC1,Glioma,High - Low,0.945911558,0.002791236,0.014748044
CHMP5,Glioma,High - Low,0.795981961,0.065380025,0.124114929
GLRX5,Glioma,High - Low,0.219839989,0.446714638,0.548774137
RNF141,Glioma,High - Low,0.489206918,0.053692585,0.106952231
ABI3,Glioma,High - Low,0.79492593,0.191692387,0.28350033
COPZ2,Glioma,High - Low,-0.246556875,0.636930982,0.719466599
GLTP,Glioma,High - Low,0.825299792,0.10338259,0.175539911
PHF20,Glioma,High - Low,0.173937169,0.268884372,0.370423305
TUBG2,Glioma,High - Low,0.900198496,0.023184915,0.058545822
CRIM1,Glioma,High - Low,-0.240470229,0.453666725,0.554996502
MPP6,Glioma,High - Low,1.234140537,0.034175152,0.077174071
DTL,Glioma,High - Low,0.81325226,0.194010723,0.286217735
TMEM9,Glioma,High - Low,0.598754601,9.64E-06,0.000834141
HGH1,Glioma,High - Low,1.714280414,0.001481197,0.010013635
TMEM14C,Glioma,High - Low,0.677516006,0.001169767,0.008972326
CXXC5,Glioma,High - Low,1.301159225,0.00222507,0.012862183
ANKRD39,Glioma,High - Low,0.380402549,0.200828067,0.29418683
ORMDL1,Glioma,High - Low,1.045809753,0.000627007,0.006252208
OSER1,Glioma,High - Low,1.448413822,0.013846746,0.041091442
GSKIP,Glioma,High - Low,0.630059703,0.277553464,0.379808476
CCDC174,Glioma,High - Low,0.681199623,0.058541534,0.114315333
JKAMP,Glioma,High - Low,0.983581061,0.00037797,0.004813972
ZC3HC1,Glioma,High - Low,1.072453564,0.002917095,0.015132141
SHISA5,Glioma,High - Low,0.877926144,0.021836129,0.056320489
TRMO,Glioma,High - Low,1.22024101,0.011375007,0.036035074
C9orf78,Glioma,High - Low,0.474461164,0.005440924,0.022216242
PDZD11,Glioma,High - Low,1.013050182,6.71E-05,0.002080809
VTA1,Glioma,High - Low,0.922138987,0.005883214,0.023479111
TMEM69,Glioma,High - Low,0.934068877,0.036592119,0.081063613
PPHLN1,Glioma,High - Low,1.169702286,0.010735226,0.034782556
NT5C3A,Glioma,High - Low,1.343713275,0.010071486,0.033350016
MRPL37,Glioma,High - Low,1.112840379,0.028165609,0.067183881
RANGRF,Glioma,High - Low,0.510526784,0.168364556,0.255730525
RNF181,Glioma,High - Low,0.477839012,0.024145927,0.060240592
MRPL51,Glioma,High - Low,0.992136894,0.001219063,0.009125897
TMEM216,Glioma,High - Low,0.940109637,0.076356281,0.14005783
PBDC1,Glioma,High - Low,2.253863562,0.000536892,0.005727184
CDKL3,Glioma,High - Low,1.3204425,0.017335623,0.047961428
SCLY,Glioma,High - Low,0.993719746,0.051326449,0.103594451
CLEC1A,Glioma,High - Low,-0.202780603,0.679584896,0.756230243
PIPOX,Glioma,High - Low,1.015361223,0.146178062,0.229238156
SYT17,Glioma,High - Low,1.953867906,0.000469329,0.00539502
ATP8A2,Glioma,High - Low,-0.483706465,0.480620098,0.579497094
RAB8B,Glioma,High - Low,0.555961922,0.016832226,0.047000283
KLF3,Glioma,High - Low,0.632352414,0.00741825,0.027206482
NINJ2,Glioma,High - Low,-0.384013216,0.548174802,0.641915096
ZNF581,Glioma,High - Low,0.004603808,0.986940606,0.990496195
ZNF571,Glioma,High - Low,0.538625857,0.200816337,0.29418683
SIRT7,Glioma,High - Low,1.191807839,0.001861604,0.011518894
IER5,Glioma,High - Low,0.152185851,0.713023536,0.783677276
C1RL,Glioma,High - Low,1.249002392,0.061762355,0.118919782
GOLM1,Glioma,High - Low,0.682379268,0.011216725,0.035749896
TM7SF3,Glioma,High - Low,0.937236395,0.002246861,0.012908359
ANKMY1,Glioma,High - Low,0.22039579,0.565334944,0.656905456
NUP62,Glioma,High - Low,0.272419124,0.404738479,0.508613197
SCAND1,Glioma,High - Low,1.429383022,0.014112239,0.041643349
PEX5L,Glioma,High - Low,-2.423355465,0.002421212,0.013440239
BFAR,Glioma,High - Low,1.351991203,0.002542064,0.013908583
RASL12,Glioma,High - Low,1.08645271,0.13101123,0.21038702
CEND1,Glioma,High - Low,1.286047042,0.051565875,0.103933498
COA4,Glioma,High - Low,0.713664667,0.009638596,0.032400035
BCCIP,Glioma,High - Low,0.973099867,0.000224919,0.003685685
ERGIC2,Glioma,High - Low,0.968492373,0.004420133,0.019453041
RSF1,Glioma,High - Low,0.420274155,0.00280333,0.0148
CD320,Glioma,High - Low,0.702706264,0.02753815,0.066132979
SLC15A3,Glioma,High - Low,-0.358475688,0.472252355,0.571671605
NRN1,Glioma,High - Low,-0.44351889,0.477013042,0.576315563
TIMMDC1,Glioma,High - Low,1.121182403,0.00342351,0.016552442
FKBP11,Glioma,High - Low,0.296642561,0.254913001,0.355477252
KCNK9,Glioma,High - Low,0.260908889,0.512368029,0.609746828
CCR10,Glioma,High - Low,-0.153665307,0.69086347,0.765527709
KDM3B,Glioma,High - Low,1.074794172,0.000323053,0.004462744
FAM53C,Glioma,High - Low,0.247802402,0.071629694,0.13338751
REEP2,Glioma,High - Low,0.890353079,0.04591538,0.095481512
ARMCX3,Glioma,High - Low,0.669314586,0.004289746,0.019090975
ARMCX1,Glioma,High - Low,0.457069689,0.003620039,0.017112415
SLC25A37,Glioma,High - Low,1.111556237,0.104438048,0.176736121
TDP2,Glioma,High - Low,0.443946202,0.092650016,0.161720659
UFM1,Glioma,High - Low,0.384123361,0.048731025,0.099770963
KRCC1,Glioma,High - Low,1.020501706,0.000780788,0.007114032
PLAC8,Glioma,High - Low,0.489372012,0.413239256,0.516568796
ZNF644,Glioma,High - Low,1.117266089,0.037165755,0.081875105
MEX3C,Glioma,High - Low,0.654936312,0.005243344,0.021649671
SPG21,Glioma,High - Low,1.898191282,0.004310423,0.019150446
ARL6IP4,Glioma,High - Low,0.460047642,0.004544573,0.019775262
TNFRSF12A,Glioma,High - Low,1.254218659,0.143441962,0.225910805
MRPS30,Glioma,High - Low,1.295842125,2.53E-06,0.000466903
GDE1,Glioma,High - Low,0.49509611,0.035454662,0.079196023
THEM6,Glioma,High - Low,0.723314727,0.031228797,0.072496212
ESF1,Glioma,High - Low,0.874455566,0.004825932,0.020494949
GYPC,Glioma,High - Low,-0.338667316,0.679212399,0.755944232
OAS2,Glioma,High - Low,0.992345605,0.26929714,0.370796872
CRK,Glioma,High - Low,0.901131176,0.000356664,0.004687359
PER3,Glioma,High - Low,0.137787454,0.854219495,0.893161724
MAPT,Glioma,High - Low,0.981377468,0.102189653,0.173965561
RBMS1,Glioma,High - Low,-0.260278984,0.610058485,0.696017406
SHC3,Glioma,High - Low,1.25077488,0.1138118,0.188816257
STX18,Glioma,High - Low,0.572026849,0.006528767,0.025042716
UBN1,Glioma,High - Low,1.041475535,0.002370802,0.013265167
POLA1,Glioma,High - Low,1.572286053,0.009993859,0.033221075
EFEMP2,Glioma,High - Low,0.512368433,0.243312216,0.342436509
RWDD2B,Glioma,High - Low,1.173858694,0.01256583,0.038512268
TAS2R3,Glioma,High - Low,1.643026868,0.002494701,0.013715301
TAS2R4,Glioma,High - Low,0.500381245,0.135833216,0.216489872
SEPSECS,Glioma,High - Low,1.280853857,0.006418406,0.024802999
HOXC10,Glioma,High - Low,0.606516815,0.356895401,0.461058855
APLN,Glioma,High - Low,-0.196146584,0.703313147,0.775581491
USP18,Glioma,High - Low,1.782704697,0.021180965,0.055175712
KLHL3,Glioma,High - Low,-0.056696349,0.875935723,0.90927031
GALNT8,Glioma,High - Low,-0.246737995,0.387746512,0.492507284
SIX4,Glioma,High - Low,-0.047276831,0.923021932,0.944962558
GALNT7,Glioma,High - Low,1.108857969,0.054736568,0.108470696
SPA17,Glioma,High - Low,0.347217138,0.468485671,0.568270495
CPSF2,Glioma,High - Low,1.71275539,0.002737896,0.01457799
GSAP,Glioma,High - Low,0.977141421,0.033156394,0.075532518
MRPL39,Glioma,High - Low,1.433025296,0.000489576,0.005490372
C21orf91,Glioma,High - Low,-0.808834687,0.202421448,0.296123354
BAIAP2,Glioma,High - Low,1.010915678,0.00679636,0.025647261
STAU1,Glioma,High - Low,0.701061037,0.002812051,0.014822135
MARK2,Glioma,High - Low,0.533532747,0.010791529,0.034887281
OTUD4,Glioma,High - Low,0.72140085,0.019540336,0.052021476
SURF2,Glioma,High - Low,0.052456708,0.852550221,0.891924893
TMED9,Glioma,High - Low,0.457096472,0.081048899,0.14655086
PLXNA3,Glioma,High - Low,1.504470345,0.022324462,0.057133344
RAB39A,Glioma,High - Low,0.602936563,0.040027863,0.086311728
HAUS7,Glioma,High - Low,1.290450385,0.025827971,0.063149511
MPHOSPH8,Glioma,High - Low,0.386932465,0.207228516,0.301304048
LEPROT,Glioma,High - Low,0.489627267,0.11239081,0.187180566
ZNF821,Glioma,High - Low,0.646047088,0.027044024,0.065233495
CRYGS,Glioma,High - Low,0.55219377,0.105352938,0.177893476
POGK,Glioma,High - Low,0.691851007,0.001445126,0.009901116
CNOT11,Glioma,High - Low,0.32844103,0.016509893,0.046413181
MIER2,Glioma,High - Low,0.857090244,0.017939698,0.049015956
GRID1,Glioma,High - Low,0.542174421,0.119681791,0.196315922
INO80,Glioma,High - Low,1.377345605,0.006084664,0.02396349
PARP14,Glioma,High - Low,-0.080383345,0.838388024,0.88090959
ZNF853,Glioma,High - Low,1.671262369,0.000922108,0.00787551
IL17RD,Glioma,High - Low,1.263098867,0.008917498,0.030847238
FAM20A,Glioma,High - Low,-0.019219743,0.977594278,0.984436385
NAGK,Glioma,High - Low,0.246471285,0.330247145,0.434696478
MKNK2,Glioma,High - Low,0.519222597,0.099118227,0.169996718
SMG6,Glioma,High - Low,0.742612118,0.0038922,0.017875501
KIF27,Glioma,High - Low,0.020792252,0.956148225,0.96842167
GRAMD1C,Glioma,High - Low,0.545873254,0.216082895,0.311480055
TRIM44,Glioma,High - Low,0.522844713,0.01336862,0.040182586
CACFD1,Glioma,High - Low,1.420657451,0.008809727,0.03059569
WDR5,Glioma,High - Low,0.897006079,0.004968604,0.02083059
ZC3H7B,Glioma,High - Low,0.626124806,0.001064534,0.008529957
BMP2K,Glioma,High - Low,0.919576574,0.102700152,0.174644149
DIRAS2,Glioma,High - Low,-0.873709819,0.238959531,0.337689923
KIF21B,Glioma,High - Low,1.294835543,0.058895472,0.11486879
VEZT,Glioma,High - Low,0.430734474,0.448312844,0.550272811
RNF111,Glioma,High - Low,1.024842916,0.021307137,0.055396018
ZCCHC8,Glioma,High - Low,0.890173805,0.051848509,0.104294443
DONSON,Glioma,High - Low,1.003073503,0.069195809,0.129833868
NSMCE4A,Glioma,High - Low,0.179479368,0.456839347,0.557914147
NOTCH1,Glioma,High - Low,0.986678878,0.00226657,0.012938118
ALKBH4,Glioma,High - Low,1.183789133,0.036616142,0.081091872
CNNM3,Glioma,High - Low,0.993954381,0.018075167,0.049303783
DNAJB12,Glioma,High - Low,1.006330386,8.20E-05,0.002269369
AGO4,Glioma,High - Low,1.707387554,0.001275005,0.009301941
DDX60,Glioma,High - Low,0.632694415,0.163193163,0.24972979
CDKN2AIP,Glioma,High - Low,1.415311374,0.02989925,0.07026067
TENT5A,Glioma,High - Low,1.03635041,0.149886759,0.233923032
KCTD9,Glioma,High - Low,0.557467814,0.24445763,0.343679131
CARMIL1,Glioma,High - Low,1.051267828,0.127562086,0.206015838
MBTD1,Glioma,High - Low,1.058204308,0.005832137,0.023348231
KLHL24,Glioma,High - Low,0.83610451,0.002248915,0.012909997
HAUS6,Glioma,High - Low,0.624310503,0.159920849,0.246074001
TRIT1,Glioma,High - Low,0.887689796,0.092959569,0.162239355
FTSJ3,Glioma,High - Low,2.265427229,3.88E-05,0.001569658
PPP1R9A,Glioma,High - Low,1.147370569,0.015688078,0.04488724
DYM,Glioma,High - Low,1.235618013,0.000880589,0.007640525
KLHL28,Glioma,High - Low,1.377491664,0.000587115,0.006024369
QPCTL,Glioma,High - Low,0.392538942,0.526798878,0.62233851
ZNF280D,Glioma,High - Low,0.778878854,0.055392894,0.109324565
ANKRD10,Glioma,High - Low,0.808787669,0.007359717,0.027090464
ZCCHC10,Glioma,High - Low,1.542589262,0.02577596,0.063057668
VPS50,Glioma,High - Low,0.059226185,0.750274167,0.813325027
OTUB1,Glioma,High - Low,0.734444154,0.000287784,0.004195943
FERMT1,Glioma,High - Low,0.942174271,0.148194725,0.231706894
TRPM7,Glioma,High - Low,1.178011876,0.07670972,0.14054861
GIN1,Glioma,High - Low,0.222043595,0.45518748,0.556415803
MFSD6,Glioma,High - Low,0.443653589,0.466739652,0.566925196
MCM9,Glioma,High - Low,1.20496922,0.004489829,0.019614727
DEF8,Glioma,High - Low,0.441570892,0.060102691,0.116529622
FBXL12,Glioma,High - Low,1.881693881,0.000577681,0.005969674
ANKRD49,Glioma,High - Low,0.576540979,0.314794755,0.419459365
PAQR5,Glioma,High - Low,-0.291616416,0.499102901,0.597217536
ASAP3,Glioma,High - Low,1.751506811,0.010608326,0.034550948
PGPEP1,Glioma,High - Low,0.233593342,0.172815587,0.261097909
TASP1,Glioma,High - Low,1.780028309,0.001815862,0.011359409
SNRK,Glioma,High - Low,0.211981113,0.10483803,0.177333838
CC2D1A,Glioma,High - Low,0.23251565,0.107127225,0.180447287
LRRFIP2,Glioma,High - Low,0.59190378,0.013050381,0.039498068
TMEM214,Glioma,High - Low,0.480054346,0.060430091,0.116922002
QRICH1,Glioma,High - Low,0.825895564,0.000118815,0.002777938
THUMPD1,Glioma,High - Low,0.954419611,8.99E-06,0.000811356
POMGNT1,Glioma,High - Low,1.204683365,0.0380013,0.083160792
ZDHHC7,Glioma,High - Low,0.561024843,0.218812338,0.314790675
DCAF16,Glioma,High - Low,0.787381344,0.00062824,0.00625517
ZCCHC2,Glioma,High - Low,0.793238118,0.221533171,0.317971257
DPP8,Glioma,High - Low,0.615519108,0.001385017,0.009635507
TEX10,Glioma,High - Low,1.050617316,0.036215994,0.080387623
ANKHD1,Glioma,High - Low,0.757890236,4.57E-05,0.001699888
AMBRA1,Glioma,High - Low,0.388873263,0.014565436,0.042672914
RETSAT,Glioma,High - Low,0.191684183,0.396427491,0.500619709
SMPD4,Glioma,High - Low,1.741646838,0.000410297,0.005015895
UHRF1BP1,Glioma,High - Low,0.605974953,0.139975353,0.221500761
NSUN2,Glioma,High - Low,0.793959504,2.36E-06,0.000448531
ALKBH5,Glioma,High - Low,0.563236635,0.00331762,0.016272435
NCAPG2,Glioma,High - Low,1.075012916,0.061984534,0.119137332
PNRC2,Glioma,High - Low,0.274819345,0.196173219,0.288789741
MTMR10,Glioma,High - Low,0.163884313,0.643460268,0.7252374
SLC66A1,Glioma,High - Low,0.615094298,0.273437397,0.37519554
LRRC40,Glioma,High - Low,0.945790898,0.024905293,0.061522442
G2E3,Glioma,High - Low,0.267843558,0.074114877,0.137079543
ELOVL2,Glioma,High - Low,0.543952634,0.409251202,0.512562271
PXK,Glioma,High - Low,-0.346378628,0.553803068,0.646943573
TBC1D22B,Glioma,High - Low,0.946023323,0.00387788,0.017862067
CDKAL1,Glioma,High - Low,0.638240028,0.003181903,0.015852127
TTC19,Glioma,High - Low,0.332893553,0.010102291,0.033443563
NSD3,Glioma,High - Low,0.704579387,2.60E-06,0.000466903
CHD7,Glioma,High - Low,1.06195978,0.008168532,0.028985933
CYP2W1,Glioma,High - Low,-0.357886354,0.198218718,0.291276956
SPDL1,Glioma,High - Low,-0.213203973,0.576074745,0.666008533
SEMA4C,Glioma,High - Low,0.524229572,0.168601847,0.256001854
FLVCR2,Glioma,High - Low,2.100252882,0.000405749,0.004988674
RPP25,Glioma,High - Low,-0.183009658,0.631910785,0.716143677
BTBD2,Glioma,High - Low,1.16386389,1.17E-05,0.000955456
YTHDF1,Glioma,High - Low,1.11053147,0.000179324,0.003324643
TMEM260,Glioma,High - Low,0.9529726,0.087794702,0.155463353
CMTM6,Glioma,High - Low,1.163156366,0.001366318,0.009578687
DNAAF5,Glioma,High - Low,1.596486381,0.000107566,0.002627549
DUS2,Glioma,High - Low,1.273100705,0.006583139,0.025114522
LIME1,Glioma,High - Low,0.666944808,0.033491097,0.076072806
OSGEP,Glioma,High - Low,1.03484218,1.23E-07,8.36E-05
ZSCAN32,Glioma,High - Low,0.543249157,0.023007142,0.058265552
UBE2R2,Glioma,High - Low,0.584612727,0.013736736,0.040829759
CHCHD3,Glioma,High - Low,1.130195259,0.0013592,0.009547213
BPNT2,Glioma,High - Low,0.722778216,0.000235208,0.003783258
RAB20,Glioma,High - Low,0.925726385,0.041930657,0.089297023
WRAP73,Glioma,High - Low,0.834255699,0.08031278,0.145581508
TRMT10C,Glioma,High - Low,1.389548537,0.007094393,0.026418342
EXD3,Glioma,High - Low,1.181362916,0.01069755,0.034719287
RHBDL2,Glioma,High - Low,-0.617309659,0.2097545,0.304166095
KANSL2,Glioma,High - Low,0.423442555,0.012315618,0.038048227
MARCHF5,Glioma,High - Low,0.87775607,0.000357754,0.004691029
ADPRS,Glioma,High - Low,0.372326094,0.043785426,0.092212092
SOHLH2,Glioma,High - Low,0.365247659,0.439634719,0.542111261
SARS2,Glioma,High - Low,1.341115807,0.003197284,0.015890607
HDHD5,Glioma,High - Low,2.023328072,4.49E-06,0.000629867
ABITRAM,Glioma,High - Low,0.378588563,0.031719522,0.073362251
LPCAT2,Glioma,High - Low,-0.139367377,0.858323657,0.896031865
MRPL16,Glioma,High - Low,0.821108905,0.000131739,0.002898233
SDHAF2,Glioma,High - Low,1.438447252,0.031555426,0.073098936
SLC48A1,Glioma,High - Low,-0.102437437,0.727876349,0.795632412
COMMD8,Glioma,High - Low,0.33468403,0.490335974,0.588879922
TMEM127,Glioma,High - Low,1.28448278,0.003393973,0.016476564
C1orf109,Glioma,High - Low,0.723560167,0.202113082,0.295771384
PARP16,Glioma,High - Low,1.421096506,0.001700478,0.010956869
TXNL4B,Glioma,High - Low,0.772876236,0.004743114,0.020342731
TMEM160,Glioma,High - Low,0.32015647,0.260907191,0.361786078
TIPIN,Glioma,High - Low,1.643844932,0.000232343,0.003764932
INTS8,Glioma,High - Low,1.297548324,0.001193141,0.009019511
TMEM70,Glioma,High - Low,1.544790569,0.003883601,0.017862067
HPF1,Glioma,High - Low,1.231207059,0.021991352,0.056579439
TTC12,Glioma,High - Low,-0.519673648,0.302584661,0.406165775
TMEM132A,Glioma,High - Low,1.424749352,0.008857006,0.030703235
THG1L,Glioma,High - Low,1.212417947,0.001299755,0.009376515
SLC25A38,Glioma,High - Low,2.241307669,2.66E-05,0.001348137
ZNF416,Glioma,High - Low,0.614790152,0.138947644,0.22028106
C2orf42,Glioma,High - Low,0.933091131,0.121009194,0.197848823
CLN6,Glioma,High - Low,0.782952115,0.125674786,0.203721676
PINX1,Glioma,High - Low,1.054669095,0.019334372,0.051630619
ULK4,Glioma,High - Low,0.298938993,0.559057828,0.651586967
CZIB,Glioma,High - Low,0.648089678,0.044065704,0.092653326
C1orf159,Glioma,High - Low,0.646982868,0.2788847,0.381311339
PRPF40A,Glioma,High - Low,0.74872656,0.003874206,0.01785462
GID8,Glioma,High - Low,1.198759773,9.32E-05,0.002446957
OXSM,Glioma,High - Low,0.728471526,0.072130165,0.13416682
HIF1AN,Glioma,High - Low,1.431644737,0.000446305,0.005260683
TMCO3,Glioma,High - Low,0.168935783,0.41804723,0.521185715
PAK1IP1,Glioma,High - Low,0.81577472,0.075507544,0.138929212
LAMTOR1,Glioma,High - Low,0.603386471,0.001260462,0.009245509
TRMT61B,Glioma,High - Low,1.411898247,0.000227441,0.003717712
FAM118A,Glioma,High - Low,0.685426468,0.093219806,0.162520228
CDC37L1,Glioma,High - Low,0.466840771,0.054713242,0.108440884
FAM174C,Glioma,High - Low,2.021082516,0.000598522,0.00608893
MCUB,Glioma,High - Low,0.277670842,0.665234901,0.744934099
STX17,Glioma,High - Low,1.256331251,0.016653774,0.046662477
URGCP,Glioma,High - Low,0.581381731,0.066187304,0.125320372
NPLOC4,Glioma,High - Low,1.227228016,0.001537148,0.01028401
PRPF39,Glioma,High - Low,-0.144282814,0.370189453,0.474812941
MARCHF1,Glioma,High - Low,1.033442904,0.102405458,0.174264968
C14orf119,Glioma,High - Low,0.720834284,0.08168268,0.147411624
DENND4C,Glioma,High - Low,0.74826154,0.026485274,0.064345295
TTC38,Glioma,High - Low,0.649475548,0.098813921,0.169652592
PHIP,Glioma,High - Low,0.194103326,0.267619531,0.368991419
TMEM255A,Glioma,High - Low,0.135102745,0.829731621,0.874480891
C17orf80,Glioma,High - Low,1.446336988,0.013502273,0.040389595
FBXO34,Glioma,High - Low,0.374749075,0.074263024,0.137294662
USP47,Glioma,High - Low,1.690347682,0.006740096,0.025508851
FKBP14,Glioma,High - Low,0.865529594,0.150705478,0.235043099
CDCA4,Glioma,High - Low,-1.172423148,0.042354415,0.089988501
TRMT12,Glioma,High - Low,0.695775322,0.076834981,0.140719038
SLC30A6,Glioma,High - Low,0.801266905,0.011294685,0.035869525
VPS37C,Glioma,High - Low,1.913003541,0.000342648,0.004582523
IWS1,Glioma,High - Low,1.984197595,0.001672033,0.010800165
NRDE2,Glioma,High - Low,0.907106415,0.055244503,0.109163339
MRPL20,Glioma,High - Low,0.511291505,0.020537542,0.054017284
GPATCH2L,Glioma,High - Low,0.802243967,0.002593007,0.014087238
ATG16L1,Glioma,High - Low,0.650353425,0.118925907,0.195173841
ZWILCH,Glioma,High - Low,0.542800106,0.420185747,0.52340329
WIPI1,Glioma,High - Low,-0.013780339,0.96731531,0.976790016
ZCWPW1,Glioma,High - Low,1.254250882,0.010357289,0.033978733
SCYL2,Glioma,High - Low,1.173079243,0.000135215,0.002934234
PDPR,Glioma,High - Low,1.119927117,0.004780095,0.0204069
TMEM248,Glioma,High - Low,0.802389829,7.83E-07,0.000256224
RNF31,Glioma,High - Low,1.394455528,0.000219457,0.003614274
TMEM45A,Glioma,High - Low,0.491277211,0.517287662,0.614038746
TAPBPL,Glioma,High - Low,0.836328882,0.01530286,0.044171152
IFT57,Glioma,High - Low,0.229422638,0.127148241,0.205474193
ARGLU1,Glioma,High - Low,0.785564123,0.00745648,0.027323732
SOBP,Glioma,High - Low,0.997243685,0.048203883,0.098957417
RADX,Glioma,High - Low,1.159293067,0.098295149,0.16909986
MED9,Glioma,High - Low,1.863332941,0.002664597,0.014304045
TMEM51,Glioma,High - Low,0.119085474,0.824722544,0.871235458
YEATS2,Glioma,High - Low,0.716114492,0.000206264,0.0035279
NTAQ1,Glioma,High - Low,0.667143817,0.173267577,0.261599676
GPATCH1,Glioma,High - Low,-0.074561928,0.874025701,0.907575422
PACS1,Glioma,High - Low,0.598947039,0.091282857,0.160057381
FRMD4A,Glioma,High - Low,0.666422217,0.175728299,0.264795789
SAMD4B,Glioma,High - Low,1.024728062,0.042358446,0.089988501
EBLN2,Glioma,High - Low,0.680476238,0.079157657,0.144006003
WDR6,Glioma,High - Low,1.296134669,0.000110648,0.002667988
LUC7L,Glioma,High - Low,0.827509574,6.97E-05,0.002126065
WDR70,Glioma,High - Low,0.502074896,0.285277747,0.387945735
ATG2B,Glioma,High - Low,0.630176032,0.080550136,0.145910754
AGGF1,Glioma,High - Low,0.69983781,0.039521679,0.085501874
RBM22,Glioma,High - Low,1.707724745,0.003390113,0.01646393
DYNC2I1,Glioma,High - Low,1.693631462,0.001121279,0.008827965
VAC14,Glioma,High - Low,0.800750967,0.036086983,0.080246817
NODAL,Glioma,High - Low,-0.727414117,0.108809457,0.182506049
TMEM39B,Glioma,High - Low,1.463367876,0.000489802,0.005490372
SLC6A15,Glioma,High - Low,-0.564427573,0.377643265,0.482300527
CRTAC1,Glioma,High - Low,1.131147354,0.127032291,0.205352467
IARS2,Glioma,High - Low,0.930877271,0.00441307,0.019438877
PRPF38B,Glioma,High - Low,0.653769679,0.084590226,0.151271269
HELLS,Glioma,High - Low,1.638810889,0.029018696,0.068680728
AKIRIN2,Glioma,High - Low,0.600397109,0.048686865,0.099742938
GPN2,Glioma,High - Low,0.172248924,0.680414019,0.75689556
MAP7D1,Glioma,High - Low,-0.032316714,0.927506958,0.948145581
PIWIL2,Glioma,High - Low,-0.529320962,0.262490144,0.363526915
ARHGEF40,Glioma,High - Low,0.819829913,0.000232306,0.003764932
HEATR1,Glioma,High - Low,1.144386058,0.000718559,0.006753838
TRIM68,Glioma,High - Low,1.328325045,0.00030343,0.004304237
YJU2,Glioma,High - Low,0.628969543,0.009173226,0.031424661
ODAD2,Glioma,High - Low,-0.975229858,0.019226744,0.051427121
RBM28,Glioma,High - Low,1.596389179,0.000106307,0.002616912
SRBD1,Glioma,High - Low,2.446272777,1.71E-05,0.001120464
ZNF358,Glioma,High - Low,1.099217576,3.75E-05,0.001547464
CCDC88A,Glioma,High - Low,0.420450827,0.085488008,0.152384024
IPO9,Glioma,High - Low,0.991696495,2.03E-05,0.001228837
FIGN,Glioma,High - Low,0.694078574,0.101892069,0.173571801
FAM90A1,Glioma,High - Low,-0.072884046,0.917197539,0.940224961
NECAP2,Glioma,High - Low,0.300845534,0.251216748,0.351258103
ELP3,Glioma,High - Low,0.980136269,0.021874114,0.05636642
NETO2,Glioma,High - Low,1.382940824,0.031817274,0.073485841
WDR74,Glioma,High - Low,1.1846018,0.001299807,0.009376515
KBTBD4,Glioma,High - Low,0.457491896,0.140075701,0.221590463
ECT2,Glioma,High - Low,0.988393308,0.094182824,0.163719559
ZNF334,Glioma,High - Low,0.959610063,0.065458976,0.124228783
THAP1,Glioma,High - Low,0.476106712,0.417417476,0.520450148
RBM23,Glioma,High - Low,1.15859439,0.000521198,0.005663111
MTPAP,Glioma,High - Low,1.324401161,0.000237481,0.003805802
DOK4,Glioma,High - Low,1.478985302,0.039060822,0.084813158
TMEM38B,Glioma,High - Low,1.643872433,0.000620534,0.006216263
LMBR1L,Glioma,High - Low,0.928255251,0.013335243,0.040109886
DALRD3,Glioma,High - Low,2.178754534,0.000546483,0.00579703
SDAD1,Glioma,High - Low,1.009515236,0.005842289,0.023363801
MSTO1,Glioma,High - Low,1.493363879,6.30E-05,0.002015067
WDR11,Glioma,High - Low,0.486169089,0.019042084,0.051081595
ARMC1,Glioma,High - Low,0.82128091,0.0065808,0.025114522
DARS2,Glioma,High - Low,0.772976069,0.037813163,0.082846008
ARHGEF10L,Glioma,High - Low,0.571977327,0.134176041,0.214449085
TMEM33,Glioma,High - Low,0.714608287,0.000604253,0.0061187
ELAC2,Glioma,High - Low,1.550458751,0.001144342,0.00888664
TSR1,Glioma,High - Low,0.644215594,0.004948337,0.020775012
PNPO,Glioma,High - Low,0.679305437,0.024122401,0.060216319
SHQ1,Glioma,High - Low,1.342308598,0.015772216,0.045039396
CEP55,Glioma,High - Low,0.672395799,0.202188848,0.295849195
MRPS18A,Glioma,High - Low,1.476367107,0.000122676,0.002822948
ASPM,Glioma,High - Low,0.356381116,0.393539345,0.497884883
PRMT6,Glioma,High - Low,0.468655757,0.132615566,0.212395793
MRPS10,Glioma,High - Low,0.769403904,0.014947166,0.043508948
INTS10,Glioma,High - Low,0.735185547,0.004040157,0.018322747
KLHL11,Glioma,High - Low,2.008671172,0.00017641,0.003294924
RMDN3,Glioma,High - Low,0.602418351,0.028946035,0.068583141
MRM3,Glioma,High - Low,0.534970721,0.123405256,0.200813449
FAIM,Glioma,High - Low,0.36061693,0.244934894,0.3441284
SMG8,Glioma,High - Low,1.567689085,6.28E-05,0.002015067
RNF220,Glioma,High - Low,0.320509173,0.461620335,0.562336718
ANTXR1,Glioma,High - Low,0.797837221,0.101965476,0.173629077
ASF1B,Glioma,High - Low,0.675160244,0.281015092,0.383503293
SLC25A36,Glioma,High - Low,0.891957635,0.009560779,0.03222543
RIC8B,Glioma,High - Low,1.41322042,0.003383291,0.016459759
SLC4A1AP,Glioma,High - Low,0.923755463,0.001473136,0.009978151
NUDT11,Glioma,High - Low,1.936857755,9.68E-06,0.000834141
INTS13,Glioma,High - Low,1.577882838,0.00027901,0.004145365
EVA1B,Glioma,High - Low,-0.222896282,0.575298216,0.665463339
RESF1,Glioma,High - Low,0.687876335,0.083570184,0.149991011
RPRD1A,Glioma,High - Low,1.15574952,0.00114109,0.00888664
APPL2,Glioma,High - Low,1.890872667,0.003009254,0.015396703
MAP1S,Glioma,High - Low,0.620744,0.03190383,0.073619466
LGI2,Glioma,High - Low,-0.201496056,0.605358208,0.691981406
N4BP2,Glioma,High - Low,1.429947154,0.001702705,0.010965339
ATF7IP,Glioma,High - Low,1.097819973,0.001749951,0.01117119
ZNF532,Glioma,High - Low,0.765364575,0.001172418,0.008982139
SBNO1,Glioma,High - Low,0.35385859,0.004401359,0.019403029
ARL8B,Glioma,High - Low,0.738615762,0.003452359,0.016648889
C1orf112,Glioma,High - Low,0.907337297,0.079040146,0.143852186
ATAD3A,Glioma,High - Low,0.574662086,0.003385245,0.016459759
BBS7,Glioma,High - Low,0.814517556,0.132578644,0.212362636
RCBTB1,Glioma,High - Low,0.570732248,0.041997207,0.089389451
P3H2,Glioma,High - Low,0.255305043,0.664552069,0.744373363
DNAJC11,Glioma,High - Low,0.654971219,0.016153615,0.045739463
EXD2,Glioma,High - Low,1.248590616,0.002699704,0.014441868
HMG20A,Glioma,High - Low,0.911558692,0.005569233,0.022561251
TBC1D13,Glioma,High - Low,0.126074971,0.512591278,0.609957067
MACO1,Glioma,High - Low,1.244140016,0.001981763,0.011979856
KLHDC8A,Glioma,High - Low,2.540289146,0.001623244,0.010612915
VPS35,Glioma,High - Low,0.380681639,0.02339911,0.058972963
TRIM62,Glioma,High - Low,-0.115565223,0.644150832,0.725712911
RAVER2,Glioma,High - Low,1.247983419,0.002315732,0.013142345
LRRC1,Glioma,High - Low,0.926924736,0.04062882,0.087248341
PANK4,Glioma,High - Low,0.943933378,0.047309126,0.097684653
EDEM2,Glioma,High - Low,1.427101741,0.020143679,0.053238029
USP40,Glioma,High - Low,1.460084519,0.000847318,0.007484086
MOB1A,Glioma,High - Low,0.836912062,0.015295396,0.044159343
PARVA,Glioma,High - Low,0.386735789,0.188804855,0.280147548
COA1,Glioma,High - Low,0.592782056,0.009456222,0.032033717
SMU1,Glioma,High - Low,0.95260693,1.69E-06,0.000392959
RNPEPL1,Glioma,High - Low,1.114125015,0.009000556,0.031027984
UBA6,Glioma,High - Low,1.108430697,0.039330006,0.085199829
NUP133,Glioma,High - Low,1.042804017,0.002574711,0.014024792
SLC38A7,Glioma,High - Low,1.188859773,0.050228072,0.102038192
OGFOD1,Glioma,High - Low,1.017661815,0.039822284,0.086010091
CNDP2,Glioma,High - Low,0.439411004,0.122371526,0.199633975
CCAR1,Glioma,High - Low,1.198078117,0.000309585,0.00436571
KIRREL1,Glioma,High - Low,0.981860718,0.051799905,0.104244721
TMEM184C,Glioma,High - Low,0.569272882,0.134684116,0.215077342
SEPTIN11,Glioma,High - Low,0.331517981,0.422541632,0.52567802
OGDHL,Glioma,High - Low,0.126940124,0.841024155,0.882815065
CCDC25,Glioma,High - Low,1.015617867,0.014875596,0.043377767
PACC1,Glioma,High - Low,0.832261454,0.039054989,0.084813158
ELP2,Glioma,High - Low,0.68383404,0.032061005,0.073937243
PCMTD2,Glioma,High - Low,1.224400452,0.000116317,0.0027335
TTC17,Glioma,High - Low,0.593145681,0.001237412,0.009206727
IFT122,Glioma,High - Low,0.154814194,0.665280258,0.744934099
ASXL2,Glioma,High - Low,1.196349989,0.000200811,0.003493171
TYW1,Glioma,High - Low,1.312099134,0.030185445,0.070764194
TMEM39A,Glioma,High - Low,1.025349096,0.012027038,0.037359432
WDR41,Glioma,High - Low,1.636080877,0.003745305,0.017488329
ADI1,Glioma,High - Low,0.339599301,0.118993165,0.195259746
MRGBP,Glioma,High - Low,0.94885246,0.026236156,0.063885065
THNSL2,Glioma,High - Low,-0.017554405,0.975351801,0.982858549
TRAPPC14,Glioma,High - Low,1.592518159,0.000156638,0.003146788
ECHDC2,Glioma,High - Low,0.221554553,0.661373414,0.741447222
GBP3,Glioma,High - Low,0.561673944,0.452736604,0.554316467
IMP3,Glioma,High - Low,1.557343812,0.001142616,0.00888664
TMEM100,Glioma,High - Low,1.519593483,0.07558858,0.139022616
ARHGAP12,Glioma,High - Low,1.164135305,0.001154104,0.008925389
VPS53,Glioma,High - Low,0.400274924,0.023182339,0.058545822
PGM2,Glioma,High - Low,0.618600098,0.019399566,0.051730858
QRSL1,Glioma,High - Low,0.962292282,0.001246558,0.009206727
CWF19L1,Glioma,High - Low,0.583685621,0.00737777,0.027108741
TMEM140,Glioma,High - Low,-0.525534915,0.286089133,0.388806831
LRRC36,Glioma,High - Low,-0.290564729,0.399888703,0.50367896
RBM41,Glioma,High - Low,1.040038501,0.00335725,0.016410844
EXOC2,Glioma,High - Low,0.968404593,0.067856359,0.127723305
BRF2,Glioma,High - Low,0.40943868,0.376841963,0.481599983
PBRM1,Glioma,High - Low,0.970239662,0.000390167,0.004902543
FBXW7,Glioma,High - Low,0.255143416,0.56240893,0.654485834
KLHL26,Glioma,High - Low,-0.122692134,0.740065088,0.804723212
TBC1D19,Glioma,High - Low,1.224419528,0.028395751,0.067634267
CCDC91,Glioma,High - Low,-0.423890711,0.191415944,0.283288898
BRIX1,Glioma,High - Low,1.376084571,7.16E-05,0.00215405
SAYSD1,Glioma,High - Low,1.638167237,9.29E-05,0.002446957
PI4K2B,Glioma,High - Low,0.443612678,0.44028284,0.542603843
GIMAP4,Glioma,High - Low,1.798131823,0.015143853,0.043896051
SPTLC3,Glioma,High - Low,0.139722915,0.80991577,0.860316192
MBD5,Glioma,High - Low,1.34950817,0.007484105,0.027386636
SHTN1,Glioma,High - Low,-0.982051475,0.051843633,0.104294443
DDX19A,Glioma,High - Low,1.104668723,0.000998929,0.008262143
RFK,Glioma,High - Low,0.719204155,0.101501472,0.173176801
TMEM144,Glioma,High - Low,-1.981247058,0.048768816,0.099832725
RIOK2,Glioma,High - Low,0.172291328,0.419520009,0.522822718
RSAD1,Glioma,High - Low,1.339267096,0.001034485,0.008442352
AP5S1,Glioma,High - Low,0.737468729,0.028910793,0.068519418
FGD6,Glioma,High - Low,-0.584666426,0.348444529,0.452642546
MIS18BP1,Glioma,High - Low,-0.340744231,0.591674388,0.680020432
C5orf22,Glioma,High - Low,1.663237048,0.000445807,0.005260683
LARP6,Glioma,High - Low,0.328370186,0.628723957,0.713334729
ABCF3,Glioma,High - Low,0.717008585,0.005493642,0.022358797
UFSP2,Glioma,High - Low,0.477203992,0.080092459,0.145340882
TXLNG,Glioma,High - Low,1.405299697,0.00289932,0.015075771
AGPAT5,Glioma,High - Low,1.241450479,0.00139898,0.009691449
RSBN1,Glioma,High - Low,0.313149459,0.188260711,0.279530221
MNS1,Glioma,High - Low,0.505477234,0.418132674,0.521242606
BLOC1S4,Glioma,High - Low,1.566313353,0.001829068,0.011399499
ACER3,Glioma,High - Low,0.383242989,0.27573357,0.37787101
CSGALNACT1,Glioma,High - Low,-0.230977497,0.615151806,0.700912244
SYNJ2BP,Glioma,High - Low,1.924718627,0.000104861,0.002610161
TMEM106B,Glioma,High - Low,0.726010179,0.010121636,0.033490669
SLC39A9,Glioma,High - Low,1.338276318,0.001161814,0.008953702
FBXL8,Glioma,High - Low,0.669831059,0.09878817,0.169652592
MINDY1,Glioma,High - Low,1.162053383,0.054770915,0.108505915
DDX28,Glioma,High - Low,1.443081757,0.002845204,0.014918804
LSG1,Glioma,High - Low,1.828690853,0.00015008,0.003089621
SLC35C1,Glioma,High - Low,0.250154625,0.645744439,0.726999268
ZGRF1,Glioma,High - Low,1.171200919,0.004348181,0.019268807
TCP11L1,Glioma,High - Low,0.235206452,0.245671123,0.345079042
METTL2B,Glioma,High - Low,1.078429996,1.29E-05,0.000973587
CHDH,Glioma,High - Low,0.92292936,0.155671286,0.240922477
CACNA2D3,Glioma,High - Low,-0.138793365,0.841078066,0.882815065
SCN3B,Glioma,High - Low,-0.199225283,0.756078384,0.817991595
ADAP2,Glioma,High - Low,0.019818798,0.950041892,0.964629584
COPRS,Glioma,High - Low,0.382009637,0.060276333,0.116694528
LAPTM4B,Glioma,High - Low,1.425774202,0.000451714,0.005280615
HJURP,Glioma,High - Low,-0.123338031,0.794592882,0.848996622
CHST11,Glioma,High - Low,1.226854589,0.004830054,0.020502258
FOXJ2,Glioma,High - Low,1.409599223,0.017906831,0.04897726
SOX18,Glioma,High - Low,1.074217361,0.023495831,0.059148417
TBC1D2,Glioma,High - Low,0.037563749,0.942832236,0.959581145
STYK1,Glioma,High - Low,-0.113759858,0.710271382,0.781674641
PI4K2A,Glioma,High - Low,0.606131386,0.175403269,0.264366869
TMEM63B,Glioma,High - Low,0.805770936,0.006085588,0.02396349
RRN3,Glioma,High - Low,1.719839144,0.01218625,0.037746526
UTP6,Glioma,High - Low,0.853599154,0.000253893,0.003938644
BDP1,Glioma,High - Low,0.750252532,0.01543603,0.04440869
TSNAXIP1,Glioma,High - Low,0.859152946,0.124404019,0.20193675
DOK5,Glioma,High - Low,2.289341459,0.001120547,0.008827507
KDM3A,Glioma,High - Low,0.795692419,0.00341063,0.016518166
RNF130,Glioma,High - Low,0.439764917,0.060307598,0.116736751
IMPACT,Glioma,High - Low,0.416824771,0.318848512,0.4236537
PAG1,Glioma,High - Low,1.031857855,0.02712509,0.065368821
PECR,Glioma,High - Low,1.745988718,0.006410118,0.024798156
EMC3,Glioma,High - Low,0.518347804,0.003832091,0.017716657
CAND1,Glioma,High - Low,0.960376472,1.17E-06,0.000307541
CENPJ,Glioma,High - Low,0.329341229,0.558611499,0.651224322
EAPP,Glioma,High - Low,0.626293963,0.002675502,0.014356698
CENPN,Glioma,High - Low,1.078063488,0.06459533,0.122999805
EAF2,Glioma,High - Low,0.001241766,0.997060803,0.998274184
PRR13,Glioma,High - Low,0.49929663,0.013593563,0.040533026
ARHGAP15,Glioma,High - Low,0.246058731,0.625346754,0.710525351
BRK1,Glioma,High - Low,0.566672949,0.003278606,0.016131826
ITFG2,Glioma,High - Low,0.295035531,0.082590979,0.148679469
CISD1,Glioma,High - Low,1.243927242,0.037722794,0.082744938
PLGRKT,Glioma,High - Low,0.820037246,0.021622743,0.055927811
USE1,Glioma,High - Low,0.401399214,0.157479601,0.243146275
TEX2,Glioma,High - Low,0.311845113,0.211860275,0.306721247
ZC3H15,Glioma,High - Low,1.049973338,0.003968852,0.018099679
ACOT13,Glioma,High - Low,1.035811619,0.105192842,0.17772163
TMEM165,Glioma,High - Low,0.234126716,0.41605749,0.519149978
ACTR10,Glioma,High - Low,0.203135527,0.161460708,0.247607684
TMEM126B,Glioma,High - Low,0.316848285,0.040166832,0.086483198
ASAP1,Glioma,High - Low,1.09808233,0.007033379,0.026295838
HDAC8,Glioma,High - Low,1.240468692,7.18E-05,0.002154813
TMEM176A,Glioma,High - Low,0.939376906,0.120728275,0.197512846
ASH1L,Glioma,High - Low,0.674186255,0.000515303,0.005630139
LGR4,Glioma,High - Low,1.136824452,0.06898268,0.129545356
PBK,Glioma,High - Low,0.693439847,0.134723448,0.215085259
TMCO6,Glioma,High - Low,1.822758204,0.000242939,0.003854395
LRRC59,Glioma,High - Low,1.487792207,2.87E-05,0.001405154
MCM10,Glioma,High - Low,0.046386315,0.856699054,0.894835318
LRP1B,Glioma,High - Low,0.756224183,0.151272686,0.235647029
USP49,Glioma,High - Low,1.323767245,0.001483084,0.010014448
YOD1,Glioma,High - Low,1.179360051,0.035812303,0.079797565
CAMK2N1,Glioma,High - Low,-0.733527207,0.150883055,0.235264003
CSGALNACT2,Glioma,High - Low,0.051117973,0.817738569,0.866329932
SLC16A10,Glioma,High - Low,-0.273771826,0.696369266,0.770368227
CHST12,Glioma,High - Low,0.246906208,0.125395418,0.203319158
HES6,Glioma,High - Low,1.5650114,0.053644768,0.106889507
NOP10,Glioma,High - Low,1.241045163,0.000461075,0.005337628
MACROH2A2,Glioma,High - Low,0.306359875,0.470859435,0.570249059
MARK1,Glioma,High - Low,1.188674868,0.011618448,0.036611392
ZKSCAN7,Glioma,High - Low,1.76852747,0.00942745,0.031969336
SLC35E3,Glioma,High - Low,1.670208672,0.034547227,0.077799594
KCNJ16,Glioma,High - Low,-0.121247106,0.899305316,0.926920457
ZNF395,Glioma,High - Low,0.4189368,0.18878857,0.280147548
PXMP2,Glioma,High - Low,1.509616564,0.000359421,0.004694971
BATF3,Glioma,High - Low,0.644335546,0.336675762,0.440798269
SMPD3,Glioma,High - Low,0.429969252,0.405615772,0.509216422
VPS33B,Glioma,High - Low,0.402891476,0.354926463,0.458978051
UNC45A,Glioma,High - Low,1.312409697,0.002873366,0.01498247
THSD1,Glioma,High - Low,1.007902506,0.02963724,0.069791437
KMT2E,Glioma,High - Low,0.834952974,0.000761241,0.007009094
RNF114,Glioma,High - Low,2.087198474,0.001181478,0.009018428
ZC4H2,Glioma,High - Low,0.836291246,0.064962778,0.123501909
ANLN,Glioma,High - Low,0.005605316,0.993217423,0.994965243
CMAS,Glioma,High - Low,-0.027851772,0.865150751,0.901053193
BIN3,Glioma,High - Low,1.248977122,0.025631617,0.062833695
FAM114A2,Glioma,High - Low,0.223553799,0.407400947,0.510929176
FBXO11,Glioma,High - Low,0.967271112,0.000826126,0.007368167
ERBIN,Glioma,High - Low,0.849830273,0.012944765,0.039330195
ELAC1,Glioma,High - Low,0.465615521,0.186333066,0.277170966
LANCL2,Glioma,High - Low,1.596677092,0.007924682,0.028395694
PRDM5,Glioma,High - Low,0.11109169,0.683842491,0.759612262
ADARB2,Glioma,High - Low,-0.484511958,0.322456284,0.427103706
DHTKD1,Glioma,High - Low,0.920849782,0.011000336,0.035283536
FEM1A,Glioma,High - Low,1.202413365,1.47E-05,0.001039509
PIP4P2,Glioma,High - Low,0.898862666,0.002627634,0.014222247
SVOP,Glioma,High - Low,0.54835983,0.227232416,0.324302815
ELMOD1,Glioma,High - Low,0.271761416,0.624824572,0.710079691
COG1,Glioma,High - Low,0.823159434,0.008416361,0.029662292
RCC2,Glioma,High - Low,0.720179581,0.017143177,0.047634892
MAML3,Glioma,High - Low,0.119761132,0.753371036,0.815883695
IL17RB,Glioma,High - Low,1.775330033,0.009905001,0.033024236
MYO5C,Glioma,High - Low,0.737495563,0.039787371,0.085948861
RC3H2,Glioma,High - Low,1.101282377,0.021911027,0.056439323
SULF2,Glioma,High - Low,0.846885108,0.050779953,0.102887948
NDUFA12,Glioma,High - Low,0.866522434,0.002066185,0.012291031
GNG12,Glioma,High - Low,-0.073479768,0.884126861,0.914799509
SLC25A40,Glioma,High - Low,1.766164471,0.00338674,0.016459759
KLHL9,Glioma,High - Low,0.793680756,0.189517273,0.280918109
DNAH7,Glioma,High - Low,-0.173043519,0.717373222,0.786844902
CLN8,Glioma,High - Low,0.570196664,0.130148889,0.209290028
HMX1,Glioma,High - Low,0.174652106,0.488755647,0.587359127
MIS18A,Glioma,High - Low,1.030991225,0.060254795,0.116686675
NANS,Glioma,High - Low,0.777665888,0.038653926,0.084236992
ERRFI1,Glioma,High - Low,0.530310216,0.444707987,0.546822096
HOXA10,Glioma,High - Low,0.148039243,0.715170067,0.785217752
SH3BP1,Glioma,High - Low,0.414225648,0.306575731,0.410471014
SLC37A1,Glioma,High - Low,1.025056986,0.104512082,0.176838549
TREM2,Glioma,High - Low,0.532065882,0.229198435,0.326681375
SNTG1,Glioma,High - Low,1.017471445,0.075212172,0.138560991
GPR27,Glioma,High - Low,0.30388613,0.626773173,0.711738174
TERF2IP,Glioma,High - Low,0.483579056,0.053401395,0.1065512
SLC38A2,Glioma,High - Low,0.84652083,0.003445733,0.016629188
WNK1,Glioma,High - Low,0.393852675,0.03801164,0.083169518
TAS2R5,Glioma,High - Low,1.243585001,0.003961669,0.018085821
DNAJC10,Glioma,High - Low,0.924089216,0.012750064,0.038903888
YIPF1,Glioma,High - Low,0.738187473,0.11906785,0.195357814
SSH1,Glioma,High - Low,0.708586812,0.137251241,0.21829935
SH3TC1,Glioma,High - Low,0.181627573,0.73109176,0.797948017
GFOD1,Glioma,High - Low,-0.263433597,0.619640013,0.704921947
RBM27,Glioma,High - Low,0.865266934,0.027900484,0.06678264
SASH3,Glioma,High - Low,-0.516439964,0.390898356,0.495361841
KCTD5,Glioma,High - Low,0.67070354,9.34E-05,0.002446957
RIN2,Glioma,High - Low,1.332254395,0.009235691,0.031564317
FBXO42,Glioma,High - Low,0.153915635,0.373161564,0.477969512
FBXW5,Glioma,High - Low,0.286785555,0.120691349,0.197498769
XRN1,Glioma,High - Low,0.696697885,0.003826869,0.017705014
ETAA1,Glioma,High - Low,0.993051923,0.004351922,0.019268807
SPIN2A,Glioma,High - Low,0.768988865,0.100136282,0.171226895
ANKIB1,Glioma,High - Low,1.030436453,0.008359899,0.029526884
MIOS,Glioma,High - Low,0.849828773,0.003822424,0.017696959
MIEF1,Glioma,High - Low,1.026778697,0.000196478,0.003465301
TOLLIP,Glioma,High - Low,0.150807279,0.689334598,0.764221667
CHPF2,Glioma,High - Low,1.04790326,0.001907705,0.011699101
OTULINL,Glioma,High - Low,-0.073581279,0.877714825,0.91032321
C11orf71,Glioma,High - Low,1.210563897,0.008098029,0.028803992
TMX3,Glioma,High - Low,-0.026126432,0.866044803,0.901647949
HEATR5B,Glioma,High - Low,0.301467009,0.284236435,0.386730504
ZDHHC13,Glioma,High - Low,0.706895573,0.127078682,0.205387135
DHX29,Glioma,High - Low,0.290327478,0.095094019,0.164887564
HMGCLL1,Glioma,High - Low,-0.552618383,0.011757162,0.036915235
ELP4,Glioma,High - Low,2.21775804,7.25E-05,0.00216632
PUS7,Glioma,High - Low,1.530997981,0.004590059,0.019914964
APBB1IP,Glioma,High - Low,-0.579372694,0.367882172,0.472826277
CCDC93,Glioma,High - Low,1.683659619,0.003411374,0.016518166
USP53,Glioma,High - Low,0.519379858,0.265898913,0.367160354
SHLD2,Glioma,High - Low,0.963259175,0.001354815,0.009545451
DDIT4,Glioma,High - Low,0.372167881,0.333985186,0.43836532
TOMM7,Glioma,High - Low,0.729578554,0.003035009,0.015488688
EML4,Glioma,High - Low,1.659112847,0.009596164,0.032310636
NECAB2,Glioma,High - Low,1.020197916,0.114493316,0.189634533
MAGEL2,Glioma,High - Low,0.762672318,0.091285178,0.160057381
WDR5B,Glioma,High - Low,0.031025439,0.924953438,0.946346187
SGTB,Glioma,High - Low,0.440386471,0.199272089,0.292463789
DLL4,Glioma,High - Low,-0.037445097,0.911223151,0.935736841
NDFIP2,Glioma,High - Low,1.093218959,0.037212216,0.081926945
TRMT13,Glioma,High - Low,0.193250874,0.215866949,0.311203036
VSIG10,Glioma,High - Low,0.641831025,0.004835121,0.020514013
ARL15,Glioma,High - Low,0.813244168,0.028806242,0.068350874
MAP10,Glioma,High - Low,0.251011583,0.619575709,0.704910042
PLEKHA3,Glioma,High - Low,1.069327976,0.001713111,0.011005772
GTPBP2,Glioma,High - Low,0.504213229,0.150656999,0.234995484
INKA2,Glioma,High - Low,1.891370273,0.002021318,0.012143121
ZMAT5,Glioma,High - Low,0.996402177,0.002240862,0.012889947
ZKSCAN4,Glioma,High - Low,1.452650981,0.011945994,0.037240214
FGF21,Glioma,High - Low,-0.773097755,0.153220582,0.237973557
UBFD1,Glioma,High - Low,1.171158694,0.004272567,0.019051204
KLHL4,Glioma,High - Low,-0.007006031,0.989142253,0.992249427
PPP1R37,Glioma,High - Low,0.649128896,0.102300298,0.17413128
MTFR1L,Glioma,High - Low,1.278241331,0.003604043,0.017084623
KIAA1217,Glioma,High - Low,-0.971820704,0.112150784,0.186937009
RNF20,Glioma,High - Low,1.140886215,0.00187604,0.011564991
GPCPD1,Glioma,High - Low,1.020129985,0.009069627,0.031200373
LRRC8A,Glioma,High - Low,1.829659928,0.007739284,0.027931445
C21orf62,Glioma,High - Low,1.225843856,0.054766347,0.108505915
FAM214A,Glioma,High - Low,1.631542189,0.022933353,0.058134829
C8orf44,Glioma,High - Low,1.821968378,0.004903349,0.020683214
RBMXL1,Glioma,High - Low,0.779781534,0.024134942,0.06022466
IRGC,Glioma,High - Low,0.434337133,0.364360175,0.469191527
WDR45B,Glioma,High - Low,0.575359063,7.06E-05,0.002136103
PARD3,Glioma,High - Low,1.927714332,0.001110258,0.008778148
LTB4R2,Glioma,High - Low,0.362541173,0.540053017,0.634390288
EIF4ENIF1,Glioma,High - Low,0.353017083,0.217218059,0.312840837
RPRM,Glioma,High - Low,0.672111113,0.162168489,0.24848122
PRMT8,Glioma,High - Low,0.55665808,0.052652438,0.105538637
GSK3A,Glioma,High - Low,0.328811819,0.115075243,0.190381621
CHST7,Glioma,High - Low,0.575973572,0.404879152,0.508722689
ERO1B,Glioma,High - Low,0.812856214,0.035908277,0.07994339
INPP5E,Glioma,High - Low,1.392212385,0.001036022,0.008442352
POLE4,Glioma,High - Low,0.685483093,0.06487376,0.123422282
OR2S2,Glioma,High - Low,0.054252259,0.920485473,0.943103239
SLC2A4RG,Glioma,High - Low,1.108192467,0.004457121,0.019545077
BARHL2,Glioma,High - Low,-0.141470489,0.52708918,0.622625283
ZC3HAV1,Glioma,High - Low,1.431299543,0.029011893,0.0686774
UGGT1,Glioma,High - Low,0.68401609,0.003380285,0.016452815
KCMF1,Glioma,High - Low,0.730006962,0.022087428,0.056692941
TM9SF3,Glioma,High - Low,0.799356933,3.63E-05,0.001512467
SLAMF8,Glioma,High - Low,-0.116398317,0.858247991,0.896024316
SPHK2,Glioma,High - Low,1.157369134,0.010354027,0.033978733
TCIM,Glioma,High - Low,0.809400183,0.220164625,0.316319042
UBQLN4,Glioma,High - Low,0.799610532,0.000224597,0.003685024
AGPAT4,Glioma,High - Low,1.164701312,0.027930603,0.066805878
WRNIP1,Glioma,High - Low,0.664429484,0.015763336,0.045039396
BDH2,Glioma,High - Low,1.34751571,0.021103404,0.055041208
ANKS1B,Glioma,High - Low,-0.36171019,0.689743441,0.764480731
TMEM167B,Glioma,High - Low,0.255361946,0.204486947,0.298411457
NDUFA4L2,Glioma,High - Low,0.338125767,0.559071869,0.651586967
PNO1,Glioma,High - Low,0.509669301,0.222596533,0.319194204
SH3GLB2,Glioma,High - Low,-0.07428781,0.802504415,0.855355772
SAR1A,Glioma,High - Low,0.613330619,0.059319851,0.115397099
STARD7,Glioma,High - Low,0.922072674,0.000124053,0.002822948
EMC7,Glioma,High - Low,0.651298805,0.01441743,0.042305561
C1GALT1,Glioma,High - Low,1.107724678,0.007631761,0.027732811
EXOSC5,Glioma,High - Low,0.790415529,0.171633442,0.259701452
MEIS3,Glioma,High - Low,1.738839144,0.002023699,0.012143121
SEMA3G,Glioma,High - Low,-0.161936849,0.719602039,0.788681403
RAD18,Glioma,High - Low,1.439206139,0.013448863,0.040323268
MCCC1,Glioma,High - Low,0.470041104,0.129332163,0.208206813
PAK6,Glioma,High - Low,0.627835316,0.179570563,0.26915754
NCLN,Glioma,High - Low,1.647223099,0.004786584,0.020420573
FEM1C,Glioma,High - Low,0.360101396,0.226719927,0.323783159
CA10,Glioma,High - Low,0.154249038,0.850342239,0.890255152
SMCO4,Glioma,High - Low,-0.347319118,0.511189508,0.608676267
PMEPA1,Glioma,High - Low,0.766813223,0.259308419,0.360110196
ARNTL2,Glioma,High - Low,-0.160382979,0.732774629,0.799318355
HMCES,Glioma,High - Low,0.992670571,0.00662103,0.025200333
CMC2,Glioma,High - Low,0.152805637,0.205717132,0.2998057
OLFML3,Glioma,High - Low,-0.210398419,0.613581986,0.699610636
MRPS22,Glioma,High - Low,0.335304684,0.16330233,0.249842894
YAE1,Glioma,High - Low,0.384511031,0.023145215,0.058479409
EMSY,Glioma,High - Low,2.576712481,0.00029496,0.004228643
XAB2,Glioma,High - Low,0.995791144,0.001939149,0.011819964
SMYD2,Glioma,High - Low,1.044402618,0.047647429,0.098221791
CCDC47,Glioma,High - Low,0.425352592,0.019007127,0.0510176
C5orf15,Glioma,High - Low,0.896250566,0.002496262,0.013715301
PRTFDC1,Glioma,High - Low,2.10080253,0.000323766,0.004466878
NT5M,Glioma,High - Low,0.312657303,0.603298101,0.690289438
NIT2,Glioma,High - Low,1.056022779,0.037461756,0.082351707
SEMA4B,Glioma,High - Low,0.365429942,0.329296658,0.433663362
PARP6,Glioma,High - Low,1.187546536,6.13E-05,0.00198963
RNPEP,Glioma,High - Low,0.093992315,0.469176127,0.56878917
ATXN7L3,Glioma,High - Low,0.325755086,0.113779035,0.188785821
FAM20C,Glioma,High - Low,1.242066034,0.055603678,0.109559704
PRDM8,Glioma,High - Low,-0.948914019,0.123883227,0.201350577
PPAN,Glioma,High - Low,0.883180664,0.184731064,0.275257064
PSMG2,Glioma,High - Low,1.069002822,0.001856495,0.011503591
ADPRM,Glioma,High - Low,0.842547177,0.090697317,0.159331808
MRPL1,Glioma,High - Low,0.425112254,0.0664747,0.125700931
KIF15,Glioma,High - Low,1.179903989,0.033126118,0.075529292
TOMM22,Glioma,High - Low,0.911540721,8.14E-05,0.002263891
CHPT1,Glioma,High - Low,1.207294668,0.00655779,0.025090926
COQ8A,Glioma,High - Low,1.446373371,0.031102489,0.072331241
CTNNBIP1,Glioma,High - Low,0.485172568,0.092535076,0.161563108
SLC17A7,Glioma,High - Low,-1.761623793,0.034014263,0.076890323
MNT,Glioma,High - Low,0.78137707,0.082945962,0.149177401
ACKR3,Glioma,High - Low,-0.334891783,0.523924297,0.620005497
COQ9,Glioma,High - Low,1.341622633,7.03E-06,0.000733353
CIAPIN1,Glioma,High - Low,0.941897014,0.003429796,0.016570598
VPS35L,Glioma,High - Low,0.786966086,0.00038749,0.004896034
PDXP,Glioma,High - Low,0.427895445,0.403858386,0.507653404
RSRP1,Glioma,High - Low,0.143694291,0.643878189,0.725498893
ANKMY2,Glioma,High - Low,1.406317527,0.002443863,0.013529595
RARS2,Glioma,High - Low,1.045006824,0.003945233,0.018054852
ACVR1B,Glioma,High - Low,1.258087028,0.004107981,0.018566034
VANGL2,Glioma,High - Low,1.246459183,0.023992105,0.059994009
ZMIZ1,Glioma,High - Low,1.526797826,2.29E-05,0.001284663
RALGAPA2,Glioma,High - Low,0.758048122,0.049790158,0.101368767
LZTFL1,Glioma,High - Low,0.518790213,0.241219785,0.340296373
CNNM1,Glioma,High - Low,0.046916655,0.906715036,0.932057782
PLSCR3,Glioma,High - Low,1.139443384,0.002662399,0.014298109
PITHD1,Glioma,High - Low,0.244202077,0.331563764,0.435816119
UTP3,Glioma,High - Low,0.213659158,0.268953518,0.370479581
AVEN,Glioma,High - Low,0.400643148,0.165875658,0.252800605
C12orf4,Glioma,High - Low,0.970205035,0.018467523,0.050154591
PNPLA2,Glioma,High - Low,0.385411626,0.063611823,0.121533576
MAN1C1,Glioma,High - Low,-0.063236125,0.904451232,0.930388119
PDSS2,Glioma,High - Low,1.585156042,0.007165527,0.026607556
KMT5A,Glioma,High - Low,0.937722211,0.055372201,0.109324565
REXO4,Glioma,High - Low,0.416150279,0.066398554,0.125629518
PLAAT1,Glioma,High - Low,-0.47311498,0.519112152,0.615479073
EIF5A2,Glioma,High - Low,0.820558388,0.084183952,0.150782555
BCL2L10,Glioma,High - Low,-0.184755624,0.742558075,0.806795657
NUP107,Glioma,High - Low,0.661159588,0.043123937,0.091156234
PCDH9,Glioma,High - Low,0.82923235,0.344390959,0.448712391
PLXDC1,Glioma,High - Low,0.944284235,0.160478407,0.246455544
LYRM4,Glioma,High - Low,1.60991348,0.004267044,0.019041969
MRPL47,Glioma,High - Low,0.617494732,0.014369329,0.042202248
ATP13A1,Glioma,High - Low,0.739220275,0.000271373,0.004099969
CHMP1B,Glioma,High - Low,0.010102871,0.95295225,0.966759942
DDX24,Glioma,High - Low,0.020419786,0.894498602,0.923123685
PCBP4,Glioma,High - Low,1.216647836,0.03112317,0.072353634
TMEM159,Glioma,High - Low,1.023570409,0.071761441,0.133594845
SLC44A2,Glioma,High - Low,0.479433816,0.055017023,0.108828809
TMEM63C,Glioma,High - Low,0.781802249,0.035457656,0.079196023
PHTF2,Glioma,High - Low,1.844371048,0.000511732,0.005607739
GJC2,Glioma,High - Low,-0.270270603,0.625992966,0.711098899
SALL4,Glioma,High - Low,0.552289584,0.351430974,0.455572846
DOLPP1,Glioma,High - Low,0.353739427,0.047263387,0.097605604
CAMK1G,Glioma,High - Low,-1.077458747,0.11840627,0.194540506
PTGFRN,Glioma,High - Low,1.961198826,0.000259969,0.003995035
VARS2,Glioma,High - Low,1.321608887,0.001757057,0.011185026
FAM219B,Glioma,High - Low,0.711034552,0.02631683,0.064021972
NIPAL3,Glioma,High - Low,0.0701112,0.908189928,0.93320756
SELENON,Glioma,High - Low,0.7426071,0.006732764,0.025492216
ATP10D,Glioma,High - Low,1.242500876,0.033556452,0.076144649
THAP11,Glioma,High - Low,0.807781269,0.019789811,0.052525441
TTC7A,Glioma,High - Low,0.397491332,0.193238739,0.285368239
PAIP2B,Glioma,High - Low,0.304300906,0.607426979,0.693680021
TUBGCP6,Glioma,High - Low,0.94301106,0.071086692,0.132640452
LYRM2,Glioma,High - Low,0.574191569,0.000206068,0.0035279
YIF1A,Glioma,High - Low,1.256436291,0.015022327,0.043669478
PIGA,Glioma,High - Low,0.102678004,0.783164223,0.839869701
GALNT1,Glioma,High - Low,1.179319426,0.002943731,0.015197748
PBXIP1,Glioma,High - Low,-0.008686487,0.983221058,0.98820245
PCBP3,Glioma,High - Low,1.033487387,0.115978235,0.191367741
NFKBIA,Glioma,High - Low,0.943977949,0.010053346,0.033314888
APMAP,Glioma,High - Low,0.283491248,0.229868968,0.327473735
MCOLN1,Glioma,High - Low,0.661568323,0.067533874,0.12729355
KAT14,Glioma,High - Low,1.800601629,0.003881198,0.017862067
ADCY2,Glioma,High - Low,-0.144324241,0.763384691,0.823989758
PLEKHG5,Glioma,High - Low,-0.160810685,0.813528523,0.863003904
DCUN1D1,Glioma,High - Low,0.707903066,0.003809431,0.017679959
AKIP1,Glioma,High - Low,0.796156815,0.006503162,0.024991461
TMEM9B,Glioma,High - Low,0.807198405,0.001704285,0.010965339
NRIP3,Glioma,High - Low,-0.375292964,0.398717475,0.502735737
TWSG1,Glioma,High - Low,0.278580994,0.267534172,0.368912576
CBX8,Glioma,High - Low,0.937329707,0.026558502,0.064429747
PELI1,Glioma,High - Low,0.65738555,0.040643464,0.087251168
ZNF286A,Glioma,High - Low,1.347477064,0.005340301,0.021966873
ZNF287,Glioma,High - Low,1.875048281,0.000206398,0.0035279
JPH3,Glioma,High - Low,0.260796129,0.652690687,0.734052811
ZNF304,Glioma,High - Low,-0.296844457,0.492270202,0.590769364
TTYH1,Glioma,High - Low,0.618489103,0.170601,0.258378125
MRS2,Glioma,High - Low,1.287256761,0.032732602,0.07489751
RHOJ,Glioma,High - Low,1.069195029,0.147378897,0.230734413
CLK4,Glioma,High - Low,0.957890262,0.036643108,0.081137867
RAB22A,Glioma,High - Low,1.089366064,0.027663535,0.066336752
CYP20A1,Glioma,High - Low,1.418212189,0.019298311,0.051576401
SPC25,Glioma,High - Low,1.878515825,0.007018914,0.026249256
ABHD6,Glioma,High - Low,1.748188142,0.003343729,0.016378392
NMRAL1,Glioma,High - Low,1.223697646,0.049113142,0.10036497
MIF4GD,Glioma,High - Low,0.479363364,0.144645051,0.22726961
SCYL1,Glioma,High - Low,0.624856736,0.005111898,0.021261143
AS3MT,Glioma,High - Low,1.000332824,0.167783256,0.254965897
SLC24A3,Glioma,High - Low,2.008669539,0.005546461,0.022503815
GALNT16,Glioma,High - Low,0.54554501,0.256905473,0.357570251
DSCAML1,Glioma,High - Low,1.250095367,0.026104975,0.063648499
REXO1,Glioma,High - Low,0.593386247,0.005503609,0.022385446
TMCC3,Glioma,High - Low,0.663459458,0.164862836,0.251740376
GATAD2B,Glioma,High - Low,0.722376577,0.000478627,0.005457964
MYORG,Glioma,High - Low,0.796165377,0.163564641,0.25012285
TBC1D24,Glioma,High - Low,0.788584965,0.057025385,0.111855186
HHATL,Glioma,High - Low,-1.722830965,0.001050783,0.008492533
PNMA8B,Glioma,High - Low,-0.430772528,0.510870656,0.608407267
LRRC47,Glioma,High - Low,0.40074982,0.09922387,0.170111056
ZNF512B,Glioma,High - Low,1.508010462,0.002213536,0.01284086
PLEKHH1,Glioma,High - Low,-0.211555611,0.74199033,0.806421506
SHROOM4,Glioma,High - Low,0.599291038,0.244841244,0.344033742
USP31,Glioma,High - Low,0.565586692,0.160278673,0.246297311
PRR12,Glioma,High - Low,0.533292316,0.035202353,0.078827503
RNF150,Glioma,High - Low,1.036532918,0.055626346,0.10957966
ATXN7L1,Glioma,High - Low,0.801413089,0.101263194,0.17279278
NLN,Glioma,High - Low,0.851197308,0.021194486,0.05518527
ZBTB21,Glioma,High - Low,1.231146388,0.002934626,0.01518098
ESYT2,Glioma,High - Low,0.173299851,0.53523541,0.629861336
ARID1B,Glioma,High - Low,0.907992085,0.012609594,0.038610245
HEG1,Glioma,High - Low,0.396680296,0.287386748,0.390286764
RIMKLB,Glioma,High - Low,0.766651641,0.006305696,0.024555973
LRFN2,Glioma,High - Low,-0.207984933,0.747166217,0.810750995
KIDINS220,Glioma,High - Low,0.808118815,0.003064878,0.01553515
NLGN4X,Glioma,High - Low,0.936967049,0.09601852,0.166072719
AARS2,Glioma,High - Low,1.338319566,0.018631913,0.050444093
MAVS,Glioma,High - Low,1.338620189,0.000162171,0.00318636
ZNF608,Glioma,High - Low,1.676484585,0.001045691,0.008475533
INTS2,Glioma,High - Low,0.910269778,0.009518444,0.032128123
XPO5,Glioma,High - Low,0.783519514,0.002518449,0.013802448
GPR158,Glioma,High - Low,1.115356156,0.001181517,0.009018428
CASKIN2,Glioma,High - Low,1.339096316,0.025142119,0.061993552
ARHGAP31,Glioma,High - Low,1.094647604,0.005227429,0.021597578
SERINC1,Glioma,High - Low,-0.107843813,0.600968467,0.688707233
STARD9,Glioma,High - Low,-0.500594084,0.21389571,0.308871349
HECW2,Glioma,High - Low,-0.11781311,0.826619388,0.872324304
RPTOR,Glioma,High - Low,1.527218495,0.007577656,0.027628585
SRGAP1,Glioma,High - Low,1.264746528,0.001453711,0.009915602
CASKIN1,Glioma,High - Low,0.830472929,0.178829467,0.268295429
UBR4,Glioma,High - Low,0.84355393,0.037779417,0.082818315
KCTD16,Glioma,High - Low,-0.610195476,0.279040678,0.381368195
CGN,Glioma,High - Low,-0.102959832,0.788086068,0.843420867
HACE1,Glioma,High - Low,0.698884899,0.252714419,0.352937589
NUFIP2,Glioma,High - Low,1.880918918,5.65E-05,0.001897272
MIB1,Glioma,High - Low,0.77372491,0.115692265,0.191055194
KIAA1328,Glioma,High - Low,0.001295606,0.997180931,0.998274184
DISP3,Glioma,High - Low,1.404371255,0.004921204,0.020691499
KLHL42,Glioma,High - Low,0.545716688,0.360326161,0.464848795
SYT4,Glioma,High - Low,0.098415256,0.877172751,0.909987211
PDP2,Glioma,High - Low,1.086277786,0.048185747,0.098948554
ZNF624,Glioma,High - Low,0.381817019,0.197720449,0.290773204
TAOK1,Glioma,High - Low,0.786154178,0.00014958,0.003087947
NCEH1,Glioma,High - Low,0.132645654,0.797804261,0.851316315
LRRC7,Glioma,High - Low,-0.194530709,0.778571208,0.836657323
NLGN2,Glioma,High - Low,1.185362857,0.001926824,0.011766748
SEMA6A,Glioma,High - Low,1.159212507,0.006533714,0.025042716
USP35,Glioma,High - Low,1.007859459,0.06196548,0.119118195
STAMBPL1,Glioma,High - Low,0.228555136,0.645656057,0.726999268
ARRDC3,Glioma,High - Low,0.407300493,0.330704111,0.434991854
CEP126,Glioma,High - Low,0.091905624,0.890271405,0.92006658
KLHL8,Glioma,High - Low,0.39760489,0.166727847,0.253803942
GPHN,Glioma,High - Low,1.159392772,0.004232779,0.018959895
ZNF319,Glioma,High - Low,0.487219537,0.354934145,0.458978051
TRMT5,Glioma,High - Low,2.183632014,0.000133816,0.002929857
DOCK6,Glioma,High - Low,1.462862877,0.01484487,0.04332677
ZNF471,Glioma,High - Low,1.753490647,0.007201062,0.026686528
PCDH10,Glioma,High - Low,0.483071349,0.374496368,0.479210412
CCDC191,Glioma,High - Low,0.757851169,0.104969467,0.177451935
UNC79,Glioma,High - Low,1.233032219,0.109797024,0.183785789
PREX1,Glioma,High - Low,0.370703047,0.379771024,0.484397664
KCNT1,Glioma,High - Low,-0.795138095,0.200783274,0.29418683
TMEM181,Glioma,High - Low,0.588466721,0.019908053,0.05278577
ARHGAP21,Glioma,High - Low,0.115273124,0.58953109,0.678152395
CRAMP1,Glioma,High - Low,1.86696196,0.00382946,0.017710747
CFAP97,Glioma,High - Low,2.261592978,7.96E-06,0.000783282
ZFP28,Glioma,High - Low,0.937967707,0.010703057,0.034719287
RIC1,Glioma,High - Low,0.214807782,0.325509521,0.430192843
WDFY1,Glioma,High - Low,1.812147602,3.47E-05,0.001512467
MRTFA,Glioma,High - Low,1.271510194,0.029457968,0.069419219
HOMEZ,Glioma,High - Low,0.404970053,0.355999609,0.460174043
WDR48,Glioma,High - Low,0.529030443,0.005834829,0.023348231
FNIP2,Glioma,High - Low,0.066947728,0.780304932,0.83776404
TRMT9B,Glioma,High - Low,1.066941633,0.178949761,0.268445144
PITPNM2,Glioma,High - Low,0.195372259,0.364373287,0.469191527
SLAIN2,Glioma,High - Low,0.420510545,0.040714543,0.087360785
JCAD,Glioma,High - Low,-0.150909631,0.794715202,0.849058028
FAM234B,Glioma,High - Low,0.659600153,0.047356634,0.097767331
RELCH,Glioma,High - Low,0.581468676,0.043837396,0.092302048
TSHZ3,Glioma,High - Low,1.101260236,0.026352573,0.064091865
VPS18,Glioma,High - Low,1.094379731,0.024758671,0.061267298
SHROOM3,Glioma,High - Low,0.705237598,0.199824209,0.293175524
STIM2,Glioma,High - Low,1.253411329,0.005050197,0.021075477
ZBTB2,Glioma,High - Low,0.10441567,0.772551533,0.83148518
LRFN1,Glioma,High - Low,0.769101491,0.055630948,0.10957966
SH3RF1,Glioma,High - Low,0.742181684,0.056157509,0.110434104
LRCH2,Glioma,High - Low,1.57837015,0.002337033,0.01318164
CNTN3,Glioma,High - Low,-0.302824383,0.571609617,0.662308382
LRRN1,Glioma,High - Low,2.920172237,0.00028867,0.004199183
CCDC146,Glioma,High - Low,1.228851913,0.060254992,0.116686675
ZNF530,Glioma,High - Low,0.426162917,0.222118822,0.318672117
COL20A1,Glioma,High - Low,-0.279640475,0.784947162,0.840886369
ZSWIM5,Glioma,High - Low,0.344893319,0.324451085,0.429181457
USP28,Glioma,High - Low,0.929769112,0.037588923,0.082589658
CIP2A,Glioma,High - Low,0.466456849,0.164974317,0.251818686
DTX2,Glioma,High - Low,0.652786658,0.293712843,0.39657443
UVSSA,Glioma,High - Low,0.781525688,0.002811532,0.014822135
CALCOCO1,Glioma,High - Low,0.588165579,0.00118842,0.009018428
ZBTB4,Glioma,High - Low,1.062030908,0.00332923,0.016319586
PHRF1,Glioma,High - Low,0.94350795,0.080290409,0.145561108
CAMSAP3,Glioma,High - Low,0.860598233,0.105857683,0.178653602
PLEKHA4,Glioma,High - Low,0.758104897,0.055456669,0.109433936
RDH14,Glioma,High - Low,1.04616074,0.037576612,0.082576466
KIAA1549,Glioma,High - Low,0.759286092,0.069781503,0.130782882
PLXNA4,Glioma,High - Low,1.312223291,0.019001762,0.0510176
FLYWCH1,Glioma,High - Low,1.213160173,0.034171589,0.077174071
ZFP14,Glioma,High - Low,1.154352536,0.019175355,0.051352612
GPAM,Glioma,High - Low,0.620956834,0.194302556,0.286583685
ALS2,Glioma,High - Low,0.753002852,0.128432449,0.207089416
CHD8,Glioma,High - Low,1.101894354,0.000374213,0.004775405
WNK3,Glioma,High - Low,1.72034324,0.017059735,0.047458585
ZDBF2,Glioma,High - Low,0.380297187,0.450695019,0.552368238
ZBTB26,Glioma,High - Low,0.964540561,0.050970483,0.103178191
CACHD1,Glioma,High - Low,0.520710909,0.198683561,0.291829018
VAT1L,Glioma,High - Low,0.608238047,0.334908499,0.439242409
KIAA1586,Glioma,High - Low,1.970697656,0.002619405,0.014195312
MAGEE1,Glioma,High - Low,0.247146867,0.678185929,0.755058535
ZNF317,Glioma,High - Low,0.576099405,0.03297428,0.075267129
USP37,Glioma,High - Low,1.727911831,0.009597194,0.032310636
DDX55,Glioma,High - Low,1.339085523,0.003696853,0.017301518
CPNE5,Glioma,High - Low,1.65617082,0.042294891,0.089897242
CWC22,Glioma,High - Low,0.453915518,0.210180492,0.304716331
GBA2,Glioma,High - Low,0.464183045,0.028249755,0.067368559
WDFY4,Glioma,High - Low,-0.158742729,0.611991043,0.697918189
DENND1A,Glioma,High - Low,0.448012731,0.00393048,0.018006221
MEAK7,Glioma,High - Low,0.746587471,0.15903981,0.245006264
SLC7A14,Glioma,High - Low,0.02261383,0.967591023,0.976917741
KIAA1614,Glioma,High - Low,1.010643312,0.093094852,0.162449242
RNF213,Glioma,High - Low,0.553113768,0.139118103,0.220442076
PPP4R4,Glioma,High - Low,-1.144640806,0.019220953,0.051422136
ANO8,Glioma,High - Low,1.417030792,0.001815016,0.011359409
GPR107,Glioma,High - Low,0.686360874,0.114949753,0.190294237
METTL14,Glioma,High - Low,0.935964564,0.007560637,0.027584602
IGDCC4,Glioma,High - Low,1.051333824,0.0636277,0.121546174
EPG5,Glioma,High - Low,0.224184902,0.345997367,0.450446806
NCOA5,Glioma,High - Low,1.074023212,9.54E-05,0.002478305
SCUBE2,Glioma,High - Low,1.547537057,0.009894788,0.033019176
AMY2B,Glioma,High - Low,0.285115493,0.569982217,0.660890645
SH2B2,Glioma,High - Low,1.13113361,0.052324594,0.105010103
B3GALT1,Glioma,High - Low,0.056109504,0.832045729,0.87635546
GNAO1,Glioma,High - Low,0.412774632,0.650341372,0.731710887
CSH2,Glioma,High - Low,-0.104887735,0.873747756,0.90735877
PDLIM1,Glioma,High - Low,0.079581461,0.878864257,0.910861932
FGF6,Glioma,High - Low,0.620157088,0.125958955,0.204056001
MST1,Glioma,High - Low,1.551968023,0.02666043,0.064553386
PPM1A,Glioma,High - Low,0.221135583,0.152542514,0.237286341
DHRS4,Glioma,High - Low,0.593306665,0.054805083,0.108544809
NR2F2,Glioma,High - Low,-0.368005526,0.462243038,0.562885798
SCN2A,Glioma,High - Low,0.755386171,0.325926441,0.430480671
DEAF1,Glioma,High - Low,0.552529096,0.039975631,0.086227501
KCNJ12,Glioma,High - Low,0.142379772,0.629137229,0.713679929
KRT34,Glioma,High - Low,0.358736986,0.633937021,0.717694545
SSX3,Glioma,High - Low,0.645057545,0.336689401,0.440798269
LZTS1,Glioma,High - Low,0.16917749,0.811655444,0.86186158
SNTB1,Glioma,High - Low,0.408646782,0.427743845,0.530647164
RPL36A,Glioma,High - Low,0.963084884,0.006447583,0.024843499
ZNF14,Glioma,High - Low,0.571945762,0.04014394,0.086448125
RAP2A,Glioma,High - Low,0.827197574,0.024509299,0.060857245
ZNFX1,Glioma,High - Low,1.145564151,0.006771533,0.025579827
ZNF248,Glioma,High - Low,0.753766241,0.02149059,0.055665108
KRTAP5-8,Glioma,High - Low,0.07518509,0.87805319,0.910457783
GINS1,Glioma,High - Low,0.074456482,0.891413978,0.920811298
IFNA4,Glioma,High - Low,0.034146804,0.958939908,0.970578248
HCN1,Glioma,High - Low,-0.458416131,0.331306036,0.435629573
NDUFV2,Glioma,High - Low,0.295613581,0.017806921,0.048785522
NEFH,Glioma,High - Low,-1.01687367,0.194341688,0.286609114
KAT2A,Glioma,High - Low,1.986387622,0.004457466,0.019545077
NMT1,Glioma,High - Low,0.658876951,0.004810929,0.020463238
DAB1,Glioma,High - Low,-0.59050518,0.270012266,0.37150805
MTMR3,Glioma,High - Low,1.185263809,1.92E-05,0.001187003
SLCO1A2,Glioma,High - Low,-1.231037945,0.136303692,0.217093297
SLC5A6,Glioma,High - Low,0.557494428,0.082372162,0.148390027
SLC8A1,Glioma,High - Low,0.509288038,0.053820869,0.107126276
CACNA1H,Glioma,High - Low,0.576621921,0.374195194,0.478918638
NFS1,Glioma,High - Low,0.822486747,0.059821242,0.116104287
TMSB10,Glioma,High - Low,-0.328779774,0.411536304,0.514833253
PLSCR1,Glioma,High - Low,1.513043938,0.031215069,0.07249005
RECK,Glioma,High - Low,0.896357481,0.038762482,0.084431406
DLG3,Glioma,High - Low,0.980612968,0.110835356,0.185121485
PMAIP1,Glioma,High - Low,0.642268113,0.144101696,0.226660681
POLR2L,Glioma,High - Low,0.759261044,0.051544182,0.103907723
PPA1,Glioma,High - Low,0.590944316,0.007188806,0.026660558
PPIA,Glioma,High - Low,0.763666686,0.000200898,0.003493171
PTPA,Glioma,High - Low,0.694654864,0.158327606,0.244318261
PPP3CB,Glioma,High - Low,0.316242264,0.152918694,0.237645634
RNASEL,Glioma,High - Low,0.856126964,0.068318069,0.128444641
MRPL23,Glioma,High - Low,0.775195056,0.050829568,0.102972541
RPS6KA2,Glioma,High - Low,1.004204003,0.11329985,0.18813379
RTN1,Glioma,High - Low,0.227897648,0.689936778,0.764630289
TNFAIP1,Glioma,High - Low,1.81914649,6.00E-07,0.000228197
TRAF2,Glioma,High - Low,1.086109813,0.073117137,0.135598113
KDM6A,Glioma,High - Low,0.462881143,0.104845432,0.177333838
XRCC5,Glioma,High - Low,0.851188813,0.00027804,0.004141492
PSIP1,Glioma,High - Low,0.515278602,0.020430584,0.053844131
COTL1,Glioma,High - Low,0.35408061,0.200631331,0.294063138
CROT,Glioma,High - Low,0.831016329,0.087845983,0.155533124
PSAT1,Glioma,High - Low,0.437658937,0.217546589,0.313245078
TMX4,Glioma,High - Low,0.264830498,0.17010531,0.257836168
ABHD16A,Glioma,High - Low,-0.069570784,0.743674891,0.807770708
BRINP2,Glioma,High - Low,1.593922848,9.43E-05,0.00245369
GATAD1,Glioma,High - Low,0.614072103,0.032061351,0.073937243
POLD4,Glioma,High - Low,0.780894319,0.09256327,0.161590787
CCAR2,Glioma,High - Low,0.804444706,0.000447248,0.00526577
G6PC2,Glioma,High - Low,0.133754504,0.747054933,0.810707852
LSM2,Glioma,High - Low,0.552846159,0.016838056,0.047006539
RAP2C,Glioma,High - Low,1.676953206,0.002647209,0.01426921
C6orf47,Glioma,High - Low,2.019471109,0.000270731,0.004099969
PTBP2,Glioma,High - Low,0.603876004,0.108264161,0.181913045
HOXD11,Glioma,High - Low,0.304920553,0.57152983,0.662308382
SLC30A1,Glioma,High - Low,0.552296457,0.118330116,0.194464191
SLC4A5,Glioma,High - Low,0.44238411,0.407650635,0.511144394
CTDSP1,Glioma,High - Low,0.351334013,0.060829961,0.117487848
PLEKHB1,Glioma,High - Low,0.309933389,0.686174584,0.761427564
TP53INP2,Glioma,High - Low,1.073663411,0.169260515,0.256818382
ENOPH1,Glioma,High - Low,0.820248661,0.017320559,0.047944625
RHOU,Glioma,High - Low,1.175963961,0.126932997,0.205278376
TRAPPC1,Glioma,High - Low,0.63648145,0.029066601,0.068741573
ZBED5,Glioma,High - Low,1.049644645,0.000719531,0.006758119
ABHD17C,Glioma,High - Low,1.080839038,0.024421465,0.060731289
RPRD1B,Glioma,High - Low,0.296181059,0.078265141,0.142620109
ZNF71,Glioma,High - Low,0.43858169,0.338962167,0.443191771
ZNF77,Glioma,High - Low,1.097899677,0.061693297,0.118804285
INIP,Glioma,High - Low,1.402823341,0.002256228,0.012910637
LY6G5B,Glioma,High - Low,1.060287269,0.022691525,0.057728914
PRUNE1,Glioma,High - Low,0.632928014,0.075144838,0.138456425
ZNF462,Glioma,High - Low,1.580780431,7.42E-05,0.002187682
OSTC,Glioma,High - Low,1.601209386,0.000284546,0.00418132
SCAF1,Glioma,High - Low,0.403297093,0.033729522,0.076431401
NTN4,Glioma,High - Low,0.105537056,0.85339332,0.892455027
CACTIN,Glioma,High - Low,0.710996423,0.006103601,0.024019971
SINHCAF,Glioma,High - Low,1.059810808,0.012928796,0.039330195
RBM25,Glioma,High - Low,0.92387158,0.000269146,0.004099969
WIZ,Glioma,High - Low,1.057748995,0.000391684,0.004907254
MID1IP1,Glioma,High - Low,0.378650171,0.496884369,0.595172419
ABRACL,Glioma,High - Low,-0.249385502,0.246989178,0.346494086
RRAGD,Glioma,High - Low,2.372910017,0.000707829,0.006676952
SNX6,Glioma,High - Low,0.593896868,0.019661134,0.052268675
TRIM39,Glioma,High - Low,0.418266839,0.243193386,0.342306063
CFAP298,Glioma,High - Low,0.475597527,0.011147478,0.035650691
ZFYVE1,Glioma,High - Low,0.459317901,0.251004998,0.350999513
ZNF708,Glioma,High - Low,0.933987196,0.000560965,0.005875605
AP2S1,Glioma,High - Low,0.483436655,0.133172728,0.213105663
CD79B,Glioma,High - Low,0.849254536,0.084881145,0.151637172
FXYD2,Glioma,High - Low,0.185225256,0.500085393,0.598119855
KCNN2,Glioma,High - Low,1.422763095,0.033422017,0.075984453
PRDM13,Glioma,High - Low,-0.374491811,0.370161796,0.474812941
PLEKHA2,Glioma,High - Low,0.558771361,0.067622942,0.127375511
SCPEP1,Glioma,High - Low,-0.279607471,0.512866032,0.61022855
SENP2,Glioma,High - Low,2.347741556,0.00041509,0.005046219
GNB4,Glioma,High - Low,1.307765845,0.001872534,0.011559209
ZNF350,Glioma,High - Low,0.941069097,0.091194288,0.159968759
KLHL12,Glioma,High - Low,0.782875047,0.018711536,0.050555126
RXFP1,Glioma,High - Low,-0.396587031,0.39697491,0.501117672
TMEM35A,Glioma,High - Low,1.169762858,0.017938498,0.049015956
GPBP1L1,Glioma,High - Low,0.514769093,0.122375489,0.199633975
MYG1,Glioma,High - Low,0.326571941,0.066857336,0.126225811
TRIB2,Glioma,High - Low,0.991082869,0.008578211,0.030038653
HNRNPH3,Glioma,High - Low,0.650877171,0.001812435,0.011359409
UTP14C,Glioma,High - Low,1.602199785,0.004156277,0.018700391
ZNF500,Glioma,High - Low,1.371903503,0.01029867,0.033875942
TSPYL4,Glioma,High - Low,-0.094606945,0.760536957,0.821593266
ADAM22,Glioma,High - Low,0.848926303,0.030663146,0.071602029
NR1D1,Glioma,High - Low,0.21922581,0.57795066,0.667690404
FADS3,Glioma,High - Low,0.488511909,0.12388912,0.201350577
AVPI1,Glioma,High - Low,-0.153471056,0.745831317,0.809581283
IL21R,Glioma,High - Low,-0.273428468,0.603077266,0.690123593
SIGIRR,Glioma,High - Low,-0.577743249,0.015678979,0.044880821
FAM3A,Glioma,High - Low,0.400175035,0.04563549,0.095065682
HAPLN2,Glioma,High - Low,-0.752006511,0.197584492,0.290638552
SAV1,Glioma,High - Low,0.741333213,0.028707065,0.068189695
MRPS35,Glioma,High - Low,0.65233173,0.000961634,0.008063077
NIF3L1,Glioma,High - Low,1.151939375,0.012961595,0.039356717
CCDC90B,Glioma,High - Low,0.602055868,0.000492458,0.005510903
FASTKD5,Glioma,High - Low,1.229835322,0.006555219,0.025090218
AGBL5,Glioma,High - Low,0.152518179,0.602437049,0.68960555
CDC25B,Glioma,High - Low,1.545901325,0.006029569,0.023836093
DTNB,Glioma,High - Low,0.200723693,0.133688187,0.21374764
AXL,Glioma,High - Low,0.30950428,0.421456603,0.524636936
FANCE,Glioma,High - Low,1.184289704,0.022389416,0.057210113
LDAH,Glioma,High - Low,0.551456846,0.257294155,0.357997064
GUF1,Glioma,High - Low,0.538668086,0.044845211,0.093855234
SPCS3,Glioma,High - Low,0.726684794,0.006608039,0.02516552
RINT1,Glioma,High - Low,1.451273429,0.000275129,0.004121085
RIC8A,Glioma,High - Low,0.741347621,0.001356033,0.009545451
MIIP,Glioma,High - Low,1.217187085,0.018783759,0.05065618
ATG101,Glioma,High - Low,0.510442588,0.111693356,0.186269406
CELF5,Glioma,High - Low,0.07332053,0.811756081,0.86186158
SMAP1,Glioma,High - Low,1.623094534,0.000354644,0.004687359
TRAPPC11,Glioma,High - Low,1.779488433,1.70E-05,0.001120464
ZFAND3,Glioma,High - Low,0.865637992,7.75E-06,0.000768552
BCORL1,Glioma,High - Low,1.297427621,0.028027177,0.066963472
SRR,Glioma,High - Low,1.38956936,0.00458692,0.019914964
ELAVL4,Glioma,High - Low,1.10929999,0.120261689,0.196984102
GRIK2,Glioma,High - Low,1.625680599,0.008968043,0.030941202
PPP1R11,Glioma,High - Low,2.138270051,3.48E-05,0.001512467
MCL1,Glioma,High - Low,0.717432537,0.069081506,0.12965656
SPHK1,Glioma,High - Low,0.518877669,0.399639322,0.503437537
POLR2F,Glioma,High - Low,1.036510906,0.018276461,0.049738871
RELA,Glioma,High - Low,0.638685983,0.008630799,0.030177753
RXRB,Glioma,High - Low,0.837445762,0.000257516,0.003971324
ST14,Glioma,High - Low,0.385012136,0.603100447,0.690123593
HSPA2,Glioma,High - Low,-1.166874654,0.103141896,0.175244853
SEC24A,Glioma,High - Low,0.801398707,0.011980192,0.037311288
TMSB15A,Glioma,High - Low,1.060164291,0.08979156,0.158026201
ZNF277,Glioma,High - Low,1.021793386,0.008054772,0.028703428
GBGT1,Glioma,High - Low,-0.0092492,0.985467434,0.989494502
ZNF711,Glioma,High - Low,0.957497117,0.019362449,0.051677587
ITM2B,Glioma,High - Low,0.484032439,0.05217124,0.104750505
FXYD7,Glioma,High - Low,0.703437631,0.349966291,0.454213784
TIA1,Glioma,High - Low,1.629700316,0.002476065,0.013650155
FBXW4,Glioma,High - Low,0.7552324,0.001371124,0.009584689
SDF2L1,Glioma,High - Low,0.976616172,0.134992759,0.215412577
MTBP,Glioma,High - Low,1.019336511,0.030832617,0.071869584
DEF6,Glioma,High - Low,0.077929447,0.867803164,0.902812892
CSNK1G1,Glioma,High - Low,1.182141376,0.01334481,0.040129443
KCNK13,Glioma,High - Low,-0.675367059,0.083502598,0.149955667
KCNK12,Glioma,High - Low,0.829542972,0.266594443,0.367887968
ABHD4,Glioma,High - Low,2.026457683,8.46E-05,0.002312871
PKNOX2,Glioma,High - Low,0.888899177,0.047901969,0.098539033
FAM204A,Glioma,High - Low,0.302817196,0.053725633,0.107001781
RNF123,Glioma,High - Low,0.897023878,0.000396796,0.004919746
THADA,Glioma,High - Low,2.215315344,0.00027695,0.004131704
UBE2O,Glioma,High - Low,1.25005454,0.015323184,0.044210324
HEATR6,Glioma,High - Low,1.193955549,0.002903864,0.015088529
EGLN3,Glioma,High - Low,-0.12184542,0.755980421,0.817953198
CERS2,Glioma,High - Low,0.520836149,0.107818846,0.181262475
GPATCH3,Glioma,High - Low,-0.199134113,0.209863856,0.304290971
NAPB,Glioma,High - Low,-0.263656671,0.680731026,0.757183869
SLC17A9,Glioma,High - Low,0.483300632,0.431461746,0.534045059
ZNF335,Glioma,High - Low,1.069463518,0.027300829,0.065707675
MRPS14,Glioma,High - Low,0.63580873,0.004501391,0.019652122
STEEP1,Glioma,High - Low,0.673401414,0.226600333,0.323682976
ZNF667,Glioma,High - Low,0.367554786,0.442866739,0.54506196
PCIF1,Glioma,High - Low,1.354704838,0.000401003,0.004943821
FAM217B,Glioma,High - Low,0.497652323,0.305149722,0.408938108
FKBPL,Glioma,High - Low,0.603586722,0.196632242,0.289367871
CLSPN,Glioma,High - Low,-0.194097997,0.709344481,0.780785817
KIF13A,Glioma,High - Low,0.611856628,0.091472407,0.160199066
FIGNL1,Glioma,High - Low,2.132168769,0.011694775,0.036774002
TSPYL2,Glioma,High - Low,0.225026924,0.532716861,0.62785686
OXCT2,Glioma,High - Low,-0.115627399,0.847302513,0.887782635
LHPP,Glioma,High - Low,0.069840985,0.825008024,0.871326132
GOLPH3,Glioma,High - Low,0.971587173,5.49E-07,0.000217638
CLSTN2,Glioma,High - Low,0.749232177,0.203424395,0.297199227
MCCC2,Glioma,High - Low,1.0079511,8.05E-06,0.000786269
SNX16,Glioma,High - Low,1.458080272,0.013038327,0.039479837
GAL3ST2,Glioma,High - Low,1.211989177,0.01087083,0.035015169
SAMSN1,Glioma,High - Low,0.283372524,0.66877895,0.747381597
EPB41L4A,Glioma,High - Low,0.337273801,0.364472243,0.469272797
LRRC4,Glioma,High - Low,0.798938344,0.180347274,0.269984776
CENPK,Glioma,High - Low,0.613285924,0.243127273,0.3422498
RTP4,Glioma,High - Low,-0.435547719,0.420910595,0.524156594
MAGEF1,Glioma,High - Low,0.544337963,0.011295353,0.035869525
MOAP1,Glioma,High - Low,1.186784794,0.031339311,0.072688326
TMBIM1,Glioma,High - Low,-0.36591327,0.228846632,0.326286502
VSIR,Glioma,High - Low,-0.440973848,0.34834264,0.452555088
SLC39A8,Glioma,High - Low,0.52458327,0.331606466,0.435828494
DUS1L,Glioma,High - Low,2.033568481,0.001355436,0.009545451
RRAGC,Glioma,High - Low,0.201463472,0.377153109,0.481903548
FN3K,Glioma,High - Low,0.228346694,0.408577369,0.512012203
ADGRL4,Glioma,High - Low,0.243077376,0.631238804,0.715567936
MRPL46,Glioma,High - Low,1.196062807,0.008450588,0.029705826
LIN7B,Glioma,High - Low,-0.56264329,0.364109525,0.468944128
XYLT1,Glioma,High - Low,0.871329909,0.079488632,0.144487665
XYLT2,Glioma,High - Low,0.879320552,0.051923412,0.104413029
IFIH1,Glioma,High - Low,0.607923961,0.408315543,0.511794349
TCTA,Glioma,High - Low,1.32558354,0.009145644,0.031362994
EDAR,Glioma,High - Low,0.044315584,0.925338808,0.9465884
C11orf24,Glioma,High - Low,0.799190499,0.115521612,0.190927098
RBSN,Glioma,High - Low,0.877500993,0.002027819,0.01215114
PDF,Glioma,High - Low,1.308581042,0.019531488,0.052008496
GLIPR2,Glioma,High - Low,1.17398206,0.001157358,0.008934864
C17orf75,Glioma,High - Low,0.025657453,0.867853284,0.902812892
NECAB1,Glioma,High - Low,-2.124650262,0.016013205,0.045487559
OSGEPL1,Glioma,High - Low,0.608608912,0.151372044,0.235773753
PDE4DIP,Glioma,High - Low,-0.008271674,0.978605988,0.985152099
DNAJC1,Glioma,High - Low,0.157006313,0.627539086,0.712360781
TFB2M,Glioma,High - Low,0.224057743,0.542197381,0.636381174
ROBO3,Glioma,High - Low,1.788572918,0.021343393,0.055479263
HERPUD2,Glioma,High - Low,1.016360821,0.007545765,0.027555989
ABCG8,Glioma,High - Low,-0.90817276,0.067338531,0.127004233
MLF1,Glioma,High - Low,1.12409963,0.032081524,0.073964324
RHBDF1,Glioma,High - Low,0.728993975,0.25725386,0.35797904
NOC3L,Glioma,High - Low,0.945255319,0.020149149,0.053241738
RNF25,Glioma,High - Low,1.198965731,0.008689878,0.030316167
NSD1,Glioma,High - Low,0.850996655,1.27E-05,0.000973587
COP1,Glioma,High - Low,1.245349352,0.002194588,0.01277623
LMBR1,Glioma,High - Low,0.982989283,0.003805302,0.017679959
XPO4,Glioma,High - Low,0.411259346,0.195964277,0.288630143
HS1BP3,Glioma,High - Low,0.434316798,0.223714043,0.320504208
IKZF4,Glioma,High - Low,0.940869655,0.089559899,0.157714561
IKZF5,Glioma,High - Low,0.265561658,0.173521313,0.261867364
ZNF106,Glioma,High - Low,0.573426064,0.088993189,0.157059296
MPP5,Glioma,High - Low,1.206773551,0.010125967,0.033496535
HHIP,Glioma,High - Low,-0.943540119,0.150980022,0.235349759
AKTIP,Glioma,High - Low,1.096294135,0.017341282,0.047961428
GALNT17,Glioma,High - Low,0.471128087,0.319539734,0.424155896
KLHL25,Glioma,High - Low,0.914802177,0.063372381,0.121111456
ARAP3,Glioma,High - Low,-0.016127257,0.964587833,0.974942414
GZF1,Glioma,High - Low,0.238089738,0.205455401,0.299524281
TMEM267,Glioma,High - Low,0.823191737,0.051114118,0.103341128
TMEM168,Glioma,High - Low,1.326990058,0.000474191,0.005436282
MTMR14,Glioma,High - Low,0.377130385,0.109720242,0.183695058
SUSD1,Glioma,High - Low,0.867518743,0.087154827,0.154623055
ATG3,Glioma,High - Low,0.344915029,0.054659645,0.108367464
POLR1E,Glioma,High - Low,1.514369093,0.000782274,0.007122606
SUDS3,Glioma,High - Low,0.819063099,0.013307956,0.040046213
ZDHHC6,Glioma,High - Low,0.741281044,0.032333399,0.074387839
PCNX4,Glioma,High - Low,1.021294576,0.010118493,0.033488732
ACTR6,Glioma,High - Low,0.378761333,0.032535212,0.074629211
RPS18,Glioma,High - Low,1.154419113,0.007012111,0.026238802
DNMT3A,Glioma,High - Low,1.100804724,0.041000747,0.087744815
VPS52,Glioma,High - Low,1.062023277,0.000284094,0.00418132
GPR135,Glioma,High - Low,0.577888434,0.010944496,0.035147484
GIGYF1,Glioma,High - Low,1.104572214,0.000833234,0.007416409
VPS16,Glioma,High - Low,1.462581719,0.002073276,0.012316428
CSHL1,Glioma,High - Low,0.03486032,0.954584646,0.967708641
TNS1,Glioma,High - Low,0.450596058,0.27493609,0.377014896
SPANXC,Glioma,High - Low,0.170543801,0.82495379,0.871326132
ANAPC1,Glioma,High - Low,1.343585277,0.014165908,0.041761007
PRRX1,Glioma,High - Low,1.340824515,0.003438967,0.016602654
SNRNP35,Glioma,High - Low,0.728075749,0.013203,0.039785244
DGCR8,Glioma,High - Low,1.128664331,0.010831647,0.034955079
FANCF,Glioma,High - Low,1.064370166,0.021277715,0.055339074
ELOVL4,Glioma,High - Low,0.122574209,0.754492398,0.816958105
NUCKS1,Glioma,High - Low,0.384472947,0.039663974,0.085710581
ACBD3,Glioma,High - Low,1.615499671,0.001795093,0.011326819
MFSD1,Glioma,High - Low,0.904793927,0.029012045,0.0686774
SMURF2,Glioma,High - Low,0.893555922,0.00448784,0.019612694
HIPK2,Glioma,High - Low,0.765814543,0.07139584,0.133084529
CCDC136,Glioma,High - Low,0.513499713,0.227224031,0.324302815
SMYD3,Glioma,High - Low,0.35837424,0.399084956,0.503005327
RUSF1,Glioma,High - Low,0.773594006,0.017496873,0.048269398
ATPAF1,Glioma,High - Low,1.096269072,0.038148198,0.083398625
TNS3,Glioma,High - Low,0.098674293,0.804104894,0.85643418
FHIP2B,Glioma,High - Low,0.925960445,4.24E-06,0.000629867
PARP12,Glioma,High - Low,0.729572914,0.256486359,0.357067608
GAREM1,Glioma,High - Low,0.688222439,0.290632197,0.393443946
ZNF574,Glioma,High - Low,0.398641142,0.021521379,0.055724016
IPPK,Glioma,High - Low,1.977904967,3.90E-05,0.001569658
CCDC14,Glioma,High - Low,1.145346247,0.065860215,0.124827416
ILRUN,Glioma,High - Low,0.474818091,0.093578225,0.163014862
RMND5B,Glioma,High - Low,1.289571668,0.004722488,0.020294894
FNDC3B,Glioma,High - Low,0.983588154,0.039654199,0.085703603
MICAL1,Glioma,High - Low,1.048450894,0.001793241,0.011324898
AEN,Glioma,High - Low,1.44303064,0.032800847,0.074993001
RBM15,Glioma,High - Low,0.836237329,0.1609254,0.247010113
TBC1D15,Glioma,High - Low,0.395402997,0.05129921,0.103555436
LMF1,Glioma,High - Low,1.065286101,0.035005302,0.078493649
EXO5,Glioma,High - Low,0.065374196,0.906323856,0.93172882
OSBPL11,Glioma,High - Low,1.050114651,0.015873295,0.045239235
CEP85,Glioma,High - Low,0.097711533,0.737628405,0.802673596
DDX31,Glioma,High - Low,1.056327778,0.023535711,0.059191906
MPHOSPH9,Glioma,High - Low,0.809714065,0.032325281,0.074382233
DEPTOR,Glioma,High - Low,0.342625264,0.467522947,0.567678563
ARV1,Glioma,High - Low,0.207842886,0.206874886,0.300890123
NMNAT1,Glioma,High - Low,0.58332323,0.336012135,0.440248862
P2RY12,Glioma,High - Low,-0.424379452,0.390273045,0.494804395
SNURF,Glioma,High - Low,0.224759481,0.36664137,0.471639784
ELOVL1,Glioma,High - Low,-0.06798119,0.890748441,0.92041428
PORCN,Glioma,High - Low,1.152539498,0.005874292,0.023455962
SPATA20,Glioma,High - Low,1.748196489,0.007222058,0.026724242
YTHDC2,Glioma,High - Low,1.214264336,0.001245316,0.009206727
TUT1,Glioma,High - Low,1.084579913,0.014096443,0.041638485
AIDA,Glioma,High - Low,0.694548775,0.064761637,0.123244783
USP46,Glioma,High - Low,0.220209089,0.534403075,0.629187785
NIBAN2,Glioma,High - Low,0.755192297,0.101030895,0.17248631
DCLRE1B,Glioma,High - Low,0.556257895,0.257003429,0.357668568
ARMCX5,Glioma,High - Low,1.962834009,0.000639468,0.006314148
METTL4,Glioma,High - Low,0.828336432,0.091305933,0.160057381
RFX7,Glioma,High - Low,1.080372992,0.000875084,0.007612939
PCDH20,Glioma,High - Low,-0.312216598,0.560102331,0.652613671
PAPOLG,Glioma,High - Low,0.833097395,0.006570355,0.025109128
ACTR8,Glioma,High - Low,1.727059335,0.002546654,0.013922062
CASD1,Glioma,High - Low,1.431544995,0.009506866,0.032107976
CCDC71,Glioma,High - Low,1.927922833,0.002014691,0.012122403
RASAL3,Glioma,High - Low,0.136713085,0.828801179,0.873769785
NT5DC2,Glioma,High - Low,1.153501381,0.009972297,0.033189446
CENPH,Glioma,High - Low,0.55071204,0.251820189,0.351913944
REEP1,Glioma,High - Low,1.825530594,0.003186259,0.015856212
MRPL44,Glioma,High - Low,1.339758679,0.004110666,0.018571756
VPS33A,Glioma,High - Low,1.959352747,9.88E-07,0.000280266
TMEM135,Glioma,High - Low,1.234084287,0.011036143,0.035363734
FGFR3,Glioma,High - Low,0.04778213,0.939851648,0.957177787
ARID4A,Glioma,High - Low,0.329838814,0.450184112,0.551793725
HAPLN4,Glioma,High - Low,0.065740017,0.923413167,0.945215276
TM6SF1,Glioma,High - Low,0.073847908,0.859877493,0.896938815
RTN4R,Glioma,High - Low,-0.06863168,0.893103441,0.92204726
KRI1,Glioma,High - Low,2.524915478,0.00015069,0.003092458
MARCKSL1,Glioma,High - Low,1.026267888,0.041091302,0.087872888
UPF3A,Glioma,High - Low,0.980821153,0.001352648,0.009542147
RSRC2,Glioma,High - Low,0.593304734,0.001289911,0.009359507
INTS3,Glioma,High - Low,0.718392222,5.68E-05,0.001897272
SOWAHC,Glioma,High - Low,0.806480076,0.027926152,0.066805878
FRY,Glioma,High - Low,1.503533083,0.020819867,0.054508001
ADAM19,Glioma,High - Low,0.995082768,0.13182622,0.211441957
ANKRA2,Glioma,High - Low,0.733242224,0.005400426,0.022123835
SIGLEC1,Glioma,High - Low,0.657919348,0.390592637,0.495113698
ZFP69B,Glioma,High - Low,-0.305285084,0.044793901,0.093807829
SPATS2,Glioma,High - Low,1.698133761,0.000178576,0.003321165
ZSWIM4,Glioma,High - Low,2.002542992,0.000701464,0.006645636
CPLANE1,Glioma,High - Low,0.737945062,0.01410105,0.041638485
ZNF649,Glioma,High - Low,0.627035655,0.170531648,0.258307273
MPPE1,Glioma,High - Low,0.788800446,0.023726794,0.059567597
COA7,Glioma,High - Low,0.940766713,0.093369542,0.162759607
PYCR3,Glioma,High - Low,0.926449129,0.09992215,0.170972388
UBE2Z,Glioma,High - Low,0.982436627,0.00018417,0.003336123
C8orf33,Glioma,High - Low,2.362948821,7.65E-05,0.002220901
CAPN10,Glioma,High - Low,0.270452091,0.223377523,0.320092143
TAS2R8,Glioma,High - Low,-0.521775973,0.338778598,0.443031181
TAS2R7,Glioma,High - Low,0.211517585,0.433355922,0.535933606
TAS2R13,Glioma,High - Low,0.706327619,0.113905962,0.188900666
TAS2R10,Glioma,High - Low,1.510632795,0.003386211,0.016459759
AACS,Glioma,High - Low,0.319873022,0.462707551,0.563241909
KCTD14,Glioma,High - Low,0.419361571,0.376933618,0.481670101
DDRGK1,Glioma,High - Low,0.564633599,0.00660309,0.025153989
MRPS34,Glioma,High - Low,0.877693442,3.50E-05,0.001512467
MRPL34,Glioma,High - Low,0.417759346,0.151181876,0.235561621
LRRC61,Glioma,High - Low,-0.263421364,0.52376279,0.619928269
L1CAM,Glioma,High - Low,0.002386804,0.997867847,0.99862968
CDK11A,Glioma,High - Low,0.501920465,0.001974157,0.011960207
NEUROG2,Glioma,High - Low,-0.255478826,0.58236816,0.671883968
TMPRSS3,Glioma,High - Low,0.270605236,0.553943756,0.647014334
DUSP26,Glioma,High - Low,0.682136132,0.211823399,0.306721247
PCYOX1L,Glioma,High - Low,1.001392811,0.086379313,0.153517625
YIPF2,Glioma,High - Low,1.680626461,0.000624507,0.006236971
PRR14,Glioma,High - Low,1.434465767,0.005442025,0.022216242
CYREN,Glioma,High - Low,2.47166453,0.000233021,0.0037666
GDAP1L1,Glioma,High - Low,0.269253211,0.73343367,0.799570944
LRFN4,Glioma,High - Low,2.379819937,0.000171487,0.003244632
TRIR,Glioma,High - Low,0.94938492,1.12E-05,0.000930947
CUEDC2,Glioma,High - Low,1.47396897,0.001033191,0.008442352
METRN,Glioma,High - Low,0.410893883,0.208880576,0.303133827
DDX50,Glioma,High - Low,0.615258597,3.53E-05,0.001512467
CAMKV,Glioma,High - Low,-0.137203529,0.833864854,0.877424458
GGCT,Glioma,High - Low,1.004125076,0.047392326,0.09778432
GID4,Glioma,High - Low,1.074948594,0.006467477,0.024890849
TMEM106C,Glioma,High - Low,0.200866083,0.286831465,0.389653908
NUP37,Glioma,High - Low,1.526214723,0.000194705,0.003444971
SPATA5L1,Glioma,High - Low,0.933979522,0.110542203,0.184726108
PDCL3,Glioma,High - Low,0.335119261,0.397477666,0.501703951
C7orf26,Glioma,High - Low,1.80908514,0.01359006,0.040533026
NABP2,Glioma,High - Low,0.84098262,0.007373925,0.027108741
ZFYVE21,Glioma,High - Low,0.536212304,0.182268463,0.272238305
KCTD15,Glioma,High - Low,0.432975341,0.058072065,0.113534052
SECISBP2,Glioma,High - Low,0.602267648,0.006146779,0.024135733
NOC4L,Glioma,High - Low,1.6825561,0.001156127,0.008934864
ASPSCR1,Glioma,High - Low,0.963111131,0.002469568,0.013620074
METTL16,Glioma,High - Low,1.095098254,1.13E-05,0.000932774
POGLUT2,Glioma,High - Low,-0.110640664,0.825230137,0.871420129
FASTKD3,Glioma,High - Low,0.394039378,0.272340368,0.374003822
TMEM109,Glioma,High - Low,1.127912015,0.063172344,0.120852644
C2orf49,Glioma,High - Low,1.865741865,3.23E-05,0.001480263
DSCC1,Glioma,High - Low,0.261233643,0.540038049,0.634390288
ASB8,Glioma,High - Low,0.806458029,0.015763954,0.045039396
DCTPP1,Glioma,High - Low,0.887025613,0.000113176,0.002697716
C1orf50,Glioma,High - Low,0.878039687,0.006398801,0.024764855
CCDC86,Glioma,High - Low,1.177377659,0.087459076,0.155078776
LBHD1,Glioma,High - Low,0.984113903,0.000136248,0.002934234
WDR18,Glioma,High - Low,2.409417617,0.001351058,0.009540213
WDR77,Glioma,High - Low,1.428989787,0.000503435,0.005570045
SLC25A23,Glioma,High - Low,0.950973176,0.131291611,0.210687714
SMIM7,Glioma,High - Low,1.965693515,0.00225109,0.012909997
ALG12,Glioma,High - Low,0.734675608,0.065022181,0.123595252
ZNF426,Glioma,High - Low,1.163457433,0.00169318,0.010920594
TMUB2,Glioma,High - Low,1.063287568,0.002466062,0.013606468
METTL22,Glioma,High - Low,1.470341033,0.003525121,0.016887818
BBLN,Glioma,High - Low,0.170343932,0.509964951,0.607494414
TAF1D,Glioma,High - Low,1.292394445,0.000501969,0.005565018
TMEM185B,Glioma,High - Low,0.337356218,0.562645061,0.654586084
APOO,Glioma,High - Low,-0.135531718,0.346578201,0.450844351
PHF1,Glioma,High - Low,0.454488348,0.030759466,0.071762953
RETREG2,Glioma,High - Low,0.816163407,0.012182043,0.037742426
CCDC28B,Glioma,High - Low,1.702536846,0.001164629,0.008953702
PHF23,Glioma,High - Low,1.715866468,4.28E-05,0.001668514
PPDPF,Glioma,High - Low,0.501366976,0.088183541,0.156004203
FA2H,Glioma,High - Low,-0.719418616,0.293673442,0.396562127
GDPD3,Glioma,High - Low,0.136824664,0.807747835,0.858916787
TNIP2,Glioma,High - Low,1.213663875,0.001048627,0.008480344
PLEKHF1,Glioma,High - Low,0.102539108,0.859073504,0.896444862
MFSD11,Glioma,High - Low,1.282949057,0.005896966,0.023496754
GNPTAB,Glioma,High - Low,1.959381842,0.000137748,0.002937361
LENG1,Glioma,High - Low,0.187087104,0.163681775,0.250243517
C1orf35,Glioma,High - Low,0.910686861,0.077525324,0.141567513
RBM42,Glioma,High - Low,1.061160677,0.006156596,0.024155922
CRELD2,Glioma,High - Low,1.451973405,0.026650106,0.064553386
ZNF343,Glioma,High - Low,0.51312482,0.041484681,0.088534462
EFHD2,Glioma,High - Low,0.0618582,0.893265123,0.92214147
SLC27A3,Glioma,High - Low,0.765249994,0.128100847,0.206681995
BRCC3,Glioma,High - Low,1.188181462,0.083504679,0.149955667
FSD1,Glioma,High - Low,1.585071972,0.013202055,0.039785244
TMEM43,Glioma,High - Low,0.879926084,0.006467203,0.024890849
IRX3,Glioma,High - Low,-0.408966255,0.480488261,0.579444856
DCAF10,Glioma,High - Low,0.812847466,0.05657991,0.111118035
NDUFS7,Glioma,High - Low,1.35372962,0.009659862,0.032454857
NOTCH2,Glioma,High - Low,0.564836438,0.063816823,0.121751518
DDX4,Glioma,High - Low,-1.076598078,0.075460484,0.138881658
PGS1,Glioma,High - Low,0.292400818,0.220645779,0.316940778
PLA2G4A,Glioma,High - Low,0.180142249,0.773523534,0.832257673
DSC2,Glioma,High - Low,-0.110160355,0.827995548,0.873284484
ATP10A,Glioma,High - Low,0.600575584,0.26997788,0.371499778
CEP70,Glioma,High - Low,1.327979795,0.011941046,0.037233655
WNT2B,Glioma,High - Low,0.129103672,0.813405809,0.863003904
IRF2BPL,Glioma,High - Low,0.754122245,0.062244925,0.119532532
HIVEP3,Glioma,High - Low,0.117056936,0.857512526,0.895542116
GLB1L,Glioma,High - Low,0.404048437,0.332974399,0.437380538
LRFN3,Glioma,High - Low,1.572813483,0.008847915,0.030687616
HAUS3,Glioma,High - Low,0.908833567,0.020783079,0.054464813
FYCO1,Glioma,High - Low,0.034141564,0.942942669,0.959581145
CYP2R1,Glioma,High - Low,0.932605848,0.069331226,0.130050679
WDR25,Glioma,High - Low,1.162100296,0.011546912,0.036464959
RIPOR1,Glioma,High - Low,0.674034493,0.04333398,0.091496822
MAIP1,Glioma,High - Low,0.746019628,0.032507559,0.0746067
NKAIN1,Glioma,High - Low,-0.020551161,0.959627483,0.971124025
GCC1,Glioma,High - Low,0.966804554,0.015244752,0.044074556
ATP13A3,Glioma,High - Low,0.763889511,0.007167987,0.026609145
TTC13,Glioma,High - Low,0.940469802,0.017958034,0.049045587
ABHD8,Glioma,High - Low,-0.48614264,0.049870882,0.101449838
NKAP,Glioma,High - Low,1.598408189,0.000116497,0.0027335
CDC73,Glioma,High - Low,0.893060123,0.000671608,0.006497841
CHPF,Glioma,High - Low,1.188598351,0.039145112,0.084939832
CARS2,Glioma,High - Low,1.409327391,0.003615896,0.01710984
MRPL24,Glioma,High - Low,0.338828318,0.01647126,0.046348206
ARMH3,Glioma,High - Low,1.957902777,0.000394511,0.0049117
MUL1,Glioma,High - Low,1.042546098,0.031588735,0.073137277
SAP130,Glioma,High - Low,0.450221693,0.135282794,0.215796494
ADIPOR2,Glioma,High - Low,0.800111691,0.067298693,0.126947384
CERS4,Glioma,High - Low,1.014672311,0.049162961,0.100417247
FAM118B,Glioma,High - Low,0.255896544,0.320168794,0.42471834
VCPKMT,Glioma,High - Low,0.672271149,0.17803058,0.267328441
ACSS3,Glioma,High - Low,0.823029223,0.140388167,0.221993027
TANGO6,Glioma,High - Low,1.409687137,0.001811539,0.011359409
HMBOX1,Glioma,High - Low,0.996906794,0.001189852,0.009018428
ARMT1,Glioma,High - Low,0.293568077,0.582775352,0.672093515
TNFAIP8L2,Glioma,High - Low,0.49679029,0.464226676,0.56461866
OGFRL1,Glioma,High - Low,0.34499238,0.386988682,0.491640095
SH3TC2,Glioma,High - Low,-0.465027188,0.549845923,0.643411625
OCEL1,Glioma,High - Low,0.653016597,0.059324668,0.115397099
C1orf54,Glioma,High - Low,1.184086253,0.070405239,0.131604429
EFL1,Glioma,High - Low,1.007168483,0.050417458,0.102327666
FAT4,Glioma,High - Low,0.138923033,0.759418414,0.820859019
ROGDI,Glioma,High - Low,-0.275276263,0.50412284,0.602063982
CHMP6,Glioma,High - Low,1.526289802,0.002147304,0.012620169
SRD5A3,Glioma,High - Low,-0.029718316,0.930778611,0.950747726
PANK3,Glioma,High - Low,0.46820906,0.010339402,0.033969872
MCPH1,Glioma,High - Low,1.027821926,0.01299193,0.03940806
MAP7D3,Glioma,High - Low,0.188643623,0.712728942,0.783641564
USB1,Glioma,High - Low,1.434422438,0.003570808,0.016982414
RHBDF2,Glioma,High - Low,0.20539694,0.725095545,0.793520224
TMEM204,Glioma,High - Low,-0.108693915,0.83311339,0.876845146
HECTD3,Glioma,High - Low,0.732478947,0.038459357,0.083868815
BEND5,Glioma,High - Low,-0.115007786,0.792459764,0.846993934
RPAP3,Glioma,High - Low,1.061836958,0.008495358,0.02981231
ARHGAP10,Glioma,High - Low,1.001211871,0.082881476,0.149122876
PPP1R3B,Glioma,High - Low,1.224761154,0.077751583,0.14188174
PLEKHF2,Glioma,High - Low,0.511309429,0.325466192,0.430192843
PARP8,Glioma,High - Low,0.82738106,0.191569266,0.283404557
FN3KRP,Glioma,High - Low,1.45243201,0.001006269,0.008307114
VEPH1,Glioma,High - Low,-0.036438367,0.951784874,0.965930062
FASTKD1,Glioma,High - Low,0.729343558,0.01401712,0.041465467
OGFOD2,Glioma,High - Low,1.638797397,0.010821373,0.034932012
SMC6,Glioma,High - Low,1.303540091,0.020067714,0.053123046
RTL10,Glioma,High - Low,0.532286592,0.262853836,0.363890949
CENPU,Glioma,High - Low,-0.100316082,0.84710551,0.887647255
ZDHHC14,Glioma,High - Low,0.300932922,0.292352724,0.395431221
MSANTD2,Glioma,High - Low,1.105066856,0.014712421,0.043031987
SAP30L,Glioma,High - Low,0.792339679,0.072843167,0.135243277
NAA35,Glioma,High - Low,2.192996846,0.000549217,0.005813173
GAL3ST4,Glioma,High - Low,0.882630551,0.149024275,0.232781536
QTRT2,Glioma,High - Low,1.711127466,0.005619926,0.022734824
YRDC,Glioma,High - Low,0.874934995,0.071098338,0.13264328
MANEA,Glioma,High - Low,1.03729514,0.055150417,0.109010327
GALNT12,Glioma,High - Low,0.057976966,0.876284732,0.909416296
ZYG11B,Glioma,High - Low,1.272799974,0.006108783,0.024033142
OGFOD3,Glioma,High - Low,1.812703693,0.000369041,0.004747314
BBS1,Glioma,High - Low,1.650702988,0.007093376,0.026418342
C11orf80,Glioma,High - Low,0.758882646,0.062031006,0.119191527
PRKRIP1,Glioma,High - Low,0.344132787,0.128514941,0.207171401
COLGALT1,Glioma,High - Low,0.25546103,0.292435164,0.395487003
MORC4,Glioma,High - Low,0.321661173,0.279758563,0.38218686
IPO4,Glioma,High - Low,2.125851832,0.000540589,0.005749744
GTDC1,Glioma,High - Low,0.522643896,0.006818775,0.025679935
NAT10,Glioma,High - Low,2.014922612,0.002058513,0.012262109
NPEPL1,Glioma,High - Low,1.480217314,0.007131254,0.026510364
AAGAB,Glioma,High - Low,0.205735009,0.18781855,0.279031916
VPS37B,Glioma,High - Low,0.784010853,0.038803907,0.084480325
SUV39H2,Glioma,High - Low,0.811228146,0.109108774,0.182890945
ZNF768,Glioma,High - Low,0.689697004,8.60E-06,0.000798644
NARS2,Glioma,High - Low,1.181643634,0.007074773,0.026397834
TEFM,Glioma,High - Low,1.124504663,0.004751946,0.020359043
AAMDC,Glioma,High - Low,0.010896911,0.953730402,0.967316476
BBS10,Glioma,High - Low,0.900575892,0.001119709,0.008827507
TTLL7,Glioma,High - Low,-0.008277234,0.992496141,0.994470955
CLIP4,Glioma,High - Low,0.91690598,0.012702857,0.038796014
ECHDC3,Glioma,High - Low,-0.305494247,0.530452863,0.625639072
ZNF385D,Glioma,High - Low,0.011963897,0.983383103,0.988289451
ZFAND1,Glioma,High - Low,2.254438296,0.002655236,0.014291949
SNIP1,Glioma,High - Low,1.533125901,0.002619113,0.014195312
ASB13,Glioma,High - Low,0.661111725,0.026016732,0.063503215
ASB7,Glioma,High - Low,0.366020841,0.2418056,0.340858857
C1orf115,Glioma,High - Low,-0.671736324,0.12866995,0.207370218
ISOC2,Glioma,High - Low,0.448651799,0.247147713,0.346567956
KATNBL1,Glioma,High - Low,0.996585973,0.007084096,0.026410041
RABL6,Glioma,High - Low,0.508966681,0.019042944,0.051081595
ZFHX4,Glioma,High - Low,0.684848014,0.004378294,0.019357401
CCDC82,Glioma,High - Low,0.489570357,0.009501883,0.032107976
RERGL,Glioma,High - Low,0.118395564,0.806555953,0.858276746
KLHL36,Glioma,High - Low,0.312907335,0.171938355,0.259952527
ZNF665,Glioma,High - Low,0.369355997,0.414293725,0.517639827
CLMN,Glioma,High - Low,-0.895433847,0.040350749,0.086812212
FBXO31,Glioma,High - Low,0.95882249,0.036089142,0.080246817
GSDMD,Glioma,High - Low,0.562359763,0.448825104,0.550437157
SPRING1,Glioma,High - Low,1.509646252,8.59E-06,0.000798644
CARF,Glioma,High - Low,1.120510748,0.054832338,0.108578312
SHCBP1,Glioma,High - Low,0.382032991,0.427898372,0.530788573
HPS6,Glioma,High - Low,-0.298477931,0.243097135,0.34224417
VASH2,Glioma,High - Low,0.623960628,0.23770406,0.336351373
GSTCD,Glioma,High - Low,0.764663294,0.179983027,0.269655312
TTC21B,Glioma,High - Low,1.513827067,0.00035615,0.004687359
PTCD2,Glioma,High - Low,0.779235369,0.069881042,0.130873049
EHMT1,Glioma,High - Low,0.668732035,0.002205278,0.01282136
NIPAL2,Glioma,High - Low,0.057883979,0.931162171,0.951065317
MOB3B,Glioma,High - Low,0.502981561,0.233164432,0.331108667
ZNF552,Glioma,High - Low,0.824711081,0.162194923,0.248492643
CAMKMT,Glioma,High - Low,1.175952458,0.012274709,0.037939746
CLMP,Glioma,High - Low,-0.149897018,0.716676423,0.78621235
METTL8,Glioma,High - Low,1.190558535,0.031151674,0.072381344
NAA40,Glioma,High - Low,0.677529562,0.032677406,0.074824287
ZMYM1,Glioma,High - Low,1.543979074,0.000699737,0.006645636
PEAK1,Glioma,High - Low,0.487760235,0.080738338,0.146150569
NHEJ1,Glioma,High - Low,0.522406502,0.137024175,0.218042967
ZBTB3,Glioma,High - Low,0.913041274,0.043480923,0.091755377
ZDHHC11,Glioma,High - Low,0.674942416,0.422261322,0.525488783
RNF122,Glioma,High - Low,1.29430364,0.013459539,0.040335488
MFSD13A,Glioma,High - Low,0.270926004,0.32888199,0.433422436
CSPP1,Glioma,High - Low,0.418394374,0.243868127,0.343107337
SNX22,Glioma,High - Low,1.223860568,0.17093081,0.258787824
NEK11,Glioma,High - Low,0.537753187,0.360730652,0.46527893
ZNF669,Glioma,High - Low,0.878662641,0.011751881,0.036907503
JHY,Glioma,High - Low,0.106207095,0.836280609,0.879118588
BAALC,Glioma,High - Low,1.290675992,0.045510375,0.094902545
RPAP2,Glioma,High - Low,0.298260871,0.565560598,0.657043914
CBLL1,Glioma,High - Low,0.717451782,0.009200625,0.031502036
THSD4,Glioma,High - Low,0.075776096,0.896756647,0.924870798
DCAKD,Glioma,High - Low,0.899329979,0.0042199,0.018915149
CCDC134,Glioma,High - Low,0.631106373,0.066750887,0.126105483
HDAC11,Glioma,High - Low,-0.377283842,0.373353662,0.478122017
PLBD1,Glioma,High - Low,0.09245873,0.869197439,0.903708574
LPCAT1,Glioma,High - Low,2.150177888,0.004026033,0.018284029
TGS1,Glioma,High - Low,1.244706752,0.006077055,0.02396349
RIN3,Glioma,High - Low,1.015197477,0.145585646,0.228445932
MCMBP,Glioma,High - Low,0.844312685,0.009692034,0.032504559
ZNF672,Glioma,High - Low,1.928833842,0.001032788,0.008442352
ATP8B4,Glioma,High - Low,0.254131224,0.649096771,0.7304361
THNSL1,Glioma,High - Low,0.449500078,0.287918055,0.390684122
ZNF613,Glioma,High - Low,0.607009887,0.206527217,0.300670281
PRR5L,Glioma,High - Low,0.334412093,0.508452311,0.606244068
NUP85,Glioma,High - Low,1.515754211,0.000511493,0.005607739
MORN1,Glioma,High - Low,0.614827621,0.180399253,0.270004272
AGO3,Glioma,High - Low,1.091373789,0.043911776,0.092418724
PYROXD1,Glioma,High - Low,0.612331468,0.011582026,0.036540596
ACTR5,Glioma,High - Low,1.621686524,0.001833256,0.011408188
PREX2,Glioma,High - Low,0.365682656,0.377315993,0.482064627
MAP6D1,Glioma,High - Low,-0.18611836,0.727870838,0.795632412
KIAA0319L,Glioma,High - Low,0.292425478,0.118378592,0.194519441
COQ8B,Glioma,High - Low,0.796693851,0.003239468,0.016045455
PHF20L1,Glioma,High - Low,0.736910524,0.000763081,0.007016657
SLC35E1,Glioma,High - Low,1.871208609,1.48E-05,0.001039509
L2HGDH,Glioma,High - Low,0.770371914,0.093196865,0.162503307
DHDDS,Glioma,High - Low,1.384766073,0.006591858,0.025127993
SYNDIG1,Glioma,High - Low,0.809068098,0.115916139,0.191289388
ERMP1,Glioma,High - Low,-0.08642489,0.755492796,0.817621424
PAQR6,Glioma,High - Low,0.370251572,0.414602223,0.517912939
DENND1C,Glioma,High - Low,0.198061537,0.659388081,0.739936471
JADE1,Glioma,High - Low,0.467708433,0.125480799,0.203432404
DNAJC22,Glioma,High - Low,0.741682058,0.257965971,0.358703107
SCD5,Glioma,High - Low,0.98263205,0.145872325,0.228813508
WDR76,Glioma,High - Low,0.519944255,0.328782873,0.43333543
WLS,Glioma,High - Low,0.661090246,0.09598114,0.16603
TRMT2B,Glioma,High - Low,0.301830116,0.176429252,0.265607474
NUP210,Glioma,High - Low,0.81499992,0.157428646,0.243115119
PLEKHH3,Glioma,High - Low,1.743903929,0.002033681,0.012163993
STN1,Glioma,High - Low,0.89496089,0.091446823,0.160183682
ELOVL7,Glioma,High - Low,0.335956059,0.363531053,0.468337309
ZCCHC4,Glioma,High - Low,0.223166507,0.484768618,0.583853878
DOCK5,Glioma,High - Low,-1.572521697,0.016533244,0.046442772
C10orf88,Glioma,High - Low,0.296477573,0.179512446,0.269104242
RMI1,Glioma,High - Low,1.749663274,0.004285567,0.01908535
PHC3,Glioma,High - Low,0.53087595,0.001493216,0.010072474
MINDY3,Glioma,High - Low,0.432879476,0.023982045,0.059989328
NAA25,Glioma,High - Low,1.553028825,2.01E-05,0.001227473
UBTD1,Glioma,High - Low,0.850334699,0.099664799,0.170665867
TMEM62,Glioma,High - Low,1.60173259,0.004499731,0.019651426
NRSN2,Glioma,High - Low,1.522608514,0.006316529,0.024569911
SLC8B1,Glioma,High - Low,-0.037734972,0.927303903,0.948012025
CSRNP3,Glioma,High - Low,1.171525742,0.01983537,0.052633911
MCF2L,Glioma,High - Low,0.081791938,0.882441522,0.913427383
PGAP1,Glioma,High - Low,1.786435655,3.60E-06,0.000560819
LRRTM4,Glioma,High - Low,1.381013145,0.059158582,0.115193829
GFM1,Glioma,High - Low,0.618330844,0.012141883,0.037671488
DCAF17,Glioma,High - Low,0.644423421,0.146557,0.229639876
ADAMTS20,Glioma,High - Low,0.055406131,0.930462647,0.950499136
CCDC15,Glioma,High - Low,-0.575621349,0.405558516,0.509203841
CEP135,Glioma,High - Low,0.798999327,0.049021929,0.100225502
KLHL18,Glioma,High - Low,0.138520183,0.679540323,0.756230243
ARHGEF15,Glioma,High - Low,-0.656975406,0.259136958,0.360025487
ZNF606,Glioma,High - Low,0.954121446,0.01504576,0.043712113
MZT2B,Glioma,High - Low,-1.241651488,0.000384237,0.004870106
ZNF614,Glioma,High - Low,0.081302355,0.707291137,0.779049622
CCDC33,Glioma,High - Low,-0.756806945,0.129422794,0.208327101
RPF1,Glioma,High - Low,1.563084481,0.00379646,0.017670479
ZNF703,Glioma,High - Low,0.424766025,0.344918754,0.449131899
PTGES2,Glioma,High - Low,0.25758733,0.094336323,0.163942857
SIKE1,Glioma,High - Low,1.784456467,0.002213388,0.01284086
THOC7,Glioma,High - Low,0.609247029,0.142241711,0.224354984
TOE1,Glioma,High - Low,0.516749225,0.272827382,0.374476246
SLC66A2,Glioma,High - Low,0.044971409,0.763751022,0.824181335
CWH43,Glioma,High - Low,-0.52900589,0.130762644,0.210096368
USP36,Glioma,High - Low,1.012602195,0.022366943,0.057185726
PGGHG,Glioma,High - Low,0.606221755,0.219535247,0.315587943
CTC1,Glioma,High - Low,1.13898961,0.000458879,0.005321617
IFT74,Glioma,High - Low,0.395582004,0.416734728,0.519697856
SPSB1,Glioma,High - Low,0.771349344,0.212332462,0.307155997
MYCT1,Glioma,High - Low,0.357568898,0.349254084,0.453559187
TEDC2,Glioma,High - Low,1.123820077,0.023129828,0.058451811
RUBCNL,Glioma,High - Low,0.210263271,0.691274208,0.765788408
CEP290,Glioma,High - Low,1.010541303,0.165269883,0.25211215
RNF34,Glioma,High - Low,0.388351469,0.10163272,0.17326526
MUS81,Glioma,High - Low,1.565745491,0.000236965,0.00380219
FUZ,Glioma,High - Low,1.379680117,0.010408677,0.034095773
HKDC1,Glioma,High - Low,-0.01608,0.976964048,0.984028793
WDR19,Glioma,High - Low,1.110685631,0.027344706,0.065801183
CHD9,Glioma,High - Low,1.38060564,0.000495422,0.005534443
FHOD3,Glioma,High - Low,0.388683649,0.383603557,0.488382086
PROSER1,Glioma,High - Low,1.054593877,0.00148712,0.010036529
ARMC9,Glioma,High - Low,0.89942851,0.059927114,0.116258068
CCDC92,Glioma,High - Low,0.170166319,0.53424221,0.629173251
ALPK1,Glioma,High - Low,0.300509816,0.661280286,0.741406301
CFAP43,Glioma,High - Low,0.863153245,0.222734593,0.319310477
NAA50,Glioma,High - Low,0.572373109,0.003371879,0.01644246
COQ10B,Glioma,High - Low,0.824105209,0.061636673,0.118712704
FAAP100,Glioma,High - Low,0.980118133,0.002956708,0.015234941
PIGZ,Glioma,High - Low,0.791817092,0.154884445,0.239988407
SIK3,Glioma,High - Low,0.341612526,0.221738455,0.318196141
NINL,Glioma,High - Low,-0.030495424,0.948448581,0.96355259
PLXNA2,Glioma,High - Low,-0.155582095,0.493792954,0.592108357
CEP63,Glioma,High - Low,0.84183067,0.053671397,0.106926294
SLC35F5,Glioma,High - Low,0.741717452,0.037011136,0.081648998
FAM214B,Glioma,High - Low,0.09347461,0.624157593,0.709444862
TANC2,Glioma,High - Low,1.472906127,0.000128423,0.00288276
C16orf70,Glioma,High - Low,0.924605741,0.010739771,0.034788673
EDEM3,Glioma,High - Low,1.129036827,5.44E-05,0.001871415
ITPKC,Glioma,High - Low,1.107986629,0.073050973,0.135494601
TRIB1,Glioma,High - Low,0.668578904,0.338586654,0.442824399
GRPEL1,Glioma,High - Low,0.86229485,0.037954741,0.083100573
PLEKHO2,Glioma,High - Low,0.532106455,0.200105931,0.293555961
EFHD1,Glioma,High - Low,-0.297262753,0.654638445,0.735597422
WDCP,Glioma,High - Low,1.041633315,0.042911057,0.090823549
TRABD,Glioma,High - Low,1.509538689,0.008867259,0.030730286
FLAD1,Glioma,High - Low,0.952874445,0.030056079,0.070565976
EPC1,Glioma,High - Low,0.646364019,0.013429609,0.040291905
CXXC4,Glioma,High - Low,1.478384572,0.002728279,0.014532692
PUS1,Glioma,High - Low,1.346061472,0.012352157,0.038111951
WNT10A,Glioma,High - Low,-0.134670773,0.533887379,0.628840181
ULBP1,Glioma,High - Low,0.53521834,0.359620073,0.464029331
DNAJC5,Glioma,High - Low,0.603769944,0.050925988,0.103122395
WDR82,Glioma,High - Low,1.190655084,0.00246227,0.013591273
ZBTB46,Glioma,High - Low,0.359358321,0.399358194,0.503252823
PNPLA3,Glioma,High - Low,0.665848183,0.294441219,0.397271113
TRAF3IP3,Glioma,High - Low,-0.283418657,0.343834029,0.448329776
ZSCAN16,Glioma,High - Low,0.770746396,0.048078637,0.098775081
REEP4,Glioma,High - Low,0.110507403,0.832958844,0.876843732
WDR61,Glioma,High - Low,0.776199308,0.001845286,0.011452832
TNKS2,Glioma,High - Low,0.66862626,0.014939351,0.043505543
PDCD1LG2,Glioma,High - Low,0.108220542,0.824600909,0.871235458
UBXN6,Glioma,High - Low,0.512269341,9.27E-05,0.002446545
TTYH3,Glioma,High - Low,0.378714816,0.035369259,0.079093033
ARHGAP39,Glioma,High - Low,1.586912918,0.011058664,0.035410667
EHMT2,Glioma,High - Low,0.516110439,0.048634482,0.099682416
LY6G5C,Glioma,High - Low,0.672619046,0.076777155,0.140652482
PRR3,Glioma,High - Low,1.231585123,0.009625944,0.032379688
TMEM121,Glioma,High - Low,0.730722743,0.165701192,0.252593516
ITIH5,Glioma,High - Low,-0.19115018,0.697532699,0.771220708
NDFIP1,Glioma,High - Low,1.40735993,0.000698905,0.006645636
LIMD2,Glioma,High - Low,-0.090021139,0.828959852,0.873808175
TMEM177,Glioma,High - Low,1.598486826,0.021943347,0.056500342
B9D2,Glioma,High - Low,-0.0338607,0.937902658,0.95586203
CYB5B,Glioma,High - Low,0.662329987,0.00557236,0.022566938
ZNF34,Glioma,High - Low,0.608714713,0.180422207,0.270004272
WDR59,Glioma,High - Low,0.557549096,0.08512908,0.151955699
CPEB1,Glioma,High - Low,-0.542447632,0.300603215,0.404048457
CPEB4,Glioma,High - Low,0.659916959,0.004591118,0.019914964
INTS5,Glioma,High - Low,2.021442006,2.59E-06,0.000466903
HID1,Glioma,High - Low,-0.293539892,0.458192594,0.55920168
EEPD1,Glioma,High - Low,1.049110768,0.0244402,0.060752831
DDHD1,Glioma,High - Low,0.649831065,0.019500191,0.051946286
BHLHB9,Glioma,High - Low,0.926944029,0.060213112,0.116653295
DUSP16,Glioma,High - Low,1.157717622,0.065604382,0.124432592
APOL4,Glioma,High - Low,0.053648487,0.914400562,0.938337374
SH3BP5L,Glioma,High - Low,1.370261091,0.001132571,0.008864939
LNPK,Glioma,High - Low,0.976090625,0.000675347,0.006511279
PRRT1,Glioma,High - Low,0.040636421,0.942795927,0.959581145
DDX11,Glioma,High - Low,1.512929624,0.049552782,0.100979701
MAP2K2,Glioma,High - Low,0.627613638,0.015281784,0.044129775
SMCP,Glioma,High - Low,1.037630112,0.097727846,0.168361932
RAI1,Glioma,High - Low,1.466723691,0.004723023,0.020294894
SERPINB1,Glioma,High - Low,0.672278609,0.346517801,0.450844351
PTPRO,Glioma,High - Low,1.497011553,0.00141379,0.009757912
WNT3,Glioma,High - Low,0.582344156,0.178042007,0.267328441
TMX1,Glioma,High - Low,0.572653442,0.005395144,0.022123835
OSBP2,Glioma,High - Low,0.77217585,0.260827436,0.361759917
NRBF2,Glioma,High - Low,1.415047793,0.008104748,0.028820063
S1PR5,Glioma,High - Low,-1.12601077,0.113852915,0.188836613
BHLHE41,Glioma,High - Low,0.123296958,0.822899646,0.869871231
HMGN5,Glioma,High - Low,2.206105102,3.49E-08,5.07E-05
AKNA,Glioma,High - Low,0.85998667,0.160321678,0.246314449
ILKAP,Glioma,High - Low,0.463907991,0.048257427,0.099033619
TMPRSS5,Glioma,High - Low,2.317130523,0.000372821,0.004771602
SLC25A32,Glioma,High - Low,1.654859736,0.000228763,0.003730002
CLPTM1L,Glioma,High - Low,0.770058574,0.021727853,0.056103493
PTDSS2,Glioma,High - Low,0.757878845,0.006526658,0.025042716
SYNC,Glioma,High - Low,-0.872597418,0.125018441,0.202801109
HM13,Glioma,High - Low,0.701003446,0.026278752,0.063964995
ITFG1,Glioma,High - Low,0.639082902,0.00445373,0.019541785
SGPP1,Glioma,High - Low,0.018032901,0.871826174,0.905866209
GDPD5,Glioma,High - Low,0.633174122,0.250726194,0.350684548
STMN4,Glioma,High - Low,-0.00200211,0.997943232,0.99862968
VOPP1,Glioma,High - Low,0.712519211,0.033957256,0.076787001
CYRIA,Glioma,High - Low,0.407387147,0.187522725,0.278655662
FAM117A,Glioma,High - Low,1.55989526,0.009669375,0.032461827
SLC2A11,Glioma,High - Low,0.632344241,0.115688369,0.191055194
NDEL1,Glioma,High - Low,0.935649057,0.002847454,0.014919739
CSRNP2,Glioma,High - Low,0.378873835,0.01337633,0.040196533
TXNDC5,Glioma,High - Low,1.31817509,0.028513434,0.067828196
MRPS26,Glioma,High - Low,1.106288382,0.000360021,0.004694971
PDRG1,Glioma,High - Low,1.698134479,0.00543717,0.022211817
ANKRD13C,Glioma,High - Low,0.016533915,0.904558606,0.930425472
APOLD1,Glioma,High - Low,0.31664148,0.456092237,0.557313641
CCDC130,Glioma,High - Low,1.23316385,0.003988603,0.018164446
COL21A1,Glioma,High - Low,-0.03425401,0.94720548,0.962605386
PLA2G12A,Glioma,High - Low,0.961373504,2.24E-05,0.001281426
OR5V1,Glioma,High - Low,0.720748917,0.237536976,0.33622396
CTNNBL1,Glioma,High - Low,0.948170717,0.01896892,0.050977026
DDX17,Glioma,High - Low,0.864849571,0.000684502,0.006564232
APOL2,Glioma,High - Low,0.628456816,0.138899938,0.220278209
MAP4,Glioma,High - Low,0.140307461,0.506444161,0.604179808
ZNF696,Glioma,High - Low,0.794433723,0.010538459,0.034426158
STK33,Glioma,High - Low,1.423865602,0.013951928,0.041300608
CPLANE2,Glioma,High - Low,-0.617749949,0.013745168,0.040845548
OR2A4,Glioma,High - Low,0.500483213,0.456740629,0.55787295
TRIM8,Glioma,High - Low,0.743771226,0.002589744,0.014075349
URM1,Glioma,High - Low,0.916082931,6.65E-06,0.00072233
LBH,Glioma,High - Low,2.00778913,0.004448859,0.0195372
SNX27,Glioma,High - Low,0.861202004,0.000818996,0.007354678
TMEM163,Glioma,High - Low,1.072402896,0.091878664,0.160674147
CAB39L,Glioma,High - Low,0.755024142,0.173250513,0.261599676
CDT1,Glioma,High - Low,0.398462124,0.571597565,0.662308382
UNC93B1,Glioma,High - Low,0.283927605,0.669843211,0.748315458
TRMT1L,Glioma,High - Low,0.872682784,0.005374733,0.022073834
TSC22D4,Glioma,High - Low,1.479980791,0.006212151,0.024311483
VMP1,Glioma,High - Low,1.11400904,0.003621668,0.017112415
C6orf62,Glioma,High - Low,0.883790455,1.56E-05,0.001073907
ISCA1,Glioma,High - Low,1.55856776,0.000519862,0.00565798
C1QTNF3,Glioma,High - Low,0.93494744,0.099494044,0.170486185
PHACTR1,Glioma,High - Low,-0.363254079,0.396306376,0.500515036
PPP1R14C,Glioma,High - Low,-0.180199084,0.633918545,0.717694545
ADAMTS10,Glioma,High - Low,1.338975203,0.093827119,0.163231261
SLCO5A1,Glioma,High - Low,1.31360748,0.052805126,0.105751186
TRIM56,Glioma,High - Low,0.801115449,0.016256049,0.045940092
SBF2,Glioma,High - Low,2.046623484,3.50E-05,0.001512467
RNF146,Glioma,High - Low,0.88666454,0.008816585,0.03061073
ST6GALNAC5,Glioma,High - Low,-1.088360615,0.0589521,0.114911396
MED25,Glioma,High - Low,0.919585909,0.009423019,0.031969336
RAB1B,Glioma,High - Low,0.6946078,0.001303021,0.009394521
HNRNPA1,Glioma,High - Low,1.365586655,1.18E-06,0.000307541
FAHD1,Glioma,High - Low,1.199342273,0.012370731,0.038146488
QTRT1,Glioma,High - Low,1.342501464,0.000495942,0.005534443
SLIRP,Glioma,High - Low,0.62521074,0.006306972,0.024555973
SLC25A28,Glioma,High - Low,1.458585456,0.013275242,0.039975332
CABLES2,Glioma,High - Low,0.744735364,0.15300433,0.237745248
KIF18A,Glioma,High - Low,1.380207593,0.006438025,0.024835804
ZNF93,Glioma,High - Low,1.051926147,0.001436162,0.009860342
HDHD3,Glioma,High - Low,0.245621374,0.535066276,0.629718899
PITPNM3,Glioma,High - Low,-0.786470237,0.14477565,0.22743127
NECAB3,Glioma,High - Low,0.740621796,0.181154158,0.270882982
TEX13B,Glioma,High - Low,-0.158863348,0.776420774,0.834800082
ETNPPL,Glioma,High - Low,-1.156101778,0.191584338,0.283404557
MRPS15,Glioma,High - Low,0.141628184,0.586944829,0.675711654
TCF7L1,Glioma,High - Low,0.856679189,0.010881582,0.035031362
SH3BGRL3,Glioma,High - Low,-0.068675732,0.820585483,0.868196018
SF3B5,Glioma,High - Low,0.381534337,0.013687641,0.040739322
INO80B,Glioma,High - Low,0.793560259,0.010809832,0.034912141
RNF208,Glioma,High - Low,0.906026021,0.084289667,0.150889337
EMC6,Glioma,High - Low,1.262196544,0.00393683,0.018024765
GLT8D2,Glioma,High - Low,-0.038411191,0.948907621,0.963926409
KATNAL2,Glioma,High - Low,0.153985101,0.737377728,0.802534214
PUS3,Glioma,High - Low,1.897168277,2.18E-05,0.001281426
PLVAP,Glioma,High - Low,0.507445254,0.343857604,0.448329776
CPVL,Glioma,High - Low,1.151720747,0.054482416,0.108114318
HUWE1,Glioma,High - Low,0.627101908,0.003112328,0.015655093
GABARAPL1,Glioma,High - Low,-0.637244044,0.026314082,0.064021972
CECR2,Glioma,High - Low,1.351548099,0.01186633,0.03711559
MARK4,Glioma,High - Low,0.366264923,0.012269778,0.037933459
MRPL9,Glioma,High - Low,0.653294907,0.009795726,0.032751644
CHST9,Glioma,High - Low,0.685994139,0.267423993,0.368799488
NUF2,Glioma,High - Low,0.66902956,0.252495643,0.352744926
FAM110A,Glioma,High - Low,1.174992886,0.015993011,0.045441949
AIF1L,Glioma,High - Low,1.232057873,0.16117325,0.247274592
UCK1,Glioma,High - Low,0.774420501,0.005701462,0.022947814
THAP2,Glioma,High - Low,1.210769373,0.008487578,0.029792992
NUDT12,Glioma,High - Low,1.359278797,0.002095565,0.012386676
SOX7,Glioma,High - Low,0.13573318,0.816562514,0.865443492
TMEM47,Glioma,High - Low,0.475361801,0.409755687,0.513095946
AMMECR1L,Glioma,High - Low,0.827328989,0.005183759,0.021459025
C19orf12,Glioma,High - Low,0.116685535,0.672705311,0.75080817
ZMIZ2,Glioma,High - Low,0.531212129,0.001189565,0.009018428
RAMAC,Glioma,High - Low,0.655350446,0.010228919,0.033734819
FAM107B,Glioma,High - Low,0.235674864,0.622483947,0.707893435
CCDC3,Glioma,High - Low,-0.346425082,0.560695963,0.653189096
SESN2,Glioma,High - Low,0.222492698,0.398422257,0.502460279
RPS6KL1,Glioma,High - Low,0.510574855,0.16165484,0.247781177
CALN1,Glioma,High - Low,-0.240607109,0.608477179,0.694622645
SH3BGRL2,Glioma,High - Low,-0.067891185,0.907122079,0.932329805
FERMT3,Glioma,High - Low,0.121479884,0.755548889,0.817621424
CRISPLD2,Glioma,High - Low,1.122693309,0.171918698,0.259952527
TLCD3B,Glioma,High - Low,0.938485067,0.030057775,0.070565976
SLC25A18,Glioma,High - Low,1.742566837,0.056404497,0.110853209
MARVELD1,Glioma,High - Low,0.219248921,0.614582637,0.700568559
L3MBTL2,Glioma,High - Low,1.46264671,0.000308302,0.004354481
LONP2,Glioma,High - Low,1.148165241,0.004674408,0.020145497
RBM4B,Glioma,High - Low,0.484353591,0.052511518,0.105336802
MAP2,Glioma,High - Low,1.52400101,0.05984014,0.116123752
NBR1,Glioma,High - Low,0.881536901,0.000643658,0.006336402
FZD8,Glioma,High - Low,0.122519985,0.820584197,0.868196018
BBS2,Glioma,High - Low,0.871617941,0.000869569,0.007590181
KCNA7,Glioma,High - Low,0.219095119,0.677223645,0.754372059
CDH20,Glioma,High - Low,0.762693083,0.250257654,0.350104014
CACNG8,Glioma,High - Low,0.650147516,0.383925108,0.488696426
CACNG7,Glioma,High - Low,0.914668923,0.035531163,0.079319611
GORASP1,Glioma,High - Low,0.897164365,0.006714418,0.025430104
MRPS5,Glioma,High - Low,0.703830609,0.000396778,0.004919746
MRPL32,Glioma,High - Low,1.642566683,0.000215866,0.003589576
FRMD8,Glioma,High - Low,0.653382498,0.126015254,0.204096699
C1QTNF6,Glioma,High - Low,1.19819829,0.098393139,0.169218623
ESYT3,Glioma,High - Low,-0.576711773,0.28966237,0.392522191
SETDB2,Glioma,High - Low,-0.026355141,0.911978169,0.936291866
ROPN1L,Glioma,High - Low,-0.489639612,0.29833382,0.401488817
ANGPTL6,Glioma,High - Low,-0.529580524,0.182470253,0.272477534
KLF16,Glioma,High - Low,1.335835791,0.010871856,0.035015169
FSD1L,Glioma,High - Low,0.891718126,0.083473634,0.149941046
TAF3,Glioma,High - Low,1.628909748,0.000322305,0.004462744
RSPH3,Glioma,High - Low,0.786603387,0.047501611,0.097989379
TMEM120A,Glioma,High - Low,1.616252108,9.60E-05,0.002485029
HMCN1,Glioma,High - Low,-0.715629581,0.17815423,0.267435603
TBC1D10A,Glioma,High - Low,1.320450069,0.01431561,0.042093438
USHBP1,Glioma,High - Low,0.85005768,0.046996753,0.097223652
AGAP3,Glioma,High - Low,0.509022813,0.067045189,0.126523877
SLC25A2,Glioma,High - Low,0.22773124,0.591418865,0.679903609
SNX25,Glioma,High - Low,0.101832202,0.859735528,0.896862183
KCTD10,Glioma,High - Low,0.270976987,0.118761216,0.195025788
KRTAP9-2,Glioma,High - Low,1.224322108,0.105991489,0.17883332
HASPIN,Glioma,High - Low,0.100275743,0.852218967,0.891649587
EIF4H,Glioma,High - Low,0.633818921,5.66E-05,0.001897272
TMEM245,Glioma,High - Low,0.685154358,0.010907999,0.035090525
NDRG3,Glioma,High - Low,0.576424215,0.004678265,0.020155487
MRPS24,Glioma,High - Low,1.037870861,5.77E-05,0.001911579
STARD3NL,Glioma,High - Low,1.15530188,0.000895482,0.007718172
STK40,Glioma,High - Low,0.574776976,0.160049158,0.246184636
HDAC10,Glioma,High - Low,0.697876411,0.032093059,0.07397789
FUCA2,Glioma,High - Low,-0.622912025,0.082973268,0.149206016
RASSF4,Glioma,High - Low,1.238532171,0.004954545,0.0207783
EIF2A,Glioma,High - Low,0.768209669,0.006927527,0.025996592
TM2D1,Glioma,High - Low,0.328840409,0.201680324,0.295270097
SLC4A11,Glioma,High - Low,0.702538225,0.182387633,0.272385227
IFI27L2,Glioma,High - Low,0.668381096,0.029152097,0.06887921
SPNS1,Glioma,High - Low,2.130604353,4.97E-06,0.000652005
FAM234A,Glioma,High - Low,1.173210071,0.022429108,0.057278002
B3GNT5,Glioma,High - Low,0.538396625,0.289789186,0.39261277
EMILIN2,Glioma,High - Low,-1.074847244,0.050446354,0.102370446
SEMA6B,Glioma,High - Low,0.673594042,0.263709381,0.364829556
DMRTA2,Glioma,High - Low,1.322298628,0.022603853,0.057623101
MRPL14,Glioma,High - Low,0.785464502,0.001934521,0.01180274
KATNAL1,Glioma,High - Low,0.187396705,0.530015117,0.625266813
MND1,Glioma,High - Low,0.852071129,0.16773838,0.254942157
WDR54,Glioma,High - Low,0.757437729,0.231885692,0.329721913
ADGRV1,Glioma,High - Low,1.647210074,0.033070018,0.075425773
RBM48,Glioma,High - Low,0.834942105,0.084021785,0.150595103
MAGT1,Glioma,High - Low,0.715632803,0.002239614,0.012889947
HDHD2,Glioma,High - Low,0.832043706,0.01001867,0.033276117
TMEM222,Glioma,High - Low,0.461809343,0.283009695,0.38562243
FHIP1B,Glioma,High - Low,0.320406479,0.045108951,0.094271588
ARMC2,Glioma,High - Low,-0.014349931,0.963038403,0.973747919
QRICH2,Glioma,High - Low,1.384768515,0.016512075,0.046413181
KBTBD7,Glioma,High - Low,1.198038795,0.003930024,0.018006221
ANKRD27,Glioma,High - Low,0.479447696,0.243758416,0.342990751
ENKD1,Glioma,High - Low,1.223376032,0.034104902,0.077055304
NSRP1,Glioma,High - Low,1.023393517,0.034958311,0.078428575
CEP192,Glioma,High - Low,1.083515199,0.011881972,0.037146767
ZRANB3,Glioma,High - Low,1.084652371,0.038302816,0.083639606
RAB6C,Glioma,High - Low,0.503645477,0.3329524,0.437380538
FBXO30,Glioma,High - Low,0.213185281,0.533316469,0.628280774
PCBD2,Glioma,High - Low,1.441985807,0.011260665,0.035820187
DSEL,Glioma,High - Low,1.168889819,0.044024294,0.092596972
ZNF394,Glioma,High - Low,1.131065142,0.022594574,0.057610663
SNX29,Glioma,High - Low,1.00100738,0.107554681,0.180911285
WDR75,Glioma,High - Low,1.05985568,0.003529739,0.016891684
ACAD11,Glioma,High - Low,0.214351156,0.634245734,0.717981964
USP42,Glioma,High - Low,1.198748203,0.000598163,0.00608893
TOMM40L,Glioma,High - Low,1.305211662,0.00218521,0.012744301
UTP15,Glioma,High - Low,0.620519692,0.137541588,0.218706827
PHAX,Glioma,High - Low,0.339105881,0.060739908,0.117363861
SLC7A6OS,Glioma,High - Low,0.650533997,0.063072282,0.120714134
ABRAXAS2,Glioma,High - Low,0.182904035,0.296832885,0.400085748
KAT8,Glioma,High - Low,1.647752377,0.003196628,0.015890607
PPP1R1B,Glioma,High - Low,-0.697134016,0.394615418,0.498764328
RPF2,Glioma,High - Low,0.839239518,0.02585253,0.063185957
SON,Glioma,High - Low,0.822290151,0.000278475,0.00414326
ARID5B,Glioma,High - Low,1.508028726,0.004292406,0.019096323
ASCC2,Glioma,High - Low,1.362600894,0.002657973,0.014295388
NLRC5,Glioma,High - Low,0.588205386,0.395796549,0.500030321
C19orf44,Glioma,High - Low,1.373945372,0.022070612,0.056683115
ANKRD17,Glioma,High - Low,0.784158248,0.005250737,0.021666528
SLC49A3,Glioma,High - Low,-0.05607955,0.887409497,0.917543437
CHD6,Glioma,High - Low,0.966616956,0.004418706,0.019453041
MINDY4,Glioma,High - Low,0.762733653,0.167924114,0.255120726
PCNX3,Glioma,High - Low,1.413121233,0.022968811,0.058202177
ZCCHC7,Glioma,High - Low,0.517995387,0.251280792,0.351310135
FAR1,Glioma,High - Low,0.548805496,0.049628523,0.101086846
SETD3,Glioma,High - Low,0.520873543,0.064395489,0.122681163
USP48,Glioma,High - Low,0.480889771,0.160435789,0.246455544
PLXNA1,Glioma,High - Low,0.633846885,0.078555485,0.143109359
MEX3B,Glioma,High - Low,1.007255529,0.114068605,0.189074597
WDR24,Glioma,High - Low,0.703221132,0.060574659,0.117115182
ZMYND15,Glioma,High - Low,0.390162444,0.448395559,0.550287564
LRRC8C,Glioma,High - Low,-0.014145096,0.972345074,0.980583383
TRAF7,Glioma,High - Low,0.431702119,0.218839568,0.31479526
MAF1,Glioma,High - Low,0.810723769,0.000147532,0.003066088
TMEM126A,Glioma,High - Low,1.095277627,0.005594977,0.022651526
RHBDD1,Glioma,High - Low,0.498745701,0.058383412,0.114047571
ATP13A4,Glioma,High - Low,0.885891804,0.040260771,0.086671206
ZDHHC18,Glioma,High - Low,1.224040779,0.016100435,0.045662082
MRI1,Glioma,High - Low,0.839532357,0.048722213,0.099768524
MED10,Glioma,High - Low,0.295984578,0.014262784,0.041983504
RTL6,Glioma,High - Low,1.063504455,0.001938092,0.011819019
PSD2,Glioma,High - Low,0.857162189,0.098587746,0.169442026
SLF1,Glioma,High - Low,0.843791054,0.085633696,0.152544488
SGIP1,Glioma,High - Low,0.131156234,0.799437215,0.852780794
GARNL3,Glioma,High - Low,0.504500482,0.368884699,0.473808552
SLC37A3,Glioma,High - Low,0.749444418,0.010060548,0.033322226
SYT3,Glioma,High - Low,0.674505925,0.297975334,0.401130068
DCUN1D5,Glioma,High - Low,1.181835561,0.020786731,0.054464813
FBXW9,Glioma,High - Low,0.866271453,0.109543751,0.183526083
HSDL2,Glioma,High - Low,0.92363252,0.04003684,0.08631687
HAGHL,Glioma,High - Low,-0.087783303,0.752641375,0.815351111
POLR3GL,Glioma,High - Low,0.931580161,0.009542038,0.032174582
ALKBH7,Glioma,High - Low,0.736969473,0.007545549,0.027555989
C9orf64,Glioma,High - Low,0.42601939,0.405646321,0.509216422
CARD19,Glioma,High - Low,0.294497021,0.538276065,0.632643494
POLDIP3,Glioma,High - Low,1.532418089,0.000295433,0.004228643
YIPF4,Glioma,High - Low,0.63369487,0.013467493,0.040340015
NOA1,Glioma,High - Low,1.154198981,0.03985849,0.086065893
SLC25A33,Glioma,High - Low,1.622301129,0.007799406,0.028069715
NICN1,Glioma,High - Low,0.060765044,0.832530176,0.876583643
DNAJC30,Glioma,High - Low,0.756675746,0.020209116,0.053378647
PRADC1,Glioma,High - Low,0.797560709,0.02941489,0.069342664
BTBD10,Glioma,High - Low,0.196649507,0.365306182,0.470115377
RNF135,Glioma,High - Low,0.595680346,0.334963446,0.439270473
EIF1AD,Glioma,High - Low,1.224837565,0.001994806,0.012035945
TMEM175,Glioma,High - Low,0.93768583,0.001291016,0.009359507
EFCAB2,Glioma,High - Low,1.171274243,0.015815014,0.045112413
WDR83,Glioma,High - Low,1.520329986,0.010044645,0.033311688
PRXL2A,Glioma,High - Low,0.168759476,0.66640712,0.745654021
UTP23,Glioma,High - Low,1.116492657,0.015896257,0.045265267
PHF6,Glioma,High - Low,1.245200159,0.012729197,0.03885833
LLPH,Glioma,High - Low,0.848580556,0.001510149,0.010170975
DDI2,Glioma,High - Low,0.61042315,0.08378907,0.150322047
CHCHD6,Glioma,High - Low,1.639828747,0.000122578,0.002822948
PYM1,Glioma,High - Low,0.735696187,0.133107107,0.21302669
PDCD2L,Glioma,High - Low,1.552365029,0.004654195,0.02009808
BRMS1L,Glioma,High - Low,1.847915282,2.02E-05,0.001227473
VPS25,Glioma,High - Low,0.877948066,0.011601782,0.036590891
NAA38,Glioma,High - Low,0.726322298,0.000140317,0.002977581
CCDC115,Glioma,High - Low,1.168916944,0.01066785,0.03468725
DNAJC14,Glioma,High - Low,0.274597238,0.022403036,0.057233745
ZBED3,Glioma,High - Low,1.560887936,0.000485585,0.005490372
LZIC,Glioma,High - Low,0.854309778,0.029947567,0.070357707
AKT1S1,Glioma,High - Low,0.725819569,0.030472974,0.071297827
ELOF1,Glioma,High - Low,1.474325048,0.000169412,0.003224007
EEF1D,Glioma,High - Low,0.94806128,0.000645443,0.006339669
SYTL2,Glioma,High - Low,0.468914236,0.355114155,0.459165479
COG8,Glioma,High - Low,0.719239304,0.017617723,0.048449664
HPS3,Glioma,High - Low,0.599566851,0.074223438,0.137260942
FAXDC2,Glioma,High - Low,0.435822185,0.324769493,0.429472474
ARFGAP2,Glioma,High - Low,0.955928513,0.022691798,0.057728914
NIFK,Glioma,High - Low,1.663623315,0.000701193,0.006645636
PRAC1,Glioma,High - Low,0.960088698,0.138138229,0.219362502
BAZ1B,Glioma,High - Low,1.106756491,0.004169772,0.018727941
PINK1,Glioma,High - Low,-0.233628803,0.390102271,0.494635777
CYSTM1,Glioma,High - Low,0.127483445,0.65425979,0.735235038
C15orf48,Glioma,High - Low,-0.060735897,0.86574099,0.90154671
CARD11,Glioma,High - Low,0.230596813,0.480248055,0.579261887
ZNF528,Glioma,High - Low,0.579264678,0.355204465,0.459236897
MSANTD4,Glioma,High - Low,1.946445533,0.000338122,0.004548231
MAML2,Glioma,High - Low,2.567191412,0.000974816,0.008131721
FRMPD3,Glioma,High - Low,1.87428764,0.006811873,0.025679935
LZTS2,Glioma,High - Low,0.884132397,0.080257604,0.145521785
BRSK1,Glioma,High - Low,0.335757472,0.524729562,0.620734022
ZNF333,Glioma,High - Low,2.633830534,1.14E-05,0.000932774
EFCAB7,Glioma,High - Low,0.171429695,0.602112623,0.689354719
L3MBTL3,Glioma,High - Low,0.95322076,0.041465807,0.088523041
PHYHIPL,Glioma,High - Low,1.51483679,0.059091315,0.115097082
SLX4,Glioma,High - Low,2.040022618,0.000693835,0.0066253
MEGF11,Glioma,High - Low,1.223691113,0.024186093,0.060300234
FBN3,Glioma,High - Low,-0.856182069,0.141360111,0.223242952
FAM120B,Glioma,High - Low,0.708906855,0.031517346,0.073023644
CC2D1B,Glioma,High - Low,1.232051997,0.007727781,0.027912355
SPIRE2,Glioma,High - Low,-0.000669475,0.998635454,0.998964976
ZNF527,Glioma,High - Low,1.641402991,0.000498322,0.005552789
EFS,Glioma,High - Low,1.995325876,0.008016,0.028597679
ASPH,Glioma,High - Low,0.451750803,0.063229728,0.120944752
TNXB,Glioma,High - Low,1.007886573,0.022562068,0.057561411
PPIL3,Glioma,High - Low,0.910578717,0.049829106,0.101416521
MRPL41,Glioma,High - Low,-0.511046054,0.011698138,0.036774002
MRPL38,Glioma,High - Low,0.972572749,0.055981337,0.110186957
MRPL36,Glioma,High - Low,0.22818062,0.049169401,0.100417247
DOT1L,Glioma,High - Low,2.001129104,0.001986888,0.011995713
PLPP5,Glioma,High - Low,0.791818087,0.026547388,0.064427238
GHDC,Glioma,High - Low,0.838507462,0.098519138,0.169390816
MCM8,Glioma,High - Low,1.795198349,0.006951666,0.026057302
GON7,Glioma,High - Low,1.681891374,0.000392415,0.004907254
JAGN1,Glioma,High - Low,1.053917645,0.000388081,0.004896034
ZC3H8,Glioma,High - Low,1.229915481,0.048659301,0.099717675
ARHGAP9,Glioma,High - Low,0.554713944,0.236063262,0.334608238
UNC80,Glioma,High - Low,0.824738456,0.029421589,0.069345969
PGBD1,Glioma,High - Low,1.217755098,0.00589707,0.023496754
MAK16,Glioma,High - Low,1.334755998,0.001238645,0.009206727
PARD6G,Glioma,High - Low,-0.081107119,0.87861513,0.910679853
FAXC,Glioma,High - Low,-0.45777207,0.372177608,0.476974503
PDZD4,Glioma,High - Low,1.161787241,0.143996775,0.226556638
MAP1LC3A,Glioma,High - Low,-0.465165607,0.458536854,0.559361132
BOK,Glioma,High - Low,-1.380030029,0.067422739,0.127126428
LYZL1,Glioma,High - Low,0.885432089,0.164242427,0.250954148
PARD6B,Glioma,High - Low,0.616173898,0.230787957,0.328446383
NT5C1A,Glioma,High - Low,0.759443222,0.240478464,0.339396845
ZNF594,Glioma,High - Low,1.702517613,0.000214333,0.003589576
KRBA1,Glioma,High - Low,1.585302562,0.004250636,0.019005637
NTNG2,Glioma,High - Low,0.188903474,0.740451764,0.80507681
TTBK1,Glioma,High - Low,0.346357349,0.332080998,0.436364564
SCOC,Glioma,High - Low,0.84162023,0.069143283,0.129753906
ABTB1,Glioma,High - Low,-0.218491477,0.70550478,0.777539906
IMMP2L,Glioma,High - Low,1.176857747,0.001253712,0.009234257
IL1F10,Glioma,High - Low,1.081924529,0.050313063,0.102163296
USP38,Glioma,High - Low,1.764696855,0.002885822,0.015035442
MFSD14B,Glioma,High - Low,0.292254903,0.122632643,0.199953823
GLYR1,Glioma,High - Low,0.811105463,0.000107365,0.002627521
DPY30,Glioma,High - Low,0.513194077,0.023910729,0.059882014
FAM126A,Glioma,High - Low,1.872482728,0.006562415,0.025101285
USP32,Glioma,High - Low,0.655226624,0.000238726,0.003816403
CARD6,Glioma,High - Low,-0.148465369,0.8053737,0.857227693
HINT2,Glioma,High - Low,1.05642515,0.003822294,0.017696959
PPP1R9B,Glioma,High - Low,0.696999434,0.006515784,0.025032618
MS4A14,Glioma,High - Low,-0.417939816,0.429832113,0.532682618
LOXL3,Glioma,High - Low,0.054243136,0.841748656,0.883377296
LNX1,Glioma,High - Low,-0.984249206,0.096455132,0.16665176
RBBP6,Glioma,High - Low,1.368249007,0.00065058,0.006367402
CINP,Glioma,High - Low,0.521235618,0.204811562,0.298718701
PAPOLA,Glioma,High - Low,0.770569565,0.00072464,0.006767269
GATA2,Glioma,High - Low,0.03814208,0.896263691,0.924653732
WNT5B,Glioma,High - Low,0.771519198,0.093871007,0.163264227
TTYH2,Glioma,High - Low,0.395136528,0.41963499,0.522916239
CBX2,Glioma,High - Low,0.326160134,0.615946068,0.701634058
CNDP1,Glioma,High - Low,-1.404708207,0.084618558,0.151271269
DHX37,Glioma,High - Low,1.016650158,0.000320904,0.004456468
USP30,Glioma,High - Low,0.920910951,0.081767534,0.147463131
PCGF1,Glioma,High - Low,0.592207763,0.000820455,0.007354837
TRIM51,Glioma,High - Low,0.442755131,0.039162911,0.084950297
KMT5C,Glioma,High - Low,0.564836892,0.173855113,0.262305255
TUBA1C,Glioma,High - Low,0.572079376,0.019944672,0.052864107
INF2,Glioma,High - Low,-0.438175301,0.068734284,0.129115923
PLCD4,Glioma,High - Low,-0.299798793,0.406588649,0.510105901
INA,Glioma,High - Low,0.098302237,0.827996149,0.873284484
PLPP7,Glioma,High - Low,0.085807124,0.735268655,0.800837908
RTN4IP1,Glioma,High - Low,0.687724974,0.132968606,0.212883097
TXNDC17,Glioma,High - Low,1.045364362,0.003685978,0.017297407
BEST3,Glioma,High - Low,1.441192047,0.015559215,0.044625805
LMNB2,Glioma,High - Low,2.236078458,0.000424962,0.005113991
AGPAT1,Glioma,High - Low,1.368982366,0.000453648,0.005289058
ATP5MK,Glioma,High - Low,0.680926876,0.000970499,0.008124613
ABHD14B,Glioma,High - Low,1.269338577,0.005429764,0.022195412
ZNF496,Glioma,High - Low,1.146953704,0.086654798,0.153881903
PHF5A,Glioma,High - Low,1.18373178,0.013182596,0.039759146
TRIM52,Glioma,High - Low,0.88836512,0.052806939,0.105751186
ZNF503,Glioma,High - Low,1.639342351,0.001240555,0.009206727
LRCH3,Glioma,High - Low,1.310625972,0.006307685,0.024555973
KLHL22,Glioma,High - Low,1.309914384,0.004134975,0.018630152
TMEM25,Glioma,High - Low,0.387439455,0.224099027,0.320950401
HAVCR2,Glioma,High - Low,0.227902854,0.712132038,0.783261489
AGBL4,Glioma,High - Low,-0.403663336,0.498351728,0.596427713
ZC3H10,Glioma,High - Low,1.360889298,0.011779124,0.036939896
ZNF514,Glioma,High - Low,0.850980428,0.052453672,0.105253016
ZBTB45,Glioma,High - Low,0.894075531,0.061830179,0.118984847
MFSD2A,Glioma,High - Low,1.137167287,0.000325131,0.004466889
RPUSD4,Glioma,High - Low,0.828022831,0.001104189,0.008745699
SYAP1,Glioma,High - Low,0.739549854,0.036655933,0.081152541
AIFM2,Glioma,High - Low,0.633847868,0.123872975,0.201350577
JAM3,Glioma,High - Low,0.258814632,0.301679599,0.405283294
SPPL2A,Glioma,High - Low,1.268610124,0.002151079,0.012623972
ADO,Glioma,High - Low,0.860818974,0.012784342,0.038976305
POMGNT2,Glioma,High - Low,0.637592764,0.008794385,0.030566734
LINGO1,Glioma,High - Low,0.782435635,0.144275908,0.226907443
MIGA2,Glioma,High - Low,0.597435614,0.035779966,0.079739081
ATAD1,Glioma,High - Low,0.645702914,0.001060208,0.008524311
PLXDC2,Glioma,High - Low,-0.242822514,0.683249323,0.759083489
CEP89,Glioma,High - Low,0.585192999,0.214115419,0.309086349
ZNF341,Glioma,High - Low,1.201491441,0.017622232,0.048451122
FAM136A,Glioma,High - Low,1.844445316,0.000164101,0.003192532
TMEM87B,Glioma,High - Low,0.51981598,0.194509734,0.286792336
ZNF382,Glioma,High - Low,0.035173818,0.955209664,0.967901571
SLC35B4,Glioma,High - Low,0.052631952,0.706505559,0.778577333
FAM222A,Glioma,High - Low,2.360801105,0.005338494,0.021966343
PPP1R15B,Glioma,High - Low,1.02496241,2.45E-07,0.000128317
FIZ1,Glioma,High - Low,0.667194183,0.01025863,0.033798752
FAM104A,Glioma,High - Low,0.666392113,0.033159773,0.075532518
SLC49A4,Glioma,High - Low,0.815260466,0.06439988,0.122681163
SPRYD3,Glioma,High - Low,0.081555064,0.661206502,0.741387063
TMEM209,Glioma,High - Low,1.680386988,0.00222149,0.012862183
FIBCD1,Glioma,High - Low,-0.276690278,0.575219665,0.665431267
C8orf76,Glioma,High - Low,0.481149212,0.200361604,0.293784665
PWWP3A,Glioma,High - Low,1.25643435,0.013425318,0.040288262
CORO6,Glioma,High - Low,0.461440198,0.529982295,0.625266813
ABHD13,Glioma,High - Low,0.850101766,0.10266157,0.174632706
LTV1,Glioma,High - Low,1.379926736,0.001230436,0.009190015
TIGD5,Glioma,High - Low,1.675802514,0.000723394,0.006766124
PRPF38A,Glioma,High - Low,0.885645503,0.012336043,0.038093352
CGNL1,Glioma,High - Low,0.311003827,0.519213764,0.615488078
MPND,Glioma,High - Low,0.983701717,0.107604379,0.180971629
NUDCD1,Glioma,High - Low,1.827854141,0.001753615,0.011183671
UBASH3B,Glioma,High - Low,1.302852565,0.034872772,0.078299813
AJUBA,Glioma,High - Low,0.470960053,0.398144391,0.502303383
ALKBH6,Glioma,High - Low,0.907199708,0.023432273,0.059033818
IGSF21,Glioma,High - Low,0.676587024,0.162953597,0.249479823
LSM10,Glioma,High - Low,1.071587633,0.018758077,0.05060777
COL27A1,Glioma,High - Low,0.85555491,0.161474845,0.247607684
DISP1,Glioma,High - Low,0.67000273,0.184286761,0.274657548
FRMD5,Glioma,High - Low,0.557941364,0.382284414,0.486939374
CEP19,Glioma,High - Low,0.121780111,0.683555397,0.759357781
RBM17,Glioma,High - Low,1.558630095,0.006023907,0.023836093
UBL7,Glioma,High - Low,0.245544574,0.095003773,0.164818391
RERG,Glioma,High - Low,-0.092715609,0.854278185,0.893161724
ZNF3,Glioma,High - Low,1.076718866,0.003240219,0.016045455
TCEAL3,Glioma,High - Low,0.378949621,0.03692217,0.081548917
TMEM141,Glioma,High - Low,0.816990793,0.062512467,0.119923183
RAB11FIP4,Glioma,High - Low,-0.288838836,0.497510558,0.595693254
TMEM241,Glioma,High - Low,0.537678246,0.181184577,0.27089753
TMEM60,Glioma,High - Low,1.148456333,0.009900961,0.033019176
POLR2C,Glioma,High - Low,0.636342049,0.016492393,0.046387734
RECQL,Glioma,High - Low,0.697810166,0.10020171,0.171316399
AIF1,Glioma,High - Low,-0.083358731,0.86768051,0.902776615
DTNA,Glioma,High - Low,0.81094175,0.113265742,0.18813379
CASP2,Glioma,High - Low,0.69863625,0.000293858,0.004228643
SEC23B,Glioma,High - Low,1.083204994,0.000793942,0.007193833
CASP6,Glioma,High - Low,0.655084525,0.275783731,0.377900198
GAR1,Glioma,High - Low,0.966387183,1.88E-05,0.001177787
PDGFB,Glioma,High - Low,-0.419002057,0.479787484,0.578973044
SYDE1,Glioma,High - Low,1.130893777,0.02952088,0.069554955
BBS4,Glioma,High - Low,1.429852792,0.013401694,0.040248279
MYO1G,Glioma,High - Low,0.648935933,0.308673907,0.412647281
MFSD14A,Glioma,High - Low,1.150391082,0.02975118,0.070021965
OR2B2,Glioma,High - Low,-0.092236763,0.803648774,0.856157315
KRTAP4-7,Glioma,High - Low,0.791669705,0.195909272,0.288595871
ATCAY,Glioma,High - Low,0.977689301,0.098629966,0.169463398
SARNP,Glioma,High - Low,0.876997223,0.003349636,0.016392281
EAF1,Glioma,High - Low,0.877387785,0.019159972,0.051321914
FGD3,Glioma,High - Low,-0.041932443,0.901586884,0.928243853
ALG2,Glioma,High - Low,1.073337418,0.010002716,0.033231555
ZCCHC3,Glioma,High - Low,0.851527276,0.006383401,0.024737265
TRIM5,Glioma,High - Low,1.829971915,0.011992147,0.037321887
RHPN2,Glioma,High - Low,0.681743786,0.0509807,0.103182919
STON2,Glioma,High - Low,-0.288530463,0.292904897,0.395810075
HSFY1,Glioma,High - Low,-0.291949268,0.55340196,0.646648091
PNPT1,Glioma,High - Low,1.379211328,0.011165938,0.035675249
RRP36,Glioma,High - Low,0.939015798,0.000136264,0.002934234
ZNF628,Glioma,High - Low,0.189939916,0.642116222,0.724074386
ZCRB1,Glioma,High - Low,0.373827187,0.338191806,0.442484793
TBCK,Glioma,High - Low,0.754973653,0.000176056,0.003292999
NEK9,Glioma,High - Low,1.054468979,0.002837043,0.014911802
RBM18,Glioma,High - Low,0.618968668,0.091669615,0.1604157
NKD2,Glioma,High - Low,0.150970367,0.818443508,0.86677027
ANKRD13A,Glioma,High - Low,0.087783698,0.761104708,0.822138762
SEC16B,Glioma,High - Low,0.342597289,0.529991533,0.625266813
SCIN,Glioma,High - Low,-0.907656534,0.12382888,0.201327644
SCRT2,Glioma,High - Low,1.118340081,0.151757137,0.236233052
WNT3A,Glioma,High - Low,0.451857281,0.244410846,0.343650258
ZIC5,Glioma,High - Low,0.488461882,0.30387719,0.407516142
CNP,Glioma,High - Low,0.208457249,0.756477496,0.818288158
FGF1,Glioma,High - Low,-0.68495598,0.157440853,0.243115119
SURF4,Glioma,High - Low,0.627884088,0.077132643,0.141126006
NKX2-4,Glioma,High - Low,0.112672249,0.825533883,0.871670575
OR51B2,Glioma,High - Low,0.267072618,0.581927107,0.671529316
LDHAL6B,Glioma,High - Low,-0.787692449,0.184761086,0.275270472
PIGS,Glioma,High - Low,0.681539618,0.038441841,0.083858552
LMF2,Glioma,High - Low,0.679146522,0.002355985,0.013244298
ZNF101,Glioma,High - Low,-0.08836245,0.783720694,0.840005472
TIGD7,Glioma,High - Low,0.375651198,0.368319457,0.473295382
MACIR,Glioma,High - Low,0.05870359,0.877598451,0.910274619
CCDC102A,Glioma,High - Low,0.680036687,0.084178315,0.150782555
PURB,Glioma,High - Low,0.824399868,3.78E-05,0.001547464
CSMD1,Glioma,High - Low,0.389701228,0.52116788,0.617524982
TRIM23,Glioma,High - Low,1.877401686,8.17E-05,0.002265952
DGCR6L,Glioma,High - Low,1.135743032,0.070359958,0.131565686
CAMK2N2,Glioma,High - Low,0.670889756,0.166722151,0.253803942
IRX2,Glioma,High - Low,-0.363169208,0.544699106,0.638873546
BTBD6,Glioma,High - Low,-0.27900786,0.03705922,0.081741302
KCNH7,Glioma,High - Low,0.710214297,0.131026187,0.21038702
SEC11C,Glioma,High - Low,0.232460828,0.452306638,0.553928614
MRPS36,Glioma,High - Low,0.70153009,0.024078099,0.060128658
TP53INP1,Glioma,High - Low,1.229274569,0.027266357,0.065660919
KNSTRN,Glioma,High - Low,0.329602303,0.545320316,0.639487587
ZNF160,Glioma,High - Low,1.174829708,0.012641406,0.038689557
MRFAP1,Glioma,High - Low,0.709408397,0.000760221,0.007009094
LRP8,Glioma,High - Low,0.928479936,0.060219936,0.116653295
RPL8,Glioma,High - Low,0.859073546,0.01728964,0.047919825
VPS13A,Glioma,High - Low,1.392137546,0.002623298,0.014208458
B3GNT9,Glioma,High - Low,0.972917655,0.014383863,0.04223297
KCNK4,Glioma,High - Low,-0.580337817,0.095541704,0.165444721
CDC14A,Glioma,High - Low,0.014254575,0.979829963,0.985793108
MRPS12,Glioma,High - Low,0.726315726,0.147432973,0.230791476
CFAP91,Glioma,High - Low,0.435417551,0.517529882,0.614270578
MYO1C,Glioma,High - Low,0.598000398,0.103830733,0.17609531
CGB2,Glioma,High - Low,0.505520173,0.508535945,0.606288575
MICALL1,Glioma,High - Low,0.534385091,0.197943656,0.29100485
FAM78A,Glioma,High - Low,0.169857624,0.747013089,0.810707852
ATG16L2,Glioma,High - Low,0.830373688,0.216812914,0.312360419
SSH2,Glioma,High - Low,1.06138743,0.048844765,0.099897395
ZC3H12C,Glioma,High - Low,1.477466717,0.000501187,0.005565018
TANC1,Glioma,High - Low,1.291141961,0.012451794,0.038306236
CEP295,Glioma,High - Low,1.350796724,0.001950724,0.011857394
TNKS1BP1,Glioma,High - Low,0.979346592,0.007861957,0.028232749
ITPRIP,Glioma,High - Low,0.666864627,0.206752471,0.300812323
ZFHX2,Glioma,High - Low,1.130467591,0.01452763,0.042582282
CNTNAP4,Glioma,High - Low,-0.877439094,0.340586416,0.44481775
LRRCC1,Glioma,High - Low,1.063568172,0.036664832,0.08115852
DCLK3,Glioma,High - Low,-0.514854355,0.219985255,0.316130715
SLC52A3,Glioma,High - Low,0.594383216,0.36505883,0.469889428
ZNF764,Glioma,High - Low,0.699830082,0.191462878,0.283288898
ZNF622,Glioma,High - Low,0.600903838,0.00459468,0.019919917
METTL18,Glioma,High - Low,0.390855665,0.366771389,0.471717524
TMEM259,Glioma,High - Low,0.862370326,0.000344351,0.004597082
CIPC,Glioma,High - Low,0.627748377,0.008916251,0.030847238
CTTNBP2,Glioma,High - Low,0.746251468,0.134054137,0.214280407
IL33,Glioma,High - Low,0.346417245,0.513878342,0.610877895
TRIM47,Glioma,High - Low,1.12892268,0.001338472,0.009514572
TMEM54,Glioma,High - Low,0.849612108,0.204351838,0.298347303
SELENOI,Glioma,High - Low,1.17145235,0.004633758,0.020036261
TSPYL5,Glioma,High - Low,-1.012685562,0.115833205,0.191176623
TPGS1,Glioma,High - Low,0.775820535,0.18967904,0.281094246
SLC38A5,Glioma,High - Low,0.825891767,0.078914522,0.143663492
MFN1,Glioma,High - Low,1.205903684,0.001463617,0.009950347
SYS1,Glioma,High - Low,1.901817665,0.00015498,0.00314111
INTS4,Glioma,High - Low,1.811707797,0.0038026,0.017679959
TP53RK,Glioma,High - Low,0.762378741,0.006390337,0.02475405
HLA-DPA1,Glioma,High - Low,0.019140463,0.983801473,0.988469058
FBXO21,Glioma,High - Low,0.634066896,0.004584027,0.019914964
LUZP1,Glioma,High - Low,0.34509597,0.317661231,0.422376205
BTRC,Glioma,High - Low,0.266225102,0.106979247,0.180267604
FGF13,Glioma,High - Low,1.228349196,0.081444652,0.147103715
RPL36,Glioma,High - Low,0.855137194,0.010785139,0.034875236
FBXW11,Glioma,High - Low,0.514115316,0.00380857,0.017679959
CNTNAP3,Glioma,High - Low,0.544408206,0.356222414,0.460325708
ITGB1,Glioma,High - Low,1.751261595,0.023317431,0.058823722
CARD9,Glioma,High - Low,0.67530773,0.03718417,0.081892739
SLC18B1,Glioma,High - Low,0.303649939,0.275692602,0.377854417
SEPTIN1,Glioma,High - Low,-0.771801406,0.076093266,0.139731995
CELF6,Glioma,High - Low,0.89903981,0.052602892,0.105487772
MMAB,Glioma,High - Low,0.909708208,0.057699988,0.112958424
GNG7,Glioma,High - Low,0.159611791,0.824837407,0.8712865
CCDC97,Glioma,High - Low,0.328218421,0.086144886,0.15320497
CCDC32,Glioma,High - Low,0.734743874,0.002238806,0.012889947
ADCK2,Glioma,High - Low,0.803331962,0.144581045,0.227223578
CREB3L1,Glioma,High - Low,0.422379143,0.451403753,0.552926311
ANKRD40,Glioma,High - Low,0.872908789,0.003543311,0.016931594
ZNF830,Glioma,High - Low,1.245396677,0.01362375,0.040598291
RFT1,Glioma,High - Low,1.000092979,0.012681155,0.038760245
RCSD1,Glioma,High - Low,0.07112275,0.836715259,0.879504888
MGME1,Glioma,High - Low,1.910086858,0.001957957,0.011890323
NALCN,Glioma,High - Low,-0.357809298,0.519164865,0.615485837
STX1B,Glioma,High - Low,-0.058689691,0.797268213,0.851021744
VPS26B,Glioma,High - Low,0.701333927,0.006564547,0.025102109
NACC1,Glioma,High - Low,1.054131672,0.027549618,0.066136258
MED8,Glioma,High - Low,0.627502151,0.050766581,0.102876775
LARP4,Glioma,High - Low,0.635033407,0.000465228,0.005366884
ZIM3,Glioma,High - Low,-0.378581662,0.219260627,0.315262397
MAL2,Glioma,High - Low,-0.991804246,0.020273217,0.053504782
LRRC37B,Glioma,High - Low,0.706839685,0.040961321,0.087689107
CSMD2,Glioma,High - Low,1.345936228,0.017241831,0.047848092
MBD6,Glioma,High - Low,1.616809446,0.000821356,0.007354837
XKR4,Glioma,High - Low,0.298862115,0.446192211,0.548286684
GPRIN1,Glioma,High - Low,0.431323921,0.237676707,0.336351373
STK11IP,Glioma,High - Low,1.507783094,0.000113877,0.002697716
FMNL2,Glioma,High - Low,0.280874234,0.267183532,0.368545511
TMEM132B,Glioma,High - Low,0.761430816,0.247101729,0.346540588
PLEKHG4B,Glioma,High - Low,-0.124014966,0.780427856,0.837827314
SLITRK1,Glioma,High - Low,1.242244602,0.080520663,0.145877548
ESCO1,Glioma,High - Low,1.285282775,0.006712112,0.025429553
RNF157,Glioma,High - Low,0.867044758,0.077421659,0.141440389
GALNT13,Glioma,High - Low,0.714439086,0.253713964,0.354069168
RHPN1,Glioma,High - Low,0.864990757,0.018991046,0.051010679
LENG8,Glioma,High - Low,0.615583867,0.017727177,0.048621423
SMYD4,Glioma,High - Low,0.885067716,0.011312789,0.035907479
TMEM123,Glioma,High - Low,1.293310347,0.007692522,0.02784068
NT5C3B,Glioma,High - Low,0.81382164,0.001210202,0.009071838
ATG4A,Glioma,High - Low,1.042423994,0.040118485,0.086407521
PCMTD1,Glioma,High - Low,0.63562766,0.035061696,0.078593183
LRRC42,Glioma,High - Low,0.465715777,0.326391901,0.430921565
TENT5B,Glioma,High - Low,1.252772223,0.007873789,0.028267487
ARHGAP33,Glioma,High - Low,0.68238213,0.157249162,0.242900467
WDFY2,Glioma,High - Low,0.114271362,0.608448261,0.694622645
DNTTIP1,Glioma,High - Low,2.152778372,1.85E-05,0.001168785
LRRC3B,Glioma,High - Low,-0.302416128,0.493601293,0.591932747
NIBAN1,Glioma,High - Low,1.316833578,0.070410832,0.131604429
APOA5,Glioma,High - Low,0.407688027,0.468754757,0.568436235
LEAP2,Glioma,High - Low,0.613105994,0.282582035,0.385196338
CDK10,Glioma,High - Low,1.13164164,0.003548685,0.016944904
AZIN2,Glioma,High - Low,0.190936394,0.653850243,0.735027151
CMTM1,Glioma,High - Low,1.511052943,0.003246095,0.016056335
MED12L,Glioma,High - Low,0.74468453,0.004352391,0.019268807
GNB1L,Glioma,High - Low,0.728345957,0.147635921,0.230888332
MYLK,Glioma,High - Low,-0.346174697,0.50551022,0.603340502
ZNF518B,Glioma,High - Low,1.030387981,0.053161231,0.106216999
RBM33,Glioma,High - Low,1.181994809,0.036739588,0.081282768
TMEM203,Glioma,High - Low,1.018485097,0.010164262,0.033563853
EGLN2,Glioma,High - Low,0.603718836,0.053520515,0.10672329
MRPL53,Glioma,High - Low,0.825955804,0.00461325,0.01998719
TADA1,Glioma,High - Low,1.399991983,0.013113863,0.039597615
CATSPER1,Glioma,High - Low,-0.117249422,0.789042405,0.843961459
THEM4,Glioma,High - Low,0.788625578,0.17620064,0.26533871
CCND1,Glioma,High - Low,1.266917277,0.035156638,0.078765548
GNG2,Glioma,High - Low,0.895414131,0.106712248,0.179863989
UBQLN1,Glioma,High - Low,0.704051131,0.008714315,0.030377137
GLMN,Glioma,High - Low,0.318262468,0.353430939,0.457440815
VIT,Glioma,High - Low,-0.394450876,0.465983492,0.566334527
FAM167A,Glioma,High - Low,1.819133498,0.024294002,0.060494745
TEKT1,Glioma,High - Low,-0.651548823,0.264881509,0.366102987
CATSPER2,Glioma,High - Low,0.128039593,0.712776857,0.783641564
GOSR2,Glioma,High - Low,0.886601242,0.00294175,0.015197748
B3GAT1,Glioma,High - Low,0.572025667,0.327012645,0.431480052
ANKH,Glioma,High - Low,-0.29228378,0.241124133,0.34019809
MRGPRX4,Glioma,High - Low,1.000018337,0.102626099,0.174595052
FKBP1B,Glioma,High - Low,-0.206812708,0.518582669,0.615098926
IP6K3,Glioma,High - Low,-0.201614154,0.71235324,0.78330738
CIB3,Glioma,High - Low,0.151646439,0.726603762,0.794639414
FKBP2,Glioma,High - Low,0.199093035,0.137751859,0.218913962
CYP26A1,Glioma,High - Low,-0.599747338,0.00537282,0.022072901
DUSP4,Glioma,High - Low,1.147484918,0.171934455,0.259952527
GIT2,Glioma,High - Low,0.545539937,0.022516508,0.057456372
NAA15,Glioma,High - Low,1.026474168,0.003905288,0.017911276
RFFL,Glioma,High - Low,0.329466928,0.350917324,0.455132295
CCNE2,Glioma,High - Low,-0.098794144,0.796775696,0.850634719
PI4KA,Glioma,High - Low,0.282770114,0.225005169,0.322001605
TSR2,Glioma,High - Low,0.67081276,0.048799286,0.099848265
OLFM2,Glioma,High - Low,0.475920533,0.110755192,0.1850348
TRIM6,Glioma,High - Low,-0.093344606,0.779815715,0.83737613
UBE2J2,Glioma,High - Low,0.853872292,0.072684759,0.135025758
BORCS5,Glioma,High - Low,0.790699048,0.074601541,0.137762479
OLFM3,Glioma,High - Low,-0.384450104,0.40974571,0.513095946
ANTXR2,Glioma,High - Low,0.817248253,0.204290956,0.298291679
SMIM11A,Glioma,High - Low,1.196262141,0.001770801,0.011254902
EVA1C,Glioma,High - Low,-0.15028418,0.750773585,0.813596966
FAM207A,Glioma,High - Low,0.641534176,0.080804505,0.146213607
ZNF354B,Glioma,High - Low,1.089621219,0.019495935,0.051945519
DNAJB6,Glioma,High - Low,0.382063215,0.009058413,0.031169987
ADGRE5,Glioma,High - Low,0.384552621,0.237247785,0.335850929
SLC36A1,Glioma,High - Low,1.099149881,0.016024696,0.045492484
SCAMP4,Glioma,High - Low,0.953588369,0.000674127,0.006505267
BANP,Glioma,High - Low,0.88125841,0.021748835,0.056143039
S100A16,Glioma,High - Low,0.698742101,0.090148649,0.158516822
DEFB104A,Glioma,High - Low,-0.899574415,0.08072235,0.146141832
TCEAL2,Glioma,High - Low,0.022166859,0.958730924,0.970516777
PTP4A2,Glioma,High - Low,0.262713391,0.20674087,0.300812323
GNAS,Glioma,High - Low,0.660236866,0.00657644,0.025110916
ACTRT2,Glioma,High - Low,-0.191401751,0.72885484,0.796103814
PIGU,Glioma,High - Low,1.130032898,0.023899751,0.059865973
GAB2,Glioma,High - Low,0.440343743,0.154208963,0.239196535
SLC32A1,Glioma,High - Low,-0.179980149,0.657257834,0.737970741
CAPS,Glioma,High - Low,0.793942196,0.221712457,0.318193708
ATRAID,Glioma,High - Low,1.669999237,0.00207534,0.012317512
DDX39B,Glioma,High - Low,1.103930573,1.73E-05,0.001130047
ZSWIM1,Glioma,High - Low,1.55262868,0.002932274,0.015179767
B3GALT6,Glioma,High - Low,1.311764189,0.025467894,0.062514274
DUSP15,Glioma,High - Low,1.053944193,0.000842272,0.007466189
NOL4L,Glioma,High - Low,0.838688952,0.15111244,0.235509484
SAMD10,Glioma,High - Low,1.698500235,0.012469378,0.038317561
CCM2L,Glioma,High - Low,0.426127372,0.312421684,0.416976259
BRI3BP,Glioma,High - Low,0.100251795,0.713427395,0.783830232
SOGA1,Glioma,High - Low,0.830797969,0.006041256,0.023860684
UPF3B,Glioma,High - Low,1.101305668,0.002421563,0.013440239
TBX1,Glioma,High - Low,-0.234090376,0.6416224,0.723642182
DPH6,Glioma,High - Low,1.64029583,0.000672464,0.006497841
MED30,Glioma,High - Low,0.364933366,0.316153975,0.420951513
TMEM41A,Glioma,High - Low,0.529893638,0.226929674,0.32401202
MSANTD3,Glioma,High - Low,1.363096872,0.000758676,0.007009054
CDKN2AIPNL,Glioma,High - Low,0.303757107,0.285939824,0.388684604
RSAD2,Glioma,High - Low,0.899564019,0.291732717,0.394714939
PEX11G,Glioma,High - Low,0.253503913,0.553256524,0.646539873
DTD2,Glioma,High - Low,0.917651828,0.000588179,0.006030565
CFAP36,Glioma,High - Low,1.673861365,0.009440304,0.03200177
SLC35A4,Glioma,High - Low,1.418243533,0.004769239,0.020386432
KCNE4,Glioma,High - Low,1.096254765,0.18797024,0.279186337
DYNLL2,Glioma,High - Low,0.463277542,0.103520843,0.175684424
UBE2F,Glioma,High - Low,0.538236726,0.162862641,0.249369729
PTPN13,Glioma,High - Low,1.160136687,0.047651669,0.098221791
PRRC2A,Glioma,High - Low,1.029770932,7.78E-05,0.002233959
TRPV1,Glioma,High - Low,1.102716774,0.016105361,0.045662082
TBX5,Glioma,High - Low,0.124195163,0.824309028,0.87107975
NRSN1,Glioma,High - Low,1.273968502,0.050962973,0.103178191
SRXN1,Glioma,High - Low,0.953293438,0.155843553,0.241132077
B3GAT2,Glioma,High - Low,0.443822671,0.60889131,0.694920685
SRSF12,Glioma,High - Low,1.102172768,0.010370845,0.034005877
SSC4D,Glioma,High - Low,0.022421008,0.952310703,0.966309973
ROMO1,Glioma,High - Low,0.840194184,0.014514158,0.042560778
NEURL2,Glioma,High - Low,-0.167981589,0.38765808,0.492442732
ZSWIM3,Glioma,High - Low,0.845150921,0.044170993,0.092785306
SIRPA,Glioma,High - Low,0.096345873,0.728371511,0.795809396
DTD1,Glioma,High - Low,1.085784684,0.000223283,0.003672662
FAM210B,Glioma,High - Low,0.715760904,0.084902724,0.15165503
PABPC5,Glioma,High - Low,1.025479766,0.019390629,0.051717561
STK35,Glioma,High - Low,1.770432332,0.010137485,0.033517859
RSPH1,Glioma,High - Low,-0.806528967,0.07666456,0.140524861
SPSB3,Glioma,High - Low,0.607153451,0.084610486,0.151271269
SPSB4,Glioma,High - Low,1.406320929,0.036023589,0.080159221
WFDC12,Glioma,High - Low,-0.009382498,0.985666646,0.989521039
ASB10,Glioma,High - Low,-0.664862118,0.080650858,0.146052792
DGUOK,Glioma,High - Low,0.858852072,0.000877894,0.007622191
PTPRC,Glioma,High - Low,0.192596728,0.782896655,0.839720317
DCBLD2,Glioma,High - Low,0.570116062,0.112923711,0.187794021
WAC,Glioma,High - Low,0.436805452,0.002167647,0.01268708
IRAG1,Glioma,High - Low,0.502204961,0.344873645,0.449117827
COLEC12,Glioma,High - Low,-0.123169515,0.859163276,0.896444862
KLHL6,Glioma,High - Low,-0.193987625,0.579170319,0.668701674
ATP6V1G2,Glioma,High - Low,0.063502427,0.912486019,0.936661115
CHST14,Glioma,High - Low,1.053154882,0.084581916,0.151271269
MADD,Glioma,High - Low,0.604046072,0.007473849,0.027372059
CNTNAP5,Glioma,High - Low,0.912257178,0.157080778,0.242702222
RGS18,Glioma,High - Low,-0.077332174,0.826153428,0.87204344
TSPAN18,Glioma,High - Low,1.137859193,0.072766228,0.135138755
DPP6,Glioma,High - Low,1.597481424,0.016903107,0.047117817
MEN1,Glioma,High - Low,1.560436258,0.001809449,0.011351756
MOB3A,Glioma,High - Low,1.552836162,0.002325224,0.013162196
CPNE4,Glioma,High - Low,0.840464454,0.272662104,0.374288628
PRRC1,Glioma,High - Low,0.668629072,0.030756631,0.071762953
OPA1,Glioma,High - Low,0.778645566,0.001578093,0.010461756
APBB3,Glioma,High - Low,0.879719889,0.02263052,0.057656842
LRPPRC,Glioma,High - Low,1.068116306,7.53E-05,0.00220075
WIPF2,Glioma,High - Low,0.441831216,0.019459655,0.051861407
AMOT,Glioma,High - Low,-0.060047686,0.91110662,0.935690562
SHANK2,Glioma,High - Low,0.125273717,0.867339153,0.902539673
GSX2,Glioma,High - Low,0.315080764,0.554370738,0.647375675
PHF10,Glioma,High - Low,1.783061436,0.004864656,0.02059927
DEDD2,Glioma,High - Low,-0.427092042,0.2167604,0.312319128
MYOF,Glioma,High - Low,0.020645284,0.966550957,0.976244055
RAD17,Glioma,High - Low,0.738500051,0.03472856,0.078100486
PAQR8,Glioma,High - Low,-0.598491341,0.14192972,0.223970812
RSPRY1,Glioma,High - Low,0.746604043,0.001287533,0.009359507
UNC5A,Glioma,High - Low,-0.289058452,0.597092913,0.685345622
YTHDC1,Glioma,High - Low,0.490953478,0.030892578,0.071976254
PLCD3,Glioma,High - Low,1.398627102,0.028865506,0.06845211
ZNF618,Glioma,High - Low,0.369577319,0.439197456,0.541776172
RAD1,Glioma,High - Low,0.833121773,0.009162878,0.031405646
TTN,Glioma,High - Low,-0.115155228,0.847472037,0.887818161
GPT2,Glioma,High - Low,0.550784824,0.062225356,0.119512482
ZNF526,Glioma,High - Low,-0.098946459,0.856373974,0.894576935
GRIN3A,Glioma,High - Low,0.989097506,0.077073268,0.141037078
TMEM132D,Glioma,High - Low,0.122099451,0.777168303,0.835355438
RAVER1,Glioma,High - Low,1.392161341,3.95E-05,0.001578086
EMID1,Glioma,High - Low,1.655912394,0.006582367,0.025114522
SHROOM1,Glioma,High - Low,0.468257029,0.486175944,0.585147384
ZFP90,Glioma,High - Low,0.707616032,0.244821783,0.344033742
ZNF418,Glioma,High - Low,0.361958113,0.561494101,0.653794605
TTC14,Glioma,High - Low,1.314390555,0.000216247,0.003589576
AMZ1,Glioma,High - Low,0.941420794,0.093197688,0.162503307
ZFP82,Glioma,High - Low,0.030955925,0.9326495,0.952213031
BMPER,Glioma,High - Low,0.689684846,0.26787532,0.369266326
ZNF721,Glioma,High - Low,0.586769561,0.027111284,0.06535961
MBNL3,Glioma,High - Low,-0.071709347,0.897029972,0.925079823
RAD51,Glioma,High - Low,0.134134682,0.779312991,0.837096444
SAT2,Glioma,High - Low,1.305853993,0.000358644,0.004691029
CD109,Glioma,High - Low,-0.298284031,0.547459533,0.64130694
NEK7,Glioma,High - Low,0.016552183,0.916541456,0.939848013
POFUT2,Glioma,High - Low,1.695490473,0.003825943,0.017705014
MED22,Glioma,High - Low,0.482687769,0.045960024,0.095531767
MTO1,Glioma,High - Low,0.664563781,0.027628355,0.066276667
SMTN,Glioma,High - Low,0.451983587,0.359576572,0.464018929
TARBP2,Glioma,High - Low,1.877847791,0.001869579,0.011546416
RAD52,Glioma,High - Low,1.005731009,0.00037005,0.004750059
URI1,Glioma,High - Low,0.599518759,0.023985651,0.059989328
CSTL1,Glioma,High - Low,-0.731601644,0.187986462,0.279186337
IL17D,Glioma,High - Low,-0.033267489,0.934580704,0.953218443
NUP35,Glioma,High - Low,0.59556499,0.23228965,0.33026044
DTX3L,Glioma,High - Low,0.822037598,0.145453926,0.228293965
SPTSSA,Glioma,High - Low,1.695033339,0.003955414,0.018076172
PYGO2,Glioma,High - Low,0.121866349,0.394848687,0.499010991
PANK1,Glioma,High - Low,0.168032727,0.653488598,0.734746776
KCNK10,Glioma,High - Low,0.032275031,0.955641605,0.968138002
RHBDL3,Glioma,High - Low,2.65025984,0.001885276,0.011597351
PABIR1,Glioma,High - Low,0.398344089,0.194620084,0.286858128
JOSD2,Glioma,High - Low,0.112548737,0.646368529,0.727553572
POLR3H,Glioma,High - Low,0.71396621,0.011201897,0.03572697
ABHD3,Glioma,High - Low,1.073650923,0.072863683,0.135262187
KLC4,Glioma,High - Low,1.380873721,0.000998514,0.008262143
KIAA2013,Glioma,High - Low,0.277042185,0.158856168,0.244925084
ZNF551,Glioma,High - Low,-0.164856876,0.488745939,0.587359127
OTULIN,Glioma,High - Low,0.709952135,0.045532057,0.094928539
SAMD1,Glioma,High - Low,0.884913604,0.017429862,0.04812509
DCAF15,Glioma,High - Low,0.895271137,0.010844185,0.034956794
SHF,Glioma,High - Low,1.527231588,0.023295386,0.058779436
TIMM29,Glioma,High - Low,2.430241789,6.43E-05,0.002037311
CARMIL3,Glioma,High - Low,1.24417456,0.061179152,0.11802249
CEP95,Glioma,High - Low,1.002295331,0.00129011,0.009359507
PRMT9,Glioma,High - Low,0.296589184,0.246209524,0.345622525
ZNF251,Glioma,High - Low,0.211291133,0.612541688,0.698485309
AP5B1,Glioma,High - Low,1.481686988,0.002255794,0.012910637
BOD1,Glioma,High - Low,1.046816946,0.002119671,0.012495659
PKDCC,Glioma,High - Low,0.169707801,0.806956974,0.858494163
TTC5,Glioma,High - Low,0.57451896,0.093104644,0.162449242
FDXACB1,Glioma,High - Low,0.835949141,0.091017762,0.159725907
OXNAD1,Glioma,High - Low,1.152950859,0.01050077,0.034328734
MTSS2,Glioma,High - Low,0.937107248,0.097767838,0.168408671
FAM114A1,Glioma,High - Low,0.051950151,0.935005167,0.953428555
TMEM183A,Glioma,High - Low,0.708596908,0.000664123,0.00646126
SHKBP1,Glioma,High - Low,-0.067227651,0.89283509,0.921842901
REEP6,Glioma,High - Low,0.657320285,0.086352039,0.153489988
MARCHF9,Glioma,High - Low,1.868791113,0.009799956,0.032757421
NOM1,Glioma,High - Low,1.231092989,0.000374086,0.004775405
MVB12A,Glioma,High - Low,0.887971953,7.10E-06,0.000733353
SP140L,Glioma,High - Low,0.326259757,0.319162759,0.423985187
GTF3C6,Glioma,High - Low,1.06759769,2.13E-06,0.000422142
MRAP2,Glioma,High - Low,-1.49400267,0.0170029,0.047345591
RDH13,Glioma,High - Low,0.174274671,0.434806922,0.537239586
SGF29,Glioma,High - Low,0.553136059,0.075288575,0.138643223
KTI12,Glioma,High - Low,0.591950166,0.241622976,0.340660288
MCRIP2,Glioma,High - Low,1.486916873,0.028010898,0.066936794
AHNAK2,Glioma,High - Low,0.449396092,0.29064308,0.393443946
SAAL1,Glioma,High - Low,0.914911994,0.037320465,0.08211004
C12orf57,Glioma,High - Low,0.603097941,0.022917075,0.058116827
GLCCI1,Glioma,High - Low,1.703692695,0.001624717,0.010614977
SMIM12,Glioma,High - Low,0.936261745,0.046218039,0.095900601
MFSD3,Glioma,High - Low,1.576393529,0.00127994,0.009325681
SDSL,Glioma,High - Low,2.106712756,0.000313985,0.004397604
GPRASP2,Glioma,High - Low,0.512408452,0.393936221,0.498235945
CCDC124,Glioma,High - Low,0.993694706,0.001971288,0.011956074
KCTD12,Glioma,High - Low,0.069985328,0.857986442,0.895822686
GPR146,Glioma,High - Low,0.075725599,0.897197878,0.925180107
MALSU1,Glioma,High - Low,1.135092988,0.001284406,0.009342627
ACYP2,Glioma,High - Low,0.57288288,0.166265766,0.253306687
RAB3C,Glioma,High - Low,-0.250895264,0.718257165,0.787550545
NXNL1,Glioma,High - Low,0.000444031,0.999405206,0.999481543
CTHRC1,Glioma,High - Low,-0.092529041,0.881988519,0.913311509
NUS1,Glioma,High - Low,0.622846505,0.001256338,0.009234257
ZMYND19,Glioma,High - Low,1.636412532,0.000554422,0.005840303
TYW3,Glioma,High - Low,0.203366565,0.684558585,0.76005155
ICA1L,Glioma,High - Low,0.71166305,0.112534464,0.187314231
SPINDOC,Glioma,High - Low,1.643692901,0.00671233,0.025429553
CDAN1,Glioma,High - Low,1.255620431,0.041184516,0.088037475
PRELID2,Glioma,High - Low,-0.093005579,0.736927943,0.802244746
CCDC167,Glioma,High - Low,1.283993838,0.00161514,0.01058649
KIF23,Glioma,High - Low,0.632853225,0.251934356,0.352035915
PPP1R8,Glioma,High - Low,0.805659915,0.052743855,0.105705692
HINT3,Glioma,High - Low,0.298919061,0.152721848,0.237424265
TAF8,Glioma,High - Low,1.281191453,0.026774223,0.064737746
HDGFL1,Glioma,High - Low,0.205606703,0.600656214,0.688469912
PGAM5,Glioma,High - Low,1.72520703,0.003171286,0.015815575
BCL2L1,Glioma,High - Low,0.427386475,0.048787517,0.099839787
BCL2L11,Glioma,High - Low,0.26781597,0.534590064,0.629328153
TRIOBP,Glioma,High - Low,0.288250498,0.23674949,0.335363093
BCL2L12,Glioma,High - Low,1.159892927,0.025482764,0.06253905
PPP1R14B,Glioma,High - Low,1.075303371,7.50E-05,0.00219535
NSMCE3,Glioma,High - Low,0.824978841,0.030968089,0.072095518
DAB2IP,Glioma,High - Low,1.055710101,0.012994767,0.03940806
BCL2L14,Glioma,High - Low,0.382869675,0.29053668,0.393421941
HEPH,Glioma,High - Low,0.196110079,0.739599377,0.804350415
BAX,Glioma,High - Low,0.770440749,0.007103163,0.026435963
CCDC126,Glioma,High - Low,0.584405676,0.17307365,0.261427468
SLC25A46,Glioma,High - Low,0.590990132,0.00443745,0.01950795
R3HDM4,Glioma,High - Low,0.258335366,0.049540355,0.100970091
ALKBH8,Glioma,High - Low,1.387489954,0.026991464,0.065124813
DPH7,Glioma,High - Low,0.748400165,0.029243531,0.06906305
TEX30,Glioma,High - Low,0.776255251,0.123984464,0.201430524
ZNF653,Glioma,High - Low,2.159746518,4.74E-06,0.000638724
GINM1,Glioma,High - Low,0.73134762,0.083981183,0.150563553
PLD4,Glioma,High - Low,0.222905953,0.582501864,0.671908942
LEO1,Glioma,High - Low,1.187296409,0.003859899,0.01780122
ARL8A,Glioma,High - Low,0.461878683,0.213265782,0.308097638
SPATA17,Glioma,High - Low,-0.022252023,0.965281893,0.975564325
ANKRD54,Glioma,High - Low,0.597596741,0.168050073,0.25528247
MITD1,Glioma,High - Low,0.803567068,0.019642375,0.052240019
MBOAT2,Glioma,High - Low,1.241814422,0.025118311,0.061946514
TRIM43,Glioma,High - Low,0.495524388,0.460549654,0.561293552
GALM,Glioma,High - Low,0.095944343,0.868294794,0.903128673
TAMM41,Glioma,High - Low,2.261907333,1.22E-05,0.000970782
C7orf31,Glioma,High - Low,0.500773268,0.319401501,0.424113552
PNPLA5,Glioma,High - Low,0.009142117,0.980258419,0.986057428
DPPA2,Glioma,High - Low,0.353289688,0.568287236,0.659509376
HIGD2A,Glioma,High - Low,0.795873313,0.001393434,0.00967797
GAMT,Glioma,High - Low,0.485625279,0.122897249,0.200185827
DIABLO,Glioma,High - Low,1.148697109,0.000644655,0.006336688
MAPK1,Glioma,High - Low,0.619618251,0.000208194,0.003544708
ESAM,Glioma,High - Low,0.594780149,0.160240866,0.246279653
MAPK10,Glioma,High - Low,0.476680142,0.446462586,0.54856744
OLIG1,Glioma,High - Low,0.651314339,0.527856925,0.623194835
HFE,Glioma,High - Low,-0.11726071,0.817304983,0.865984798
SPPL3,Glioma,High - Low,0.842048597,4.89E-05,0.001774298
MAPK7,Glioma,High - Low,1.151891915,0.00407873,0.0184657
HLTF,Glioma,High - Low,0.599434372,0.018683171,0.050509758
ADAMTS17,Glioma,High - Low,-0.086614199,0.873134163,0.906865429
DNER,Glioma,High - Low,0.785381132,0.276550228,0.378712702
DEFB127,Glioma,High - Low,-1.189347211,2.04E-06,0.000422142
TPCN2,Glioma,High - Low,1.65977614,0.000191415,0.003404782
YY1AP1,Glioma,High - Low,1.310579501,0.000465242,0.005366884
PPIL4,Glioma,High - Low,0.279725714,0.062585721,0.120028541
KCNC2,Glioma,High - Low,-0.305647796,0.571826511,0.662501062
DPP9,Glioma,High - Low,0.743361784,0.033626296,0.076276698
DEPDC7,Glioma,High - Low,-0.059640356,0.912552446,0.936661115
STARD4,Glioma,High - Low,0.407281627,0.416113236,0.51917006
TRUB1,Glioma,High - Low,1.570567265,0.00139349,0.00967797
ALKBH3,Glioma,High - Low,0.589746806,0.083646975,0.150108256
DAGLB,Glioma,High - Low,0.014618889,0.959550726,0.971121408
NAP1L1,Glioma,High - Low,1.014414962,0.000177428,0.003309214
HOPX,Glioma,High - Low,-0.185822791,0.682598105,0.75880939
NFKBID,Glioma,High - Low,-0.358451132,0.404981027,0.508722689
MTFMT,Glioma,High - Low,0.947581129,0.003492216,0.016780457
STXBP5,Glioma,High - Low,-0.046291251,0.871275414,0.905437653
PPM1L,Glioma,High - Low,1.048654486,0.05182684,0.104282898
TSTD2,Glioma,High - Low,1.964388884,1.89E-05,0.001177787
EHD4,Glioma,High - Low,0.097331542,0.785855483,0.841515158
STAT1,Glioma,High - Low,0.518434969,0.287722331,0.390499479
AKAP1,Glioma,High - Low,1.798343799,0.006311071,0.024555973
LGI3,Glioma,High - Low,-1.42081505,0.07253495,0.13480484
ORMDL3,Glioma,High - Low,0.717048772,0.004748235,0.020349802
WDR36,Glioma,High - Low,1.499069359,0.004757537,0.020369662
PPTC7,Glioma,High - Low,0.503214606,0.258520096,0.359359127
LGI4,Glioma,High - Low,-1.4128904,0.0045447,0.019775262
CDC26,Glioma,High - Low,0.688530344,0.001243313,0.009206727
YME1L1,Glioma,High - Low,0.422647979,0.01471429,0.043031987
MATK,Glioma,High - Low,-0.297016813,0.496335343,0.594666787
F11R,Glioma,High - Low,0.024449795,0.954346124,0.967708641
RPIA,Glioma,High - Low,0.739952062,0.082905838,0.149137775
SLC39A3,Glioma,High - Low,0.59232653,0.023426045,0.059029487
ZNF700,Glioma,High - Low,1.340215522,0.012689657,0.03876474
ANGEL2,Glioma,High - Low,1.902275141,0.002864641,0.014964946
PIP4P1,Glioma,High - Low,0.672379371,0.021755519,0.056148317
SPOCD1,Glioma,High - Low,1.15989661,0.16765603,0.254861303
JPT2,Glioma,High - Low,0.7068981,0.085972702,0.153000956
NEXN,Glioma,High - Low,-0.402112634,0.399554719,0.503403573
MAPK1IP1L,Glioma,High - Low,1.330117715,3.09E-07,0.000144832
SFXN5,Glioma,High - Low,0.228838685,0.450840859,0.552495261
L3HYPDH,Glioma,High - Low,1.461352999,0.000344439,0.004597082
TEX261,Glioma,High - Low,0.715474687,0.003111493,0.015655093
LYPD1,Glioma,High - Low,1.066915216,0.076022223,0.139621121
COMTD1,Glioma,High - Low,0.97039526,0.12873132,0.20744359
LRRC28,Glioma,High - Low,0.77160153,0.027622479,0.066274715
CEP20,Glioma,High - Low,2.386421379,7.45E-06,0.000744399
CMTM3,Glioma,High - Low,0.85896652,0.008046723,0.028683841
C16orf78,Glioma,High - Low,-0.38100139,0.398933309,0.502927237
ZC3H18,Glioma,High - Low,0.757495928,0.021482148,0.055663123
FLCN,Glioma,High - Low,0.397466329,0.117348297,0.193214444
CYB5D2,Glioma,High - Low,0.82639319,0.000489931,0.005490372
MBD3L2,Glioma,High - Low,-0.224690363,0.458944307,0.559806019
HSPB6,Glioma,High - Low,0.07629572,0.90925179,0.934005467
GABPB2,Glioma,High - Low,0.816568645,0.032285138,0.074308362
TBC1D20,Glioma,High - Low,0.975215272,0.003558041,0.01697258
RFTN2,Glioma,High - Low,1.292635993,0.015496373,0.04452028
ZNF513,Glioma,High - Low,1.415125661,0.000174268,0.003278288
KCNH8,Glioma,High - Low,1.098460431,0.135700177,0.216356846
LYZL4,Glioma,High - Low,-0.739237925,0.067482831,0.127221411
FAM131A,Glioma,High - Low,0.750721538,0.053898081,0.107231055
TMEM42,Glioma,High - Low,0.982836736,0.051432203,0.103775902
PPM1M,Glioma,High - Low,-0.119481735,0.779066612,0.836991809
SCLT1,Glioma,High - Low,0.157888927,0.601358935,0.688928118
TMEM71,Glioma,High - Low,0.442544444,0.461193911,0.56192182
NACC2,Glioma,High - Low,1.02057023,0.101669453,0.173305318
C9orf116,Glioma,High - Low,0.392272138,0.365127427,0.469931525
DOCK11,Glioma,High - Low,0.845373225,0.054846661,0.108590251
FAM76B,Glioma,High - Low,1.844795048,6.57E-05,0.002056579
DNHD1,Glioma,High - Low,0.597369888,0.073404739,0.136054395
A2ML1,Glioma,High - Low,-0.538048919,0.207130762,0.301195365
TMED6,Glioma,High - Low,0.515679092,0.250754393,0.350686527
MGAT5B,Glioma,High - Low,-0.402229331,0.419164092,0.522428887
TEPSIN,Glioma,High - Low,0.93851896,0.054258008,0.107799712
ZNF18,Glioma,High - Low,1.042201532,0.005890507,0.023484899
DHRS13,Glioma,High - Low,0.890351863,0.070458349,0.131668941
HIPK4,Glioma,High - Low,-0.159566804,0.717742993,0.787052681
TMC4,Glioma,High - Low,-0.927047503,0.001010376,0.008320031
ZNF420,Glioma,High - Low,0.810953633,0.019390353,0.051717561
ZNF570,Glioma,High - Low,0.327591188,0.513315949,0.610541944
BROX,Glioma,High - Low,0.828171907,0.000802215,0.00724872
CIART,Glioma,High - Low,0.02678742,0.952578279,0.966455437
LSM14B,Glioma,High - Low,1.070744199,0.004877219,0.020632449
AIFM3,Glioma,High - Low,0.186568895,0.712925021,0.783677276
ANKAR,Glioma,High - Low,1.380080268,0.005672856,0.022860789
PUS10,Glioma,High - Low,0.596605129,0.13928563,0.220622642
KLHL23,Glioma,High - Low,1.085298911,0.002580215,0.014041044
CCDC12,Glioma,High - Low,1.635782968,0.004427579,0.019479263
SPICE1,Glioma,High - Low,0.515676301,0.236967148,0.335598796
CCDC13,Glioma,High - Low,-0.980728988,0.021435137,0.05560512
THAP6,Glioma,High - Low,0.771952238,0.01300258,0.039417175
ZMAT2,Glioma,High - Low,0.756303843,8.76E-05,0.002363582
DUSP10,Glioma,High - Low,0.015736564,0.96806119,0.977166383
NDUFAF7,Glioma,High - Low,1.536115845,0.007235233,0.026760144
NAXE,Glioma,High - Low,1.484669084,0.004932971,0.020734315
PROKR2,Glioma,High - Low,-0.562771581,0.22676979,0.323819049
SMCR8,Glioma,High - Low,1.983261184,0.000166976,0.003210308
MBNL2,Glioma,High - Low,-0.18235914,0.464908046,0.56518487
PEBP4,Glioma,High - Low,-0.778923574,0.060948116,0.117680826
FAM91A1,Glioma,High - Low,1.146943729,0.003054422,0.015529876
TRMT10B,Glioma,High - Low,1.356657924,0.009391925,0.031898437
ARHGAP36,Glioma,High - Low,-0.597982397,0.189212686,0.280625476
RIBC1,Glioma,High - Low,-0.049182784,0.928099376,0.948529009
CXorf38,Glioma,High - Low,1.16569289,0.025399835,0.062417426
SLFN5,Glioma,High - Low,0.433372008,0.378892791,0.483465872
CCDC138,Glioma,High - Low,1.784466426,0.000860992,0.007550264
C6orf118,Glioma,High - Low,0.279647844,0.593840032,0.682187906
ZFC3H1,Glioma,High - Low,1.105723493,0.009617762,0.032363237
ALG14,Glioma,High - Low,0.385097625,0.445385447,0.547552269
SLFNL1,Glioma,High - Low,-0.444055134,0.035922667,0.079961829
TET3,Glioma,High - Low,0.102258778,0.438742904,0.541266451
ANKRD23,Glioma,High - Low,0.571604768,0.204601675,0.298512338
ARL13B,Glioma,High - Low,0.82971448,0.085983429,0.153000956
CENPX,Glioma,High - Low,0.380083832,0.01552736,0.044575718
TSNARE1,Glioma,High - Low,1.249587338,0.013877573,0.041154942
ADAM32,Glioma,High - Low,0.256436482,0.628537164,0.713308233
C9orf72,Glioma,High - Low,0.633162344,0.213732403,0.308669574
SUSD3,Glioma,High - Low,0.141865313,0.816673919,0.865456222
YPEL4,Glioma,High - Low,0.466102733,0.292696857,0.395692302
ZNF25,Glioma,High - Low,0.298555366,0.176694565,0.265884603
GLYATL2,Glioma,High - Low,0.660420526,0.081198849,0.146760978
CFAP53,Glioma,High - Low,0.132015858,0.845324655,0.886206719
MARCHF8,Glioma,High - Low,0.688939988,0.006251717,0.024426656
ARMC12,Glioma,High - Low,0.166634399,0.679887525,0.756502708
C6orf136,Glioma,High - Low,1.486350137,0.001358214,0.009547213
PPP1R35,Glioma,High - Low,0.17888506,0.4400976,0.542477676
NXPE3,Glioma,High - Low,0.469581616,0.335210135,0.439461931
CENPBD1,Glioma,High - Low,0.946107034,0.036441976,0.080803736
NEIL2,Glioma,High - Low,0.081690174,0.565903957,0.657326163
ZNF501,Glioma,High - Low,0.758932673,0.036856885,0.081473442
OSCP1,Glioma,High - Low,0.628509222,0.275870644,0.377940184
UBLCP1,Glioma,High - Low,0.723035198,0.014578621,0.042701989
UPRT,Glioma,High - Low,0.971845046,0.010999779,0.035283536
DACT3,Glioma,High - Low,0.143188169,0.713843647,0.784090174
CDC42EP5,Glioma,High - Low,0.280210906,0.700801237,0.773528123
RILPL2,Glioma,High - Low,0.69797599,0.160150328,0.246195637
FCSK,Glioma,High - Low,0.699693448,0.208751477,0.303047243
SKA3,Glioma,High - Low,0.456395381,0.474115906,0.573662283
ZUP1,Glioma,High - Low,0.7922607,0.056630179,0.111179927
NSMCE1,Glioma,High - Low,1.053468267,0.000956569,0.008037432
MAP2K3,Glioma,High - Low,0.658837477,0.140626467,0.222289307
FAM200A,Glioma,High - Low,1.233149455,0.049460294,0.100885439
ZSCAN25,Glioma,High - Low,0.985090882,0.020937544,0.054695782
JAG2,Glioma,High - Low,0.264039169,0.631653919,0.715976519
CHURC1,Glioma,High - Low,0.750503006,0.009203858,0.031504693
ZBTB47,Glioma,High - Low,0.850817117,0.018584598,0.050409807
PIGM,Glioma,High - Low,0.402662642,0.075318055,0.138678004
SFT2D1,Glioma,High - Low,0.472216473,0.01302517,0.039458249
CFAP70,Glioma,High - Low,0.597126997,0.268219265,0.369662614
DNAI3,Glioma,High - Low,-0.614513684,0.19179432,0.283619047
DIRAS1,Glioma,High - Low,0.496848791,0.347000235,0.451216536
LRATD1,Glioma,High - Low,1.095083014,0.107949927,0.181459545
DHRSX,Glioma,High - Low,2.297283399,5.07E-06,0.000652005
MAP2K7,Glioma,High - Low,0.708993747,0.003435124,0.016590219
LIPT1,Glioma,High - Low,0.688523589,0.106506838,0.179564002
NAPRT,Glioma,High - Low,0.7104312,0.003399065,0.016489056
CSNK1A1L,Glioma,High - Low,-0.067444441,0.852734722,0.892046637
SENP8,Glioma,High - Low,1.117179468,0.020550884,0.054030668
VTI1A,Glioma,High - Low,1.594608985,0.014632678,0.042850738
EFCAB11,Glioma,High - Low,0.743483283,0.155462882,0.240628385
CTU1,Glioma,High - Low,0.092242326,0.856383358,0.894576935
FANK1,Glioma,High - Low,-0.201766952,0.614666525,0.700603188
ZSCAN20,Glioma,High - Low,-0.274366013,0.586163765,0.675168661
OMA1,Glioma,High - Low,1.373186679,0.009982799,0.033207518
FRA10AC1,Glioma,High - Low,0.167441002,0.440645359,0.542948398
IFI27L1,Glioma,High - Low,0.901383372,0.02091672,0.054678581
UBALD1,Glioma,High - Low,0.399377141,0.051964203,0.104452016
TMEM170A,Glioma,High - Low,0.45263018,0.056304712,0.110673711
MRPL10,Glioma,High - Low,0.933404978,0.01047481,0.034270814
LRRC25,Glioma,High - Low,0.737567599,0.215075467,0.310301167
CCSAP,Glioma,High - Low,0.449587936,0.183501073,0.27373585
ACVR1C,Glioma,High - Low,0.013644203,0.979425106,0.985562537
SPATA18,Glioma,High - Low,-0.712665082,0.13869768,0.220064072
CCDC127,Glioma,High - Low,0.438312644,0.189884096,0.281270785
NUDCD2,Glioma,High - Low,0.721873819,0.050025821,0.101706223
SDHAF4,Glioma,High - Low,1.125281515,0.110529867,0.184726108
HJV,Glioma,High - Low,-0.614279153,0.214654549,0.309764431
METTL21A,Glioma,High - Low,1.051951378,0.007331003,0.027007548
ZNF519,Glioma,High - Low,1.404550352,0.05901892,0.114990285
ADGRA3,Glioma,High - Low,1.384600122,0.002766824,0.014666818
GALNTL5,Glioma,High - Low,-0.164038959,0.734363433,0.800051625
ZNF627,Glioma,High - Low,0.68191851,0.019842739,0.052633911
CADM4,Glioma,High - Low,1.257252273,0.089797215,0.158026201
C7orf33,Glioma,High - Low,0.038074514,0.924399123,0.946002636
SLC25A43,Glioma,High - Low,0.461568146,0.352566408,0.456664903
LRTOMT,Glioma,High - Low,0.279679529,0.51890269,0.615286444
ZNF485,Glioma,High - Low,-0.206244361,0.637959766,0.72044223
RASGEF1A,Glioma,High - Low,-0.369273167,0.475968635,0.57526607
TMEM217,Glioma,High - Low,-0.280676123,0.568811027,0.659941761
MAP3K7,Glioma,High - Low,0.721923532,1.24E-05,0.000973587
TBC1D31,Glioma,High - Low,0.548206953,0.249770855,0.349535037
SLC15A4,Glioma,High - Low,0.334469894,0.312559773,0.417118042
ELOA3P,Glioma,High - Low,0.807172123,0.234571414,0.332781832
GCNT2,Glioma,High - Low,-0.204416932,0.701458481,0.774123053
SPANXA2,Glioma,High - Low,0.148777883,0.796145808,0.850064766
BRF1,Glioma,High - Low,0.616172594,0.034623172,0.077943808
ATPAF2,Glioma,High - Low,0.666466648,0.004399185,0.019399974
LPIN1,Glioma,High - Low,1.11344534,0.059551287,0.115648917
TIGD1,Glioma,High - Low,1.817729979,0.002013615,0.012121502
TIGD4,Glioma,High - Low,-0.469882166,0.173944526,0.262357992
TRAF3,Glioma,High - Low,0.760176429,0.089522973,0.157670741
SYNGR1,Glioma,High - Low,0.122174278,0.827280724,0.872778909
SEPTIN3,Glioma,High - Low,1.165580433,0.093716633,0.163134379
OSBPL6,Glioma,High - Low,2.079754753,0.000894375,0.007718172
GSTA1,Glioma,High - Low,0.393239183,0.416394879,0.519422462
KIFC2,Glioma,High - Low,-0.048180779,0.851962115,0.891452088
TTC21A,Glioma,High - Low,0.760156128,0.161121273,0.247252792
MGST1,Glioma,High - Low,0.188336412,0.779074252,0.836991809
OSBPL7,Glioma,High - Low,1.911084331,0.000209851,0.003559044
ABTB2,Glioma,High - Low,0.347970417,0.513197867,0.610512417
ISL2,Glioma,High - Low,0.493005312,0.25548936,0.356080265
ZNF511,Glioma,High - Low,0.520348755,0.023945132,0.059933782
CDCA7,Glioma,High - Low,1.045256087,0.046557054,0.096451187
CRYZL1,Glioma,High - Low,0.310578554,0.202346856,0.296047311
LTC4S,Glioma,High - Low,0.931264835,0.148451918,0.231970518
PIDD1,Glioma,High - Low,1.056704627,0.042793535,0.090631809
RBFOX1,Glioma,High - Low,-0.336444373,0.681924586,0.758125041
PFDN5,Glioma,High - Low,0.637658758,0.004571354,0.019871426
HMGA1,Glioma,High - Low,0.810238052,0.015505693,0.044530827
ZNF23,Glioma,High - Low,0.32890914,0.254250627,0.354742483
NFAM1,Glioma,High - Low,0.429103084,0.158533335,0.244542525
ZSCAN21,Glioma,High - Low,0.844790553,0.011622613,0.036615704
ZNRF2,Glioma,High - Low,1.194382554,0.071449012,0.133152199
NCR3,Glioma,High - Low,-0.575744995,0.216737903,0.312319128
SGMS1,Glioma,High - Low,1.03428938,0.042133958,0.089627931
IL11RA,Glioma,High - Low,1.503616892,0.024303737,0.060507479
CNTFR,Glioma,High - Low,0.448830168,0.341885683,0.446069681
NUDT2,Glioma,High - Low,1.409484757,0.001397833,0.009688634
KCNIP4,Glioma,High - Low,-0.558648638,0.405022597,0.508726099
AKAP9,Glioma,High - Low,0.331351336,0.270922835,0.372526011
FAM110B,Glioma,High - Low,1.432734691,0.002980663,0.015295973
CERS5,Glioma,High - Low,0.73431638,0.001613706,0.01058649
ANKRD18A,Glioma,High - Low,0.348040922,0.606869776,0.693285575
MRGPRX1,Glioma,High - Low,0.970350551,0.021054073,0.054951466
CTSB,Glioma,High - Low,-0.021798054,0.956068598,0.968420714
PEMT,Glioma,High - Low,0.818345598,0.001312425,0.009431163
AZIN1,Glioma,High - Low,0.900680912,0.000560041,0.005870793
FBXO32,Glioma,High - Low,-0.037485638,0.921679682,0.944031297
RPP25L,Glioma,High - Low,0.61371806,0.047007363,0.097230238
ATXN2L,Glioma,High - Low,0.862297903,4.38E-06,0.000629867
BOD1L1,Glioma,High - Low,0.369362274,0.023722666,0.059567597
TNFRSF18,Glioma,High - Low,-0.345213145,0.354552467,0.458691178
TIRAP,Glioma,High - Low,0.919450178,0.046434516,0.096258251
ABHD11,Glioma,High - Low,0.09890492,0.703066687,0.775375011
PIGQ,Glioma,High - Low,2.02694522,0.001602183,0.010546698
EPN2,Glioma,High - Low,0.913252636,0.00438433,0.019367082
CYB5A,Glioma,High - Low,0.276594323,0.123056864,0.200371039
NSUN5,Glioma,High - Low,1.218239411,0.000387467,0.004896034
OTOS,Glioma,High - Low,-0.107938851,0.835351691,0.878283119
OXER1,Glioma,High - Low,-0.077288341,0.866206697,0.901695997
PSMA1,Glioma,High - Low,0.794741695,0.002974677,0.0152795
PSMA3,Glioma,High - Low,1.323851767,0.00354689,0.016942515
TAGAP,Glioma,High - Low,0.048875695,0.947528759,0.962824528
CSNK1E,Glioma,High - Low,1.029219001,0.000639261,0.006314148
TAS1R3,Glioma,High - Low,0.908621865,0.166882069,0.253950132
IPMK,Glioma,High - Low,1.402710887,0.006819609,0.025679935
SNX11,Glioma,High - Low,0.793350834,0.002857991,0.014942162
TICRR,Glioma,High - Low,-0.057720406,0.899310362,0.926920457
RPUSD2,Glioma,High - Low,1.074425864,0.014364616,0.042197872
TMEM263,Glioma,High - Low,0.99348716,0.001835274,0.011411645
PARS2,Glioma,High - Low,0.495358599,0.368569209,0.473569839
MTRFR,Glioma,High - Low,0.97045331,0.002572066,0.014020007
LONRF1,Glioma,High - Low,1.993603144,5.75E-06,0.000660851
CHMP7,Glioma,High - Low,0.986315221,0.03926439,0.085111047
UBTD2,Glioma,High - Low,1.071789103,0.030593663,0.071490777
TCEAL7,Glioma,High - Low,-0.280821447,0.477185685,0.576470952
ZNF585B,Glioma,High - Low,2.267523897,1.71E-06,0.000392959
SYT11,Glioma,High - Low,0.777606118,0.056087989,0.110330535
ARRDC1,Glioma,High - Low,0.502287119,0.115235863,0.190575111
ORAI3,Glioma,High - Low,1.500815884,0.001437714,0.009865819
ZNF561,Glioma,High - Low,1.379605692,7.40E-05,0.002187682
TADA2B,Glioma,High - Low,0.730710381,0.018745132,0.050583268
TARS1,Glioma,High - Low,1.790452097,0.002570041,0.014014805
ATP1A3,Glioma,High - Low,0.188666243,0.823302945,0.870227291
POGLUT1,Glioma,High - Low,1.432900869,0.001075656,0.008592782
RMI2,Glioma,High - Low,-0.051630973,0.884555656,0.915170858
PIK3AP1,Glioma,High - Low,0.352516876,0.487573311,0.586422686
SLC36A4,Glioma,High - Low,0.141402876,0.375651429,0.480406736
ARL14EP,Glioma,High - Low,0.774112357,0.01984062,0.052633911
NOPCHAP1,Glioma,High - Low,1.286715876,0.002633059,0.014243952
TEX29,Glioma,High - Low,0.842453159,0.152676246,0.237415993
AK7,Glioma,High - Low,0.216945715,0.636559718,0.719227063
FRMD6,Glioma,High - Low,0.712611188,0.164133043,0.250842733
SPATA2L,Glioma,High - Low,-0.870924933,0.000284391,0.00418132
PAQR4,Glioma,High - Low,0.496148237,0.187275446,0.278319797
CDYL2,Glioma,High - Low,-0.07388463,0.879720828,0.911393006
LSM12,Glioma,High - Low,1.091992491,1.14E-06,0.000307541
ANKRD13B,Glioma,High - Low,1.547513319,0.008096742,0.028803992
SLC43A2,Glioma,High - Low,0.600161329,0.060484462,0.116992623
WDR81,Glioma,High - Low,1.362931843,0.013062722,0.03951971
KRT222,Glioma,High - Low,-0.662582933,0.233121904,0.331108667
CLDND2,Glioma,High - Low,-0.447377007,0.376056528,0.480770914
ZNF285,Glioma,High - Low,0.395310475,0.35063204,0.454852403
ZNF441,Glioma,High - Low,0.336169439,0.516130746,0.61311013
ZNF440,Glioma,High - Low,1.452287316,0.012466952,0.038317561
EID2B,Glioma,High - Low,0.33396901,0.326427107,0.430924593
KDF1,Glioma,High - Low,-0.640403375,0.055200104,0.109092069
KLHDC9,Glioma,High - Low,0.943383861,0.074038125,0.136956932
MAB21L3,Glioma,High - Low,-0.630522882,0.122694061,0.199979253
ZNF684,Glioma,High - Low,1.230296508,0.016214625,0.045842818
C1orf216,Glioma,High - Low,-0.241053784,0.325579823,0.43019645
C1orf131,Glioma,High - Low,1.133777848,0.084967862,0.151750678
TBX15,Glioma,High - Low,0.795126399,0.12967339,0.208679167
BBS5,Glioma,High - Low,1.67422197,0.007043711,0.026325737
KCTD18,Glioma,High - Low,1.613837176,0.004032494,0.018300672
SLC66A3,Glioma,High - Low,0.298375008,0.56133788,0.653704248
OCIAD2,Glioma,High - Low,0.479943424,0.46943592,0.568893419
EGFLAM,Glioma,High - Low,0.564705115,0.185521467,0.276214756
JMY,Glioma,High - Low,0.70868849,0.031228404,0.072496212
AFAP1L1,Glioma,High - Low,-0.03555893,0.9523611,0.966309973
GRPEL2,Glioma,High - Low,1.159162083,0.001334588,0.009506471
POC5,Glioma,High - Low,1.358187815,0.007045397,0.026325737
ZNF786,Glioma,High - Low,0.961429994,0.038804298,0.084480325
ZNF572,Glioma,High - Low,0.152299915,0.769652901,0.829319844
NDUFAF6,Glioma,High - Low,1.686089869,0.003881203,0.017862067
TMEM68,Glioma,High - Low,0.91239891,0.043527348,0.091816266
HGSNAT,Glioma,High - Low,0.911117336,0.013241531,0.039882991
CARNMT1,Glioma,High - Low,1.213396632,0.059497565,0.115580034
DIPK1B,Glioma,High - Low,2.048764363,0.000599442,0.006093183
AMER1,Glioma,High - Low,0.647388082,0.115637889,0.191046925
FGFBP3,Glioma,High - Low,1.810513269,0.007080687,0.026410041
ARHGAP42,Glioma,High - Low,-0.125419205,0.770496157,0.830091844
CWF19L2,Glioma,High - Low,0.514536228,0.016171857,0.045761426
C12orf66,Glioma,High - Low,0.157844229,0.788892366,0.843961459
FBXL14,Glioma,High - Low,-0.408475828,0.466641912,0.566871642
PTGR2,Glioma,High - Low,0.989912828,0.015947638,0.045352395
FAM161B,Glioma,High - Low,0.52334752,0.180575375,0.270110063
CEP128,Glioma,High - Low,0.526425315,0.298575744,0.401690528
LRFN5,Glioma,High - Low,-0.195716636,0.779533121,0.837210004
LYSMD4,Glioma,High - Low,0.294217219,0.523764341,0.619928269
ZSCAN29,Glioma,High - Low,0.54798306,0.044419657,0.093188042
ZNF597,Glioma,High - Low,0.482077298,0.259200343,0.36003494
ZNF785,Glioma,High - Low,1.023899919,0.003036694,0.015488688
TMEM199,Glioma,High - Low,1.753632679,0.000450865,0.005278019
RNF165,Glioma,High - Low,0.158826514,0.596381976,0.684769729
C19orf18,Glioma,High - Low,-0.605283666,0.35338126,0.457437533
ZNF560,Glioma,High - Low,-0.214748461,0.672589447,0.750806857
TTC9B,Glioma,High - Low,0.092067391,0.882077405,0.913311509
C19orf25,Glioma,High - Low,1.297271848,0.032509874,0.0746067
C1orf74,Glioma,High - Low,0.133060903,0.759341586,0.820859019
TLCD4,Glioma,High - Low,0.133070791,0.771899974,0.830988848
ZNF362,Glioma,High - Low,0.548871877,0.028138606,0.067156174
CCDC24,Glioma,High - Low,-0.11383517,0.750445979,0.81337659
MROH8,Glioma,High - Low,0.022174361,0.933117693,0.952542488
COMMD1,Glioma,High - Low,0.892152821,0.002175515,0.012705569
TTC30B,Glioma,High - Low,0.763862516,0.066005902,0.125067333
KANSL1L,Glioma,High - Low,-0.444112982,0.509835848,0.607395884
ARL6IP6,Glioma,High - Low,1.363840613,0.003816798,0.017696959
CCNYL1,Glioma,High - Low,0.834580399,0.059437293,0.115513207
SGO2,Glioma,High - Low,0.979377696,0.023761553,0.059611038
SLC16A14,Glioma,High - Low,0.436015595,0.265773371,0.36702571
XXYLT1,Glioma,High - Low,0.941933693,0.033607159,0.076246497
SCFD2,Glioma,High - Low,0.914975415,3.74E-05,0.001547464
PPM1K,Glioma,High - Low,0.563811141,0.122020659,0.199204052
TRMT44,Glioma,High - Low,0.391183349,0.077595009,0.141655251
RASGEF1B,Glioma,High - Low,0.992314727,0.159000604,0.24497469
SRFBP1,Glioma,High - Low,0.9685958,0.006216965,0.024319906
SNRNP48,Glioma,High - Low,0.906727963,0.03481532,0.07824379
RNF217,Glioma,High - Low,0.001399653,0.997451184,0.998442535
ZNF746,Glioma,High - Low,1.040235384,0.003563221,0.01697258
IQCE,Glioma,High - Low,1.574842023,0.007723176,0.027910446
MOSPD2,Glioma,High - Low,0.934999062,0.100032281,0.171093749
USP54,Glioma,High - Low,1.386832106,0.05005958,0.101750311
C11orf65,Glioma,High - Low,0.289530868,0.497240902,0.595479295
TMTC2,Glioma,High - Low,0.101450677,0.848512994,0.88876645
SPRED1,Glioma,High - Low,0.757521661,0.049688543,0.101193357
PGBD4,Glioma,High - Low,0.76097601,0.092288703,0.161240458
FSIP1,Glioma,High - Low,0.277800891,0.563724604,0.65541173
MFSD6L,Glioma,High - Low,-1.334606932,9.74E-05,0.002486691
ZNF709,Glioma,High - Low,0.322652216,0.144458043,0.227112051
ZNF567,Glioma,High - Low,1.302677509,0.044650889,0.093583173
ZNF383,Glioma,High - Low,0.771948192,0.022008822,0.056579915
ZNF781,Glioma,High - Low,0.75992076,0.099882775,0.170949697
SDE2,Glioma,High - Low,1.490720181,0.000909997,0.007804587
RNF168,Glioma,High - Low,0.778250003,0.006543914,0.025067133
MIER3,Glioma,High - Low,0.596126581,0.059498161,0.115580034
SNX31,Glioma,High - Low,0.581504098,0.237778927,0.336420953
FAM47B,Glioma,High - Low,-0.571657781,0.089688084,0.15791416
METTL15,Glioma,High - Low,0.551795993,0.259206975,0.36003494
METTL7B,Glioma,High - Low,1.542804058,0.021468966,0.055639979
DCP1B,Glioma,High - Low,0.969991137,0.005396349,0.022123835
ARID2,Glioma,High - Low,0.625797675,0.010471134,0.034270814
FAM227B,Glioma,High - Low,0.311747754,0.455751153,0.557000826
UBE2E2,Glioma,High - Low,0.69329556,0.011898591,0.037170574
FAM76A,Glioma,High - Low,0.836266161,0.072624138,0.134951439
RALGPS2,Glioma,High - Low,0.790134003,0.10348964,0.175676112
DENND6A,Glioma,High - Low,1.023606323,0.003651981,0.01720597
RWDD4,Glioma,High - Low,1.358491708,0.000709449,0.006687409
PRIMPOL,Glioma,High - Low,0.316048127,0.121723267,0.198768114
DNAJC18,Glioma,High - Low,1.156581851,0.016657788,0.046662477
KHDRBS2,Glioma,High - Low,0.359444442,0.63069523,0.715178487
ZNF449,Glioma,High - Low,0.941165003,0.097514318,0.168148948
HIPK1,Glioma,High - Low,0.257342526,0.312270908,0.416817514
SLC44A5,Glioma,High - Low,-0.100442584,0.869059207,0.903708379
SENP5,Glioma,High - Low,1.195668628,0.005097106,0.021233347
SAMD9L,Glioma,High - Low,1.636356701,0.033481417,0.076072806
AMER2,Glioma,High - Low,0.743748504,0.425058686,0.528133531
SLC25A16,Glioma,High - Low,1.461814639,0.013011548,0.039427912
STT3A,Glioma,High - Low,1.555628018,8.84E-05,0.00238112
TBCEL,Glioma,High - Low,0.758774667,0.021405219,0.05555174
PATL1,Glioma,High - Low,1.255193743,0.001466547,0.009954121
VWCE,Glioma,High - Low,0.271372421,0.334837014,0.43919265
DOK6,Glioma,High - Low,0.490075456,0.40655636,0.510105901
CPNE2,Glioma,High - Low,1.502677333,0.00540611,0.022140194
NT5DC1,Glioma,High - Low,-0.036585823,0.946000094,0.961868388
TBC1D32,Glioma,High - Low,1.111902083,0.000212642,0.003587792
BEND6,Glioma,High - Low,0.338857296,0.113285963,0.18813379
C6orf89,Glioma,High - Low,1.145654209,0.00303629,0.015488688
ZBTB9,Glioma,High - Low,1.866646445,0.000369111,0.004747314
HIBADH,Glioma,High - Low,0.999957335,0.001293251,0.009366826
GPC2,Glioma,High - Low,0.444027552,0.377999523,0.482561209
BRAT1,Glioma,High - Low,1.552068988,0.007384772,0.027110156
NXPH1,Glioma,High - Low,1.56364889,0.018338528,0.049874866
BEND7,Glioma,High - Low,0.154452897,0.565088444,0.656786773
SEMA3D,Glioma,High - Low,0.166767135,0.783375913,0.839959121
CNPY4,Glioma,High - Low,1.611107925,0.000631379,0.00627035
RICTOR,Glioma,High - Low,0.919960791,0.092444513,0.161448047
YTHDF3,Glioma,High - Low,1.509191842,0.005646819,0.022804999
SNX32,Glioma,High - Low,1.20489911,0.038401923,0.083799396
AKNAD1,Glioma,High - Low,0.228492512,0.588182507,0.676957944
VXN,Glioma,High - Low,-0.072528363,0.880007698,0.91161807
TMEM256,Glioma,High - Low,1.475315752,0.00412467,0.018606868
CBARP,Glioma,High - Low,1.374596547,0.017315876,0.047941798
DYNLT2B,Glioma,High - Low,0.354819755,0.260929194,0.361786078
TMEM196,Glioma,High - Low,0.548240234,0.366803338,0.471717524
MFSD8,Glioma,High - Low,0.762794281,0.051020272,0.103247051
GLIPR1L1,Glioma,High - Low,-0.921434893,0.040569102,0.087148688
TAB3,Glioma,High - Low,0.014283614,0.95439505,0.967708641
ASPRV1,Glioma,High - Low,-0.273652465,0.438117581,0.54059688
MTURN,Glioma,High - Low,-0.15262532,0.812551986,0.862344423
HIF3A,Glioma,High - Low,1.231311049,0.113941717,0.188936032
SNX3,Glioma,High - Low,0.512482069,0.025724961,0.063015326
FAM89B,Glioma,High - Low,1.788170146,0.004131785,0.01862219
TMEM18,Glioma,High - Low,0.435831068,0.167223642,0.254351666
MS4A6A,Glioma,High - Low,-0.097711656,0.859558482,0.896748941
NKAIN4,Glioma,High - Low,1.375658408,0.052972766,0.105986006
RGN,Glioma,High - Low,-0.394611345,0.403846171,0.507653404
FAS,Glioma,High - Low,-0.400382873,0.369446407,0.474185061
PTK7,Glioma,High - Low,0.56589311,0.140441007,0.222049765
COL22A1,Glioma,High - Low,0.766916564,0.180295648,0.269938356
LRWD1,Glioma,High - Low,0.595163821,0.053035079,0.106029667
UHRF2,Glioma,High - Low,2.114783086,0.000280718,0.00415268
IL4I1,Glioma,High - Low,-0.322269928,0.526107165,0.621914149
MAGI3,Glioma,High - Low,-0.720507655,0.044416392,0.093188042
KBTBD6,Glioma,High - Low,2.282891918,0.000303054,0.004303565
TANGO2,Glioma,High - Low,0.287662422,0.514065631,0.610989589
SLC47A2,Glioma,High - Low,-0.310543179,0.60588961,0.692467935
MTIF3,Glioma,High - Low,0.205063333,0.239586871,0.338284364
SOX5,Glioma,High - Low,0.163445995,0.77066932,0.830118394
STEAP2,Glioma,High - Low,-0.083717525,0.835316799,0.878283119
APCDD1,Glioma,High - Low,0.532847904,0.303966871,0.407561519
GPR156,Glioma,High - Low,0.161116419,0.681058777,0.757484078
NADK2,Glioma,High - Low,0.303076791,0.277130887,0.379388823
ZFP3,Glioma,High - Low,1.326252333,0.012146072,0.037675556
PRICKLE1,Glioma,High - Low,1.052546586,0.077794438,0.141920381
ZNF75A,Glioma,High - Low,1.014827825,0.056468286,0.110945268
N4BP1,Glioma,High - Low,0.390327767,0.350238281,0.45450994
TCEANC2,Glioma,High - Low,0.775871565,0.111882464,0.18653726
CALHM4,Glioma,High - Low,0.457721878,0.378566498,0.483143695
KDM1B,Glioma,High - Low,1.045004248,0.005771903,0.023167235
TMEM268,Glioma,High - Low,0.363482191,0.373826311,0.478548357
ADAM33,Glioma,High - Low,0.597796221,0.299628273,0.402940938
IQCK,Glioma,High - Low,0.840741002,0.138985858,0.22028106
USP43,Glioma,High - Low,0.17772658,0.744075288,0.808077119
POU5F2,Glioma,High - Low,0.209196254,0.492694546,0.591061911
ZNF524,Glioma,High - Low,0.270528808,0.271772022,0.373356627
SBSPON,Glioma,High - Low,-0.090873179,0.861130214,0.897673399
ANKFN1,Glioma,High - Low,1.019474576,0.080009156,0.145212072
EID2,Glioma,High - Low,1.005280818,0.046385878,0.096180288
LIX1,Glioma,High - Low,0.518482015,0.496939195,0.595172419
GIMAP7,Glioma,High - Low,0.010695629,0.987998738,0.991330177
ZDHHC20,Glioma,High - Low,0.540568704,0.037751415,0.08279385
BRWD3,Glioma,High - Low,0.918684409,0.001876026,0.011564991
MCOLN2,Glioma,High - Low,0.152815723,0.844180933,0.885220323
LRRC57,Glioma,High - Low,0.953775463,0.013423605,0.040288262
CNEP1R1,Glioma,High - Low,0.66934766,0.212453507,0.307263203
SYT14,Glioma,High - Low,0.800275412,0.094385885,0.164007218
EML3,Glioma,High - Low,0.628818782,0.003273274,0.016117703
TMEM151A,Glioma,High - Low,-1.162211086,0.133571857,0.213665078
C20orf96,Glioma,High - Low,0.600397492,0.103952845,0.176211108
SNX33,Glioma,High - Low,0.4149481,0.120376606,0.197109917
IP6K1,Glioma,High - Low,0.651970717,0.025066036,0.061840891
KCTD6,Glioma,High - Low,1.118962731,0.006747547,0.025526042
ERI1,Glioma,High - Low,0.886600125,0.202508815,0.296218067
TCEAL8,Glioma,High - Low,0.593057307,0.006164332,0.024160143
STRADA,Glioma,High - Low,0.570561289,0.024621581,0.061031875
PSTK,Glioma,High - Low,0.574577142,0.170534489,0.258307273
PUSL1,Glioma,High - Low,1.00352015,0.097641202,0.168301245
ATXN7L2,Glioma,High - Low,1.64775788,0.011523528,0.036411021
RNF19B,Glioma,High - Low,-0.092716518,0.734714169,0.800300551
ENPP6,Glioma,High - Low,-0.058850975,0.927595529,0.948162094
LRRC34,Glioma,High - Low,0.852900761,0.1212813,0.198194715
TMEM161B,Glioma,High - Low,0.721289468,0.00179166,0.01132153
NKAIN2,Glioma,High - Low,-1.470927185,0.056427699,0.110882164
TBC1D21,Glioma,High - Low,0.08264485,0.845473625,0.886220973
ZNF791,Glioma,High - Low,0.564476432,0.07009134,0.131191459
NIM1K,Glioma,High - Low,0.973980821,0.012014092,0.037340633
PRSS35,Glioma,High - Low,0.05323713,0.897793355,0.92564835
FAM71C,Glioma,High - Low,0.265230975,0.476831515,0.576149412
TAPT1,Glioma,High - Low,0.919333558,0.004912488,0.020683214
SVEP1,Glioma,High - Low,-0.190891318,0.661101677,0.741333013
ZCCHC24,Glioma,High - Low,0.862568455,0.032365428,0.07442763
PHYKPL,Glioma,High - Low,0.953088769,0.042198591,0.089750838
LYSMD2,Glioma,High - Low,0.894415037,0.089230688,0.157388846
ZNF41,Glioma,High - Low,0.009269405,0.96688863,0.976434465
MED19,Glioma,High - Low,0.415127537,0.041010229,0.087750765
LTO1,Glioma,High - Low,0.931278622,0.015652092,0.044823456
HS6ST3,Glioma,High - Low,-1.04048066,0.0958958,0.165948976
IL17RC,Glioma,High - Low,1.065155296,0.08724469,0.154761512
LDHD,Glioma,High - Low,0.456380891,0.380776958,0.485491548
TAB1,Glioma,High - Low,1.442738095,0.007584243,0.027639306
CAMK1D,Glioma,High - Low,0.529552553,0.135977164,0.216640181
COG7,Glioma,High - Low,0.844999458,0.034409507,0.077569503
CRYBG3,Glioma,High - Low,0.653497567,0.262708206,0.363790433
CREBRF,Glioma,High - Low,0.530310195,0.141836585,0.223877806
ZNF114,Glioma,High - Low,1.715393605,8.59E-06,0.000798644
LPCAT4,Glioma,High - Low,0.998582061,0.100413579,0.171611407
RGL4,Glioma,High - Low,-0.379169073,0.506347766,0.604119856
SEMA6D,Glioma,High - Low,1.171742798,0.029070655,0.068741573
CPNE7,Glioma,High - Low,-0.505355812,0.193569769,0.285695973
PANK2,Glioma,High - Low,0.928513527,0.009876082,0.032986619
SLC24A4,Glioma,High - Low,0.668787021,0.323917503,0.428634951
PIGP,Glioma,High - Low,0.661658575,0.063084521,0.120719911
PIANP,Glioma,High - Low,0.880828708,0.015568786,0.044643478
ZFP1,Glioma,High - Low,1.082004064,0.003967864,0.018099679
C2orf69,Glioma,High - Low,0.308963187,0.394538249,0.498757134
HTRA4,Glioma,High - Low,0.033083542,0.927927664,0.94842755
HOXC6,Glioma,High - Low,-0.105969505,0.840219233,0.882408793
ZNF367,Glioma,High - Low,1.106222868,0.051794729,0.104244721
ELMOD2,Glioma,High - Low,0.816162985,0.010599331,0.034538836
POGLUT3,Glioma,High - Low,1.073055212,0.047660003,0.098223268
TTL,Glioma,High - Low,0.98726931,0.108706019,0.18241466
PIGC,Glioma,High - Low,0.785312924,0.103904261,0.176151559
NAP1L5,Glioma,High - Low,0.752706003,0.285977376,0.388695296
CABYR,Glioma,High - Low,-0.708916729,0.206825858,0.300852233
CACUL1,Glioma,High - Low,0.908209504,0.000354713,0.004687359
PHF13,Glioma,High - Low,1.203006245,0.034468844,0.077663152
SNX14,Glioma,High - Low,0.468125586,0.005434346,0.022207207
CREG2,Glioma,High - Low,-1.52518439,0.084724775,0.151399137
RGS20,Glioma,High - Low,0.163597149,0.790388133,0.845193713
KNL1,Glioma,High - Low,-0.746905176,0.087664356,0.15535861
SH2D3C,Glioma,High - Low,0.245460877,0.708678484,0.780353352
KMT2C,Glioma,High - Low,0.933742363,4.38E-05,0.001679895
MLX,Glioma,High - Low,1.489680797,0.025910629,0.063280707
CBLB,Glioma,High - Low,2.19582652,0.001377704,0.009601901
ZNF398,Glioma,High - Low,1.106829121,0.00685974,0.025801371
GFM2,Glioma,High - Low,0.605019722,0.001254101,0.009234257
SGK2,Glioma,High - Low,-0.255094133,0.625655797,0.710777557
TGIF1,Glioma,High - Low,-0.499849089,0.314344732,0.419030297
WDR17,Glioma,High - Low,1.369767243,0.009228622,0.031548392
NLRX1,Glioma,High - Low,-0.089878216,0.816595807,0.865443492
PGBD2,Glioma,High - Low,0.688085007,0.153396355,0.238161801
UNC5B,Glioma,High - Low,-0.539289982,0.114943247,0.190294237
SELENOH,Glioma,High - Low,1.017612591,1.21E-05,0.000970782
PGBD3,Glioma,High - Low,0.836079303,0.036555771,0.081012983
POLR1H,Glioma,High - Low,1.317727414,0.002047769,0.012225921
MKKS,Glioma,High - Low,0.649021587,0.002981389,0.015295973
CAMK2A,Glioma,High - Low,-0.960907658,0.280863517,0.383368279
LACTB,Glioma,High - Low,0.923105526,0.051781222,0.104244721
TRIM35,Glioma,High - Low,0.956294353,0.003590971,0.017036102
RAB39B,Glioma,High - Low,1.154543309,0.044840787,0.093855234
SALL3,Glioma,High - Low,0.832801713,0.095290752,0.165112598
HSCB,Glioma,High - Low,0.940355958,0.066308254,0.125494937
CBWD2,Glioma,High - Low,0.861921697,4.52E-05,0.001698788
CLECL1,Glioma,High - Low,-0.774907244,0.12380717,0.201317347
RDH10,Glioma,High - Low,1.184737297,0.047760044,0.098318544
KCNH2,Glioma,High - Low,1.413871269,0.003688563,0.017297407
EYA1,Glioma,High - Low,-0.528485721,0.386077045,0.490674431
PLEKHH2,Glioma,High - Low,-0.219887447,0.753112051,0.815726016
UBR3,Glioma,High - Low,0.697913935,0.052758954,0.105719772
RC3H1,Glioma,High - Low,0.220723212,0.046125054,0.095753183
CD8B,Glioma,High - Low,0.375378881,0.493958535,0.592198434
KCNQ2,Glioma,High - Low,1.279862657,0.063894549,0.121869214
CAMK2D,Glioma,High - Low,0.942548125,0.001481259,0.010013635
MSH5,Glioma,High - Low,1.484766362,0.015348656,0.04427406
KLHDC1,Glioma,High - Low,0.565016851,0.108696727,0.18241466
OR4Q3,Glioma,High - Low,0.419237243,0.40654231,0.510105901
EIF2B4,Glioma,High - Low,1.107992728,2.72E-05,0.001348137
CAMKK1,Glioma,High - Low,-0.472312081,0.448961884,0.550553334
SPAG1,Glioma,High - Low,0.861564767,0.066075886,0.125163711
SYVN1,Glioma,High - Low,1.317832389,0.004352931,0.019268807
SUGP1,Glioma,High - Low,1.384161144,0.000780081,0.007112538
MRPL54,Glioma,High - Low,0.904321624,0.000249939,0.003900425
PSENEN,Glioma,High - Low,0.453628075,0.049871624,0.101449838
CD46,Glioma,High - Low,0.416906549,0.008922241,0.030848548
DAOA,Glioma,High - Low,-0.177976129,0.592411176,0.680756497
NFATC1,Glioma,High - Low,-0.30436571,0.578267082,0.667894399
APBB2,Glioma,High - Low,0.93147432,0.022155231,0.056822418
CPO,Glioma,High - Low,0.004527697,0.991630823,0.993753651
SLITRK4,Glioma,High - Low,-1.040297141,0.012773216,0.038965452
RUNDC1,Glioma,High - Low,0.276558445,0.392153721,0.496515682
ARMC3,Glioma,High - Low,-1.045887086,0.107271956,0.180644594
TRIM59,Glioma,High - Low,-0.146184675,0.782990258,0.839751921
SMG7,Glioma,High - Low,0.697912569,0.000369739,0.004750059
SLC35C2,Glioma,High - Low,0.955427893,0.004408434,0.019427674
NR4A3,Glioma,High - Low,0.320058275,0.635369153,0.718492627
NFAT5,Glioma,High - Low,0.451791057,0.108336985,0.18197
FAM149B1,Glioma,High - Low,0.807534396,0.05747457,0.11256762
SIK1,Glioma,High - Low,0.687291236,0.26082601,0.361759917
PAPLN,Glioma,High - Low,1.375973605,0.013405846,0.040248279
L3MBTL4,Glioma,High - Low,0.928998613,0.065786704,0.124742261
MOB1B,Glioma,High - Low,0.528649141,0.093721592,0.163134379
MMGT1,Glioma,High - Low,0.885070804,0.022617793,0.057636193
DCUN1D3,Glioma,High - Low,2.32179846,0.000904386,0.007764672
ZNF57,Glioma,High - Low,-0.254297514,0.554630164,0.647563112
C4orf33,Glioma,High - Low,1.809331488,0.002381346,0.013287519
TMEM171,Glioma,High - Low,0.115595081,0.830302356,0.874941549
LSM11,Glioma,High - Low,0.011326189,0.985216936,0.98948584
PTCHD1,Glioma,High - Low,-0.269550182,0.667658098,0.746575069
TTBK2,Glioma,High - Low,0.016625515,0.966270657,0.976074632
PRSS36,Glioma,High - Low,-0.018452466,0.962655805,0.973511428
SLC35F3,Glioma,High - Low,-0.276233951,0.592418814,0.680756497
CCDC117,Glioma,High - Low,1.817575036,1.57E-05,0.001073907
FAM117B,Glioma,High - Low,0.809428269,0.057075952,0.111933055
SLC38A9,Glioma,High - Low,1.205975426,0.033701991,0.076385209
CNKSR3,Glioma,High - Low,0.967187815,0.039481174,0.085456607
VKORC1L1,Glioma,High - Low,0.592725327,0.024615589,0.061028576
CLVS1,Glioma,High - Low,0.645265969,0.24053573,0.339441077
REM2,Glioma,High - Low,-0.492892492,0.238475928,0.337224897
C18orf54,Glioma,High - Low,-1.208048513,0.015766334,0.045039396
GABRG1,Glioma,High - Low,-0.190325268,0.78725075,0.842685537
FUT11,Glioma,High - Low,0.589044407,0.030300114,0.070956785
PLBD2,Glioma,High - Low,1.494804352,0.002330121,0.01318164
APLF,Glioma,High - Low,0.361761432,0.44374101,0.545762423
KLHDC8B,Glioma,High - Low,0.926528331,0.066833687,0.126215702
ZNF584,Glioma,High - Low,1.450365111,0.012075765,0.037493002
ANKS6,Glioma,High - Low,1.615808574,0.002653974,0.014291949
DIPK2A,Glioma,High - Low,0.237116056,0.54607549,0.640143826
FGD2,Glioma,High - Low,1.400495737,0.054283944,0.107833381
KCTD20,Glioma,High - Low,1.094949764,0.002381869,0.013287519
NYAP1,Glioma,High - Low,0.443963261,0.406912306,0.510416085
PRR14L,Glioma,High - Low,0.96422839,0.028048981,0.06700334
EPHX4,Glioma,High - Low,-1.192751857,0.051184763,0.10343755
UBN2,Glioma,High - Low,0.990054917,0.027636642,0.066284401
STK32C,Glioma,High - Low,-0.202565731,0.552580922,0.646034647
MKX,Glioma,High - Low,-0.380152797,0.492003542,0.590503472
PGM2L1,Glioma,High - Low,0.505240025,0.202600109,0.296308031
RCOR2,Glioma,High - Low,2.388133575,7.13E-06,0.000733353
B4GALNT3,Glioma,High - Low,0.392454564,0.485156678,0.584267511
ANKRD52,Glioma,High - Low,0.626471147,0.003388604,0.016462706
GXYLT1,Glioma,High - Low,-0.252629182,0.492513947,0.590953547
DIP2B,Glioma,High - Low,0.572786997,0.059856965,0.116139189
FAM177A1,Glioma,High - Low,1.151890741,0.026915579,0.064971549
FAM98B,Glioma,High - Low,0.832574042,0.00914103,0.031361347
INO80E,Glioma,High - Low,1.362305488,0.000106106,0.002616912
ZNF776,Glioma,High - Low,0.846734354,0.101604895,0.173240382
TMEM145,Glioma,High - Low,1.620840059,0.004916106,0.020683214
RIMKLA,Glioma,High - Low,-0.100706318,0.842932492,0.884107586
RNF149,Glioma,High - Low,0.133190985,0.672675186,0.75080817
SLC9A9,Glioma,High - Low,0.245412731,0.673556844,0.751373081
EOGT,Glioma,High - Low,1.09503554,0.057256358,0.112190586
EPHA6,Glioma,High - Low,-0.099472907,0.854455716,0.893204686
C3orf33,Glioma,High - Low,0.212614042,0.734690265,0.800300551
ZNF660,Glioma,High - Low,1.689698219,0.000216642,0.003589576
RNF175,Glioma,High - Low,0.170128417,0.760162918,0.821460307
ARL10,Glioma,High - Low,0.974389786,0.035490587,0.079242539
DTWD2,Glioma,High - Low,0.229435464,0.704729228,0.776815943
DCBLD1,Glioma,High - Low,0.174649722,0.75057174,0.813445559
ATG9B,Glioma,High - Low,-0.475130676,0.259571037,0.360322688
NSMCE2,Glioma,High - Low,0.634322489,0.004394282,0.019391416
C8orf58,Glioma,High - Low,0.303424732,0.121434904,0.198346706
CRB2,Glioma,High - Low,-0.182408917,0.802871505,0.855560258
C22orf39,Glioma,High - Low,0.902331305,0.003469595,0.016713541
FUNDC1,Glioma,High - Low,0.70450983,0.177872313,0.267257538
ZCCHC12,Glioma,High - Low,-1.105612923,0.01656748,0.046489073
TMEM86B,Glioma,High - Low,1.263061494,0.004525831,0.019726134
NEGR1,Glioma,High - Low,-0.08473938,0.787270258,0.842685537
TTC9C,Glioma,High - Low,1.592237772,0.011290882,0.035869525
HARBI1,Glioma,High - Low,0.56239594,0.326283281,0.430865053
DPY19L2,Glioma,High - Low,1.419158988,0.039079367,0.08482529
PRTG,Glioma,High - Low,0.791792326,0.07462352,0.137767308
CES4A,Glioma,High - Low,-0.637383867,0.439434739,0.541966752
RTP5,Glioma,High - Low,1.363952614,0.066905329,0.126296349
FAM126B,Glioma,High - Low,0.615340451,0.083898218,0.150456016
C3orf38,Glioma,High - Low,0.371288627,0.091012605,0.159725907
RABL3,Glioma,High - Low,1.675043259,0.001295989,0.00937177
COX18,Glioma,High - Low,-0.214096509,0.63181539,0.71609755
SREK1IP1,Glioma,High - Low,0.079559714,0.712219858,0.78329228
ZFP41,Glioma,High - Low,1.349936879,0.001583642,0.010483945
GSC,Glioma,High - Low,1.091991652,0.047698803,0.098256833
KRTCAP2,Glioma,High - Low,0.896611924,0.003333331,0.016333574
SLC41A1,Glioma,High - Low,0.896085494,0.023329995,0.058844081
MORN3,Glioma,High - Low,-0.344434994,0.516301339,0.613257138
AK5,Glioma,High - Low,-1.917737184,0.017511575,0.048289606
PSMD12,Glioma,High - Low,0.723122598,0.000252256,0.003930943
NDUFAF2,Glioma,High - Low,0.77564274,0.117626476,0.193481428
CLBA1,Glioma,High - Low,1.072132944,0.062915204,0.120483949
TRAPPC5,Glioma,High - Low,0.900085901,0.01753625,0.048315169
C1orf162,Glioma,High - Low,0.241391579,0.681809573,0.758089329
LYG1,Glioma,High - Low,0.514081004,0.256714725,0.357342749
LDLRAD3,Glioma,High - Low,1.368278756,0.007660401,0.027769148
FAM98C,Glioma,High - Low,0.567549643,0.230371616,0.328024346
PPP4R2,Glioma,High - Low,0.408658304,0.037002523,0.081643754
TMEM167A,Glioma,High - Low,0.508714097,0.002149467,0.012620169
LRATD2,Glioma,High - Low,1.681786547,0.000723133,0.006766124
UBR1,Glioma,High - Low,0.718364497,0.002937593,0.015190327
SMIM14,Glioma,High - Low,0.10994237,0.595488017,0.683863223
ADCK5,Glioma,High - Low,0.901653187,0.037446906,0.082346715
CCDC107,Glioma,High - Low,1.713779025,0.00827541,0.029275857
EEF1AKMT1,Glioma,High - Low,0.337834867,0.274179151,0.376134495
PHYHD1,Glioma,High - Low,0.394271442,0.545981468,0.640090917
SCN4B,Glioma,High - Low,0.009025531,0.978884829,0.985281294
FRMD3,Glioma,High - Low,0.228826389,0.502157149,0.600323553
GAS2L3,Glioma,High - Low,0.339350456,0.476402291,0.57573705
ZNF575,Glioma,High - Low,-0.201797078,0.697112479,0.770951406
ST3GAL3,Glioma,High - Low,1.177065591,0.004641641,0.020063718
ZDHHC22,Glioma,High - Low,1.671190714,0.043972942,0.092517713
POTED,Glioma,High - Low,-0.037102423,0.961156348,0.972295455
MFSD12,Glioma,High - Low,1.266266879,0.022371136,0.057185726
ST6GALNAC4,Glioma,High - Low,0.995945148,0.082076768,0.147943472
PLEKHA7,Glioma,High - Low,0.474854302,0.451254643,0.552796206
CLEC14A,Glioma,High - Low,0.179831291,0.674645822,0.752229322
JAZF1,Glioma,High - Low,0.587300159,0.19336663,0.285492703
RASGEF1C,Glioma,High - Low,0.003950972,0.990317051,0.993047496
DDX51,Glioma,High - Low,1.126841983,0.025325917,0.062305943
APTX,Glioma,High - Low,0.650787855,0.113058502,0.187899843
TDRP,Glioma,High - Low,1.379167124,0.019198233,0.051392857
XG,Glioma,High - Low,0.717527218,0.126689478,0.204966491
GIMAP8,Glioma,High - Low,0.107161414,0.817797428,0.866329932
RAB3IP,Glioma,High - Low,2.829937345,8.78E-06,0.000803855
CBX7,Glioma,High - Low,-0.20530992,0.459982452,0.560758868
PTPMT1,Glioma,High - Low,0.786041661,0.000356868,0.004687359
FMNL3,Glioma,High - Low,1.421970099,0.004846528,0.02054244
SMOX,Glioma,High - Low,2.036548908,0.002371783,0.013265167
PTBP1,Glioma,High - Low,-0.963435422,0.001272198,0.009289952
TXLNA,Glioma,High - Low,0.399045423,0.086203265,0.153287974
PAN3,Glioma,High - Low,1.368951313,0.001116836,0.008814189
CHSY3,Glioma,High - Low,-0.003200604,0.994343807,0.995840197
CTPS2,Glioma,High - Low,0.93329536,0.000813453,0.007324815
CD86,Glioma,High - Low,0.505845415,0.446165409,0.548286684
UHMK1,Glioma,High - Low,0.980044638,0.007741283,0.027931445
SOWAHA,Glioma,High - Low,-0.098897085,0.866656374,0.901997767
EXOC8,Glioma,High - Low,0.756598293,0.004887706,0.02065679
OR7D2,Glioma,High - Low,-0.087811449,0.825803748,0.871885209
CCDC71L,Glioma,High - Low,1.271950761,0.081333227,0.146922729
FAM181B,Glioma,High - Low,2.131765904,0.003792972,0.017660522
ZADH2,Glioma,High - Low,1.378709753,0.002872026,0.014981448
ZNF493,Glioma,High - Low,2.175161369,2.32E-05,0.001286346
C5orf51,Glioma,High - Low,0.412963729,0.046286168,0.096013633
PRR18,Glioma,High - Low,-0.664320928,0.324545262,0.429262665
PSMD13,Glioma,High - Low,1.144561311,0.004017852,0.018253203
CDK5RAP3,Glioma,High - Low,0.80842498,0.00047707,0.005445755
MRPL43,Glioma,High - Low,0.594477909,0.002358901,0.013244298
CHMP4B,Glioma,High - Low,0.422156178,0.004592017,0.019914964
ZNF800,Glioma,High - Low,1.157802095,0.001157376,0.008934864
CCDC125,Glioma,High - Low,1.356280094,0.067812219,0.127695294
GATC,Glioma,High - Low,2.818735526,1.00E-06,0.000280266
NLRP9,Glioma,High - Low,-0.424382897,0.445775759,0.547877782
MT1M,Glioma,High - Low,1.002886066,0.026136976,0.063698132
PATJ,Glioma,High - Low,-0.663792217,0.12717091,0.205485466
NR2C2AP,Glioma,High - Low,0.795609423,0.138963874,0.22028106
TAS2R40,Glioma,High - Low,-0.062581308,0.88319456,0.914051567
TAS2R43,Glioma,High - Low,2.039912142,0.000394766,0.0049117
TAS2R46,Glioma,High - Low,0.021272034,0.950311382,0.964828391
TAS2R19,Glioma,High - Low,1.267351851,0.007995962,0.028561934
TAS2R20,Glioma,High - Low,0.788983965,0.043653427,0.092008101
TAS2R50,Glioma,High - Low,0.587816507,0.089433178,0.157646565
PLPP1,Glioma,High - Low,0.610847283,0.047368409,0.097776223
NKX6-2,Glioma,High - Low,-0.876773845,0.369345035,0.474147911
MIDN,Glioma,High - Low,0.912271308,0.004708461,0.020252262
PPFIA1,Glioma,High - Low,1.135488604,3.55E-06,0.000560819
STX12,Glioma,High - Low,0.231675161,0.127844354,0.206293582
FTSJ1,Glioma,High - Low,1.389576443,0.000856427,0.00752059
TAS2R60,Glioma,High - Low,0.286713983,0.416591153,0.51961147
DICER1,Glioma,High - Low,0.602887901,0.005654512,0.022816644
LYNX1,Glioma,High - Low,-0.862190004,0.070126566,0.131222972
MEST,Glioma,High - Low,1.68850121,0.008522396,0.02989672
NUDT14,Glioma,High - Low,-0.153774811,0.687474051,0.76261101
ASAH1,Glioma,High - Low,0.672149079,0.058903922,0.11486879
P4HTM,Glioma,High - Low,0.223764615,0.087458173,0.155078776
ARMCX2,Glioma,High - Low,0.766048936,0.080156367,0.145398631
LYPD6B,Glioma,High - Low,-0.585340871,0.181242395,0.270922101
C8orf37,Glioma,High - Low,1.52218303,0.001032352,0.008442352
PDE12,Glioma,High - Low,1.868464594,3.47E-05,0.001512467
UBAC2,Glioma,High - Low,1.597065458,0.00016375,0.003192532
GOLM2,Glioma,High - Low,0.54709417,0.027234695,0.065596738
ACTL6A,Glioma,High - Low,0.865489477,0.0104752,0.034270814
PAK5,Glioma,High - Low,0.552549512,0.131872526,0.211464419
OTOP1,Glioma,High - Low,1.111487656,0.088940952,0.157004704
ASB6,Glioma,High - Low,0.339147891,0.061220024,0.118066583
LRRTM3,Glioma,High - Low,2.117205474,0.002896918,0.01506927
TUBB2B,Glioma,High - Low,1.445093655,0.087925702,0.15565078
PRIMA1,Glioma,High - Low,-0.323765892,0.291658017,0.394655247
TUBB,Glioma,High - Low,0.93504697,0.007643199,0.027746903
ERC1,Glioma,High - Low,0.753473784,0.012666165,0.038747219
LARP1B,Glioma,High - Low,1.425606777,4.01E-05,0.001586346
SESTD1,Glioma,High - Low,0.600694266,0.067619758,0.127375511
EOLA1,Glioma,High - Low,0.516103647,0.192867134,0.284915873
RETREG3,Glioma,High - Low,1.817826936,0.001711833,0.011002962
P2RY8,Glioma,High - Low,-0.207010006,0.696408641,0.770368227
CYP4Z1,Glioma,High - Low,1.962304844,0.00069787,0.006645249
PDZD2,Glioma,High - Low,0.027518141,0.947239578,0.962605386
SLC35B2,Glioma,High - Low,1.516865547,0.000108824,0.002643463
FBH1,Glioma,High - Low,0.443424391,0.021932941,0.056484658
ZNF598,Glioma,High - Low,0.578975219,0.101602215,0.173240382
ATP5IF1,Glioma,High - Low,0.144988772,0.391825095,0.496243564
ATG4C,Glioma,High - Low,0.193749238,0.405739497,0.509235739
IQGAP3,Glioma,High - Low,0.862264312,0.138235146,0.219461042
PILRB,Glioma,High - Low,1.738287261,0.000197917,0.003466147
PILRA,Glioma,High - Low,0.558678972,0.314563608,0.419279377
RILPL1,Glioma,High - Low,0.683503717,0.032743207,0.07489751
LCE1D,Glioma,High - Low,0.350340107,0.598436729,0.686346539
PAQR7,Glioma,High - Low,-0.57022448,0.284990531,0.387675951
LCE3A,Glioma,High - Low,0.336242297,0.423420387,0.526480829
GMCL1,Glioma,High - Low,0.457663849,0.072964063,0.135424492
DRAM2,Glioma,High - Low,0.948978748,0.04888388,0.099958869
ZNF831,Glioma,High - Low,-0.789659547,0.000241465,0.003841438
FAM83C,Glioma,High - Low,-0.356401266,0.225886614,0.323086458
LCN8,Glioma,High - Low,-0.531528231,0.208249406,0.30245252
MB21D2,Glioma,High - Low,0.909064445,0.101862189,0.17354348
DTX3,Glioma,High - Low,1.597109656,0.02469653,0.061143244
OAF,Glioma,High - Low,-0.142289447,0.826605151,0.872324304
STXBP4,Glioma,High - Low,0.775328943,0.189400452,0.280808529
ZNF616,Glioma,High - Low,0.992119327,0.020918431,0.054678581
LCN12,Glioma,High - Low,-0.267917688,0.427425534,0.530402398
B4GALNT4,Glioma,High - Low,0.897966765,0.0605498,0.117084408
TAFA2,Glioma,High - Low,-0.276294512,0.579471934,0.668931937
ZNF546,Glioma,High - Low,1.041830004,0.051252992,0.103501487
TFAP2E,Glioma,High - Low,-0.789327687,0.068375691,0.128516066
ZNF678,Glioma,High - Low,1.296512722,0.014648736,0.042878583
NAT8L,Glioma,High - Low,-0.467612753,0.004728457,0.020301495
ZNF680,Glioma,High - Low,2.268348008,8.94E-07,0.000278641
TSPAN33,Glioma,High - Low,0.757424969,0.17265329,0.260882808
NRBP2,Glioma,High - Low,0.389034133,0.186039654,0.276797408
ZDHHC21,Glioma,High - Low,0.77282761,0.063726304,0.121628062
RTN4RL2,Glioma,High - Low,0.683584224,0.307241489,0.411236231
WDFY3,Glioma,High - Low,1.004728229,0.000622243,0.006223854
MTDH,Glioma,High - Low,0.615031126,0.019550655,0.052038366
ARL5B,Glioma,High - Low,0.600527942,0.099835839,0.170914049
CMTM4,Glioma,High - Low,0.644550504,0.103243037,0.175371184
GPAT4,Glioma,High - Low,0.782882495,0.0065193,0.025038776
FBXO27,Glioma,High - Low,-0.369939063,0.516761028,0.613580497
DAW1,Glioma,High - Low,-0.683462438,0.239211526,0.337975236
WDR49,Glioma,High - Low,-0.066418835,0.916590489,0.939848013
ANO4,Glioma,High - Low,-0.356349733,0.316733166,0.421398978
SPATA31E1,Glioma,High - Low,-0.760043807,0.000116073,0.002733345
CASTOR3,Glioma,High - Low,0.217345189,0.393767809,0.498077666
LAYN,Glioma,High - Low,-0.727515356,0.009665949,0.032461827
ZNF827,Glioma,High - Low,1.565754774,0.003374321,0.016442662
PLD6,Glioma,High - Low,1.007056672,0.011146087,0.035650691
LRRTM1,Glioma,High - Low,0.726094152,0.196054527,0.28871132
HNF4A,Glioma,High - Low,-0.44664903,0.047964086,0.0986018
SFXN2,Glioma,High - Low,1.935080633,0.000341194,0.004568896
STT3B,Glioma,High - Low,0.838679208,0.000823118,0.007361392
GPR180,Glioma,High - Low,1.398849363,0.021042746,0.054937722
NLGN3,Glioma,High - Low,1.360097885,0.055509994,0.109489658
IL24,Glioma,High - Low,0.432392415,0.061324292,0.118218418
DCAF4,Glioma,High - Low,0.535481735,0.227406098,0.324515318
SMURF1,Glioma,High - Low,1.280434236,0.001442052,0.009890405
ADNP,Glioma,High - Low,0.750263271,0.000355146,0.004687359
MRPL55,Glioma,High - Low,0.356378415,0.026381978,0.064144706
ZNF445,Glioma,High - Low,0.82559894,2.27E-05,0.001281426
ITGA1,Glioma,High - Low,0.107873906,0.879221653,0.911092134
PIK3R1,Glioma,High - Low,0.6957077,0.020742308,0.054402851
HPS5,Glioma,High - Low,0.661098496,0.093190258,0.162503307
MRPL21,Glioma,High - Low,0.485073515,0.00066519,0.00646126
MYL9,Glioma,High - Low,-0.201776592,0.739050637,0.80395397
KRT28,Glioma,High - Low,0.185716966,0.315942352,0.420731612
GJC3,Glioma,High - Low,0.661167459,0.252869905,0.353117072
DUS4L,Glioma,High - Low,1.222768159,0.012070408,0.037485259
KRTAP19-1,Glioma,High - Low,0.090362652,0.80586224,0.857677964
KRTAP19-2,Glioma,High - Low,-0.786489164,0.13012153,0.209271735
PIFO,Glioma,High - Low,0.136566653,0.807507351,0.85881882
MFSD4A,Glioma,High - Low,-0.945826606,0.030629217,0.071535559
C17orf58,Glioma,High - Low,0.492549689,0.224767004,0.321731101
LTB4R,Glioma,High - Low,0.684373405,0.283114084,0.385684393
NCOA3,Glioma,High - Low,1.575167127,0.001079542,0.008608063
OGT,Glioma,High - Low,1.379368334,0.002985086,0.015302947
PPP2R2B,Glioma,High - Low,0.627251847,0.443507978,0.545602739
KRTAP10-10,Glioma,High - Low,0.507289746,0.10972879,0.183695058
NNAT,Glioma,High - Low,-0.382197656,0.570100287,0.660969012
QSOX2,Glioma,High - Low,0.53066663,0.1265161,0.204755908
LYRM7,Glioma,High - Low,1.411361512,0.001060721,0.008524311
TAMALIN,Glioma,High - Low,0.333963282,0.518719322,0.615180443
UBXN2A,Glioma,High - Low,0.49625013,0.00453101,0.019728806
CENPV,Glioma,High - Low,1.911789506,0.008857108,0.030703235
ASPHD1,Glioma,High - Low,1.285897935,0.079022507,0.143840079
TMCO4,Glioma,High - Low,0.2576605,0.445340614,0.547548564
TMEM119,Glioma,High - Low,-0.287761748,0.547200321,0.641118014
PRDX2,Glioma,High - Low,0.982946728,0.003462004,0.016683111
FFAR4,Glioma,High - Low,0.280083764,0.60701315,0.693313953
TMTC3,Glioma,High - Low,1.396491466,0.007057948,0.026350074
ZNF875,Glioma,High - Low,0.557433454,0.003561141,0.01697258
DPY19L4,Glioma,High - Low,0.759278178,6.98E-06,0.000733353
H1-7,Glioma,High - Low,-0.693473237,0.136669785,0.217584813
GLDN,Glioma,High - Low,0.135239879,0.828791087,0.873769785
GPR141,Glioma,High - Low,-0.095876897,0.668300734,0.747136023
AASDH,Glioma,High - Low,1.67676023,0.000911991,0.007814597
DCDC1,Glioma,High - Low,-0.38249127,0.50502571,0.602856495
POLN,Glioma,High - Low,0.886370138,0.062003877,0.119157017
BMP8B,Glioma,High - Low,0.214585042,0.743123768,0.807311608
NF2,Glioma,High - Low,1.570885638,0.001777529,0.011277117
TMED7,Glioma,High - Low,0.638669173,0.002717085,0.014496658
ORC3,Glioma,High - Low,0.631718403,0.170625584,0.25838547
UBE2D2,Glioma,High - Low,0.901961725,9.19E-07,0.000279854
ZBTB12,Glioma,High - Low,1.383648209,0.030563156,0.071432238
BCL6B,Glioma,High - Low,-0.596184214,0.244523042,0.343734183
ZNF283,Glioma,High - Low,0.996463404,0.011572919,0.036520663
PPP2R2C,Glioma,High - Low,-0.33678902,0.556551087,0.649232665
RPS6KA5,Glioma,High - Low,0.870841253,0.062874931,0.12044206
OLFML2A,Glioma,High - Low,0.184688309,0.673236031,0.751144384
USP12,Glioma,High - Low,0.587497993,0.015557131,0.044625805
ZNF227,Glioma,High - Low,1.026243576,0.000752258,0.006961556
KRT80,Glioma,High - Low,0.046805243,0.904186282,0.930188654
ZNF714,Glioma,High - Low,1.642873521,0.000125647,0.002850868
TMEM229B,Glioma,High - Low,1.632973105,0.006137804,0.024118326
CABP7,Glioma,High - Low,1.645747039,0.029292048,0.069152683
FAAP20,Glioma,High - Low,0.799244654,0.029065635,0.068741573
TCTE1,Glioma,High - Low,-0.23157056,0.643492752,0.7252374
INTS6L,Glioma,High - Low,0.860956755,0.124429049,0.201952341
NSUN6,Glioma,High - Low,1.377682412,0.011192098,0.035714876
VSTM2A,Glioma,High - Low,0.14368486,0.8785893,0.910679853
FAM169B,Glioma,High - Low,0.588964731,0.203053851,0.296816353
UBALD2,Glioma,High - Low,0.784539424,0.042003932,0.089389451
LYPD5,Glioma,High - Low,-0.129154666,0.822448682,0.869534932
THEM5,Glioma,High - Low,0.231165421,0.423025478,0.526139696
SPATA46,Glioma,High - Low,0.178268546,0.780656758,0.83800434
ZNF454,Glioma,High - Low,1.912177502,0.00306394,0.01553515
ANKRD42,Glioma,High - Low,0.683651695,0.143297155,0.225802099
TMPRSS11A,Glioma,High - Low,0.252420268,0.571425558,0.662270942
GATD1,Glioma,High - Low,1.049171279,0.000345419,0.004605472
TMEM255B,Glioma,High - Low,-0.285017434,0.350834968,0.45507056
FAM131C,Glioma,High - Low,0.633216796,0.356804162,0.46098647
ZNF713,Glioma,High - Low,0.928654728,0.017880871,0.048929714
BPTF,Glioma,High - Low,1.575006493,0.000189867,0.003404782
SRPK2,Glioma,High - Low,0.491956915,0.009793499,0.032751644
ANKDD1A,Glioma,High - Low,-0.064751237,0.772876495,0.831766559
RFLNB,Glioma,High - Low,1.019767421,0.025452578,0.062500113
SCRIB,Glioma,High - Low,1.050170139,0.000430394,0.00517065
PLCB1,Glioma,High - Low,0.834924849,0.015250812,0.044079223
NBL1,Glioma,High - Low,-0.664504139,0.085388369,0.152252473
TPRG1L,Glioma,High - Low,0.304667931,0.491758444,0.590317531
RNF144B,Glioma,High - Low,-0.104400391,0.827316813,0.872778909
ELMO2,Glioma,High - Low,0.773933789,0.00439226,0.01938903
HECTD2,Glioma,High - Low,1.4024719,0.003785579,0.017638644
NPM2,Glioma,High - Low,-0.767917592,0.026066084,0.063566105
SLC35E2A,Glioma,High - Low,0.385225192,0.079354404,0.14428374
ASIC4,Glioma,High - Low,3.590219415,0.000699392,0.006645636
SCARF2,Glioma,High - Low,1.518154692,0.020933666,0.054695782
CREB5,Glioma,High - Low,0.25976719,0.551554778,0.645065361
WASHC1,Glioma,High - Low,0.728969391,0.001418334,0.009778963
CLEC10A,Glioma,High - Low,-0.006687797,0.992663955,0.99448689
PRDM1,Glioma,High - Low,0.019242954,0.973294329,0.981313927
DHRS2,Glioma,High - Low,0.700823162,0.079184002,0.144033918
TSGA10,Glioma,High - Low,-0.18196779,0.665367752,0.744968358
ADAMTS9,Glioma,High - Low,2.265876602,0.006080223,0.02396349
HEATR3,Glioma,High - Low,0.669263682,0.038470569,0.083879294
XRRA1,Glioma,High - Low,1.559207975,0.000938677,0.00794447
GNAL,Glioma,High - Low,0.309707005,0.618417898,0.703959793
VIRMA,Glioma,High - Low,1.256730378,0.000531993,0.005706645
ZMYND8,Glioma,High - Low,0.516518738,0.160128408,0.246190846
CYP2U1,Glioma,High - Low,0.854267788,0.044820787,0.093845817
IKZF3,Glioma,High - Low,0.039949527,0.943654784,0.960229431
TMEM37,Glioma,High - Low,0.831879108,0.091698531,0.160444857
PAXX,Glioma,High - Low,0.742985671,0.000184497,0.003336488
BTBD8,Glioma,High - Low,-0.702934525,0.237173373,0.335781896
RGS11,Glioma,High - Low,0.933762754,0.141491165,0.223413389
RLIM,Glioma,High - Low,0.988214677,0.001627052,0.010619637
ASNS,Glioma,High - Low,0.861986463,0.017410365,0.048081399
PXDC1,Glioma,High - Low,0.856634344,0.061229061,0.118066583
ARRDC4,Glioma,High - Low,0.882475964,0.037288613,0.082081339
RNF13,Glioma,High - Low,0.077731501,0.773445052,0.832241622
EML5,Glioma,High - Low,1.466688693,0.005800024,0.023258717
CADPS,Glioma,High - Low,0.382505861,0.463222581,0.563659224
UBE3B,Glioma,High - Low,1.454354721,0.004238751,0.018975975
KIF1B,Glioma,High - Low,0.354390099,0.177344483,0.266739956
RNF19A,Glioma,High - Low,0.365723991,0.217961478,0.313802354
FBXO25,Glioma,High - Low,0.562620427,0.019651879,0.052254682
RBM38,Glioma,High - Low,0.79544987,0.020670223,0.054257263
CREB3L2,Glioma,High - Low,0.94276787,0.040115529,0.086407521
DND1,Glioma,High - Low,0.219491556,0.46789115,0.567949166
ZNF804A,Glioma,High - Low,0.654103156,0.158179619,0.244140722
UBE2I,Glioma,High - Low,0.645669115,0.002544407,0.013915587
CLDN23,Glioma,High - Low,-0.172728371,0.727413805,0.795326008
SRRM4,Glioma,High - Low,0.373111393,0.435307063,0.537686356
TMEM65,Glioma,High - Low,0.407188143,0.077395339,0.141440389
SASS6,Glioma,High - Low,-0.065718883,0.887640162,0.917709463
SPATA24,Glioma,High - Low,0.646296544,0.098604641,0.169448821
RALGAPA1,Glioma,High - Low,0.781654977,0.004558493,0.019822103
ZBTB41,Glioma,High - Low,0.183985452,0.159956084,0.246099295
LYPD6,Glioma,High - Low,0.511403224,0.221004723,0.317421548
B3GLCT,Glioma,High - Low,0.100361791,0.671229277,0.74973596
ZNF169,Glioma,High - Low,0.147239488,0.842070889,0.883453517
TMSB15B,Glioma,High - Low,0.919035782,0.051596021,0.103962249
RNF38,Glioma,High - Low,1.008685403,0.000216544,0.003589576
CEP43,Glioma,High - Low,0.236475553,0.498862319,0.59698422
RNASE4,Glioma,High - Low,-0.105131948,0.864002745,0.900110084
VAPA,Glioma,High - Low,0.371527013,0.004915617,0.020683214
RNF212,Glioma,High - Low,-0.322759883,0.553259966,0.646539873
CLEC4A,Glioma,High - Low,1.073029295,0.04610192,0.095720336
RNF126,Glioma,High - Low,1.304114885,0.001822043,0.011376254
ADAMTS6,Glioma,High - Low,1.569635006,0.003532319,0.01689757
CLEC7A,Glioma,High - Low,0.562871251,0.515981319,0.612997408
GLRX2,Glioma,High - Low,0.640703601,0.111972193,0.186663092
BTNL3,Glioma,High - Low,-0.042130504,0.928360527,0.948647809
ZNF189,Glioma,High - Low,0.21469627,0.228463248,0.32584633
TSC22D3,Glioma,High - Low,0.254215947,0.57448605,0.664876324
GNPNAT1,Glioma,High - Low,1.127530174,0.112220309,0.186970079
RNF148,Glioma,High - Low,0.035763805,0.949789485,0.964522898
AQP1,Glioma,High - Low,0.088328379,0.932047784,0.951821358
EBAG9,Glioma,High - Low,0.6754814,0.091819137,0.160612953
CSMD3,Glioma,High - Low,0.391612885,0.34012194,0.444388441
CAV2,Glioma,High - Low,0.086633062,0.83737762,0.880117392
SNRPB2,Glioma,High - Low,1.185040012,0.000430855,0.00517065
RGS12,Glioma,High - Low,1.062975577,0.021196572,0.05518527
LYSMD3,Glioma,High - Low,0.366014945,0.23862247,0.337322825
SLC37A2,Glioma,High - Low,0.165417985,0.713167691,0.783677276
BCLAF3,Glioma,High - Low,0.472117024,0.128162764,0.206727807
GPRIN3,Glioma,High - Low,0.350975224,0.434607041,0.53712573
WDR86,Glioma,High - Low,1.036962029,0.049279935,0.100580232
TTC8,Glioma,High - Low,0.785388902,0.066473921,0.125700931
KLHL17,Glioma,High - Low,1.126572632,0.030238048,0.070862137
E2F6,Glioma,High - Low,1.760968203,0.005487767,0.022341832
UBA5,Glioma,High - Low,0.477284286,0.013703499,0.040767986
ANKRD46,Glioma,High - Low,1.162423856,0.000213224,0.003588354
HACD2,Glioma,High - Low,0.22489088,0.302988483,0.406624458
MMD2,Glioma,High - Low,1.093110978,0.226406615,0.323476845
BCAN,Glioma,High - Low,2.593195555,0.004239267,0.018975975
C1orf122,Glioma,High - Low,0.307450624,0.279042794,0.381368195
APOOL,Glioma,High - Low,1.447335729,0.018613072,0.050437619
FAM120C,Glioma,High - Low,0.383278291,0.074921858,0.138085797
LONRF2,Glioma,High - Low,0.213651322,0.361338266,0.465879066
RSBN1L,Glioma,High - Low,1.820430183,0.000861536,0.007550264
KANK3,Glioma,High - Low,-0.379620826,0.283649369,0.386212687
NKPD1,Glioma,High - Low,0.15627326,0.716439788,0.786084484
SH2D6,Glioma,High - Low,0.711630158,0.287445271,0.390325756
ZNF621,Glioma,High - Low,1.200675111,0.020102903,0.053176447
RPL7L1,Glioma,High - Low,0.816143795,0.000121597,0.002822809
CENATAC,Glioma,High - Low,1.396425548,0.004949,0.020775012
CIBAR2,Glioma,High - Low,0.808867522,0.127221682,0.205542138
ANKRD45,Glioma,High - Low,0.856252509,0.167180869,0.254316151
KCNT2,Glioma,High - Low,1.745096976,0.025953513,0.063373618
PAQR9,Glioma,High - Low,-0.255699596,0.559504721,0.651975375
FAM174A,Glioma,High - Low,0.543522931,0.056075802,0.110323137
GALNT18,Glioma,High - Low,0.279607368,0.433502682,0.536049947
TEX9,Glioma,High - Low,0.180625293,0.783740375,0.840005472
KIF7,Glioma,High - Low,0.608462441,0.080436082,0.145744481
ZNF710,Glioma,High - Low,0.044899386,0.938489391,0.956162291
HDDC3,Glioma,High - Low,0.163236692,0.469335388,0.568876897
MXRA7,Glioma,High - Low,0.364094425,0.380643661,0.485416135
ATP9B,Glioma,High - Low,0.833929342,0.084508227,0.151190116
DRAXIN,Glioma,High - Low,0.237721178,0.734200397,0.80000714
MIGA1,Glioma,High - Low,0.054288141,0.882753553,0.913667373
MIA3,Glioma,High - Low,0.459384724,0.001664439,0.010762724
FAM89A,Glioma,High - Low,-0.410599724,0.274330219,0.376302311
RBM43,Glioma,High - Low,0.925955421,0.112396976,0.187180566
LHFPL4,Glioma,High - Low,1.608243175,3.62E-05,0.001512467
C3orf62,Glioma,High - Low,0.331613993,0.632811318,0.716791988
STIMATE,Glioma,High - Low,0.915331535,9.13E-06,0.000818579
NRROS,Glioma,High - Low,0.079566408,0.905791313,0.931327601
SIMC1,Glioma,High - Low,-0.124735007,0.677014816,0.754267783
VWC2,Glioma,High - Low,-0.13962003,0.768655084,0.82838102
NAT16,Glioma,High - Low,0.741638462,0.168558512,0.255980456
ENHO,Glioma,High - Low,0.101853405,0.820204411,0.868035671
LRRK2,Glioma,High - Low,0.640978952,0.281835484,0.384422543
SLC27A1,Glioma,High - Low,1.064965673,0.079656164,0.144671681
ZC3H6,Glioma,High - Low,1.485581184,0.004432753,0.019495478
KLHL30,Glioma,High - Low,-0.685508818,0.159159343,0.245132723
CA13,Glioma,High - Low,1.25763699,0.060830224,0.117487848
BSG,Glioma,High - Low,0.586517565,0.017201502,0.047746294
C1QTNF1,Glioma,High - Low,0.110820989,0.826495902,0.872324304
RAB15,Glioma,High - Low,0.772547139,0.15992029,0.246074001
KRTAP10-3,Glioma,High - Low,0.788385498,0.31783333,0.422562123
RAC1,Glioma,High - Low,0.868054943,6.80E-07,0.000228197
FAM120AOS,Glioma,High - Low,0.520253557,0.024021788,0.060056763
FAM111A,Glioma,High - Low,1.124773336,0.076239781,0.139883331
PHLDB3,Glioma,High - Low,0.617889342,0.229392405,0.326922256
TRIM74,Glioma,High - Low,1.23033621,0.032121004,0.074029274
PRICKLE2,Glioma,High - Low,0.2506731,0.504062648,0.602063982
TBC1D9B,Glioma,High - Low,0.423943106,0.020563144,0.054052045
NUP43,Glioma,High - Low,1.296637221,3.96E-05,0.001578086
FIBP,Glioma,High - Low,1.629657354,0.003051523,0.01552802
UBE3D,Glioma,High - Low,1.217868428,0.022656523,0.057678757
LCN6,Glioma,High - Low,0.437789134,0.27808003,0.38037002
DHX57,Glioma,High - Low,0.687868932,0.035297792,0.07897415
PTHLH,Glioma,High - Low,0.753436359,0.139372962,0.22070757
NELFCD,Glioma,High - Low,1.143034152,0.007507204,0.027455818
STAC2,Glioma,High - Low,-0.663916208,0.329865202,0.434237392
LHFPL3,Glioma,High - Low,1.937607374,0.022015614,0.056586264
CYSRT1,Glioma,High - Low,1.127087607,0.047917126,0.098551514
BRINP3,Glioma,High - Low,1.763743738,0.009562041,0.03222543
NDUFAF3,Glioma,High - Low,0.642138833,0.004905147,0.020683214
C21orf58,Glioma,High - Low,-0.169171113,0.764201177,0.824568605
MDFIC,Glioma,High - Low,-0.778571638,0.109682169,0.18368747
CNNM2,Glioma,High - Low,1.278452104,0.034137118,0.077114784
GGTLC2,Glioma,High - Low,1.25185975,0.069019165,0.129558204
PEDS1,Glioma,High - Low,1.177403501,0.05404764,0.107463287
FAM221A,Glioma,High - Low,0.769579233,0.14456509,0.227223578
XAF1,Glioma,High - Low,1.738915283,0.033912065,0.076738794
CARM1,Glioma,High - Low,0.978130983,0.0270543,0.065246261
BGLAP,Glioma,High - Low,0.851427814,0.138109373,0.219362502
BPGM,Glioma,High - Low,0.585670132,0.015894346,0.045265267
METAP1D,Glioma,High - Low,1.430239383,0.003626553,0.017128237
UNC13D,Glioma,High - Low,0.823336863,0.099205782,0.170102319
VAMP1,Glioma,High - Low,0.103566107,0.839081116,0.881496353
CCNG1,Glioma,High - Low,1.27967462,0.024292484,0.060494745
CACNB1,Glioma,High - Low,-0.044578095,0.925510467,0.946622025
C19orf48,Glioma,High - Low,1.323810565,0.013106909,0.039595931
ARHGAP27,Glioma,High - Low,1.48748004,0.032277242,0.074308362
PRR19,Glioma,High - Low,0.137149532,0.768768437,0.828434992
DPPA3,Glioma,High - Low,-0.494102425,0.319709566,0.424281101
CCDC137,Glioma,High - Low,0.198815886,0.259756624,0.360542084
HOMER2,Glioma,High - Low,1.360311795,0.0101463,0.033529909
THRA,Glioma,High - Low,0.681625029,0.038945853,0.084703662
SPEM1,Glioma,High - Low,-0.397911263,0.429160955,0.532052304
ZSWIM9,Glioma,High - Low,0.561247823,0.046855521,0.096962121
SVBP,Glioma,High - Low,0.329502909,0.45471502,0.556097867
C9orf50,Glioma,High - Low,0.254571774,0.531792074,0.627049137
ILDR2,Glioma,High - Low,2.175718124,0.000275411,0.004121085
SPG7,Glioma,High - Low,0.674276631,0.001809325,0.011351756
SOCS4,Glioma,High - Low,1.133154065,0.00026682,0.004076403
COPE,Glioma,High - Low,0.750988045,0.005150753,0.021361673
CACNA1C,Glioma,High - Low,0.224294428,0.6671357,0.746118366
MOB4,Glioma,High - Low,0.780405035,0.093608837,0.163046495
UQCC1,Glioma,High - Low,1.913867774,0.008150277,0.028942657
CCDC80,Glioma,High - Low,2.13335934,0.019136301,0.051289987
MPRIP,Glioma,High - Low,0.585008399,0.001345906,0.009532033
MTMR2,Glioma,High - Low,0.61598495,0.087599672,0.155286015
EGFR,Glioma,High - Low,3.46416129,4.98E-05,0.001792318
RTN3,Glioma,High - Low,0.490052931,0.042475849,0.090194013
SLC16A13,Glioma,High - Low,0.429521923,0.290633959,0.393443946
USP33,Glioma,High - Low,0.436453067,0.059427888,0.115513207
TRIM41,Glioma,High - Low,0.875611256,0.069370415,0.130086916
ELF2,Glioma,High - Low,0.992930632,0.040685882,0.087313596
FOXM1,Glioma,High - Low,0.661097728,0.385402908,0.490196258
ZNF254,Glioma,High - Low,1.784946844,0.002635996,0.014243952
NECTIN1,Glioma,High - Low,0.27336488,0.619009068,0.704387774
RP9,Glioma,High - Low,1.393344694,0.001346591,0.009532033
CHCHD1,Glioma,High - Low,1.698528016,6.82E-05,0.002099859
FBXO33,Glioma,High - Low,0.207070067,0.58345185,0.672771703
BDH1,Glioma,High - Low,-0.431427817,0.389006867,0.493581443
SERTAD3,Glioma,High - Low,0.272944891,0.469290537,0.568875197
SHC4,Glioma,High - Low,0.290133061,0.635932072,0.718732461
FIBIN,Glioma,High - Low,1.045574565,0.009780545,0.032728871
ACSL3,Glioma,High - Low,0.660939586,0.081762625,0.147463131
RNH1,Glioma,High - Low,0.400245612,0.185190234,0.275770191
RBM12B,Glioma,High - Low,1.118844481,0.00197441,0.011960207
RPRML,Glioma,High - Low,-1.021842353,0.064332182,0.122605714
STMN1,Glioma,High - Low,0.022250094,0.955260376,0.967901571
FITM1,Glioma,High - Low,0.15067246,0.737734403,0.802722225
MBLAC2,Glioma,High - Low,0.785347434,0.083326952,0.149739197
FAM47A,Glioma,High - Low,-0.589365723,0.180159085,0.269876804
ELP5,Glioma,High - Low,0.590349863,0.010051656,0.033314888
PSMG1,Glioma,High - Low,1.276363995,0.007962174,0.028498837
IER5L,Glioma,High - Low,0.780171037,0.138416649,0.219698047
SYNJ1,Glioma,High - Low,0.727099786,0.062827435,0.120402669
PLPP6,Glioma,High - Low,0.388090237,0.423858694,0.526875713
NOTCH2NLA,Glioma,High - Low,0.849941928,0.012385129,0.03816392
CAMSAP2,Glioma,High - Low,1.322631846,0.000331621,0.004504059
MRFAP1L1,Glioma,High - Low,0.769395842,0.016355382,0.046101403
CERS6,Glioma,High - Low,0.698653527,0.04135299,0.088354226
LRR1,Glioma,High - Low,0.908201983,0.035448391,0.079196023
ENTPD2,Glioma,High - Low,-0.460800568,0.481947222,0.580895147
DLL3,Glioma,High - Low,1.240552017,0.028974437,0.068625598
G3BP2,Glioma,High - Low,0.257683011,0.20196406,0.295652441
FAM151B,Glioma,High - Low,-0.18539354,0.698662504,0.772199958
ZBTB18,Glioma,High - Low,0.648370441,0.143708576,0.226259787
MUSTN1,Glioma,High - Low,0.918316068,0.101581025,0.173240382
PARD3B,Glioma,High - Low,0.716212899,0.029087396,0.06876874
EMC10,Glioma,High - Low,0.864443078,0.000320547,0.004456468
CLYBL,Glioma,High - Low,0.30344502,0.669286291,0.747884732
RASL11A,Glioma,High - Low,0.837693083,0.094524537,0.164187276
CTXN1,Glioma,High - Low,-0.038470572,0.946106344,0.961901721
TACC2,Glioma,High - Low,1.069276029,0.00161869,0.010600812
SNORC,Glioma,High - Low,-0.550758226,0.253598143,0.353982994
EEF1AKMT3,Glioma,High - Low,1.237908838,0.127790031,0.206256764
BEX3,Glioma,High - Low,0.744809271,0.280137573,0.382584879
DEGS2,Glioma,High - Low,0.090711005,0.772051999,0.831084176
MS4A7,Glioma,High - Low,1.025269802,0.12669318,0.204966491
CNOT1,Glioma,High - Low,0.730838063,0.002224059,0.012862183
NAALADL2,Glioma,High - Low,0.462224088,0.422691069,0.525773719
RNF216,Glioma,High - Low,0.948329599,6.31E-07,0.000228197
GTF2H5,Glioma,High - Low,0.910001568,0.105012862,0.177502376
LRRC20,Glioma,High - Low,1.192411627,0.01063853,0.034632091
EXT2,Glioma,High - Low,0.773198302,0.000131546,0.002898233
POGZ,Glioma,High - Low,0.618356557,0.001420488,0.00978351
NPHP1,Glioma,High - Low,1.073603627,0.066858321,0.126225811
ADAM15,Glioma,High - Low,-0.751158241,0.002074485,0.012317512
MBNL1,Glioma,High - Low,0.774262652,0.011852028,0.037104817
UAP1L1,Glioma,High - Low,0.022094896,0.94702307,0.962550146
TMEM132E,Glioma,High - Low,0.703086095,0.162564765,0.248986419
FAM199X,Glioma,High - Low,1.103500776,0.001374791,0.009601901
DPY19L3,Glioma,High - Low,1.604764682,0.001454497,0.009915602
CDPF1,Glioma,High - Low,0.406940341,0.361849357,0.466446159
GPAT2,Glioma,High - Low,0.21355685,0.739437885,0.804241587
ERICH1,Glioma,High - Low,1.10232302,0.009617483,0.032363237
FAM43B,Glioma,High - Low,0.158768114,0.760492972,0.821593266
RNF214,Glioma,High - Low,0.720087631,0.00018291,0.003335381
TSEN54,Glioma,High - Low,0.377583698,0.003905651,0.017911276
PRRT3,Glioma,High - Low,1.10791491,0.036415833,0.080771219
CYP4V2,Glioma,High - Low,0.096265487,0.796000716,0.850064766
ANKRD13D,Glioma,High - Low,0.084108625,0.730071392,0.797233088
C1orf174,Glioma,High - Low,1.154179383,0.021455314,0.055617366
FREM2,Glioma,High - Low,0.327593008,0.534266265,0.629173251
CRACDL,Glioma,High - Low,-0.178741011,0.711688883,0.782905608
NCKAP5,Glioma,High - Low,-0.385001807,0.346759963,0.451035983
GPR153,Glioma,High - Low,-0.68006269,0.229759992,0.327374858
CCDC9B,Glioma,High - Low,0.796900494,0.085797275,0.15275275
TNFAIP8L3,Glioma,High - Low,0.376611648,0.338969098,0.443191771
SHISA6,Glioma,High - Low,0.51291966,0.425072264,0.528133531
RGS9BP,Glioma,High - Low,-0.072444185,0.87943365,0.911167585
ZNF662,Glioma,High - Low,0.354477315,0.425366381,0.528398674
C12orf76,Glioma,High - Low,1.095189134,0.006300659,0.024555973
FAM174B,Glioma,High - Low,0.094408638,0.811850643,0.861879548
DEFB132,Glioma,High - Low,-0.965210666,0.012553266,0.038499352
LCNL1,Glioma,High - Low,-0.287813626,0.694924526,0.769051376
MAP6,Glioma,High - Low,0.736486875,0.033798144,0.076533916
LRRC75B,Glioma,High - Low,2.092174636,0.000537919,0.005727184
ZC3H14,Glioma,High - Low,0.734631351,0.000226652,0.003709439
GRIPAP1,Glioma,High - Low,0.741914303,0.000635284,0.00628705
CHKA,Glioma,High - Low,0.553776179,0.173714104,0.262122711
PRKAR1A,Glioma,High - Low,0.372049788,0.005051161,0.021075477
ARID5A,Glioma,High - Low,-0.100402252,0.860975353,0.897654905
PRKCB,Glioma,High - Low,-1.400033066,0.018816484,0.05070266
BLOC1S3,Glioma,High - Low,0.947736537,0.080806665,0.146213607
EEF1AKMT2,Glioma,High - Low,0.568575718,0.00308193,0.015597876
PATE2,Glioma,High - Low,0.239951636,0.573842787,0.664366753
PKN1,Glioma,High - Low,0.901082824,0.00616444,0.024160143
RFX4,Glioma,High - Low,0.86479661,0.071910679,0.133834616
KRBA2,Glioma,High - Low,0.98494936,0.010712865,0.034719287
ANO5,Glioma,High - Low,0.795344092,0.185706151,0.276426857
TMED8,Glioma,High - Low,0.884893717,0.048475456,0.099403154
SLC16A12,Glioma,High - Low,-0.094043181,0.74217815,0.806485063
ATP6V1H,Glioma,High - Low,-0.078280761,0.744781353,0.808776831
SFXN4,Glioma,High - Low,1.875484086,0.000583511,0.006006215
CHCHD10,Glioma,High - Low,-0.464122949,0.14651212,0.229624513
SIGLEC16,Glioma,High - Low,-0.171814905,0.431234842,0.53387569
PMS2,Glioma,High - Low,0.700908428,0.006968101,0.026111432
MOBP,Glioma,High - Low,-0.994075151,0.414754791,0.51791936
HNRNPDL,Glioma,High - Low,0.800996573,2.12E-06,0.000422142
INPP5F,Glioma,High - Low,-0.502319377,0.268324978,0.36973282
EARS2,Glioma,High - Low,0.425962118,0.031044077,0.072216047
NBDY,Glioma,High - Low,0.907468924,0.012268481,0.037933459
CIRBP,Glioma,High - Low,1.028416739,0.000100408,0.002528162
ADPGK,Glioma,High - Low,0.648300507,0.106522884,0.179567931
TSEN15,Glioma,High - Low,0.966337724,0.001930562,0.011784077
CHRAC1,Glioma,High - Low,1.056798142,0.012675741,0.038760245
TAZ,Glioma,High - Low,1.413631677,0.000979477,0.00816314
RNF121,Glioma,High - Low,0.33160903,0.000494508,0.005529111
CCDC197,Glioma,High - Low,-0.168119717,0.675592098,0.752938997
TOM1,Glioma,High - Low,1.073342444,0.002358948,0.013244298
FBLL1,Glioma,High - Low,0.548193629,0.393681913,0.49801713
CCDC66,Glioma,High - Low,0.908679954,0.02285519,0.058026566
SMIM10L2B,Glioma,High - Low,-0.19525682,0.759356656,0.820859019
CIAO2B,Glioma,High - Low,0.757506465,0.005263355,0.021692031
SEC61A2,Glioma,High - Low,-0.231234328,0.206169535,0.3003313
LRRC27,Glioma,High - Low,0.806053341,0.018956686,0.050954607
ZNF438,Glioma,High - Low,0.680316483,0.112970955,0.187794021
RAB5IF,Glioma,High - Low,1.187527328,2.45E-05,0.001315415
TMEM79,Glioma,High - Low,0.310280334,0.323387011,0.428206527
ZNF487,Glioma,High - Low,0.27941771,0.489357972,0.58792108
GLYCTK,Glioma,High - Low,0.602384324,0.081019204,0.146537427
EFCAB5,Glioma,High - Low,-0.0538572,0.885320961,0.915817915
LMLN,Glioma,High - Low,0.51525864,0.293386991,0.396398834
SH3GL3,Glioma,High - Low,-1.075011221,0.166158107,0.253201594
AP5M1,Glioma,High - Low,0.339370931,0.228933776,0.32637521
HAUS1,Glioma,High - Low,0.766573082,0.020135565,0.053227328
KHDC1,Glioma,High - Low,-0.492221158,0.239774757,0.338476646
POLE3,Glioma,High - Low,1.565166811,0.0016132,0.01058649
HHLA3,Glioma,High - Low,0.216123207,0.443029081,0.545064814
BZW2,Glioma,High - Low,0.957879788,0.021524464,0.055724016
TTC31,Glioma,High - Low,0.598724371,0.075679435,0.13914771
TTLL1,Glioma,High - Low,0.953757696,0.015158719,0.043913014
CREBZF,Glioma,High - Low,0.995364126,0.002743662,0.01459089
THUMPD2,Glioma,High - Low,0.294325627,0.305228882,0.409002328
TIMM8B,Glioma,High - Low,1.540265411,0.003974087,0.018117244
UBE2L3,Glioma,High - Low,0.410644737,1.63E-05,0.001108928
NDUFAF5,Glioma,High - Low,0.333689894,0.134293312,0.214610318
WDR13,Glioma,High - Low,1.267454876,0.000169383,0.003224007
SELL,Glioma,High - Low,1.122361366,0.159478422,0.24553751
ELAPOR2,Glioma,High - Low,-0.008770222,0.982819175,0.98788109
XPNPEP1,Glioma,High - Low,0.646086226,0.004168925,0.018727941
TMEM150A,Glioma,High - Low,2.064001722,0.002810389,0.014822135
PRRG3,Glioma,High - Low,0.056833716,0.874761459,0.908195367
GOLGA8F,Glioma,High - Low,0.855491987,0.195976627,0.288630143
PEF1,Glioma,High - Low,0.748326619,0.011204074,0.03572697
MYNN,Glioma,High - Low,1.217213395,8.29E-06,0.000798329
SNX7,Glioma,High - Low,0.65323,0.241496429,0.340539875
ZNF630,Glioma,High - Low,0.269837907,0.543430126,0.637556509
PSMD1,Glioma,High - Low,0.403974676,0.058086213,0.113544758
CASP12,Glioma,High - Low,0.117972886,0.505806717,0.603639353
SRGN,Glioma,High - Low,0.334925709,0.53209572,0.627294189
IFFO1,Glioma,High - Low,0.375680487,0.101525367,0.173195001
UROD,Glioma,High - Low,0.816579186,0.120970157,0.1978097
DBF4B,Glioma,High - Low,1.321903382,0.00311796,0.015655093
OSBPL9,Glioma,High - Low,0.169911252,0.734113423,0.799978947
MRPL49,Glioma,High - Low,1.128103325,0.00226347,0.012931112
FBXO22,Glioma,High - Low,1.061537379,0.000106798,0.002618544
FOXRED1,Glioma,High - Low,0.837864843,0.148281286,0.231814553
SNX10,Glioma,High - Low,-0.62879151,0.347036624,0.451216536
STAM,Glioma,High - Low,1.546393468,0.022125447,0.056765707
ZNF625,Glioma,High - Low,0.395540276,0.122869245,0.200165115
ZHX1,Glioma,High - Low,1.120620109,0.005059283,0.021095921
FAM24B,Glioma,High - Low,-0.366554328,0.522397051,0.618645494
TECR,Glioma,High - Low,0.587990907,0.016456437,0.046316451
KLHDC3,Glioma,High - Low,0.642782698,0.010325622,0.033942599
LETMD1,Glioma,High - Low,0.552111499,0.006326282,0.024593235
ITGB3BP,Glioma,High - Low,0.875393038,0.055145871,0.109010327
NFU1,Glioma,High - Low,0.935260738,0.005455573,0.022242073
ARMCX4,Glioma,High - Low,1.375291566,0.018904841,0.050857012
PDLIM5,Glioma,High - Low,1.437552109,0.000606841,0.006135372
CHRNA7,Glioma,High - Low,-0.422920749,0.348014244,0.452263076
ASIC3,Glioma,High - Low,1.078651756,0.070230398,0.131360943
RHNO1,Glioma,High - Low,1.315691696,0.011900943,0.037170574
DIS3L2,Glioma,High - Low,1.739186437,0.011777578,0.036939896
ANKFY1,Glioma,High - Low,1.02187495,0.000269514,0.004099969
TSN,Glioma,High - Low,1.013433085,0.006292657,0.024542676
MRPS2,Glioma,High - Low,0.820334335,0.040609828,0.087221864
SENP1,Glioma,High - Low,0.709985882,0.023532562,0.059191906
TMEM254,Glioma,High - Low,0.529622382,0.036545228,0.081012983
FMC1,Glioma,High - Low,1.350692897,0.002062012,0.012277363
CNIH2,Glioma,High - Low,0.717840046,0.258771266,0.359631879
MEAF6,Glioma,High - Low,0.209932113,0.296824366,0.400085748
PSD,Glioma,High - Low,-0.312930355,0.707229594,0.779047373
TMEM134,Glioma,High - Low,1.267730649,0.005393057,0.022123835
PEX11B,Glioma,High - Low,0.810624122,0.017650829,0.048478468
VPS51,Glioma,High - Low,0.986339501,0.008280289,0.029280087
DHX30,Glioma,High - Low,1.200230842,0.013304654,0.04004548
CLASRP,Glioma,High - Low,0.698555806,0.024444048,0.060752831
EBPL,Glioma,High - Low,2.375216318,6.71E-05,0.002080809
METTL26,Glioma,High - Low,0.808253818,0.065397467,0.124130043
CIAO2A,Glioma,High - Low,0.589851103,0.060525484,0.117054677
FILIP1,Glioma,High - Low,-0.614407434,0.010683267,0.034716556
ATP6V0E2,Glioma,High - Low,1.45796154,0.039985926,0.086235501
FLACC1,Glioma,High - Low,0.401721028,0.522708707,0.618911207
WDR73,Glioma,High - Low,1.216492182,0.004812213,0.020463238
STOX2,Glioma,High - Low,1.16026472,0.032820424,0.075007473
SPX,Glioma,High - Low,0.357302676,0.58815101,0.676957944
ZSCAN12,Glioma,High - Low,-0.137059662,0.764924995,0.825108169
BCHE,Glioma,High - Low,1.795957067,0.017562326,0.048358261
STK4,Glioma,High - Low,0.522216776,0.221347557,0.317844217
ZNF730,Glioma,High - Low,0.212098536,0.74530896,0.809282651
ING5,Glioma,High - Low,0.527446832,0.000569008,0.005922114
NOP14,Glioma,High - Low,2.107857414,3.81E-05,0.001548065
PI16,Glioma,High - Low,-0.385686896,0.6068511,0.693285575
PLEKHA8,Glioma,High - Low,0.761864043,0.09715045,0.167653992
CHP1,Glioma,High - Low,-0.002992793,0.982205817,0.98758594
MRPL28,Glioma,High - Low,0.673000826,0.018520077,0.050245207
SNRNP70,Glioma,High - Low,0.614295691,0.014527996,0.042582282
DAZAP1,Glioma,High - Low,0.972231423,9.11E-05,0.002423857
ZFP64,Glioma,High - Low,1.833642639,0.006420627,0.024802999
DESI1,Glioma,High - Low,0.592191979,0.002022408,0.012143121
FNDC4,Glioma,High - Low,0.890524903,0.070579006,0.13186229
ATP6V1E2,Glioma,High - Low,1.439094577,0.003416946,0.016532916
METTL6,Glioma,High - Low,1.323046728,0.000937877,0.00794447
HNRNPH1,Glioma,High - Low,0.987759149,8.10E-05,0.002263891
MAPK9,Glioma,High - Low,0.588960976,0.025839655,0.063166281
RBM26,Glioma,High - Low,0.630211479,0.009668963,0.032461827
UST,Glioma,High - Low,0.675187207,0.067566876,0.127319205
MNAT1,Glioma,High - Low,1.306710517,0.018148794,0.049453104
SDR39U1,Glioma,High - Low,1.369181755,0.00973265,0.032607365
MON2,Glioma,High - Low,0.506366342,0.017973507,0.049067374
COBL,Glioma,High - Low,-0.463670792,0.255952197,0.356508736
EMILIN1,Glioma,High - Low,-0.39756872,0.164511473,0.251335907
ATOH8,Glioma,High - Low,2.634760637,0.007277934,0.02688011
MICU3,Glioma,High - Low,-0.180831266,0.701679646,0.77423661
NMRK1,Glioma,High - Low,-0.236395657,0.470987771,0.570351728
ADGRD2,Glioma,High - Low,-0.479850478,0.088655645,0.156655062
ARF3,Glioma,High - Low,0.516061101,0.06556413,0.124392285
MAP4K5,Glioma,High - Low,0.820276203,0.079222434,0.144083807
SLC39A11,Glioma,High - Low,0.629260455,0.129664002,0.208679167
CRLS1,Glioma,High - Low,1.837402912,4.05E-05,0.001598291
DDX27,Glioma,High - Low,2.751766256,1.36E-05,0.001008353
SUPT3H,Glioma,High - Low,1.443328531,0.023222854,0.058619014
OFCC1,Glioma,High - Low,-0.671823073,0.022006395,0.056579915
COL28A1,Glioma,High - Low,0.065730965,0.895159305,0.923659924
SRRM3,Glioma,High - Low,0.334313234,0.465959903,0.566334527
WDR91,Glioma,High - Low,0.951103382,0.017937021,0.049015956
HSF1,Glioma,High - Low,1.139144877,0.006646611,0.025240713
XKR9,Glioma,High - Low,-0.729255272,0.018619002,0.050437619
INAFM2,Glioma,High - Low,0.943170546,0.001055496,0.008509614
TFAP4,Glioma,High - Low,1.478962123,0.00112876,0.008854913
TLK2,Glioma,High - Low,0.726029144,0.003840301,0.017735823
MSI2,Glioma,High - Low,1.005300542,0.000942746,0.007968611
EME1,Glioma,High - Low,0.631561399,0.204554087,0.298476168
CYP4F12,Glioma,High - Low,1.76586879,0.01782004,0.048811253
COL9A3,Glioma,High - Low,-0.395893548,0.583466179,0.672771703
P2RX6,Glioma,High - Low,1.32526032,0.024111574,0.06020077
USP9Y,Glioma,High - Low,0.720425528,0.383665402,0.488413331
NMU,Glioma,High - Low,0.219062082,0.628714325,0.713334729
BCKDHB,Glioma,High - Low,0.951606611,0.060055041,0.11645448
DNAH10,Glioma,High - Low,-0.252201344,0.588870328,0.677630445
RAB21,Glioma,High - Low,0.653449229,0.051681412,0.104102266
ADAMTS14,Glioma,High - Low,0.081506396,0.902772539,0.929235966
ESPN,Glioma,High - Low,0.121804781,0.844571702,0.885559165
CASP9,Glioma,High - Low,1.574646636,0.011449941,0.036228632
LIN9,Glioma,High - Low,1.539190214,0.001454202,0.009915602
PRRT2,Glioma,High - Low,-0.510911551,0.135783124,0.216436383
HS3ST2,Glioma,High - Low,-0.010162211,0.986840116,0.990471264
PARN,Glioma,High - Low,0.847014043,0.000245839,0.003867119
SRGAP2B,Glioma,High - Low,0.368591137,0.154531763,0.239610311
FCHO2,Glioma,High - Low,1.061347494,0.034254559,0.077260111
HSPA12A,Glioma,High - Low,0.091373186,0.816087871,0.865325437
DTX4,Glioma,High - Low,0.356975762,0.125275324,0.203149594
SNX30,Glioma,High - Low,-0.016297671,0.947038187,0.962550146
PPP1R3E,Glioma,High - Low,0.99844994,0.034966602,0.078433736
ZBTB38,Glioma,High - Low,0.189257385,0.33067998,0.434991854
DYNC2H1,Glioma,High - Low,1.654291953,0.013198812,0.039785244
MPEG1,Glioma,High - Low,-0.143423709,0.840724525,0.882797835
TIMM23B,Glioma,High - Low,0.923056556,8.11E-06,0.000786717
GRID2IP,Glioma,High - Low,-0.047951468,0.915753145,0.939283661
DHX34,Glioma,High - Low,1.028847236,0.026513294,0.064380296
ZC3H3,Glioma,High - Low,1.626192735,0.013512,0.040409459
OR4N2,Glioma,High - Low,0.650556333,0.170965295,0.258810105
OR4F17,Glioma,High - Low,0.774920835,0.115187271,0.190542886
CCDC183,Glioma,High - Low,0.245642776,0.640276529,0.722622239
TMEM219,Glioma,High - Low,0.771972303,0.000436045,0.005194848
TROAP,Glioma,High - Low,1.102572069,0.060748101,0.117363861
FOXD4L5,Glioma,High - Low,0.753537709,0.237889767,0.336505048
MALRD1,Glioma,High - Low,-0.249029293,0.285497049,0.388203641
MOSMO,Glioma,High - Low,0.159073282,0.569007396,0.660111097
SMIM23,Glioma,High - Low,-0.503225282,0.121587955,0.198571921
CHCHD5,Glioma,High - Low,1.227204614,0.001548512,0.010331822
PIGBOS1,Glioma,High - Low,1.156975823,0.042936597,0.090842416
SPATA1,Glioma,High - Low,-0.535913732,0.070327368,0.13152353
WDR97,Glioma,High - Low,0.156011888,0.750102832,0.813206623
NAA60,Glioma,High - Low,1.850522598,0.00074792,0.006930297
BET1,Glioma,High - Low,0.617516018,0.341283553,0.445461625
PCNP,Glioma,High - Low,0.73371175,0.002787981,0.01473679
SLC25A35,Glioma,High - Low,1.331213585,0.010411664,0.034097027
ZNF396,Glioma,High - Low,0.3693912,0.464184779,0.56461866
CEBPZOS,Glioma,High - Low,0.83879376,0.012100071,0.03755956
KNDC1,Glioma,High - Low,0.008333799,0.984290081,0.988821456
C20orf204,Glioma,High - Low,1.343920758,0.025708049,0.062985682
SPAAR,Glioma,High - Low,0.431192945,0.45328653,0.554709776
OR52E1,Glioma,High - Low,-0.572577704,0.0879481,0.15565078
ZNF141,Glioma,High - Low,0.65289214,0.158372955,0.244323919
OR51H1,Glioma,High - Low,-0.17550296,0.71414975,0.784229027
NCBP2L,Glioma,High - Low,-0.575797863,0.253530492,0.353926296
ZNF726,Glioma,High - Low,1.441558626,0.002334362,0.01318164
ZNF439,Glioma,High - Low,0.558772721,0.260862194,0.361769802
SLC35A5,Glioma,High - Low,0.841718723,0.009464831,0.032046696
SMIM26,Glioma,High - Low,0.786069648,0.002555577,0.013959188
SMIM27,Glioma,High - Low,1.625720282,0.001587871,0.010486899
SLC25A48,Glioma,High - Low,0.784379989,0.348298994,0.45254329
C10orf90,Glioma,High - Low,-0.349537514,0.667009591,0.746115973
SMIM30,Glioma,High - Low,0.572835228,0.034201122,0.077206085
CTXND1,Glioma,High - Low,-0.738715235,0.113687326,0.188681476
TEX26,Glioma,High - Low,-1.280890282,0.016309045,0.046020329
GRAPL,Glioma,High - Low,0.75455662,0.209090164,0.303337121
TMEM164,Glioma,High - Low,0.80533731,0.008270727,0.029267198
MFSD14C,Glioma,High - Low,1.144634731,0.000910227,0.007804587
OR2AJ1,Glioma,High - Low,-0.180865008,0.672194958,0.750430473
NCBP2AS2,Glioma,High - Low,1.210981282,0.009994487,0.033221075
C4orf50,Glioma,High - Low,-0.246724152,0.601472245,0.688928118
LRGUK,Glioma,High - Low,0.852701906,0.068509546,0.128749172
ZNF142,Glioma,High - Low,1.250551129,0.016684211,0.046712136
DENND5B,Glioma,High - Low,1.109414131,0.057005441,0.111855186
DDO,Glioma,High - Low,0.625538771,0.116706705,0.192369588
KIAA0753,Glioma,High - Low,1.678382658,0.000442049,0.005245999
FGFR1OP2,Glioma,High - Low,0.242088713,0.264715662,0.365989668
COQ4,Glioma,High - Low,1.45701425,0.003975911,0.018119248
LMBRD1,Glioma,High - Low,0.420948378,0.216915633,0.312474022
KIAA1143,Glioma,High - Low,0.304612874,0.033348699,0.075847731
RITA1,Glioma,High - Low,0.947748876,0.087778213,0.15545518
ZNF845,Glioma,High - Low,0.761516961,0.176625963,0.265842479
SPATA33,Glioma,High - Low,0.51650838,0.250164876,0.350011617
CCDC186,Glioma,High - Low,0.479868729,0.246167341,0.345600364
CCDC172,Glioma,High - Low,-0.715301643,0.18411878,0.274532193
INAFM1,Glioma,High - Low,0.84209697,0.14088582,0.22264551
C1QTNF9B,Glioma,High - Low,0.203533399,0.572608582,0.663231084
SPATA9,Glioma,High - Low,-0.880277542,0.022753865,0.057836604
COA8,Glioma,High - Low,0.682103846,0.037891916,0.082990775
PTAR1,Glioma,High - Low,1.815638352,0.002660775,0.014295624
AGBL3,Glioma,High - Low,2.238228936,0.000191171,0.003404782
SNHG32,Glioma,High - Low,1.213644132,0.000109303,0.002650181
CCDC28A-AS1,Glioma,High - Low,-0.232510056,0.611395129,0.697360086
ABCB8,Glioma,High - Low,1.076021078,0.002365699,0.013259457
ABCD4,Glioma,High - Low,1.00464792,3.10E-07,0.000144832
ACAP3,Glioma,High - Low,0.705007969,0.049338357,0.100668086
ACP2,Glioma,High - Low,1.092969158,0.024693307,0.061143244
ADIPOR1,Glioma,High - Low,0.826649265,0.010022293,0.033279707
ALAD,Glioma,High - Low,0.045236937,0.88333222,0.91412178
ALAS1,Glioma,High - Low,0.973218244,0.023020522,0.058265552
ANAPC11,Glioma,High - Low,1.068400462,2.55E-05,0.001342514
ANAPC15,Glioma,High - Low,0.142612089,0.527544761,0.622958164
AOPEP,Glioma,High - Low,1.163247149,0.044500677,0.093313159
AP1S1,Glioma,High - Low,1.500079471,0.009100871,0.031291415
AP3S2,Glioma,High - Low,0.692268234,0.001329329,0.009490131
APOL3,Glioma,High - Low,-0.659352999,0.108986545,0.182720099
APOL6,Glioma,High - Low,1.491345074,0.014988914,0.043591704
ARHGEF1,Glioma,High - Low,0.385659819,0.137755452,0.218913962
ARMC10,Glioma,High - Low,0.994437863,0.002596646,0.014101154
ATP6V1G1,Glioma,High - Low,0.713289407,0.000669639,0.006489694
BAG1,Glioma,High - Low,2.736216814,2.00E-06,0.000422043
BID,Glioma,High - Low,1.52733775,0.000164037,0.003192532
BLOC1S2,Glioma,High - Low,0.831587298,0.023529627,0.059191906
BOLA3,Glioma,High - Low,0.574771254,0.258398479,0.359228211
BUB1,Glioma,High - Low,0.301900355,0.659386498,0.739936471
C11orf1,Glioma,High - Low,1.504714335,0.013591749,0.040533026
C1orf52,Glioma,High - Low,0.403437129,0.210795717,0.305506788
CAMTA1,Glioma,High - Low,0.590323237,0.000287637,0.004195943
CAPN3,Glioma,High - Low,-1.092083349,0.064730639,0.123221613
CBFB,Glioma,High - Low,0.856167919,0.014643166,0.042871864
CCDC34,Glioma,High - Low,0.524878893,0.461935623,0.562636757
CCDC57,Glioma,High - Low,0.712224676,0.124750759,0.202424302
CCT5,Glioma,High - Low,1.033990496,0.000975086,0.008131721
CD248,Glioma,High - Low,-0.445385693,0.389264527,0.493812658
CD99L2,Glioma,High - Low,0.310038651,0.420136059,0.523391191
CDCA3,Glioma,High - Low,1.040763906,0.084208521,0.150785306
CDCA5,Glioma,High - Low,0.815458153,0.122277882,0.199549334
CDH13,Glioma,High - Low,-0.06698827,0.896443468,0.924742847
CDK5,Glioma,High - Low,1.003801366,0.106444368,0.179481791
CDK5RAP1,Glioma,High - Low,0.71685767,0.013476079,0.040348113
CENPT,Glioma,High - Low,0.524693866,0.062410559,0.119780335
CENPW,Glioma,High - Low,0.354534145,0.559210902,0.651690996
CETN2,Glioma,High - Low,0.787902616,0.002950487,0.015208947
CHORDC1,Glioma,High - Low,0.811328798,0.047755054,0.098318544
CHTF18,Glioma,High - Low,1.426858045,0.018779605,0.050655411
CMC1,Glioma,High - Low,0.609084059,0.188579638,0.279949765
CMIP,Glioma,High - Low,0.4802421,0.378236912,0.482817187
CNPY2,Glioma,High - Low,0.59346474,0.006141205,0.024124451
CNTROB,Glioma,High - Low,0.706030245,0.076408354,0.140133712
COASY,Glioma,High - Low,0.868932674,0.028144341,0.067157619
COMMD6,Glioma,High - Low,0.821679727,0.008719886,0.030386624
COMMD9,Glioma,High - Low,0.737423861,0.074820134,0.137955219
COMT,Glioma,High - Low,0.940325826,0.002322984,0.013162196
COPS7B,Glioma,High - Low,0.747490678,0.012251017,0.03789576
COQ6,Glioma,High - Low,0.056690588,0.877934122,0.91040642
CPT1A,Glioma,High - Low,0.974929188,0.105396576,0.177944212
CRAT,Glioma,High - Low,0.58353284,0.041919602,0.089288003
CREM,Glioma,High - Low,1.281094009,0.017065227,0.047458585
CRIP2,Glioma,High - Low,0.290313338,0.182499227,0.272489722
CRTC2,Glioma,High - Low,1.149104371,0.004663276,0.020112775
CTPS1,Glioma,High - Low,1.756130505,0.001095183,0.008690446
CYBC1,Glioma,High - Low,0.652212546,0.004481471,0.019610928
CYBRD1,Glioma,High - Low,0.236513285,0.704862962,0.776897951
CYHR1,Glioma,High - Low,1.375975164,0.017277169,0.047895401
DAAM2,Glioma,High - Low,-0.532452967,0.58623733,0.675193997
DCAF11,Glioma,High - Low,1.061561999,0.005559758,0.022536384
DCTN3,Glioma,High - Low,0.850932867,0.000413112,0.005036196
DDA1,Glioma,High - Low,0.691554334,0.010300267,0.033875942
DDX49,Glioma,High - Low,0.84947574,0.002342368,0.013202166
DDX56,Glioma,High - Low,1.335686606,0.001221432,0.009138402
DHFR,Glioma,High - Low,1.332641785,0.000870733,0.007592291
DLGAP5,Glioma,High - Low,0.029471719,0.954626504,0.967708641
DNASE2,Glioma,High - Low,0.581616755,0.181238804,0.270922101
DNPH1,Glioma,High - Low,1.602974187,0.00142603,0.009806204
DPAGT1,Glioma,High - Low,1.933463225,0.004780261,0.0204069
DPCD,Glioma,High - Low,0.264575833,0.49526376,0.593545849
DPM3,Glioma,High - Low,0.449960966,0.020831048,0.054526371
DRG2,Glioma,High - Low,0.952711634,0.090951435,0.159692523
DSN1,Glioma,High - Low,1.173127786,0.043577767,0.091871542
DTNBP1,Glioma,High - Low,-0.113930516,0.7287578,0.796064231
EID1,Glioma,High - Low,0.286736191,0.053018143,0.106011996
EIF5,Glioma,High - Low,0.527623991,0.004797773,0.020448322
ELFN2,Glioma,High - Low,0.927644996,0.124349492,0.201873266
ENAH,Glioma,High - Low,2.354670726,0.001836598,0.011412709
ENO3,Glioma,High - Low,-0.103013093,0.817829219,0.866329932
ENY2,Glioma,High - Low,0.879422332,0.052951742,0.105960135
EPS8L2,Glioma,High - Low,1.419604945,0.00529159,0.021793892
ERI3,Glioma,High - Low,0.422964869,0.31942135,0.424113552
ERLIN1,Glioma,High - Low,0.946641346,0.088386738,0.156279211
EXOSC4,Glioma,High - Low,1.901238629,3.01E-05,0.001428476
EXOSC8,Glioma,High - Low,1.487330307,0.006084944,0.02396349
CYRIB,Glioma,High - Low,0.661339245,0.080713593,0.146141832
FAM83D,Glioma,High - Low,0.868674856,0.185901841,0.276686689
FANCG,Glioma,High - Low,1.041879508,0.054454897,0.108076089
FAT1,Glioma,High - Low,2.112537436,0.00171556,0.011016099
FIP1L1,Glioma,High - Low,0.754334126,0.004667522,0.020122443
FN1,Glioma,High - Low,0.796742457,0.275437261,0.377543975
FUNDC2,Glioma,High - Low,0.856915013,9.82E-05,0.002497662
G6PC3,Glioma,High - Low,1.494023979,4.51E-05,0.001698788
GADD45GIP1,Glioma,High - Low,0.885669908,7.44E-05,0.002187682
GALE,Glioma,High - Low,1.286382904,0.01222364,0.037835489
GALNT10,Glioma,High - Low,1.466669824,0.041972748,0.089372124
GCK,Glioma,High - Low,-0.839218772,0.000430467,0.00517065
GHITM,Glioma,High - Low,0.415699307,0.058940737,0.114911396
GINS4,Glioma,High - Low,-0.091407235,0.814753722,0.863980763
GIPC1,Glioma,High - Low,0.714791355,0.003881724,0.017862067
GLT8D1,Glioma,High - Low,1.659459497,0.008445041,0.029705826
GMPPB,Glioma,High - Low,1.109896373,0.063714588,0.121623429
GRWD1,Glioma,High - Low,0.238744216,0.556694053,0.649335878
GSPT2,Glioma,High - Low,1.999125865,0.001185801,0.009018428
GSTM1,Glioma,High - Low,-1.467790382,0.045607983,0.095047536
GTSE1,Glioma,High - Low,0.262720272,0.648954542,0.730338819
GUCD1,Glioma,High - Low,1.659556965,0.000213176,0.003588354
HDAC6,Glioma,High - Low,0.677401863,0.006652311,0.025253322
HMBS,Glioma,High - Low,2.054233426,0.001339062,0.009514572
HMGN2,Glioma,High - Low,0.626074406,0.011762695,0.036923752
HNRNPA3,Glioma,High - Low,0.787650193,0.000106531,0.002616912
HSF4,Glioma,High - Low,0.343537862,0.539406047,0.633744021
HSPA5,Glioma,High - Low,0.681229011,0.169375948,0.256918328
HTRA2,Glioma,High - Low,1.092954776,0.004745032,0.020342731
IFI6,Glioma,High - Low,0.661850617,0.297141594,0.4004194
IFITM3,Glioma,High - Low,0.662971875,0.243674197,0.3429091
IFRD2,Glioma,High - Low,1.652854332,0.002257118,0.012910637
IKBIP,Glioma,High - Low,0.025831897,0.962763808,0.973545454
IL32,Glioma,High - Low,2.203707279,0.005391452,0.022123835
IMMP1L,Glioma,High - Low,1.098770188,0.048697933,0.099750006
ING1,Glioma,High - Low,0.37905785,0.255371022,0.356040122
INHBB,Glioma,High - Low,0.468673338,0.447059686,0.549043474
IRF1,Glioma,High - Low,1.535790565,0.0799678,0.145157133
ISG15,Glioma,High - Low,0.985684771,0.144622947,0.227262151
ISY1,Glioma,High - Low,1.592050955,0.000431751,0.005171741
ITGB1BP1,Glioma,High - Low,1.828932592,2.57E-05,0.001342514
JTB,Glioma,High - Low,0.870601699,1.04E-07,8.24E-05
KIFC1,Glioma,High - Low,0.514791029,0.466794696,0.566925196
KLF2,Glioma,High - Low,0.718396226,0.382414808,0.487058082
LEMD2,Glioma,High - Low,1.867238191,0.000889259,0.007695355
LGALS1,Glioma,High - Low,-0.473364879,0.312610432,0.417143129
LILRA6,Glioma,High - Low,0.337156538,0.575729997,0.665727532
LMCD1,Glioma,High - Low,-0.639205294,0.288633433,0.391411449
LMO4,Glioma,High - Low,-0.179099339,0.667006957,0.746115973
LRPAP1,Glioma,High - Low,0.442082926,0.047683431,0.098240623
LRRC45,Glioma,High - Low,0.881200689,0.06773119,0.127561058
LTBR,Glioma,High - Low,-0.049805135,0.943910976,0.960345102
MAGOHB,Glioma,High - Low,0.980966488,0.010500631,0.034328734
MANEAL,Glioma,High - Low,0.998308683,0.010713047,0.034719287
MCEE,Glioma,High - Low,-0.262268515,0.330525043,0.434852391
MCM4,Glioma,High - Low,1.854677676,0.006424057,0.024803943
MCTS1,Glioma,High - Low,0.795069881,0.000602127,0.006106626
METTL3,Glioma,High - Low,1.972602769,0.001032175,0.008442352
MFGE8,Glioma,High - Low,0.168864232,0.485764397,0.58483237
MFSD10,Glioma,High - Low,2.051240622,0.000324504,0.004466889
MICOS13,Glioma,High - Low,0.996690476,0.000323125,0.004462744
MIEN1,Glioma,High - Low,1.394675186,0.015623753,0.044761881
MORN2,Glioma,High - Low,0.842598193,0.090760241,0.159386302
MORN5,Glioma,High - Low,-0.058357858,0.901938739,0.928533096
MPI,Glioma,High - Low,2.195551867,0.000336325,0.004534628
MPV17L2,Glioma,High - Low,0.976905443,0.010273262,0.033829936
MRPL11,Glioma,High - Low,1.046857601,0.001194045,0.009021138
MRPL17,Glioma,High - Low,2.494062245,0.000509488,0.005596246
MRPL22,Glioma,High - Low,0.910139117,0.003305456,0.016230929
MRPL35,Glioma,High - Low,0.885222904,0.000520374,0.005658852
MRPL52,Glioma,High - Low,0.798926472,0.000586008,0.006017732
MRPS11,Glioma,High - Low,1.248492829,0.005820953,0.023314082
MRPS9,Glioma,High - Low,0.874465638,0.015974721,0.045399832
MTERF4,Glioma,High - Low,1.20938374,0.009464949,0.032046696
MTLN,Glioma,High - Low,0.688589857,0.289141109,0.39204853
MYL6,Glioma,High - Low,0.770014224,0.002256234,0.012910637
MYO18A,Glioma,High - Low,0.527005004,0.10878223,0.182506049
NAA10,Glioma,High - Low,0.662809423,0.006352925,0.024652888
NADSYN1,Glioma,High - Low,1.180878025,0.015181335,0.043946322
NASP,Glioma,High - Low,0.978469971,0.001736493,0.011096098
NCAPD2,Glioma,High - Low,0.313208068,0.645765027,0.726999268
NCAPD3,Glioma,High - Low,1.695757025,0.000148234,0.003075795
NCAPH,Glioma,High - Low,-0.162702506,0.699447761,0.772620394
NCOA7,Glioma,High - Low,-0.493816407,0.12033918,0.197073281
NDRG2,Glioma,High - Low,1.275055991,0.226588877,0.323682976
NDUFAF4,Glioma,High - Low,0.899169125,0.008281078,0.029280087
NENF,Glioma,High - Low,0.432594692,0.149542835,0.233452288
NME4,Glioma,High - Low,1.170228102,0.000484652,0.005490372
NOL6,Glioma,High - Low,0.802026314,0.018179499,0.04951616
NSFL1C,Glioma,High - Low,0.644190913,0.081743417,0.147460259
NTPCR,Glioma,High - Low,0.980420426,0.001462064,0.009950347
NUSAP1,Glioma,High - Low,0.814555522,0.209422035,0.303762765
ODF2,Glioma,High - Low,1.13581514,0.060041372,0.116445221
ODF2L,Glioma,High - Low,-0.43949392,0.459242971,0.560013804
ORC4,Glioma,High - Low,1.653152624,0.003357875,0.016410844
ORC6,Glioma,High - Low,0.797614367,0.224729914,0.321713182
OVCA2,Glioma,High - Low,1.932839692,0.001134777,0.008864939
OXA1L,Glioma,High - Low,1.505572155,0.010143354,0.033528639
P2RX4,Glioma,High - Low,0.044298276,0.934948441,0.953428555
PALD1,Glioma,High - Low,0.504121364,0.268326682,0.36973282
PAN2,Glioma,High - Low,1.783991325,0.001015446,0.008356523
PCLAF,Glioma,High - Low,1.183153023,0.098804579,0.169652592
PDAP1,Glioma,High - Low,0.935881731,5.10E-05,0.001809178
PHACTR2,Glioma,High - Low,-0.641934347,0.09863901,0.169463398
PHF19,Glioma,High - Low,1.589440746,8.06E-05,0.002263891
PHF21A,Glioma,High - Low,0.996060897,0.007644014,0.027746903
PIMREG,Glioma,High - Low,1.275535565,0.072020157,0.134000271
PISD,Glioma,High - Low,0.634515786,0.060712878,0.117330438
PLCB3,Glioma,High - Low,1.710254037,0.004527383,0.019726134
PLEKHJ1,Glioma,High - Low,1.141102393,8.05E-05,0.002263891
PNKD,Glioma,High - Low,0.87763276,0.110391438,0.184615545
POLR3E,Glioma,High - Low,0.574149199,0.038109834,0.083342586
PPCS,Glioma,High - Low,-0.894505445,0.140082813,0.221590463
PPOX,Glioma,High - Low,1.604922718,0.012003933,0.037340633
PPP1R16A,Glioma,High - Low,0.444025778,0.045742403,0.095216565
PROKR1,Glioma,High - Low,-0.79308144,0.036769192,0.081322323
PRR11,Glioma,High - Low,-0.330525344,0.341103155,0.445270549
PSMB10,Glioma,High - Low,0.678508178,0.079523906,0.14452665
PSMD9,Glioma,High - Low,2.24935591,5.50E-05,0.001878269
PSMF1,Glioma,High - Low,0.957929065,3.27E-05,0.00148681
PSPC1,Glioma,High - Low,1.199653661,0.000468957,0.00539502
RAB18,Glioma,High - Low,0.874994971,0.001120479,0.008827507
RAB24,Glioma,High - Low,0.387606321,0.113745599,0.188754262
RAB27A,Glioma,High - Low,0.09103044,0.900344202,0.927401985
RBIS,Glioma,High - Low,0.197559853,0.215537119,0.310795981
RCHY1,Glioma,High - Low,0.24927984,0.208839054,0.303133827
REC8,Glioma,High - Low,1.496751845,0.001203721,0.009057654
RECQL4,Glioma,High - Low,1.296150316,0.053009489,0.106011996
RFC2,Glioma,High - Low,1.641647333,0.001043375,0.008469258
RFC4,Glioma,High - Low,1.399333776,0.015886313,0.045265267
RHEB,Glioma,High - Low,0.732393495,0.000373971,0.004775405
RIDA,Glioma,High - Low,1.309359288,0.003555941,0.01697258
RIOK1,Glioma,High - Low,1.139978025,0.041655631,0.088812438
RNASEH2C,Glioma,High - Low,1.25335597,0.004336468,0.019233529
RNF14,Glioma,High - Low,1.085521079,0.025428975,0.062465585
RNF183,Glioma,High - Low,-1.111988671,0.007145033,0.02655405
RNF187,Glioma,High - Low,0.753210673,0.000155686,0.003146788
RNF26,Glioma,High - Low,1.230998166,0.037710018,0.08274464
RNF5,Glioma,High - Low,0.970706543,3.07E-05,0.001439772
RNFT1,Glioma,High - Low,0.545567364,0.291097693,0.394018618
RPA3,Glioma,High - Low,0.526907833,0.221280048,0.31778213
RPAIN,Glioma,High - Low,1.620890271,0.001964216,0.011922801
RPL22L1,Glioma,High - Low,2.21066178,0.001288425,0.009359507
RPL41,Glioma,High - Low,0.820880644,0.005917487,0.02354944
RPS20,Glioma,High - Low,1.057614715,0.000583491,0.006006215
RPS23,Glioma,High - Low,1.0270603,0.000700599,0.006645636
RRP1,Glioma,High - Low,0.673997331,0.01346624,0.040340015
RSU1,Glioma,High - Low,1.126971426,0.00050265,0.005567851
SAPCD2,Glioma,High - Low,1.496421883,0.039200983,0.085018797
SBSN,Glioma,High - Low,0.134120749,0.756366049,0.818235204
SCG3,Glioma,High - Low,0.90180721,0.215436541,0.310719391
SDHAF3,Glioma,High - Low,0.280910076,0.634344901,0.718032142
SEC24D,Glioma,High - Low,0.017270955,0.958309795,0.970315532
SEM1,Glioma,High - Low,0.879250189,0.00050879,0.00559327
SFXN3,Glioma,High - Low,0.099562344,0.763555156,0.824037888
SHARPIN,Glioma,High - Low,2.177000793,4.25E-06,0.000629867
SHMT1,Glioma,High - Low,0.992624455,0.112959404,0.187794021
SLC25A10,Glioma,High - Low,-0.225108605,0.366670844,0.471639784
SLC30A5,Glioma,High - Low,2.437267194,3.77E-05,0.001547464
SMDT1,Glioma,High - Low,1.222440131,0.000168837,0.003222428
SMIM4,Glioma,High - Low,0.407467571,0.069019207,0.129558204
SNRNP25,Glioma,High - Low,1.215741785,0.029213158,0.069003766
SNRPE,Glioma,High - Low,1.131756089,5.95E-05,0.001947897
SPARC,Glioma,High - Low,1.255500658,0.070739013,0.132076179
SPC24,Glioma,High - Low,0.673313279,0.386017795,0.490674431
SPCS2,Glioma,High - Low,0.671450496,0.000488095,0.005490372
SPIDR,Glioma,High - Low,0.824562613,0.000405785,0.004988674
SRA1,Glioma,High - Low,0.76471242,0.028103664,0.067109479
STARD10,Glioma,High - Low,0.808451907,0.242988169,0.34220115
STAT5A,Glioma,High - Low,0.39481154,0.50123177,0.599326719
STC2,Glioma,High - Low,0.711327415,0.319922408,0.424477512
STK25,Glioma,High - Low,1.007008801,0.000468348,0.005393209
SUMO1,Glioma,High - Low,0.402000234,0.012948749,0.039330195
SYPL1,Glioma,High - Low,0.881152971,0.002011501,0.012114342
TBL2,Glioma,High - Low,1.185383088,0.035125544,0.078709353
TEAD1,Glioma,High - Low,1.170306607,0.00285108,0.014919739
TGFBI,Glioma,High - Low,0.545112435,0.596909841,0.685195559
THBS1,Glioma,High - Low,0.022275682,0.981098976,0.986751336
THOC3,Glioma,High - Low,1.560316631,0.002241103,0.012889947
TLCD1,Glioma,High - Low,0.152495083,0.794475678,0.848940671
TLN2,Glioma,High - Low,0.195025417,0.671772423,0.750022711
TMA16,Glioma,High - Low,1.965383577,0.0023862,0.013300346
TMED5,Glioma,High - Low,0.923959253,0.014057383,0.041537648
TMEM107,Glioma,High - Low,1.039510352,0.044403674,0.093184374
TMEM235,Glioma,High - Low,0.08835524,0.904722692,0.930521147
TMEM237,Glioma,High - Low,0.549122894,0.117138136,0.192916932
TMEM59,Glioma,High - Low,0.252732955,0.259226256,0.36003494
TMSB4X,Glioma,High - Low,-0.043402431,0.889935342,0.919791872
TNPO2,Glioma,High - Low,0.717165705,0.001116553,0.008814189
TRIM4,Glioma,High - Low,2.487353583,0.000564415,0.005897757
TRMT2A,Glioma,High - Low,0.434321519,0.12057219,0.197380806
TRNAU1AP,Glioma,High - Low,0.350468028,0.359257867,0.463744775
TRUB2,Glioma,High - Low,1.370938166,0.002021844,0.012143121
TSC22D1,Glioma,High - Low,0.928599863,0.041689634,0.088855996
TSSC4,Glioma,High - Low,1.494989661,0.000624206,0.006236971
TUBB6,Glioma,High - Low,-0.637040805,0.298014793,0.401141944
TUFM,Glioma,High - Low,0.897556507,9.67E-05,0.002486691
TXNDC15,Glioma,High - Low,0.806906709,0.000849535,0.007494645
UBE2A,Glioma,High - Low,0.52668716,0.008934859,0.030874664
UBE2N,Glioma,High - Low,0.951547663,0.003146225,0.015740742
UBE2Q1,Glioma,High - Low,1.511499562,0.000496253,0.005534443
UNC119,Glioma,High - Low,2.013085849,4.18E-05,0.001634539
UQCC2,Glioma,High - Low,0.878978341,0.000614531,0.006170284
UQCC3,Glioma,High - Low,1.376142481,0.003591205,0.017036102
UQCR11,Glioma,High - Low,0.971126151,5.50E-06,0.000660851
UQCRB,Glioma,High - Low,0.57392161,0.023756884,0.059610748
VAPB,Glioma,High - Low,0.957038774,0.025210665,0.062104089
WBP1,Glioma,High - Low,0.677626759,0.001732943,0.011088621
DYNC2I2,Glioma,High - Low,0.907935789,0.0426791,0.090478864
WDR83OS,Glioma,High - Low,0.878287365,0.000575687,0.005963189
YLPM1,Glioma,High - Low,1.463146237,0.001508506,0.010165144
ZDHHC16,Glioma,High - Low,1.893620488,3.97E-05,0.001578086
ZDHHC3,Glioma,High - Low,1.071694687,0.003674938,0.017271102
ZFAND5,Glioma,High - Low,0.468709617,0.086486897,0.153638011
ZNF146,Glioma,High - Low,0.689009217,0.004900551,0.020683214
ZNF326,Glioma,High - Low,2.4588367,0.000135562,0.002934234
ZNF428,Glioma,High - Low,0.663882157,0.023977743,0.059989328
ZNF706,Glioma,High - Low,0.482811342,0.00248926,0.013699822
ZNF770,Glioma,High - Low,0.631919071,0.021455993,0.055617366
ZNF814,Glioma,High - Low,0.628847848,0.16764904,0.254861303
ZNF83,Glioma,High - Low,1.223904071,0.000796147,0.007208818
ZNRF1,Glioma,High - Low,0.798338587,0.042863018,0.090751212
ZSWIM7,Glioma,High - Low,1.349731937,0.003569828,0.016982414
AATF,Glioma,High - Low,1.968706402,0.001525417,0.010237524
ABCA1,Glioma,High - Low,0.922482567,0.062462103,0.119844126
ABCA2,Glioma,High - Low,-0.01341663,0.985564638,0.989494502
ABCC10,Glioma,High - Low,1.530325631,0.004273534,0.019051204
ABCC9,Glioma,High - Low,0.088026199,0.891207474,0.92074327
ABCG1,Glioma,High - Low,0.378065837,0.23508445,0.333401289
ABLIM1,Glioma,High - Low,0.624474242,0.010001395,0.033231555
ACACA,Glioma,High - Low,1.110175704,0.024703869,0.061143244
ACBD6,Glioma,High - Low,0.810800658,0.031762982,0.073423856
ACKR1,Glioma,High - Low,0.490794895,0.395132972,0.499322074
ACOT1,Glioma,High - Low,0.833178631,0.012200463,0.037772681
ACSF2,Glioma,High - Low,-0.363725241,0.197677253,0.290742336
ACSF3,Glioma,High - Low,0.372846307,0.485817042,0.58483237
ADAM23,Glioma,High - Low,1.350632143,0.062835976,0.120402669
ADAMTS13,Glioma,High - Low,0.631040221,0.149121158,0.232905084
ADAMTS15,Glioma,High - Low,0.403753612,0.518823543,0.615248315
ADAMTSL4,Glioma,High - Low,-0.279120201,0.601166683,0.688874092
ADAT3,Glioma,High - Low,1.872967621,0.002179679,0.012717708
ADCY7,Glioma,High - Low,-0.175570564,0.726270943,0.794474514
ADGRB2,Glioma,High - Low,0.82809524,0.147213083,0.230529948
ADGRG1,Glioma,High - Low,1.609246578,0.002389119,0.01331095
ADGRL3,Glioma,High - Low,1.424961043,0.030375818,0.071099501
ADHFE1,Glioma,High - Low,0.50682021,0.246428141,0.345818183
ADRM1,Glioma,High - Low,0.653022372,0.006993542,0.026196981
ADSS2,Glioma,High - Low,0.293010029,0.121313725,0.198222963
AFDN,Glioma,High - Low,1.167968366,0.001305297,0.009403911
AGAP9,Glioma,High - Low,0.978364546,0.00225668,0.012910637
AGO1,Glioma,High - Low,0.373665131,0.041790162,0.089041267
AGRN,Glioma,High - Low,0.80640559,0.006878551,0.025849847
AGT,Glioma,High - Low,1.114979144,0.222758871,0.319310477
AGTPBP1,Glioma,High - Low,0.109559896,0.819050666,0.867272978
AHR,Glioma,High - Low,0.963421395,0.130505617,0.209812137
AHSA1,Glioma,High - Low,0.913956747,0.006463837,0.024890849
AK6,Glioma,High - Low,1.535803003,0.013470293,0.040340015
AKAP6,Glioma,High - Low,1.08169357,0.008484194,0.029789098
AKR1C3,Glioma,High - Low,1.600702589,0.012943517,0.039330195
ALDH7A1,Glioma,High - Low,1.266407112,0.05115591,0.103409655
ALDOA,Glioma,High - Low,-0.044925106,0.82220899,0.869438465
ALG10,Glioma,High - Low,1.342416236,0.021280732,0.055339074
ALG10B,Glioma,High - Low,2.322983619,0.000311883,0.004386123
ALMS1,Glioma,High - Low,0.437839153,0.106360692,0.179363799
ANAPC16,Glioma,High - Low,0.765671478,0.008433192,0.029681662
ANAPC2,Glioma,High - Low,2.095544147,1.04E-07,8.24E-05
ANGPTL4,Glioma,High - Low,-0.340970152,0.660793767,0.741051203
ANKRD20A1,Glioma,High - Low,0.143002191,0.871746165,0.905854963
ANKRD30BL,Glioma,High - Low,0.327366195,0.553028135,0.646499765
ANKRD36B,Glioma,High - Low,0.097248625,0.532282301,0.627457655
ANKRD37,Glioma,High - Low,0.536130227,0.24483892,0.344033742
ANKRD50,Glioma,High - Low,1.490996,0.01052771,0.034399626
ANP32B,Glioma,High - Low,0.959795823,0.007687044,0.027833646
ANTKMT,Glioma,High - Low,0.093875027,0.755508183,0.817621424
ANXA8,Glioma,High - Low,0.260710277,0.604408778,0.691254601
AP1G2,Glioma,High - Low,1.277534284,0.028344051,0.067535698
APAF1,Glioma,High - Low,-0.058175793,0.908867762,0.933684237
APOBEC3F,Glioma,High - Low,-0.037595936,0.935367314,0.953649295
APOC2,Glioma,High - Low,0.794940828,0.373869331,0.478548357
AR,Glioma,High - Low,0.744271356,0.183294845,0.273490531
ARFGAP1,Glioma,High - Low,0.876926864,0.001569652,0.010426918
ARFGEF3,Glioma,High - Low,0.613729807,0.372740289,0.477523347
ARHGAP11B,Glioma,High - Low,0.31069807,0.467985512,0.567949166
ARHGAP18,Glioma,High - Low,0.862139512,0.088906344,0.156975115
ARHGAP23,Glioma,High - Low,0.852574891,0.247748312,0.347187055
ARHGDIG,Glioma,High - Low,0.61074747,0.44677873,0.54880138
ARL17B,Glioma,High - Low,0.621120924,0.029370444,0.069250355
ARMH1,Glioma,High - Low,-0.50099071,0.160623034,0.246603821
ARNT,Glioma,High - Low,1.456326522,0.002567821,0.014009884
ARPC5L,Glioma,High - Low,0.153687675,0.458493356,0.559360186
ARPIN,Glioma,High - Low,0.885156611,0.054701536,0.108434097
ARSL,Glioma,High - Low,0.187965982,0.69934028,0.772620394
ASDURF,Glioma,High - Low,1.139077624,0.015608136,0.044736718
ASNSD1,Glioma,High - Low,1.973015164,4.35E-05,0.001679895
ATF3,Glioma,High - Low,-0.567699182,0.344795448,0.449060658
ATL3,Glioma,High - Low,0.143698461,0.657690839,0.738330289
ATP1B2,Glioma,High - Low,1.320148228,0.039417834,0.085375963
ATP2A2,Glioma,High - Low,0.76028266,0.000718423,0.006753838
ATP5MF,Glioma,High - Low,0.877355817,0.000446393,0.005260683
ATRNL1,Glioma,High - Low,0.485056112,0.510967662,0.608467449
AUP1,Glioma,High - Low,0.854825002,0.010241125,0.033758069
AZGP1,Glioma,High - Low,0.423961106,0.63330003,0.717097405
B4GALT5,Glioma,High - Low,0.817975521,0.002971959,0.015271529
BAG3,Glioma,High - Low,-0.076472049,0.882130706,0.913311509
BAGE3,Glioma,High - Low,0.907710122,0.023505283,0.059160836
BAGE5,Glioma,High - Low,-0.135096911,0.748209279,0.811556962
BAHCC1,Glioma,High - Low,1.313887928,0.000233958,0.003777082
BASP1,Glioma,High - Low,-0.771742364,0.001249143,0.009219296
BCAR1,Glioma,High - Low,1.251784855,0.002845022,0.014918804
BCL11A,Glioma,High - Low,-0.196687812,0.730372667,0.797495566
BCL2,Glioma,High - Low,0.353467224,0.335628892,0.439838086
BEND3,Glioma,High - Low,-0.284828721,0.548559242,0.642258681
BEX1,Glioma,High - Low,1.626330371,0.048777966,0.099835847
BEX5,Glioma,High - Low,-1.965952309,0.007660294,0.027769148
BIN1,Glioma,High - Low,-0.224908945,0.536574416,0.631266855
BLOC1S1,Glioma,High - Low,0.773787326,0.003055447,0.015529876
BMP7,Glioma,High - Low,0.991358166,0.175893942,0.26495391
BMT2,Glioma,High - Low,1.178680404,0.001161145,0.008953702
BNIP3,Glioma,High - Low,0.119560648,0.692433998,0.766840917
BOC,Glioma,High - Low,1.078242785,0.05322728,0.106316519
BOP1,Glioma,High - Low,1.270674335,0.088659132,0.156655062
BRD2,Glioma,High - Low,0.91856106,3.11E-05,0.001447254
BRD3OS,Glioma,High - Low,1.338441785,0.003155608,0.015769611
BRICD5,Glioma,High - Low,0.46423045,0.266376599,0.367664855
BRIP1,Glioma,High - Low,0.680812618,0.147586797,0.230888332
BRMS1,Glioma,High - Low,1.001830945,0.010196353,0.033661333
BTBD9,Glioma,High - Low,1.858016972,5.99E-05,0.001954829
BTG1,Glioma,High - Low,1.083676628,0.03353006,0.07609795
BTG2,Glioma,High - Low,0.582645811,0.206655704,0.300763601
BTN3A3,Glioma,High - Low,1.188513249,0.07046546,0.131668941
C13orf46,Glioma,High - Low,0.421226181,0.409880626,0.513169433
C16orf72,Glioma,High - Low,1.051671466,3.30E-05,0.00148681
C17orf113,Glioma,High - Low,0.853720811,0.062421378,0.119783541
C1D,Glioma,High - Low,0.550662594,0.011455007,0.036235903
C1orf21,Glioma,High - Low,0.540489653,0.016146373,0.045735535
C1QL1,Glioma,High - Low,1.934974871,0.046659521,0.096648174
C1QL3,Glioma,High - Low,-1.093450104,0.031830554,0.073502195
C1QTNF4,Glioma,High - Low,-0.624071391,0.336609463,0.440798269
C1R,Glioma,High - Low,0.957569854,0.124957372,0.202734432
C2CD2,Glioma,High - Low,-0.194121125,0.716517931,0.786104346
C2CD3,Glioma,High - Low,1.081842184,0.062937856,0.120509704
C2orf72,Glioma,High - Low,0.410919009,0.532032306,0.627275911
C3orf18,Glioma,High - Low,0.856226796,0.049847789,0.101438779
C3orf70,Glioma,High - Low,0.137151172,0.849230456,0.889375649
C7orf61,Glioma,High - Low,1.090757678,0.037977108,0.08312247
C9orf85,Glioma,High - Low,0.852882498,0.227655971,0.324801093
CA11,Glioma,High - Low,-0.081072494,0.915206734,0.93886829
CA12,Glioma,High - Low,0.670921737,0.363210082,0.468061969
CABLES1,Glioma,High - Low,-0.310067986,0.53905173,0.63344142
CACYBP,Glioma,High - Low,0.18169795,0.292800797,0.395710243
CALML4,Glioma,High - Low,0.562767655,0.297225816,0.400450463
CANX,Glioma,High - Low,0.716588514,0.000484489,0.005490372
CAPG,Glioma,High - Low,-0.37385336,0.534832871,0.62950079
CAPRIN2,Glioma,High - Low,0.82327073,0.019715708,0.052381852
CAPS2,Glioma,High - Low,0.006046344,0.99066573,0.993168944
CARD16,Glioma,High - Low,0.109639421,0.881280517,0.912719966
CARHSP1,Glioma,High - Low,1.166165424,0.018459658,0.050154036
CARS1,Glioma,High - Low,1.845133895,0.001376988,0.009601901
CASTOR2,Glioma,High - Low,0.379720772,0.021233057,0.055263576
CBLN2,Glioma,High - Low,-0.480620365,0.533123266,0.628168445
CCDC142,Glioma,High - Low,1.25789303,0.03659719,0.081063613
CCDC163,Glioma,High - Low,0.330231243,0.484283305,0.583323028
CCDC188,Glioma,High - Low,1.001822112,0.132326438,0.212036477
CCDC50,Glioma,High - Low,0.98956939,0.002507113,0.013763367
CCDC51,Glioma,High - Low,-0.097084241,0.811089055,0.861443906
MIX23,Glioma,High - Low,1.560828963,0.000271603,0.004099969
CCDC6,Glioma,High - Low,0.292468283,0.085286722,0.152112662
CCDC85A,Glioma,High - Low,1.105441255,0.087038482,0.154479442
CCDC85B,Glioma,High - Low,0.930559893,0.032668585,0.074817175
CCDC88B,Glioma,High - Low,0.44739509,0.031416068,0.072827651
CCL3L3,Glioma,High - Low,-1.00413141,0.121388424,0.198316503
CCN3,Glioma,High - Low,-0.162277479,0.786352344,0.841978348
CCNB1,Glioma,High - Low,0.281684051,0.677152933,0.754357471
CCNB1IP1,Glioma,High - Low,2.485506668,0.000118077,0.002765632
CCND2,Glioma,High - Low,2.233663652,0.001845679,0.011452832
CCNDBP1,Glioma,High - Low,0.867509387,0.079574908,0.144584274
CCNL1,Glioma,High - Low,0.698803556,0.034071918,0.076994067
CCNQ,Glioma,High - Low,1.573438371,0.010526683,0.034399626
CCT2,Glioma,High - Low,0.856132956,2.70E-05,0.001348137
CCT6A,Glioma,High - Low,0.907952068,0.000126214,0.0028512
CCT7,Glioma,High - Low,0.858967959,0.000824953,0.00736774
CD151,Glioma,High - Low,0.61133914,0.046770956,0.096848351
CD163L1,Glioma,High - Low,-0.478901929,0.376083075,0.480770914
CD24,Glioma,High - Low,1.987163644,0.020877828,0.054609247
CD74,Glioma,High - Low,-0.398398121,0.577552489,0.667330853
CDC42EP1,Glioma,High - Low,0.671101044,0.166969749,0.254042297
CDH18,Glioma,High - Low,0.532683376,0.430726758,0.533498503
CDH24,Glioma,High - Low,1.514958992,0.003243565,0.016049884
CDK20,Glioma,High - Low,1.67066497,0.001068065,0.00854256
CDKN2A,Glioma,High - Low,-0.289297042,0.747315533,0.810750995
CEBPB,Glioma,High - Low,0.588028383,0.40213266,0.506018541
CEMIP,Glioma,High - Low,-0.03349466,0.955030455,0.967901571
CENPF,Glioma,High - Low,0.726097709,0.279819563,0.382190438
CENPP,Glioma,High - Low,0.56988801,0.295856063,0.398974501
CEP41,Glioma,High - Low,1.047196728,0.078113204,0.142382873
CEP85L,Glioma,High - Low,0.202489212,0.563634576,0.655387878
CEP97,Glioma,High - Low,0.713087726,0.115358341,0.190753569
CERK,Glioma,High - Low,1.009684132,0.016016012,0.045487559
CERKL,Glioma,High - Low,0.74675884,0.127547625,0.206015838
CERT1,Glioma,High - Low,0.797427526,0.042245912,0.08983689
CFAP410,Glioma,High - Low,1.385025672,0.028873553,0.06845211
CFAP54,Glioma,High - Low,0.200371336,0.721227731,0.790145986
CFD,Glioma,High - Low,-0.568739389,0.368935934,0.473808552
CFL2,Glioma,High - Low,0.410663309,0.07703162,0.14100028
CGREF1,Glioma,High - Low,0.746906786,0.071835902,0.133714454
CHAC2,Glioma,High - Low,0.055365454,0.908367679,0.93331696
CHD5,Glioma,High - Low,-1.534186344,0.044910233,0.093976295
CHRFAM7A,Glioma,High - Low,0.483620238,0.207282935,0.301349708
CHST2,Glioma,High - Low,-0.555464016,0.313767673,0.418315336
CIBAR1,Glioma,High - Low,1.030960038,0.001778997,0.011277117
CILK1,Glioma,High - Low,1.641577533,0.008523979,0.02989672
CISD3,Glioma,High - Low,0.318435305,0.265022058,0.366181279
CKLF,Glioma,High - Low,0.634153919,0.017018806,0.047369733
CKS2,Glioma,High - Low,1.372690502,0.007698645,0.02784068
CLCN4,Glioma,High - Low,0.172535748,0.789343684,0.84421474
CLEC18C,Glioma,High - Low,0.474737212,0.392428072,0.496718943
CLEC2B,Glioma,High - Low,0.023230923,0.974194911,0.98199507
CLINT1,Glioma,High - Low,1.083148389,0.011364418,0.036010244
CLN5,Glioma,High - Low,0.931050191,0.00681428,0.025679935
CLU,Glioma,High - Low,0.439090853,0.340977559,0.445195371
CMBL,Glioma,High - Low,1.409109736,0.020691513,0.054291378
CMPK1,Glioma,High - Low,1.024552041,0.081496431,0.147145825
CMTM7,Glioma,High - Low,0.714055366,0.132326193,0.212036477
CNNM4,Glioma,High - Low,0.869957964,0.120037796,0.196678121
CNOT6L,Glioma,High - Low,1.33367508,0.002691155,0.01441706
CNTLN,Glioma,High - Low,0.570772515,0.353393466,0.457437533
CNTN1,Glioma,High - Low,-0.23999173,0.727516345,0.795371703
COG3,Glioma,High - Low,2.11054639,5.74E-06,0.000660851
COL11A2,Glioma,High - Low,0.474070588,0.113647616,0.188639482
COL18A1,Glioma,High - Low,0.569953354,0.368925485,0.473808552
COL3A1,Glioma,High - Low,-0.358630451,0.728130421,0.795795165
COL4A2,Glioma,High - Low,0.102180781,0.86197964,0.898272798
COL7A1,Glioma,High - Low,-0.359664595,0.57250597,0.663170899
COLGALT2,Glioma,High - Low,1.099318926,0.087084416,0.154540019
COMMD4,Glioma,High - Low,1.086088122,0.001030129,0.008442352
COPS4,Glioma,High - Low,1.435742618,0.001585906,0.010486899
COPS9,Glioma,High - Low,-0.096411583,0.733416209,0.799570944
COQ10A,Glioma,High - Low,0.710390134,0.036902567,0.081544529
COX10,Glioma,High - Low,1.258729406,0.001115419,0.008813625
COX20,Glioma,High - Low,1.005332817,0.010595231,0.034538836
COX7B,Glioma,High - Low,1.00090406,0.000130256,0.002893103
CPE,Glioma,High - Low,0.551324105,0.413421457,0.51674722
CPEB3,Glioma,High - Low,0.331630659,0.291658456,0.394655247
CRACD,Glioma,High - Low,1.64622104,0.022005522,0.056579915
CRIPT,Glioma,High - Low,1.236948256,0.040732618,0.087385247
CRTAP,Glioma,High - Low,1.107216656,0.000838125,0.007444754
CRTC3,Glioma,High - Low,0.454189432,0.0571752,0.112048331
CRYM,Glioma,High - Low,-1.34426087,0.051712821,0.104133492
CRYZ,Glioma,High - Low,1.254522541,0.007612091,0.027702404
CSNK2A3,Glioma,High - Low,1.024011556,8.97E-05,0.002407618
CSRNP1,Glioma,High - Low,0.695545164,0.139880551,0.2213775
CTSH,Glioma,High - Low,0.032737977,0.958548573,0.97048225
CTSL,Glioma,High - Low,0.343005446,0.537984941,0.632414871
CTTNBP2NL,Glioma,High - Low,1.007012605,0.035898145,0.079934423
CWC25,Glioma,High - Low,1.006040897,0.100675243,0.171960518
CYB5D1,Glioma,High - Low,0.361189003,0.327709738,0.432138543
CYBA,Glioma,High - Low,-0.312561345,0.515077014,0.612080536
CYCS,Glioma,High - Low,0.789496021,0.005102434,0.021242027
CYFIP2,Glioma,High - Low,0.337354754,0.408742374,0.512169959
CYP2A6,Glioma,High - Low,0.157030158,0.508825496,0.606523327
CYP51A1,Glioma,High - Low,1.207126645,0.016385986,0.046167789
DBNDD1,Glioma,High - Low,0.887011183,0.154643936,0.239729227
DBT,Glioma,High - Low,0.904573189,0.011813779,0.037030837
DCAF13,Glioma,High - Low,0.673896989,0.038279664,0.08362038
DCLK2,Glioma,High - Low,1.288587393,0.002224193,0.012862183
DCP1A,Glioma,High - Low,1.478324117,0.006297292,0.024553436
DCP2,Glioma,High - Low,1.412450313,0.013497305,0.040389595
DDX23,Glioma,High - Low,1.480404485,0.0012978,0.009372365
DDX52,Glioma,High - Low,1.679674241,4.37E-05,0.001679895
DENND10,Glioma,High - Low,0.503025517,0.055579585,0.109544408
DENND11,Glioma,High - Low,0.869413209,0.003276136,0.016125734
DENND2B,Glioma,High - Low,1.039619429,0.050621335,0.102630094
DENND3,Glioma,High - Low,0.005325193,0.990614272,0.993168944
DEPDC1,Glioma,High - Low,0.903943737,0.095000277,0.164818391
DERL2,Glioma,High - Low,1.869573426,0.001335248,0.009506471
DGKA,Glioma,High - Low,0.751397298,0.044738864,0.093722552
DGKH,Glioma,High - Low,0.973619804,0.047831247,0.098436735
DGKZ,Glioma,High - Low,0.049181628,0.903105143,0.929441569
DHRS1,Glioma,High - Low,-0.308841865,0.203172987,0.296947981
DHRS11,Glioma,High - Low,0.322706616,0.542233895,0.636381174
DIAPH2,Glioma,High - Low,1.412799031,0.010216494,0.033702341
DIAPH3,Glioma,High - Low,0.215567731,0.64179635,0.723776021
DISC1,Glioma,High - Low,1.490406764,0.008386237,0.029584861
DMD,Glioma,High - Low,0.378916983,0.451488796,0.552978747
DMPK,Glioma,High - Low,0.551527867,0.116878561,0.192610573
DNAJA1,Glioma,High - Low,0.409900663,0.012649371,0.038704888
DNAJC24,Glioma,High - Low,1.873195825,0.004113646,0.018578809
DNAJC4,Glioma,High - Low,0.507259741,0.286403765,0.389153642
DOCK7,Glioma,High - Low,0.961091257,0.040461571,0.086991509
DPP7,Glioma,High - Low,0.539725556,0.090559198,0.159131872
DPYD,Glioma,High - Low,0.550504521,0.294188815,0.397094243
DPYSL2,Glioma,High - Low,0.153249593,0.569694908,0.660674529
DRAM1,Glioma,High - Low,1.044300423,0.117052045,0.192823657
DST,Glioma,High - Low,0.612223522,0.081111034,0.1466225
DTWD1,Glioma,High - Low,0.695937427,0.21129943,0.306067423
DTX1,Glioma,High - Low,0.781228996,0.137166684,0.218216694
DUSP1,Glioma,High - Low,0.380241701,0.493838953,0.592109287
DUSP14,Glioma,High - Low,0.354096161,0.156123273,0.241479269
DUSP7,Glioma,High - Low,0.655050843,0.324255284,0.428965791
DUX1,Glioma,High - Low,1.227196592,0.04810792,0.098819736
DUX4,Glioma,High - Low,0.099909836,0.732484647,0.799135195
DUX5,Glioma,High - Low,0.333104453,0.207630066,0.301720362
E2F3,Glioma,High - Low,0.389384123,0.448552577,0.550309117
ECH1,Glioma,High - Low,0.503486552,0.144782681,0.22743127
EEF2KMT,Glioma,High - Low,0.670492483,0.327097784,0.431548901
EGFL8,Glioma,High - Low,1.519466875,0.012251795,0.03789576
EGLN1,Glioma,High - Low,0.678608396,0.116336826,0.191886881
EIF1AX,Glioma,High - Low,0.845115368,0.00248892,0.013699822
EIF2S1,Glioma,High - Low,1.050386004,0.000533414,0.005713274
EIF2S3,Glioma,High - Low,1.295749509,0.000105163,0.002612717
EIF4A1,Glioma,High - Low,1.196464077,2.67E-05,0.001348137
EIF4EBP1,Glioma,High - Low,0.810659181,0.070901714,0.132351887
EIF6,Glioma,High - Low,1.247883134,8.89E-05,0.002390676
ELAVL1,Glioma,High - Low,1.06482655,0.001800317,0.01133842
ELOA2,Glioma,High - Low,0.098965725,0.887249239,0.917450189
ELOB,Glioma,High - Low,0.585478254,4.57E-05,0.001699888
EME2,Glioma,High - Low,0.459804943,0.279221176,0.381572159
ENDOV,Glioma,High - Low,0.668210328,0.158654145,0.244700049
ENPP2,Glioma,High - Low,-1.658638199,0.144833883,0.227466963
EPB41L5,Glioma,High - Low,0.500131083,0.026612984,0.064514682
EPHA2,Glioma,High - Low,0.72324762,0.180476451,0.27000687
EPHB6,Glioma,High - Low,-0.993423074,0.189376139,0.280804279
EPOP,Glioma,High - Low,0.995098547,0.073173391,0.135664005
EPRS1,Glioma,High - Low,0.364295101,0.03616533,0.080310831
ERCC3,Glioma,High - Low,1.382932166,0.000548085,0.005805889
ERO1A,Glioma,High - Low,-0.092731836,0.781700302,0.838873031
ERP44,Glioma,High - Low,1.229928464,0.01077554,0.034861416
EVI2A,Glioma,High - Low,-0.688573836,0.451233626,0.552796206
EXOSC6,Glioma,High - Low,0.231825955,0.299331749,0.402666248
F2R,Glioma,High - Low,1.916096713,0.008406617,0.029643909
F3,Glioma,High - Low,-0.15095184,0.783999739,0.840049803
F8A1,Glioma,High - Low,0.043717385,0.838282212,0.880869101
FAHD2B,Glioma,High - Low,0.292783853,0.226045128,0.323175971
FAM106A,Glioma,High - Low,0.721500488,0.134853796,0.215243296
FAM156A,Glioma,High - Low,1.069937647,0.002236766,0.012889947
FHIP2A,Glioma,High - Low,1.239504122,0.00134013,0.009515357
FAM171A2,Glioma,High - Low,1.875181222,0.00268023,0.01437618
FAM171B,Glioma,High - Low,0.144620791,0.782879869,0.839720317
FAM229B,Glioma,High - Low,0.847038767,0.115820677,0.191176623
FAM241A,Glioma,High - Low,-1.168296546,0.047651785,0.098221791
FAM72B,Glioma,High - Low,1.53286885,0.037065769,0.081741976
FAM81A,Glioma,High - Low,0.231318678,0.652152538,0.733559551
FANCD2,Glioma,High - Low,1.141456177,0.038206254,0.083483726
FANCI,Glioma,High - Low,1.113542357,0.047539947,0.098053012
FARP2,Glioma,High - Low,0.396960031,0.06133489,0.118218418
FARSA,Glioma,High - Low,1.669024232,0.000105378,0.002613103
FBN1,Glioma,High - Low,0.266134934,0.534422772,0.629187785
FBXL16,Glioma,High - Low,0.156795468,0.85016987,0.89014587
FBXO15,Glioma,High - Low,0.233246552,0.699958498,0.772893396
FCGBP,Glioma,High - Low,0.552401527,0.608517661,0.694622645
FCHO1,Glioma,High - Low,-0.214657745,0.660506949,0.740793
FDX1,Glioma,High - Low,0.404829458,0.110882885,0.185177247
FEZ1,Glioma,High - Low,0.592748543,0.235893542,0.334403871
FGD4,Glioma,High - Low,1.749801312,0.013542493,0.040454451
FHDC1,Glioma,High - Low,1.409133588,0.009374684,0.031848142
FKBP10,Glioma,High - Low,0.668862693,0.128510448,0.207171401
FKBP1A,Glioma,High - Low,0.7475093,0.014276896,0.042006157
FLII,Glioma,High - Low,0.803911807,0.038821902,0.084504599
FMN2,Glioma,High - Low,1.391983017,0.046304993,0.096035367
FMR1,Glioma,High - Low,1.233409039,0.016788997,0.046915799
FNDC10,Glioma,High - Low,-0.188472494,0.663884146,0.743752471
FNDC5,Glioma,High - Low,-0.022660798,0.966308667,0.976074632
FOCAD,Glioma,High - Low,-0.073127758,0.905772093,0.931327601
FOLR2,Glioma,High - Low,-0.877063439,0.30718345,0.411200584
FOS,Glioma,High - Low,0.383664627,0.512303441,0.609725384
FOSL1,Glioma,High - Low,1.128721106,0.10369458,0.175932764
FOXD4L4,Glioma,High - Low,1.104258577,0.154775737,0.239848352
FOXO1,Glioma,High - Low,0.891781528,0.000474995,0.005436282
FOXP1,Glioma,High - Low,0.291059432,0.495410447,0.593667305
FSTL1,Glioma,High - Low,0.886317194,0.040379374,0.086855124
FUOM,Glioma,High - Low,0.922676118,0.147492312,0.230839545
FURIN,Glioma,High - Low,0.313518878,0.364517042,0.469284329
FZD3,Glioma,High - Low,2.025978168,4.43E-05,0.001687513
FZD4,Glioma,High - Low,1.18866866,0.006344372,0.024634299
G0S2,Glioma,High - Low,-0.941014119,0.144840149,0.227466963
GAA,Glioma,High - Low,0.640938268,0.039589556,0.085606284
GABRA3,Glioma,High - Low,0.921655569,0.091860795,0.160664359
GALNT15,Glioma,High - Low,0.634290213,0.306064217,0.409864067
GAN,Glioma,High - Low,0.167500382,0.658587399,0.739210014
GARS1,Glioma,High - Low,0.720583849,0.058951965,0.114911396
GATAD2A,Glioma,High - Low,1.094316039,0.027463834,0.06601505
GBP4,Glioma,High - Low,0.071901012,0.925405295,0.9465884
GCLM,Glioma,High - Low,0.431441499,0.360490246,0.465014659
GCSH,Glioma,High - Low,1.75214823,0.002072968,0.012316428
GEMIN6,Glioma,High - Low,1.289908842,0.001074519,0.008588937
GEN1,Glioma,High - Low,1.122019041,0.008550101,0.029964257
GGNBP2,Glioma,High - Low,0.745179755,0.006212955,0.024311483
GGT7,Glioma,High - Low,1.17876848,0.02868317,0.068157667
GGTLC1,Glioma,High - Low,0.523968164,0.299533723,0.402896551
GINS2,Glioma,High - Low,-0.314625313,0.503345389,0.601445913
GINS3,Glioma,High - Low,0.446812173,0.255865345,0.35642568
GLA,Glioma,High - Low,0.978051573,0.051785517,0.104244721
GLIS2,Glioma,High - Low,1.150898052,0.024815036,0.061383575
GLIS3,Glioma,High - Low,0.930574088,0.047562893,0.098084888
GNG14,Glioma,High - Low,-0.858910708,0.003957322,0.018078581
GOLGA6L6,Glioma,High - Low,0.479054937,0.469793133,0.569220941
GOLGA8J,Glioma,High - Low,0.834056414,0.100487571,0.17169304
GP1BB,Glioma,High - Low,0.713844575,0.108275289,0.181913045
GPATCH2,Glioma,High - Low,2.348955211,5.87E-05,0.001925547
GPNMB,Glioma,High - Low,-0.425119433,0.558700485,0.651270073
GPR137,Glioma,High - Low,1.119240712,0.00360816,0.017097951
GPR173,Glioma,High - Low,1.561318329,0.003999854,0.018200352
GPR75,Glioma,High - Low,0.820366853,0.074773958,0.137938308
GPRC5C,Glioma,High - Low,-1.020170058,0.002175658,0.012705569
GRAMD1B,Glioma,High - Low,1.056717694,0.077065552,0.141037078
GSDME,Glioma,High - Low,1.988461639,0.001808835,0.011351756
GSG1L2,Glioma,High - Low,-0.534562806,0.271153985,0.372765553
GSTP1,Glioma,High - Low,1.091569896,0.0001819,0.003335381
GSTT1,Glioma,High - Low,0.520002961,0.513712724,0.610791926
GSTZ1,Glioma,High - Low,1.661398858,0.000198689,0.003473206
GTF2B,Glioma,High - Low,0.109934199,0.706812936,0.778753844
GTF2F1,Glioma,High - Low,1.310164011,4.78E-06,0.000638724
GTF2I,Glioma,High - Low,1.280274073,3.02E-05,0.001428519
GTPBP8,Glioma,High - Low,1.077455829,0.065844033,0.124827416
GXYLT2,Glioma,High - Low,-0.521159166,0.22601612,0.323175971
H1-0,Glioma,High - Low,0.808639274,0.000501768,0.005565018
H1-2,Glioma,High - Low,0.838517687,0.027362619,0.065832188
H1-3,Glioma,High - Low,1.179403033,0.230620736,0.328244081
H1-4,Glioma,High - Low,0.751652926,0.015900033,0.04526566
H1-5,Glioma,High - Low,2.118095447,0.091447087,0.160183682
H2AC11,Glioma,High - Low,0.608464816,0.468531276,0.568270495
H2AC12,Glioma,High - Low,1.137582775,0.157758115,0.243547577
H2AC13,Glioma,High - Low,1.243738721,0.058597395,0.114407351
H2AC14,Glioma,High - Low,1.548985559,0.049059385,0.100286421
H2AC15,Glioma,High - Low,1.375181738,0.025457992,0.062501686
H2AC16,Glioma,High - Low,2.003572343,0.039901256,0.086109634
H2AC17,Glioma,High - Low,0.854483688,0.258660282,0.359515825
H2AC19,Glioma,High - Low,0.796007187,0.044929127,0.094000808
H2AC20,Glioma,High - Low,1.163212621,0.003151695,0.015762087
H2AC21,Glioma,High - Low,0.84294976,0.02021519,0.053383922
H2AC4,Glioma,High - Low,0.475564782,0.341604386,0.445747083
H2AC6,Glioma,High - Low,0.871672661,0.016306711,0.046020329
H2AC7,Glioma,High - Low,1.684410165,0.009005491,0.03103489
H2AC8,Glioma,High - Low,1.013670471,0.026117138,0.063666298
H2AJ,Glioma,High - Low,-0.385515562,0.176693429,0.265884603
H2AW,Glioma,High - Low,2.039175857,0.002153144,0.012630425
H2AZ1,Glioma,High - Low,0.649480197,0.012533719,0.038467882
H2BC10,Glioma,High - Low,1.525889906,0.054045421,0.107463287
H2BC11,Glioma,High - Low,0.891427574,0.325398838,0.430174372
H2BC13,Glioma,High - Low,0.631747161,0.377892087,0.482471096
H2BC14,Glioma,High - Low,1.563103981,0.075370897,0.138755786
H2BC15,Glioma,High - Low,1.291955198,0.037781547,0.082818315
H2BC17,Glioma,High - Low,1.420975479,0.12179356,0.198858098
H2BC18,Glioma,High - Low,1.234699629,0.022752923,0.057836604
H2BC3,Glioma,High - Low,1.079758163,0.184572862,0.275052638
H2BC4,Glioma,High - Low,0.859387427,0.049498677,0.100932282
H2BC6,Glioma,High - Low,0.541295238,0.320098461,0.424668067
H2BC7,Glioma,High - Low,1.509833334,0.01568375,0.044884663
H2BC8,Glioma,High - Low,1.457783372,0.007634218,0.027732811
H2BC9,Glioma,High - Low,1.067079162,0.095026438,0.16482702
H2BS1,Glioma,High - Low,0.711553777,0.24876515,0.348313775
H2BU1,Glioma,High - Low,1.103492209,0.029856133,0.070205882
H3-4,Glioma,High - Low,0.527649322,0.259569882,0.360322688
H3C1,Glioma,High - Low,0.873932251,0.116200242,0.191685746
H3C10,Glioma,High - Low,2.044650374,0.01652052,0.046426951
H3C11,Glioma,High - Low,1.44587274,0.090524238,0.159091792
H3C12,Glioma,High - Low,1.130071179,0.042133913,0.089627931
H3C15,Glioma,High - Low,0.793625568,0.332987795,0.437380538
H3C2,Glioma,High - Low,1.962430104,0.072799387,0.135181163
H3C3,Glioma,High - Low,1.594137124,0.088510574,0.156434793
H3C4,Glioma,High - Low,1.85290794,0.015895386,0.045265267
H3C6,Glioma,High - Low,1.110561543,0.025147751,0.061995765
H3C7,Glioma,High - Low,1.232264056,0.163189743,0.24972979
H3C8,Glioma,High - Low,1.33321274,0.116630407,0.192274228
H4C1,Glioma,High - Low,0.659704397,0.148404085,0.231951138
H4C12,Glioma,High - Low,0.661746784,0.224516179,0.321442355
H4C13,Glioma,High - Low,0.597094861,0.164892486,0.251741758
H4C15,Glioma,High - Low,1.058777766,0.016547835,0.046453861
H4C2,Glioma,High - Low,0.921554854,0.066927116,0.126319264
H4C3,Glioma,High - Low,1.240705106,0.056930914,0.11173684
H4C4,Glioma,High - Low,0.838817711,0.330429023,0.434827656
H4C5,Glioma,High - Low,1.029514155,0.001613897,0.01058649
H4C6,Glioma,High - Low,0.816752603,0.202793873,0.296534145
H4C8,Glioma,High - Low,0.492749403,0.237956395,0.336562934
H4C9,Glioma,High - Low,1.015088053,0.139553354,0.220939789
HAPLN1,Glioma,High - Low,1.30423789,0.152229126,0.23682699
HAX1,Glioma,High - Low,1.092600619,0.004283906,0.019084444
HBEGF,Glioma,High - Low,0.438986492,0.505998072,0.603812683
HDAC1,Glioma,High - Low,1.68912774,0.007816753,0.028116688
HDGFL2,Glioma,High - Low,0.743941908,0.004597942,0.019927459
HDGFL3,Glioma,High - Low,0.63347687,0.104202107,0.176519368
HELB,Glioma,High - Low,-0.219055074,0.702257597,0.774743741
HELZ2,Glioma,High - Low,0.84249304,0.231030701,0.328720384
HEXD,Glioma,High - Low,1.556892229,0.007464482,0.027345403
HEXIM1,Glioma,High - Low,0.572095455,0.126678492,0.204966491
HIC1,Glioma,High - Low,0.710613658,0.117236219,0.193054185
HIRIP3,Glioma,High - Low,1.988366843,0.000995189,0.008261424
HLA-B,Glioma,High - Low,0.204281254,0.729420245,0.796588478
HLA-DQA2,Glioma,High - Low,0.637796433,0.288201192,0.390946768
HLA-DQB2,Glioma,High - Low,-0.004029734,0.991137564,0.993489828
HLA-DRA,Glioma,High - Low,-0.475131766,0.547918132,0.641671924
HLA-F,Glioma,High - Low,1.161961763,0.139121124,0.220442076
HMGB3,Glioma,High - Low,1.022969068,0.001134493,0.008864939
HNRNPC,Glioma,High - Low,0.895264597,1.27E-05,0.000973587
HNRNPM,Glioma,High - Low,0.900485145,3.78E-05,0.001547464
HNRNPR,Glioma,High - Low,0.942383528,0.000745689,0.006914519
HNRNPU,Glioma,High - Low,0.772746488,4.66E-06,0.000636015
HOOK2,Glioma,High - Low,2.257814028,2.27E-05,0.001281426
HOOK3,Glioma,High - Low,0.68523609,0.000356931,0.004687359
HRAS,Glioma,High - Low,0.395653515,0.266279734,0.367569906
HRH2,Glioma,High - Low,0.601600552,0.340203642,0.444406493
HROB,Glioma,High - Low,0.541752937,0.226047929,0.323175971
HSP90B1,Glioma,High - Low,1.309869081,0.007917524,0.028377811
HSPA1A,Glioma,High - Low,-0.09913468,0.887923393,0.917929805
HSPB8,Glioma,High - Low,0.815569256,0.140041052,0.221577945
ID3,Glioma,High - Low,0.777265484,0.12753274,0.206015838
IDH3A,Glioma,High - Low,0.086915799,0.701953958,0.774474018
IFIT5,Glioma,High - Low,1.064477414,0.023843359,0.05974955
IFITM10,Glioma,High - Low,0.642822407,0.020091583,0.053169761
IFRD1,Glioma,High - Low,1.368253547,2.08E-06,0.000422142
IGFBP4,Glioma,High - Low,2.012646818,0.039105433,0.0848678
IGFBP5,Glioma,High - Low,0.681703998,0.191284872,0.283185529
IGFLR1,Glioma,High - Low,1.00329943,0.046450822,0.096276811
IGFN1,Glioma,High - Low,1.290459956,0.083973016,0.150563553
IGSF8,Glioma,High - Low,-0.182084334,0.494589054,0.592845782
IK,Glioma,High - Low,0.732809451,0.000489305,0.005490372
IKBKE,Glioma,High - Low,-0.157981122,0.77749719,0.835571756
IKBKG,Glioma,High - Low,0.943408245,0.005650201,0.02281162
IL1B,Glioma,High - Low,-0.076547569,0.931715819,0.951556569
IL1RAP,Glioma,High - Low,0.996923403,0.121040485,0.197850571
IMP4,Glioma,High - Low,0.527526352,0.013122779,0.039607318
ING3,Glioma,High - Low,1.533227798,0.011808642,0.037023601
INO80D,Glioma,High - Low,0.968350453,0.007330227,0.027007548
INTS11,Glioma,High - Low,0.702684131,0.064933061,0.123481274
IRF2BP2,Glioma,High - Low,0.781600297,0.009537058,0.032166076
IRF3,Glioma,High - Low,0.501986092,0.408887902,0.512207344
ISCA2,Glioma,High - Low,1.332609789,0.002815835,0.014836109
ISG20L2,Glioma,High - Low,0.91671581,0.015420851,0.044404046
ITGA2,Glioma,High - Low,0.829332542,0.160005295,0.246146084
ITGA7,Glioma,High - Low,1.489708011,0.007711947,0.027877558
JMJD8,Glioma,High - Low,0.89413543,0.023823607,0.059720944
JPH4,Glioma,High - Low,0.583137697,0.375062422,0.479747195
JPT1,Glioma,High - Low,1.356293486,0.011336891,0.035940417
JUNB,Glioma,High - Low,0.604338637,0.326061646,0.430615809
KARS1,Glioma,High - Low,0.967478144,0.032906622,0.075151997
KCNAB2,Glioma,High - Low,-1.24920227,0.038952169,0.084703662
KCND2,Glioma,High - Low,0.414024081,0.513589318,0.610756126
KCNIP2,Glioma,High - Low,0.72961871,0.270846523,0.372460196
KCNJ2,Glioma,High - Low,-0.892076784,0.126846065,0.205188477
KCNMB4,Glioma,High - Low,-0.336846726,0.489343916,0.58792108
KCTD1,Glioma,High - Low,0.555577303,0.319385354,0.424113552
KCTD13,Glioma,High - Low,1.16663676,0.000989143,0.008227986
KCTD17,Glioma,High - Low,0.346398978,0.578426525,0.668019625
KDM4B,Glioma,High - Low,0.857169629,0.003365749,0.016418684
KDM7A,Glioma,High - Low,0.227181914,0.456347887,0.557521964
KDSR,Glioma,High - Low,0.345094984,0.086765795,0.154058118
KIAA0754,Glioma,High - Low,0.527137675,0.091019246,0.159725907
KIF22,Glioma,High - Low,1.766588252,4.80E-05,0.001751614
KIFC3,Glioma,High - Low,0.873805587,0.124178141,0.201670107
KLF12,Glioma,High - Low,0.273652834,0.271783549,0.373356627
KLF9,Glioma,High - Low,0.779228153,0.075917608,0.139483688
KLRC3,Glioma,High - Low,0.796159451,0.28669409,0.389507701
KPNA2,Glioma,High - Low,1.790839301,0.001641384,0.010686543
KPNA5,Glioma,High - Low,0.844909262,0.026765346,0.064728238
KRTAP10-2,Glioma,High - Low,-0.248990169,0.685728082,0.761125617
KRTAP1-4,Glioma,High - Low,-0.694234544,0.111716854,0.186284866
KRTAP21-1,Glioma,High - Low,0.011337302,0.982636597,0.987842519
KRTAP9-6,Glioma,High - Low,0.838258151,0.211277992,0.306067423
LARS1,Glioma,High - Low,1.357839283,6.46E-05,0.002038299
LCMT2,Glioma,High - Low,1.083958315,0.024063895,0.060104651
LCOR,Glioma,High - Low,1.591836175,0.00051245,0.005609954
LFNG,Glioma,High - Low,0.444444743,0.297582908,0.400766613
LGALS9C,Glioma,High - Low,1.218261765,0.08162541,0.147328576
LIFR,Glioma,High - Low,1.15744855,0.03017626,0.070764194
LIMS3,Glioma,High - Low,0.491572974,0.431243359,0.53387569
LIN37,Glioma,High - Low,1.548375363,0.006352841,0.024652888
LIN54,Glioma,High - Low,1.06436046,0.018870743,0.050791865
LIN7C,Glioma,High - Low,0.573129623,0.074814608,0.137955219
LIX1L,Glioma,High - Low,1.140786858,0.004379181,0.019357401
LMAN2L,Glioma,High - Low,1.063431153,0.045512341,0.094902545
LNPEP,Glioma,High - Low,0.828925873,0.085094054,0.151934604
LOX,Glioma,High - Low,0.013818014,0.983863803,0.988469058
LPL,Glioma,High - Low,2.542427037,0.005379244,0.022085431
LPP,Glioma,High - Low,0.564326607,0.089740208,0.157968344
LPXN,Glioma,High - Low,0.868519157,0.097062143,0.16752368
LRP11,Glioma,High - Low,-0.191277141,0.733629921,0.799627457
LRRC4B,Glioma,High - Low,0.525707001,0.262465854,0.363526915
LSM3,Glioma,High - Low,1.34964658,4.62E-05,0.001711932
LSM4,Glioma,High - Low,1.123418381,0.007633548,0.027732811
LTB,Glioma,High - Low,-0.435257798,0.323216053,0.428023443
LUC7L2,Glioma,High - Low,0.951134096,0.005534426,0.022461946
LUZP6,Glioma,High - Low,1.04966989,0.000483894,0.005490372
LZTS3,Glioma,High - Low,0.065291357,0.808794666,0.859680838
MACROH2A1,Glioma,High - Low,0.653365738,0.024062053,0.060104651
MAF,Glioma,High - Low,-0.62228221,0.108992895,0.182720099
MAGI1,Glioma,High - Low,0.306121345,0.566511022,0.657972928
MAN2C1,Glioma,High - Low,0.92168156,0.00160172,0.010546698
MAOA,Glioma,High - Low,-0.125444454,0.755513664,0.817621424
MAP3K13,Glioma,High - Low,0.893507199,0.027926426,0.066805878
MAP3K20,Glioma,High - Low,0.730873518,0.095967546,0.16602842
MARCHF3,Glioma,High - Low,0.665790341,0.045614362,0.095047536
MARCKS,Glioma,High - Low,0.894368686,0.004467728,0.019570411
MARS1,Glioma,High - Low,1.118265451,0.00063466,0.006285629
MCM7,Glioma,High - Low,1.210901332,0.014106143,0.041643349
MCTP1,Glioma,High - Low,-0.640017814,0.2806792,0.383244631
MDGA1,Glioma,High - Low,1.254671164,0.033897996,0.076720217
MDK,Glioma,High - Low,1.417517636,0.032950488,0.075239054
MECR,Glioma,High - Low,0.355798439,0.112631127,0.187403653
MED24,Glioma,High - Low,1.324159494,0.00039186,0.004907254
MED28,Glioma,High - Low,0.804222008,0.000576908,0.005969674
MELK,Glioma,High - Low,0.411576592,0.494742962,0.59297598
METTL1,Glioma,High - Low,2.357576568,0.018993131,0.051010679
METTL27,Glioma,High - Low,-0.479029156,0.333479089,0.437850151
METTL7A,Glioma,High - Low,0.704780886,0.113153693,0.188010317
MEX3D,Glioma,High - Low,1.555746717,0.014016913,0.041465467
MGP,Glioma,High - Low,0.981790541,0.261815497,0.362822851
MIA2,Glioma,High - Low,0.724123538,0.036769888,0.081322323
MICA,Glioma,High - Low,-0.071493803,0.870405746,0.90474932
MICALL2,Glioma,High - Low,-0.143288538,0.570365049,0.661158883
MICOS10,Glioma,High - Low,0.149143228,0.492657972,0.591061911
MICU2,Glioma,High - Low,1.470313045,0.00084525,0.00748266
MIF,Glioma,High - Low,0.448195166,0.147633419,0.230888332
MINDY2,Glioma,High - Low,1.074957435,0.033507361,0.076072806
MLLT6,Glioma,High - Low,0.952741625,0.000736472,0.006848458
MLXIPL,Glioma,High - Low,-0.05725907,0.926029387,0.947004824
MLYCD,Glioma,High - Low,0.66835619,0.013218016,0.039821327
MMP24OS,Glioma,High - Low,1.366633086,0.004645181,0.020072396
MMP28,Glioma,High - Low,-1.028289527,0.016276075,0.045958758
MMS22L,Glioma,High - Low,-0.133091281,0.80949083,0.860001902
MOB2,Glioma,High - Low,1.848916892,0.009200608,0.031502036
MON1B,Glioma,High - Low,0.660384133,0.041435255,0.088472242
MPLKIP,Glioma,High - Low,0.830927693,0.003522546,0.016881661
MRC1,Glioma,High - Low,-0.107479433,0.840909341,0.882815065
MREG,Glioma,High - Low,1.152427476,0.061909253,0.119062551
MRM1,Glioma,High - Low,1.214501575,0.020104133,0.053176447
MRNIP,Glioma,High - Low,0.843677739,0.012460919,0.038316303
MRPL18,Glioma,High - Low,0.287191405,0.042544869,0.09029664
MRPL27,Glioma,High - Low,0.605420823,0.000446178,0.005260683
MRPL30,Glioma,High - Low,1.144874037,4.40E-06,0.000629867
MRPL45,Glioma,High - Low,1.946658189,0.001268016,0.009285311
MRPL50,Glioma,High - Low,0.82130823,0.072989414,0.135437982
MRPL57,Glioma,High - Low,0.733324429,0.00139665,0.009685564
MRPS18C,Glioma,High - Low,2.306957457,0.000786471,0.007140957
MRPS21,Glioma,High - Low,0.796293486,0.001465231,0.009950347
MRPS6,Glioma,High - Low,1.530075329,0.001315244,0.009435152
MS4A4A,Glioma,High - Low,0.852972103,0.130099143,0.209261435
MT1E,Glioma,High - Low,0.474011277,0.270639494,0.372292802
MT1X,Glioma,High - Low,1.373284258,0.01833075,0.049865887
MTARC1,Glioma,High - Low,1.492687544,0.02247025,0.057349509
MTMR11,Glioma,High - Low,1.208612598,0.057810533,0.113124093
MTMR12,Glioma,High - Low,0.702057737,0.122666113,0.199958593
MTRES1,Glioma,High - Low,1.197012777,0.047903532,0.098539033
MUC8,Glioma,High - Low,-0.196244324,0.702604977,0.774996375
MVB12B,Glioma,High - Low,0.41967262,0.429987019,0.532824157
MVP,Glioma,High - Low,1.218736252,0.051984996,0.104456654
MXD3,Glioma,High - Low,1.286593933,0.08010233,0.145340882
MXRA8,Glioma,High - Low,0.050597318,0.928275795,0.948635263
MYDGF,Glioma,High - Low,0.784198037,0.065850882,0.124827416
MYLIP,Glioma,High - Low,-0.01769921,0.976795228,0.98401015
MYO19,Glioma,High - Low,1.241939235,0.008387612,0.029584861
MYO1D,Glioma,High - Low,-0.96471684,0.212215128,0.307121994
MYO6,Glioma,High - Low,0.691848967,0.132180506,0.211854494
NABP1,Glioma,High - Low,1.356525348,0.077271325,0.141300763
NAP1L2,Glioma,High - Low,0.032997093,0.948466034,0.96355259
NAP1L4,Glioma,High - Low,0.602023795,0.009215041,0.031526663
NARS1,Glioma,High - Low,0.838527203,0.000850038,0.007494645
NAT14,Glioma,High - Low,0.578490225,0.271462215,0.37299347
NATD1,Glioma,High - Low,-0.533963207,0.114886379,0.190237431
NAV1,Glioma,High - Low,1.645420756,0.000287458,0.004195943
NBPF14,Glioma,High - Low,0.995391095,0.001004124,0.008294633
NCAPG,Glioma,High - Low,1.023362749,0.065177901,0.123803026
NCKIPSD,Glioma,High - Low,0.319769766,0.412018289,0.515288514
NCOA4,Glioma,High - Low,0.441275896,0.100053376,0.171107478
NCR3LG1,Glioma,High - Low,1.204253551,0.059424534,0.115513207
NDUFA9,Glioma,High - Low,1.5482553,9.74E-05,0.002486691
NDUFB8,Glioma,High - Low,0.548546961,0.001835555,0.011411645
NDUFB9,Glioma,High - Low,0.684486653,0.001258142,0.009234591
NECTIN3,Glioma,High - Low,0.919376398,0.021249988,0.055291355
NEDD4L,Glioma,High - Low,-0.431820679,0.4579435,0.559054009
NEFL,Glioma,High - Low,-1.702101434,0.07795881,0.142200432
NEK6,Glioma,High - Low,0.542418668,0.137976084,0.219194107
NEURL1B,Glioma,High - Low,0.082433082,0.842661021,0.883909689
NFATC2IP,Glioma,High - Low,0.817468452,0.008536993,0.029926332
NFYB,Glioma,High - Low,0.715069345,0.049524261,0.100968725
NHLRC2,Glioma,High - Low,1.392764674,0.003842362,0.017739085
NISCH,Glioma,High - Low,0.231343668,0.438162812,0.540601744
NKD1,Glioma,High - Low,0.989786769,0.129703259,0.208701582
NKX2-2,Glioma,High - Low,0.305311031,0.65089116,0.732203622
NLE1,Glioma,High - Low,1.516275168,0.005163973,0.021402942
NMB,Glioma,High - Low,1.744473129,0.030513902,0.071369302
NME1,Glioma,High - Low,1.604560256,0.00056535,0.005902809
NME2,Glioma,High - Low,1.217581326,0.000281011,0.00415268
NOCT,Glioma,High - Low,0.830181474,0.070999049,0.132495803
NOL12,Glioma,High - Low,1.221046378,0.000271115,0.004099969
NOL9,Glioma,High - Low,0.920681145,0.044276868,0.092962963
NOLC1,Glioma,High - Low,2.033533341,0.000478974,0.005457964
NOP56,Glioma,High - Low,1.616003214,0.00091645,0.007837414
NOS3,Glioma,High - Low,-0.023311533,0.971464974,0.979997759
NPAP1L,Glioma,High - Low,0.395119019,0.091451388,0.160183682
NPIPB3,Glioma,High - Low,0.907873499,0.000158995,0.003161565
NPIPB6,Glioma,High - Low,0.690300629,0.002515704,0.013793177
NPM1,Glioma,High - Low,1.028242146,0.00118192,0.009018428
NPNT,Glioma,High - Low,0.702954623,0.407987134,0.511468359
NR3C2,Glioma,High - Low,0.970401028,0.180209579,0.269876804
NR4A1,Glioma,High - Low,-0.004283987,0.993912636,0.995585505
NRARP,Glioma,High - Low,0.780516169,0.196277043,0.288877622
NRGN,Glioma,High - Low,-2.088434639,0.112952671,0.187794021
NRIP1,Glioma,High - Low,0.265253681,0.269431857,0.370904353
NRP1,Glioma,High - Low,0.53420403,0.329830726,0.434237392
NSG1,Glioma,High - Low,0.687683036,0.37354775,0.478323784
NSG2,Glioma,High - Low,0.955254673,0.2073582,0.301425659
NSL1,Glioma,High - Low,0.516435104,0.034876996,0.078299813
NUAK1,Glioma,High - Low,-0.952373908,0.003141297,0.015728109
NUBP1,Glioma,High - Low,0.602142158,0.0427997,0.090631809
NUDT15,Glioma,High - Low,0.493757538,0.397550083,0.501746986
NUDT18,Glioma,High - Low,0.386138764,0.364569256,0.469305405
NUDT4,Glioma,High - Low,1.891654375,0.000326551,0.004472319
NUDT4B,Glioma,High - Low,1.52150047,0.000234666,0.003783258
NUP88,Glioma,High - Low,0.979502428,0.00329623,0.016200279
NVL,Glioma,High - Low,1.797641869,0.001344056,0.009532033
OARD1,Glioma,High - Low,0.500846318,0.015868554,0.045235572
ODC1,Glioma,High - Low,1.266842925,9.71E-05,0.002486691
ONECUT2,Glioma,High - Low,0.359749593,0.568275312,0.659509376
OPHN1,Glioma,High - Low,1.759260353,0.000763134,0.007016657
OR2A1,Glioma,High - Low,0.596058182,0.348622767,0.452829155
OR2J1,Glioma,High - Low,-0.385135277,0.385710189,0.490444416
OR2T29,Glioma,High - Low,-0.02486118,0.969277227,0.978167622
OR2T34,Glioma,High - Low,0.728963305,0.149915845,0.233923032
OR2T8,Glioma,High - Low,-0.394434048,0.372347985,0.47708557
OR4F4,Glioma,High - Low,0.979495851,0.186399765,0.277235409
OR5H15,Glioma,High - Low,0.125181142,0.8238923,0.870779939
OR8B2,Glioma,High - Low,0.464887487,0.319756941,0.424300966
ORAI1,Glioma,High - Low,1.278097161,0.048018835,0.098667703
OSBPL5,Glioma,High - Low,0.963428341,0.129728042,0.20871581
OSGIN2,Glioma,High - Low,1.8211334,0.003003201,0.015371738
OTUD7B,Glioma,High - Low,0.612679258,0.021235091,0.055263576
PA2G4,Glioma,High - Low,1.121065015,0.030222854,0.07083921
PADI2,Glioma,High - Low,-0.012344152,0.982444654,0.987725398
PAF1,Glioma,High - Low,0.808138309,0.040424212,0.086937288
PAGR1,Glioma,High - Low,0.318963571,0.307961178,0.411988935
PALLD,Glioma,High - Low,1.014716489,0.000606743,0.006135372
PALM2AKAP2,Glioma,High - Low,0.712173151,0.247089043,0.346540588
PAM16,Glioma,High - Low,1.21163814,0.004045716,0.018341606
PAOX,Glioma,High - Low,-0.405335063,0.04311172,0.091146565
PARP10,Glioma,High - Low,1.217909811,0.05652997,0.111049796
PBLD,Glioma,High - Low,1.910855711,0.001328922,0.009490131
PCBP1,Glioma,High - Low,0.428599413,0.088712622,0.15670728
PCDH15,Glioma,High - Low,1.760991075,0.019731152,0.052401617
PCED1B,Glioma,High - Low,-0.450414384,0.37059394,0.475215314
PCGF2,Glioma,High - Low,1.802254568,0.002927611,0.015162663
PCNA,Glioma,High - Low,1.04550194,0.014100436,0.041638485
PDCD10,Glioma,High - Low,1.094387154,0.001206134,0.009061784
PDCD2,Glioma,High - Low,1.695619255,0.000388153,0.004896034
PDIK1L,Glioma,High - Low,0.759794328,0.133251671,0.213205931
PDK3,Glioma,High - Low,-0.463899314,0.23315067,0.331108667
PDLIM4,Glioma,High - Low,0.228042248,0.775975196,0.834552591
PECAM1,Glioma,High - Low,0.286964834,0.467120407,0.567242394
PELI2,Glioma,High - Low,0.785095965,0.160077754,0.246190846
PELO,Glioma,High - Low,0.485505804,0.206673041,0.300763601
PELP1,Glioma,High - Low,1.550097127,0.00014089,0.002980271
PET117,Glioma,High - Low,0.574093522,0.133880308,0.214028678
PEX10,Glioma,High - Low,0.558039513,0.086410026,0.153536533
PEX16,Glioma,High - Low,0.56589494,0.007286675,0.026889639
PFKFB2,Glioma,High - Low,0.48754286,0.193617576,0.285734324
PFKFB4,Glioma,High - Low,0.697641266,0.135778771,0.216436383
PGAM2,Glioma,High - Low,0.777872454,0.234933545,0.33325947
PGAM4,Glioma,High - Low,0.117528441,0.474522839,0.574048557
PGAP4,Glioma,High - Low,0.239224775,0.614360327,0.700376122
PGAP6,Glioma,High - Low,1.67052944,0.004487866,0.019612694
PGP,Glioma,High - Low,0.2986742,0.316960946,0.421659182
PHACTR3,Glioma,High - Low,0.829665753,0.123170607,0.200481447
PHB,Glioma,High - Low,1.558269033,0.002157664,0.012651271
PHKG1,Glioma,High - Low,0.68939307,0.366459298,0.471460311
PHLPP1,Glioma,High - Low,0.485942882,0.415754169,0.518820943
PHPT1,Glioma,High - Low,1.073049343,0.020524585,0.054004902
PI4KB,Glioma,High - Low,0.617053392,0.00745409,0.027322621
PIEZO2,Glioma,High - Low,-0.47631062,0.325519208,0.430192843
PIGW,Glioma,High - Low,1.137790803,0.004658439,0.020103145
PIGY,Glioma,High - Low,0.885940686,0.008990575,0.031001739
PIH1D1,Glioma,High - Low,1.721640767,0.003495949,0.016791069
PIP4K2B,Glioma,High - Low,1.184406323,0.007901705,0.028336625
PKIA,Glioma,High - Low,1.063720332,0.150589726,0.23494653
PKM,Glioma,High - Low,0.318917113,0.27761975,0.379857891
PLAU,Glioma,High - Low,0.025241585,0.970029294,0.978851141
PLAUR,Glioma,High - Low,0.179316331,0.833573175,0.877188039
PLCXD1,Glioma,High - Low,0.444129673,0.291216005,0.394138015
PLEKHG2,Glioma,High - Low,0.699141471,0.259335449,0.360110196
PLOD2,Glioma,High - Low,0.610196464,0.329062861,0.433502454
PLPPR1,Glioma,High - Low,1.76774908,0.060382548,0.116864553
PLPPR2,Glioma,High - Low,0.976599713,0.000488606,0.005490372
PLPPR4,Glioma,High - Low,-0.129140985,0.8196586,0.867636029
PLPPR5,Glioma,High - Low,0.655288017,0.27779465,0.380019365
PM20D2,Glioma,High - Low,2.11401097,0.000692518,0.006623186
PNPLA4,Glioma,High - Low,-0.973226689,0.07632383,0.140017921
PNRC1,Glioma,High - Low,0.140728065,0.676961351,0.754267783
PODXL,Glioma,High - Low,0.439145356,0.095441656,0.165315201
POLD1,Glioma,High - Low,0.655918317,0.143452412,0.225910805
POLR1A,Glioma,High - Low,1.838265855,0.001920311,0.011746616
POLR1B,Glioma,High - Low,1.787928457,0.00068485,0.006564232
POLR1D,Glioma,High - Low,0.728494475,0.132818196,0.212668294
POLR2J,Glioma,High - Low,0.7031201,0.00318355,0.015852127
POLR2J2,Glioma,High - Low,0.903607356,0.018604753,0.050437619
POM121C,Glioma,High - Low,1.006690185,0.000552133,0.005829905
POMZP3,Glioma,High - Low,0.641240805,0.000455263,0.005298448
POTEE,Glioma,High - Low,-0.094640431,0.781722283,0.838873031
POTEG,Glioma,High - Low,-0.47998029,0.457489061,0.558603402
PPCDC,Glioma,High - Low,1.141936652,0.068091285,0.128065919
PPIAL4A,Glioma,High - Low,0.481877308,0.078044023,0.142305106
PPIAL4F,Glioma,High - Low,2.283395195,0.000760945,0.007009094
PPIH,Glioma,High - Low,0.437187207,0.061149336,0.117982355
PPM1G,Glioma,High - Low,0.920866159,0.001319872,0.009442881
PPP1R14A,Glioma,High - Low,-1.881666362,0.069847556,0.130847721
PPP1R2B,Glioma,High - Low,-0.113727261,0.834459289,0.877767773
PPP2R3C,Glioma,High - Low,0.571011295,0.08847284,0.156389211
PPP4R3B,Glioma,High - Low,0.487136355,0.009121568,0.031337887
PQBP1,Glioma,High - Low,0.608158641,0.001788985,0.011310081
PRAG1,Glioma,High - Low,1.515319959,0.021491417,0.055665108
PRAMEF1,Glioma,High - Low,0.276854415,0.646213586,0.727441706
PRAMEF17,Glioma,High - Low,-0.276588101,0.375008957,0.479725675
PRC1,Glioma,High - Low,0.711253465,0.097661301,0.16831373
PRICKLE4,Glioma,High - Low,1.815185652,0.00414158,0.01864708
PRKACB,Glioma,High - Low,0.280708293,0.293491965,0.396398834
PRKAR2B,Glioma,High - Low,0.754706007,0.071264517,0.132877573
PRPF31,Glioma,High - Low,0.354330202,0.161325644,0.247479398
PRPF40B,Glioma,High - Low,0.259253157,0.223226566,0.319910839
PRR20A,Glioma,High - Low,0.424325645,0.513575553,0.610756126
PRSS23,Glioma,High - Low,0.293571819,0.683250509,0.759083489
PRXL2B,Glioma,High - Low,-0.358582462,0.32671391,0.431216252
PRXL2C,Glioma,High - Low,0.72661595,0.16415035,0.250842733
PSMB3,Glioma,High - Low,0.983945257,5.08E-06,0.000652005
PSMB4,Glioma,High - Low,0.684705579,0.000900792,0.007744249
PSMC1,Glioma,High - Low,0.678288888,0.021103204,0.055041208
PSMC3,Glioma,High - Low,1.515160879,0.000514463,0.005627283
PSMD11,Glioma,High - Low,0.937265522,0.007566869,0.027596939
PSME3IP1,Glioma,High - Low,0.729616265,0.032182792,0.074145575
PSMG4,Glioma,High - Low,1.247421,0.000997384,0.008261424
PSORS1C1,Glioma,High - Low,-0.331916884,0.43720011,0.539770018
PTCD3,Glioma,High - Low,0.969147458,0.003363879,0.016418684
PTEN,Glioma,High - Low,1.343573152,0.013535478,0.040454451
PTGS1,Glioma,High - Low,0.935671108,0.153792523,0.2386354
PTK6,Glioma,High - Low,1.168805625,0.108654044,0.182385564
PTPRB,Glioma,High - Low,0.574719861,0.354414084,0.458622613
PTPRE,Glioma,High - Low,1.270833655,0.048222984,0.098978449
PTTG1,Glioma,High - Low,0.507921122,0.109978386,0.184018788
PVR,Glioma,High - Low,1.760378994,0.000813993,0.007324815
PVRIG,Glioma,High - Low,1.254829081,0.01249613,0.038370504
QARS1,Glioma,High - Low,1.019382106,0.006398228,0.024764855
RAB1A,Glioma,High - Low,0.515570039,0.009486835,0.032087607
RAB33B,Glioma,High - Low,1.662053789,0.003582356,0.017006449
RAB43,Glioma,High - Low,0.211272737,0.504910832,0.602789963
RAB6B,Glioma,High - Low,0.028293759,0.93449725,0.95320758
RAB7B,Glioma,High - Low,-0.374814313,0.227433339,0.324518822
RABEP2,Glioma,High - Low,0.803829414,0.057547227,0.112693066
RABGGTA,Glioma,High - Low,0.957315012,0.0461877,0.095852838
RACK1,Glioma,High - Low,1.411701216,0.000171793,0.003245716
RANBP17,Glioma,High - Low,-0.330797573,0.555179814,0.648060727
RAP2B,Glioma,High - Low,0.639020839,0.128798356,0.207500539
RAPGEF5,Glioma,High - Low,-0.660159397,0.384064437,0.488826253
RAPH1,Glioma,High - Low,0.990225785,0.032608903,0.074727663
RARG,Glioma,High - Low,0.678027328,0.243981169,0.34315667
RASL10B,Glioma,High - Low,1.485757103,0.000921992,0.00787551
RASSF5,Glioma,High - Low,0.248225415,0.59376203,0.682180261
RBBP4,Glioma,High - Low,0.875634269,0.000156598,0.003146788
RBFA,Glioma,High - Low,1.263758939,0.001758716,0.011185026
RBL1,Glioma,High - Low,0.836310077,0.063023323,0.120638065
RBM15B,Glioma,High - Low,1.88340683,2.26E-06,0.000435703
RBM39,Glioma,High - Low,0.776237036,0.000335722,0.004534628
RBM8A,Glioma,High - Low,0.780761452,0.001454813,0.009915602
RBMS2,Glioma,High - Low,1.601683277,0.00639406,0.024761142
RBP5,Glioma,High - Low,-0.207038076,0.689582629,0.764382116
RCC1L,Glioma,High - Low,0.540319146,0.002922234,0.015152798
RCN3,Glioma,High - Low,-0.167121852,0.807519906,0.85881882
REL,Glioma,High - Low,0.394839667,0.357304547,0.461496344
RELL1,Glioma,High - Low,0.602381385,0.180485765,0.27000687
RELT,Glioma,High - Low,1.065592847,0.055723511,0.109745477
REPIN1,Glioma,High - Low,1.393332767,0.000158236,0.003153398
REST,Glioma,High - Low,0.397191394,0.367880565,0.472826277
REV1,Glioma,High - Low,1.422980377,0.022952586,0.05817232
REXO5,Glioma,High - Low,1.190375041,0.026625494,0.064533061
RFC5,Glioma,High - Low,1.799302837,0.004953112,0.0207783
RFTN1,Glioma,High - Low,2.194732022,0.007411043,0.027187668
RGCC,Glioma,High - Low,-0.217037758,0.756611582,0.818365588
RGS3,Glioma,High - Low,-0.168018878,0.730870943,0.797874601
RHBDL1,Glioma,High - Low,1.049799402,0.078059671,0.142305106
RHOBTB3,Glioma,High - Low,1.045977238,0.029900898,0.07026067
RHOC,Glioma,High - Low,1.198194018,0.004302274,0.019122198
RHOT2,Glioma,High - Low,0.709170375,0.003283872,0.016145603
RIMS4,Glioma,High - Low,0.104230892,0.86917071,0.903708574
RIOX1,Glioma,High - Low,-0.155157859,0.617776799,0.703535846
RMC1,Glioma,High - Low,1.207337222,0.002780799,0.014710708
RMND5A,Glioma,High - Low,0.527188869,0.032287502,0.074308362
RNF144A,Glioma,High - Low,0.136740935,0.753382255,0.815883695
RNF152,Glioma,High - Low,0.591611166,0.29848248,0.401606321
RNF227,Glioma,High - Low,0.554070388,0.198925255,0.292064249
RNPC3,Glioma,High - Low,0.64291818,0.089855459,0.158086203
ROR2,Glioma,High - Low,1.519758063,0.024601709,0.061017272
RORA,Glioma,High - Low,0.660757769,0.12838654,0.207040888
RPE,Glioma,High - Low,1.100046986,0.002851044,0.014919739
RPL11,Glioma,High - Low,0.764228745,0.039054551,0.084813158
RPL13,Glioma,High - Low,1.050807665,0.001829177,0.011399499
RPL13A,Glioma,High - Low,0.917742736,0.005963273,0.023695638
RPL22,Glioma,High - Low,0.532782452,0.054639441,0.108367464
RPL23A,Glioma,High - Low,1.51341885,0.003449991,0.0166436
RPL27A,Glioma,High - Low,1.099828037,0.001007401,0.008311216
RPL31,Glioma,High - Low,0.718301904,0.018662822,0.050475588
RPL32,Glioma,High - Low,0.989977768,0.001056565,0.008512989
RPP21,Glioma,High - Low,0.473063768,0.42914045,0.532052304
RPP30,Glioma,High - Low,0.977304314,0.000348401,0.004637076
RPS11,Glioma,High - Low,0.939505164,0.0042671,0.019041969
RPS15A,Glioma,High - Low,1.264619039,0.000677384,0.006521314
RPS19BP1,Glioma,High - Low,1.034328128,0.03131883,0.072666567
RPS5,Glioma,High - Low,1.112043984,0.001580521,0.01047255
RPS7,Glioma,High - Low,0.884648498,0.003693168,0.017301518
RPUSD3,Glioma,High - Low,1.290954291,0.019309406,0.051595522
RREB1,Glioma,High - Low,0.401344059,0.269220625,0.3707695
RRM2,Glioma,High - Low,0.664920149,0.333880201,0.438332845
RRS1,Glioma,High - Low,1.300573441,0.007153875,0.026571826
RSKR,Glioma,High - Low,1.481400512,0.020325627,0.053610683
RSL1D1,Glioma,High - Low,0.876173724,0.004663743,0.020112775
RTKN2,Glioma,High - Low,0.395489082,0.385810867,0.490524536
RTTN,Glioma,High - Low,1.206772216,0.020315242,0.053594088
RWDD2A,Glioma,High - Low,0.668813087,0.1029932,0.175031076
SAE1,Glioma,High - Low,0.587559256,0.1602426,0.246279653
SAMD14,Glioma,High - Low,1.630504707,0.016093998,0.045659527
SAMD9,Glioma,High - Low,1.303252943,0.10111907,0.172591838
SAMM50,Glioma,High - Low,1.022869696,0.009680107,0.0324812
SAP18,Glioma,High - Low,0.481343954,0.008916882,0.030847238
SARS1,Glioma,High - Low,0.133422277,0.537552131,0.632133111
SBF1,Glioma,High - Low,1.118342808,0.017315675,0.047941798
SCAI,Glioma,High - Low,1.53899399,0.00586932,0.02344326
SCAMP3,Glioma,High - Low,2.229675236,0.000245939,0.003867119
SCARB2,Glioma,High - Low,0.600626953,0.002514607,0.013792943
SCFD1,Glioma,High - Low,0.848890826,0.004913788,0.020683214
SCGB1C2,Glioma,High - Low,-0.416726179,0.448544775,0.550309117
SCHIP1,Glioma,High - Low,0.45342039,0.178040733,0.267328441
SCO2,Glioma,High - Low,0.642973243,0.242769259,0.341929637
SCRT1,Glioma,High - Low,0.819974529,0.194486564,0.28679047
SCX,Glioma,High - Low,1.197903246,0.040835161,0.087504388
SDC2,Glioma,High - Low,-0.305839859,0.403811679,0.507653404
SDHAF1,Glioma,High - Low,1.026496092,0.037883421,0.082986051
SEC22B,Glioma,High - Low,0.547302816,0.020492699,0.053942683
SELENOF,Glioma,High - Low,0.576922819,0.031612985,0.073167546
SELENOK,Glioma,High - Low,0.75191001,0.064421897,0.122705251
SELENOM,Glioma,High - Low,-1.107805865,0.117547753,0.193396925
SELENOO,Glioma,High - Low,0.888893425,0.000607464,0.006135372
SELENOS,Glioma,High - Low,1.362442286,0.053548094,0.106745615
SELENOT,Glioma,High - Low,0.886260818,3.27E-05,0.00148681
SELPLG,Glioma,High - Low,-0.008837141,0.985260355,0.98948584
SEMA6C,Glioma,High - Low,1.492955073,0.001339292,0.009514572
SEPHS1,Glioma,High - Low,0.969021952,0.006480851,0.024927667
SEPTIN10,Glioma,High - Low,1.340141323,0.008452293,0.029705826
SEPTIN4,Glioma,High - Low,-0.622117231,0.47735545,0.576622835
SERF1A,Glioma,High - Low,0.652537803,0.073525635,0.136239901
SERF2,Glioma,High - Low,0.540889423,0.063899194,0.121869214
SERPINB9,Glioma,High - Low,0.456619225,0.442913455,0.54506196
SERPINE2,Glioma,High - Low,0.012979408,0.979449662,0.985562537
SESN3,Glioma,High - Low,0.168827904,0.396739177,0.500964997
SETD9,Glioma,High - Low,0.188413288,0.708187921,0.779971774
SETDB1,Glioma,High - Low,0.939845805,0.000572649,0.005936416
SETSIP,Glioma,High - Low,-0.493587463,0.272497523,0.374112788
SF3A3,Glioma,High - Low,0.270583502,0.435943184,0.538370506
SFT2D2,Glioma,High - Low,0.371324769,0.125029447,0.202801109
SHANK3,Glioma,High - Low,0.806803534,0.041574527,0.088697291
SHB,Glioma,High - Low,0.962272343,0.031512024,0.073023644
SHD,Glioma,High - Low,1.962652704,0.024702935,0.061143244
SHISA4,Glioma,High - Low,1.399291649,0.020877006,0.054609247
SIGLEC10,Glioma,High - Low,0.176679881,0.818538407,0.86680066
SIX1,Glioma,High - Low,-0.241598246,0.585822253,0.674944269
SKA2,Glioma,High - Low,0.974019724,0.017541908,0.048315169
SKP1,Glioma,High - Low,0.538150591,0.001269044,0.009287644
SLC15A2,Glioma,High - Low,0.475202654,0.435271225,0.537686356
SLC16A9,Glioma,High - Low,1.441288957,0.040763521,0.087408578
SLC25A14,Glioma,High - Low,0.917041091,0.028470726,0.067763538
SLC25A24,Glioma,High - Low,0.353127533,0.543075317,0.637197341
SLC25A3,Glioma,High - Low,0.882659431,0.000354052,0.004687359
SLC25A30,Glioma,High - Low,0.310648038,0.452728275,0.554316467
SLC25A42,Glioma,High - Low,0.654508353,0.165167288,0.251985003
SLC25A5,Glioma,High - Low,1.174633392,3.99E-05,0.001583212
SLC2A13,Glioma,High - Low,0.844247015,0.02960026,0.069716892
SLC2A3,Glioma,High - Low,-0.907159689,0.13104282,0.21038702
SLC30A7,Glioma,High - Low,0.604782288,0.266757997,0.368037284
SLC35B1,Glioma,High - Low,1.460964688,0.001025222,0.008410548
SLC35F1,Glioma,High - Low,2.146938949,0.020114194,0.053192313
SLC35F6,Glioma,High - Low,1.258354978,0.001036077,0.008442352
SLC35G4,Glioma,High - Low,0.304215844,0.598386037,0.686346539
SLC39A14,Glioma,High - Low,2.619288774,0.000453171,0.005289058
SLC3A2,Glioma,High - Low,0.855412145,0.000211411,0.003576239
SLC43A3,Glioma,High - Low,1.076699529,0.061791586,0.118958571
SLC4A2,Glioma,High - Low,0.747559615,0.142428675,0.224595766
SLC9A7,Glioma,High - Low,0.02763666,0.958890232,0.970578248
SLC9B2,Glioma,High - Low,0.973833105,0.001061352,0.008524311
SLK,Glioma,High - Low,1.003897742,0.012472364,0.038317561
SMARCAD1,Glioma,High - Low,1.222724863,0.001379405,0.009606674
SMC4,Glioma,High - Low,0.94050962,0.044498116,0.093313159
SMG9,Glioma,High - Low,1.328440555,0.015717014,0.044950384
SMIM10L1,Glioma,High - Low,0.807896878,0.014316205,0.042093438
SMIM34A,Glioma,High - Low,-0.408736078,0.42137021,0.524609879
SMIM40,Glioma,High - Low,0.012483855,0.964475175,0.974942414
SMUG1,Glioma,High - Low,1.594487556,0.000703032,0.006655672
SNRPB,Glioma,High - Low,1.644961222,0.000298021,0.004250629
SNRPD1,Glioma,High - Low,0.956485662,0.004906337,0.020683214
SNRPD2,Glioma,High - Low,0.936014971,0.002336285,0.01318164
SNX1,Glioma,High - Low,0.613257841,0.017009346,0.047353468
SNX18,Glioma,High - Low,0.654192876,0.104233036,0.176527623
SOCS7,Glioma,High - Low,1.328213454,0.019054802,0.051102934
SOD1,Glioma,High - Low,0.34306335,0.082314794,0.148307087
SOX10,Glioma,High - Low,-1.11805709,0.378759212,0.483342531
SOX2,Glioma,High - Low,1.692661118,0.034647069,0.077944
SOX4,Glioma,High - Low,1.262618358,0.02683651,0.064852423
SOX9,Glioma,High - Low,1.296743815,0.005844324,0.023364806
SPATA13,Glioma,High - Low,1.092126339,0.028429675,0.06769044
SPATA5,Glioma,High - Low,1.146562492,0.010594824,0.034538836
SPDYE11,Glioma,High - Low,0.561514538,0.468049454,0.567949166
SPDYE16,Glioma,High - Low,0.462094724,0.442728205,0.545001916
SPINT2,Glioma,High - Low,0.025407944,0.944983196,0.961132991
SPON1,Glioma,High - Low,0.151842767,0.836125031,0.879025617
SPP1,Glioma,High - Low,0.095647749,0.933460187,0.952743547
SPRY4,Glioma,High - Low,-0.066332842,0.902834394,0.929235966
SPRYD7,Glioma,High - Low,0.658028001,0.117016328,0.192789075
SPTBN1,Glioma,High - Low,0.417920738,0.146511217,0.229624513
SPTBN4,Glioma,High - Low,-0.258607894,0.39230033,0.496605261
SPTY2D1,Glioma,High - Low,-0.112501277,0.767449684,0.827354361
SQOR,Glioma,High - Low,0.443039157,0.440963011,0.543186443
SRCIN1,Glioma,High - Low,-0.285160021,0.667081475,0.746118366
SRP14,Glioma,High - Low,0.679219814,0.003479853,0.016744473
SRP9,Glioma,High - Low,0.777972736,0.000290078,0.004205969
SRSF3,Glioma,High - Low,0.714269811,0.000487464,0.005490372
SRSF8,Glioma,High - Low,1.171726085,0.002642647,0.014256358
SSR1,Glioma,High - Low,0.52570722,0.006330483,0.024602259
SSR2,Glioma,High - Low,1.007812728,0.003094487,0.015619166
ST7,Glioma,High - Low,1.232601612,0.021176943,0.055175712
ST8SIA4,Glioma,High - Low,0.11401311,0.830435273,0.875011188
STBD1,Glioma,High - Low,-0.468046998,0.035350107,0.079063709
STING1,Glioma,High - Low,-0.405947711,0.602039427,0.689331196
STK17B,Glioma,High - Low,1.185225613,0.045311209,0.094588593
STMN3,Glioma,High - Low,0.434486614,0.328237153,0.432746858
STMP1,Glioma,High - Low,1.114181319,5.64E-05,0.001897272
STRIT1,Glioma,High - Low,-0.499130191,0.429142826,0.532052304
STX1A,Glioma,High - Low,-0.860015695,0.247400863,0.346737262
STYX,Glioma,High - Low,0.823241672,0.226391524,0.323476845
SULT1A4,Glioma,High - Low,1.559290045,0.004086473,0.018493564
SUPT4H1,Glioma,High - Low,1.032394396,0.016324057,0.046042842
SUPT5H,Glioma,High - Low,0.802710547,0.000120396,0.00280988
SV2A,Glioma,High - Low,0.786220831,0.082720841,0.148874773
SVIP,Glioma,High - Low,-0.215892151,0.46622104,0.566518058
SWAP70,Glioma,High - Low,-0.120234001,0.78358111,0.840005472
SYNE2,Glioma,High - Low,1.541470591,0.024466546,0.060786534
SYNRG,Glioma,High - Low,0.940677827,6.58E-05,0.002056579
TAF15,Glioma,High - Low,0.569857689,0.000435761,0.005194848
TAF6L,Glioma,High - Low,0.997233588,0.000706309,0.006672221
TAGLN,Glioma,High - Low,1.926247829,0.002132359,0.012553497
TAP2,Glioma,High - Low,1.171724815,0.022241937,0.056989163
TARS3,Glioma,High - Low,0.030620898,0.912285398,0.936533849
TAS2R14,Glioma,High - Low,0.897668758,0.05954967,0.115648917
TAS2R45,Glioma,High - Low,0.881093639,0.096052796,0.16611006
TATDN3,Glioma,High - Low,1.260610309,0.010216497,0.033702341
TBC1D10B,Glioma,High - Low,1.242162964,0.001048264,0.008480344
TBC1D12,Glioma,High - Low,0.218541942,0.524856923,0.620798917
TBC1D3C,Glioma,High - Low,0.296283617,0.122788553,0.200083451
TBL1XR1,Glioma,High - Low,0.678000139,0.098895776,0.169705833
TBRG1,Glioma,High - Low,0.503549113,0.015528133,0.044575718
TBXT,Glioma,High - Low,-0.468736038,0.207499239,0.301563719
TCF25,Glioma,High - Low,0.649366063,0.003697369,0.017301518
TEDC1,Glioma,High - Low,0.139296462,0.758797352,0.820458645
TET1,Glioma,High - Low,1.456626566,0.019705934,0.05236651
TGIF2,Glioma,High - Low,1.366752455,0.063818886,0.121751518
THRB,Glioma,High - Low,-0.173362409,0.716823197,0.786307483
TIAM1,Glioma,High - Low,-0.094193398,0.725233806,0.793605201
TIMM10,Glioma,High - Low,0.779130659,0.012450579,0.038306236
TIMM23,Glioma,High - Low,0.747789641,0.006256346,0.024432517
TLCD2,Glioma,High - Low,0.647662955,0.213033764,0.30783038
TLCD3A,Glioma,High - Low,1.634318163,0.00120736,0.009061784
TLE5,Glioma,High - Low,0.321711193,0.237872468,0.336505048
TLR4,Glioma,High - Low,-0.066759024,0.908688736,0.933573574
TMCO1,Glioma,High - Low,0.953085113,1.31E-05,0.000984482
TMEM101,Glioma,High - Low,0.493627334,0.100479092,0.17169304
TMEM138,Glioma,High - Low,1.229089671,0.038145162,0.083398625
TMEM14B,Glioma,High - Low,0.654521454,0.002037371,0.012174944
TMEM156,Glioma,High - Low,-0.743859004,0.086493987,0.153638011
TMEM158,Glioma,High - Low,0.885494357,0.12347461,0.200876376
TMEM179B,Glioma,High - Low,1.391857417,0.000768762,0.007038746
TMEM185A,Glioma,High - Low,0.792534829,0.174634999,0.263360521
TMEM19,Glioma,High - Low,1.553836494,0.006015495,0.023830825
TMEM191B,Glioma,High - Low,0.018001115,0.97879456,0.985266178
TMEM201,Glioma,High - Low,0.912106604,0.043511457,0.091797536
TMEM218,Glioma,High - Low,2.666220695,8.04E-05,0.002263891
TMEM271,Glioma,High - Low,-0.862045133,0.139355223,0.220706174
TMEM88,Glioma,High - Low,1.244037439,0.003954476,0.018076172
TMEM94,Glioma,High - Low,1.526275036,0.000229188,0.003732288
TMIGD3,Glioma,High - Low,-0.073668709,0.922843903,0.944854177
TMTC1,Glioma,High - Low,0.064517953,0.899723932,0.927054808
TNFRSF13C,Glioma,High - Low,0.907133454,0.155800524,0.241093991
TNFRSF14,Glioma,High - Low,0.759005054,0.16748274,0.254657011
TNFSF13,Glioma,High - Low,0.806715632,0.101851394,0.17354348
TNK2,Glioma,High - Low,1.280958201,0.001201916,0.009049271
TNRC6B,Glioma,High - Low,0.887378203,0.120019243,0.196672334
TOP3B,Glioma,High - Low,1.130317428,0.026993994,0.065124813
TOR1AIP2,Glioma,High - Low,1.841746841,0.002852474,0.014921072
TOR3A,Glioma,High - Low,1.748455256,0.003696213,0.017301518
TOR4A,Glioma,High - Low,-0.274631492,0.497841913,0.595872033
TP53,Glioma,High - Low,1.671498552,0.00018212,0.003335381
TP53I13,Glioma,High - Low,-0.325227412,0.391459926,0.495877014
TPD52,Glioma,High - Low,0.7427513,0.028817562,0.068365345
TRAF3IP1,Glioma,High - Low,1.791715025,0.002325091,0.013162196
TRAF6,Glioma,High - Low,1.226163934,0.02727744,0.065675528
TRAPPC3,Glioma,High - Low,0.565700997,0.063301563,0.121029113
TRAPPC6A,Glioma,High - Low,0.252651727,0.562876374,0.654738839
TRIM13,Glioma,High - Low,1.809493005,0.00161931,0.010600812
TRIM3,Glioma,High - Low,0.186144195,0.670750041,0.749264592
TRIM49D2,Glioma,High - Low,-0.063215007,0.934240701,0.953057424
TRIM64B,Glioma,High - Low,0.378846826,0.527561301,0.622958164
TRMT61A,Glioma,High - Low,0.625528119,0.265327306,0.366487015
TRMU,Glioma,High - Low,1.788843139,0.001232961,0.009203624
TSPAN4,Glioma,High - Low,1.220780119,0.032156448,0.074097919
TTC1,Glioma,High - Low,0.277594997,0.044170268,0.092785306
TTC4,Glioma,High - Low,0.403135224,0.257772256,0.358539191
TTC9,Glioma,High - Low,0.294048386,0.37764798,0.482300527
TTF2,Glioma,High - Low,0.499109052,0.329108256,0.433502454
TTLL3,Glioma,High - Low,1.015127775,0.000289259,0.004199183
TUBA3E,Glioma,High - Low,0.204442353,0.561087797,0.65352927
TUBGCP5,Glioma,High - Low,1.157048129,0.010656966,0.0346689
TXNIP,Glioma,High - Low,1.080305618,0.036194354,0.080361655
TYMP,Glioma,High - Low,0.600311262,0.430764062,0.533498503
TYW1B,Glioma,High - Low,1.19328836,0.057082182,0.111933055
UBA7,Glioma,High - Low,0.140704496,0.804208805,0.856475181
UBB,Glioma,High - Low,0.560695754,0.024908765,0.061522442
UBE2C,Glioma,High - Low,1.254664582,0.04572466,0.095208806
UBE2NL,Glioma,High - Low,1.647946869,0.003870342,0.017843094
UBE2Q2L,Glioma,High - Low,0.806797805,0.221413527,0.317869222
UBXN1,Glioma,High - Low,1.117500545,0.001818846,0.011367137
UHRF1,Glioma,High - Low,2.371347206,0.000286304,0.004195943
UMPS,Glioma,High - Low,0.93452362,0.011625411,0.03661571
UQCRHL,Glioma,High - Low,0.468210702,0.030752489,0.071762953
USP17L15,Glioma,High - Low,0.677273779,0.427465524,0.530402398
USP17L3,Glioma,High - Low,0.478254439,0.561637198,0.653813273
USP17L7,Glioma,High - Low,1.131962081,0.035266243,0.078930072
USP2,Glioma,High - Low,0.426508567,0.375803276,0.480553989
UTF1,Glioma,High - Low,0.585154002,0.45512223,0.556387988
UTP4,Glioma,High - Low,1.538579385,0.006494074,0.024963859
VANGL1,Glioma,High - Low,0.442637809,0.513314792,0.610541944
VARS1,Glioma,High - Low,0.451991526,0.036998967,0.081643754
VAV1,Glioma,High - Low,-0.432564486,0.52762306,0.622974906
VCAM1,Glioma,High - Low,-0.007108525,0.992661259,0.99448689
VCPIP1,Glioma,High - Low,0.732183356,0.049601238,0.101062716
VKORC1,Glioma,High - Low,0.547792285,0.236254014,0.334806127
VMA21,Glioma,High - Low,1.212582401,9.67E-06,0.000834141
VRK1,Glioma,High - Low,0.144866973,0.790627206,0.845380319
VRK3,Glioma,High - Low,2.317407887,0.00016516,0.003205932
WARS1,Glioma,High - Low,0.940574668,0.115515525,0.190927098
WASF3,Glioma,High - Low,0.419843088,0.31464353,0.419300533
WBP11,Glioma,High - Low,1.804511473,0.000617451,0.006191517
WDR12,Glioma,High - Low,0.783916103,0.001821566,0.011376254
WDR27,Glioma,High - Low,0.654714933,0.131948228,0.211533996
WDR90,Glioma,High - Low,1.349226597,0.006233442,0.024369798
WFS1,Glioma,High - Low,0.276156661,0.463850307,0.564370604
WNT7B,Glioma,High - Low,0.779833977,0.247373376,0.346735854
XBP1,Glioma,High - Low,0.371525931,0.294963459,0.397852742
XKR6,Glioma,High - Low,1.851067216,0.003110899,0.015655093
XRCC3,Glioma,High - Low,0.200894745,0.692959231,0.767200677
YARS1,Glioma,High - Low,0.38498063,0.094788496,0.164575757
YIF1B,Glioma,High - Low,1.601277499,0.001593759,0.01050474
YPEL2,Glioma,High - Low,0.084136745,0.868415808,0.903182792
ZBED6,Glioma,High - Low,1.710282632,0.009676496,0.032477406
ZBED8,Glioma,High - Low,1.321758291,0.028126843,0.067152582
ZBTB10,Glioma,High - Low,1.629478501,0.002368227,0.013265167
ZBTB17,Glioma,High - Low,0.167005252,0.542563653,0.636654051
ZBTB20,Glioma,High - Low,1.799738217,0.000351375,0.004665869
ZBTB25,Glioma,High - Low,1.626178985,0.000752456,0.006961556
ZBTB40,Glioma,High - Low,0.752503984,0.185005798,0.275572344
ZBTB48,Glioma,High - Low,0.439578501,0.363844808,0.468695403
ZBTB8OS,Glioma,High - Low,0.657203191,0.022350454,0.057155174
ZDHHC2,Glioma,High - Low,0.70838085,0.144525996,0.227191603
ZFAND2A,Glioma,High - Low,0.189658629,0.569870015,0.660819068
ZFAND4,Glioma,High - Low,-1.086694416,0.022075956,0.056685722
ZFP36L2,Glioma,High - Low,0.994918998,0.046759041,0.096838995
ZFPM1,Glioma,High - Low,1.036218662,0.093652201,0.163100328
ZFYVE26,Glioma,High - Low,1.064636988,0.027907223,0.066786561
ZIC1,Glioma,High - Low,1.106151168,0.187736521,0.278941701
ZIC2,Glioma,High - Low,1.045397721,0.055009357,0.108828809
ZMAT3,Glioma,High - Low,1.455309566,0.014450414,0.042392846
ZNF100,Glioma,High - Low,0.648211603,0.020034473,0.053056504
ZNF117,Glioma,High - Low,1.71987404,0.004269459,0.019046008
ZNF143,Glioma,High - Low,1.622704056,0.001384427,0.009635507
ZNF148,Glioma,High - Low,2.150145943,3.88E-05,0.001569658
ZNF174,Glioma,High - Low,0.91530735,0.01813856,0.049439235
ZNF181,Glioma,High - Low,1.239173939,0.012879739,0.039217308
ZNF236,Glioma,High - Low,0.980184853,0.002707702,0.014464278
ZNF253,Glioma,High - Low,1.243067546,0.053355676,0.106524225
ZNF28,Glioma,High - Low,0.145576392,0.666060251,0.745488705
ZNF280B,Glioma,High - Low,0.156614165,0.696500582,0.770404843
ZNF280C,Glioma,High - Low,0.739237486,0.118741522,0.195017907
ZNF302,Glioma,High - Low,0.35230426,0.091519949,0.160239462
ZNF33B,Glioma,High - Low,0.681861741,0.080790143,0.146213607
ZNF347,Glioma,High - Low,1.152992723,0.031611207,0.073167546
ZNF37A,Glioma,High - Low,0.565794037,0.000821823,0.007354837
ZNF43,Glioma,High - Low,1.962874391,0.000476493,0.00544391
ZNF430,Glioma,High - Low,0.667350382,0.048205179,0.098957417
ZNF431,Glioma,High - Low,0.075229113,0.809350216,0.860001902
ZNF446,Glioma,High - Low,1.677891178,0.004003414,0.018206566
ZNF460,Glioma,High - Low,1.552678548,0.005132287,0.021318857
ZNF468,Glioma,High - Low,0.821697475,0.125770274,0.203800767
ZNF488,Glioma,High - Low,0.219494315,0.800316142,0.85357928
ZNF490,Glioma,High - Low,0.948295654,0.009418012,0.031969296
ZNF516,Glioma,High - Low,1.734560178,0.015484026,0.044507653
ZNF543,Glioma,High - Low,1.467096787,0.015263286,0.044095807
ZNF548,Glioma,High - Low,0.730385037,0.035655556,0.07954524
ZNF558,Glioma,High - Low,1.380345442,0.000766306,0.007028581
ZNF577,Glioma,High - Low,0.527600198,0.07764793,0.141732099
ZNF579,Glioma,High - Low,1.192830497,0.07427313,0.137294662
ZNF585A,Glioma,High - Low,0.622611026,0.289727108,0.392569287
ZNF587B,Glioma,High - Low,0.969001683,0.006572136,0.025109128
ZNF595,Glioma,High - Low,0.51342943,0.087760346,0.155444563
ZNF611,Glioma,High - Low,0.044524298,0.926680609,0.947522782
ZNF626,Glioma,High - Low,1.030865775,0.007212928,0.02671538
ZNF654,Glioma,High - Low,2.170533656,0.0002488,0.00389658
ZNF658,Glioma,High - Low,0.763057381,0.07656466,0.140381053
ZNF697,Glioma,High - Low,-0.553888795,0.306091106,0.409864067
ZNF70,Glioma,High - Low,2.45972868,0.000144696,0.003026375
ZNF717,Glioma,High - Low,1.907459305,5.42E-05,0.001871415
ZNF723,Glioma,High - Low,0.793394181,0.0037485,0.01749701
ZNF729,Glioma,High - Low,0.70442121,0.230971948,0.328672505
ZNF737,Glioma,High - Low,1.199133376,0.006229198,0.024360481
ZNF738,Glioma,High - Low,1.778118514,0.01507331,0.043773756
ZNF775,Glioma,High - Low,0.182017387,0.349341694,0.453603796
ZNF782,Glioma,High - Low,1.181552108,0.011672981,0.036730895
ZNF8,Glioma,High - Low,1.263195085,0.00664607,0.025240713
ZNF805,Glioma,High - Low,0.555566223,0.26995928,0.371499778
ZNF84,Glioma,High - Low,0.900009529,0.000168451,0.003219745
ZNF850,Glioma,High - Low,0.262224486,0.602402099,0.68960555
ZNF879,Glioma,High - Low,0.566532657,0.289274144,0.392120633
ZNF888,Glioma,High - Low,1.333694516,0.018624049,0.050437619
ZNHIT3,Glioma,High - Low,1.296384338,0.012367773,0.038146348
ZNRF3,Glioma,High - Low,0.802738552,0.007018452,0.026249256
ZRANB1,Glioma,High - Low,0.942886276,0.069889587,0.130873049
ZSCAN30,Glioma,High - Low,1.085112892,0.010388043,0.034045219
ZSWIM6,Glioma,High - Low,0.795516172,0.033135282,0.075529292
TRAC,Glioma,High - Low,-0.039660949,0.956217471,0.96842167
TRBC1,Glioma,High - Low,0.11305568,0.89438328,0.923123685
HLA-A,Glioma,High - Low,0.328292124,0.477624546,0.576894666
IGHG2,Glioma,High - Low,1.183492263,0.104942278,0.177433907
IGHG3,Glioma,High - Low,0.264554077,0.447334839,0.549258123
IGHG4,Glioma,High - Low,0.793098137,0.144000943,0.226556638
IGKC,Glioma,High - Low,-0.429440314,0.458184571,0.55920168
ACSBG1,Glioma,High - Low,0.756564569,0.116717636,0.192369588
ACSM2B,Glioma,High - Low,0.256781495,0.563766729,0.65541173
AGK,Glioma,High - Low,1.15699477,0.003125801,0.015674498
AMDHD2,Glioma,High - Low,1.417788306,0.023549031,0.059194384
ANKRD36,Glioma,High - Low,0.675809572,0.003639823,0.017178697
ANKRD36C,Glioma,High - Low,1.06212429,0.00027265,0.004099969
APOBEC3A_B,Glioma,High - Low,0.480584796,0.053056109,0.106046279
APOBEC3G,Glioma,High - Low,0.23634647,0.659655369,0.740154919
ARHGAP11A,Glioma,High - Low,0.513358024,0.265656824,0.366903459
ATP5F1E,Glioma,High - Low,1.745212326,0.013877265,0.041154942
B9D1,Glioma,High - Low,2.383929322,7.27E-05,0.002168024
BCL9L,Glioma,High - Low,1.55055891,0.013502056,0.040389595
BEST1,Glioma,High - Low,0.973309903,0.232642167,0.330582146
BUD31,Glioma,High - Low,1.311738452,0.001586897,0.010486899
C12orf43,Glioma,High - Low,0.75043141,0.034448491,0.077644016
CBR4,Glioma,High - Low,2.020962464,0.001308302,0.009411867
CCDC144A,Glioma,High - Low,1.263349964,0.030411449,0.071166596
CCDC85C,Glioma,High - Low,0.127673903,0.669544842,0.748109798
CCL4L2,Glioma,High - Low,-0.236412283,0.824567106,0.871235458
CELF3,Glioma,High - Low,1.721843963,0.02502278,0.061745807
CIITA,Glioma,High - Low,0.175495487,0.851350246,0.890883054
CYFIP1,Glioma,High - Low,0.25897977,0.381391797,0.48613345
DBNL,Glioma,High - Low,0.911050808,0.000611187,0.006151396
DCAF1,Glioma,High - Low,1.136073443,0.007996912,0.028561934
DNAJC17,Glioma,High - Low,2.039562992,0.003058897,0.01553515
EEA1,Glioma,High - Low,1.178178428,0.000243163,0.003854395
EIF2S3B,Glioma,High - Low,0.693617971,0.007223485,0.026724242
ENOSF1,Glioma,High - Low,-1.042305963,0.251791169,0.35191095
ESS2,Glioma,High - Low,1.752856094,0.001632117,0.010633726
EVC,Glioma,High - Low,0.431287717,0.524113616,0.620117438
F8A2,Glioma,High - Low,0.536856194,0.350285454,0.45450994
FCGR2C,Glioma,High - Low,-0.230342081,0.738901879,0.803910909
GAGE10,Glioma,High - Low,0.67045265,0.289452226,0.392278024
GCC2,Glioma,High - Low,0.174395664,0.59325856,0.681661634
GET1,Glioma,High - Low,0.609594545,0.053944422,0.107306945
GGT1,Glioma,High - Low,1.098992129,0.134404519,0.214683221
GGTA1,Glioma,High - Low,0.130822667,0.842064763,0.883453517
GNPTG,Glioma,High - Low,0.702732642,7.98E-05,0.002263891
GPLD1,Glioma,High - Low,0.67701918,0.192217577,0.284180751
GPRC5B,Glioma,High - Low,0.668942169,0.418591015,0.521764296
GRHPR,Glioma,High - Low,1.353400256,0.001917981,0.011740127
GTPBP4,Glioma,High - Low,0.546331258,0.165086786,0.251920896
H2BC5,Glioma,High - Low,0.877664809,0.033276172,0.075731778
H3-3B,Glioma,High - Low,0.51914604,0.018097289,0.049353845
H3C13,Glioma,High - Low,1.327667079,0.03797744,0.08312247
HBA1,Glioma,High - Low,-0.292936059,0.369917359,0.47464994
HEPACAM,Glioma,High - Low,1.271610298,0.134727673,0.215085259
HNRNPCL3,Glioma,High - Low,0.07579196,0.695427145,0.769477529
HNRNPCL4,Glioma,High - Low,1.106696985,0.001612786,0.01058649
HPS4,Glioma,High - Low,0.570248719,0.002962642,0.015247591
KCNAB1,Glioma,High - Low,1.112321899,0.016546476,0.046453861
LRP2BP,Glioma,High - Low,1.949697061,0.009730158,0.03260736
MAP1LC3B,Glioma,High - Low,0.638242486,0.007846549,0.028208365
MARCHF7,Glioma,High - Low,0.644503898,0.006258671,0.024432517
MLLT11,Glioma,High - Low,0.701717241,0.084413488,0.151069683
MOV10,Glioma,High - Low,0.813364634,0.160452759,0.246455544
MRPS25,Glioma,High - Low,0.799643916,0.00239896,0.013354417
MT1F,Glioma,High - Low,0.741712957,0.282608724,0.385196338
MTG1,Glioma,High - Low,1.10741943,2.32E-05,0.001286346
MTREX,Glioma,High - Low,1.150596892,0.001481908,0.010013635
MZT2A,Glioma,High - Low,0.830089927,0.230300083,0.328001631
NBPF11,Glioma,High - Low,1.458975629,0.069396521,0.130117235
NBPF12,Glioma,High - Low,0.73650532,0.003572293,0.016983309
NBPF15,Glioma,High - Low,-0.096056735,0.529239378,0.624714314
NBPF19,Glioma,High - Low,0.644576548,0.003821563,0.017696959
NBPF26,Glioma,High - Low,1.111436521,0.000665224,0.00646126
NCAPH2,Glioma,High - Low,1.006205722,0.020543042,0.054020897
NKIRAS1,Glioma,High - Low,0.214323886,0.643535333,0.7252374
NOP16,Glioma,High - Low,0.746932156,0.165075643,0.251920896
NOP9,Glioma,High - Low,1.350469052,0.000524051,0.005665896
NPRL3,Glioma,High - Low,1.367947243,0.01116749,0.035675249
NSUN7,Glioma,High - Low,-2.33E-05,0.999967677,0.999967677
NUTM2F,Glioma,High - Low,0.421197784,0.421394799,0.524609879
OR9G9,Glioma,High - Low,-0.224631724,0.667019588,0.746115973
PACRGL,Glioma,High - Low,1.155627256,0.005425543,0.022192011
PCYT2,Glioma,High - Low,0.528537654,0.239704314,0.338413692
PDIA3,Glioma,High - Low,0.256105275,0.485804551,0.58483237
PDZD8,Glioma,High - Low,0.919755125,0.009326483,0.031725551
PLG,Glioma,High - Low,0.595696787,0.028497738,0.067815499
PLGLB2,Glioma,High - Low,1.229116297,0.025694982,0.06296545
POLR2J3,Glioma,High - Low,-0.290002292,0.630691689,0.715178487
PPIL2,Glioma,High - Low,1.177212943,0.009206214,0.031504693
PPP1R13B,Glioma,High - Low,0.705696849,0.267822513,0.369232407
PPT1,Glioma,High - Low,0.768417807,0.048008778,0.098667703
PSG1,Glioma,High - Low,-0.350262494,0.473437266,0.572947049
RBMX,Glioma,High - Low,1.218116373,5.09E-05,0.001809178
RRP7A,Glioma,High - Low,1.644545042,0.004654123,0.02009808
SAMHD1,Glioma,High - Low,2.151361936,0.001241413,0.009206727
SCARA3,Glioma,High - Low,1.101673698,0.06326259,0.120989935
SCNM1,Glioma,High - Low,1.237522162,0.009053463,0.03116706
SDHC,Glioma,High - Low,0.846590506,3.49E-05,0.001512467
SET,Glioma,High - Low,0.881124584,2.23E-07,0.00012191
SIAE,Glioma,High - Low,0.031623263,0.924092919,0.945763197
SLC19A1,Glioma,High - Low,1.945440825,0.001037481,0.008442352
SLC25A26,Glioma,High - Low,0.311179565,0.374426984,0.479168459
SLC5A10,Glioma,High - Low,0.224008785,0.602877842,0.689989474
SNAP47,Glioma,High - Low,0.695719258,0.081307875,0.146917474
SNRPN,Glioma,High - Low,0.611088961,0.388751418,0.493496443
SPOUT1,Glioma,High - Low,1.832036447,0.003558557,0.01697258
SPRYD4,Glioma,High - Low,0.268851022,0.375423869,0.480162617
SPTB,Glioma,High - Low,0.481944008,0.335287878,0.439475842
SRPRB,Glioma,High - Low,0.830056446,0.025533152,0.062640606
SRPX2,Glioma,High - Low,1.468297376,0.021184473,0.055175712
SRRD,Glioma,High - Low,0.134848155,0.665966084,0.745457059
ST20,Glioma,High - Low,0.473276058,0.257533577,0.35825405
ST8SIA1,Glioma,High - Low,1.567155929,0.008821071,0.03061073
SZT2,Glioma,High - Low,0.092987973,0.825173884,0.871420129
TAF1,Glioma,High - Low,1.171971584,0.024168964,0.060275094
TASOR2,Glioma,High - Low,0.270273603,0.090764857,0.159386302
TATDN1,Glioma,High - Low,0.881533454,0.018739598,0.05057876
TFB1M,Glioma,High - Low,0.373596283,0.480034987,0.579184289
TMEM223,Glioma,High - Low,0.843553854,0.102979874,0.175031076
TMEM234,Glioma,High - Low,0.438891191,0.353676275,0.457713103
TRNT1,Glioma,High - Low,1.842743016,0.002611426,0.014169662
TSPAN31,Glioma,High - Low,2.729745883,0.000445144,0.005260683
UBE2M,Glioma,High - Low,-0.026578229,0.922467282,0.944542436
UPK3BL1,Glioma,High - Low,1.259287055,0.000842371,0.007466189
UPK3BL2,Glioma,High - Low,1.135736598,0.001225896,0.009166569
USP17L11,Glioma,High - Low,0.56966894,0.371527957,0.476249808
USP17L12,Glioma,High - Low,0.279912653,0.635133523,0.718490604
USP17L17,Glioma,High - Low,-0.16242517,0.787068559,0.842676313
VPS37A,Glioma,High - Low,0.906063588,0.001258269,0.009234591
VTI1B,Glioma,High - Low,0.28701829,0.09143529,0.160183682
WDR33,Glioma,High - Low,0.700388481,0.000142612,0.002995391
WDR46,Glioma,High - Low,0.787614999,0.01036087,0.033981683
WDR55,Glioma,High - Low,0.972373779,0.024532698,0.060890971
WWC2,Glioma,High - Low,1.413055,0.015131834,0.043884827
ZFX,Glioma,High - Low,2.266262606,0.000949404,0.008004213
ZNF397,Glioma,High - Low,1.209987726,0.03470453,0.078059854
ZNF66,Glioma,High - Low,1.010407479,0.035240514,0.078885971
ZNF687,Glioma,High - Low,1.089479791,0.003160705,0.015789055
ZNF69,Glioma,High - Low,0.11420289,0.785124818,0.840939074
C6,Glioma,High - Low,0.995621197,0.034354694,0.077472616
CDKN2B,Glioma,High - Low,-0.613735559,0.411213709,0.514478843
GLUD1,Glioma,High - Low,0.278816005,0.403444673,0.507371947
IL16,Glioma,High - Low,-0.489755996,0.212745487,0.307549593
RET,Glioma,High - Low,0.480866893,0.368919368,0.473808552
TTC30A,Glioma,High - Low,1.220619505,0.017917116,0.048984923
CD8A,Glioma,High - Low,-0.282152431,0.690475193,0.765162226
PDCD1,Glioma,High - Low,0.928145176,0.037791688,0.082826677
FCAR,Glioma,High - Low,-0.542843732,0.305457566,0.409224998
PRKCG,Glioma,High - Low,-1.299215455,0.134339443,0.214657838
VEGFD,Glioma,High - Low,-0.402270083,0.285604466,0.388269055
NDUFA3,Glioma,High - Low,0.097328171,0.500942347,0.599090075
CCL3,Glioma,High - Low,-0.862304641,0.293426095,0.396398834
CST2,Glioma,High - Low,-0.132361837,0.839231639,0.881583749