genus_prev_cutoff,asv_prop_cutoff
8.333333333333332,0.04527190233246544
