feature	X1965	X1798	X1877	X1867	X1871	X1862	X1861	X1858	X1855	X1844	X1836	X1830	X1815	X1814	X1812	X1949	X1941	X1934	X1786	X1790	X2295	X2301	X2303	X2318	X2290	X2325	X2328	X9226	X10068	X10115	X9712	X9286	X9262	X15452	X7967	X7962	X7985	X8007	X8002	X8053	X8028	X8071	X8059	X4046	X4037	X4041	X6744	X6747	X6754	X6846	X4303	X4348	X4285	X14853	X4121	X14851	X14861	X14890	X14894	X14941	X15332	X15346	X15300	X15286	X15271	X63326	X79883	X7263	X7264	X25416	X14965	X14963	X63327	X14837	X15350	X14838	X4198	X4262	X29305	X7253	X15091	X15249	X15254	X15078	X15124	X15132	X29328	X79840	X15131	X15127	X15126	X15158	X15154	X15120	X15234	X15265	X14987	X14995	X14993	X4166	X14027	X14127	X29339	X14142	X14143	X5090	X4791	X4862	X4815	X4811	X4831	X4837	X4826	X4816	X4820	X4677	X48013	X4868	X25431	X4874	X4768	X4774	X4779	X4630	X4552	X4581	X4575	X4577	X4571	X4617	X4613	X4584	X4557	X4608	X29302	X4606	X25493	X4724	X4725	X4763	X4762	X4761	X4758	X4760	X4753	X4749	X4742	X4711	X4705	X4699	X4716	X4714	X4721	X4652	X4644	X4670	X59869	X4532	X4540	X4529	X5075	X5082	X4936	X4940	X4951	X4925	X4933	X4938	X4964	X4959	X4910	X4914	X4993	X4988	X4987	X4498	X5190	X3958	X6140	X6148	X5736	X5792	X6952	X6939	X5825	X14546	X72479	X14341	X14809	X14808	X14807	X63101	X14797	X17130	X15878	X17167	X17168	X17169	X17153	X17132	X17137	X17248	X17244	X17237	X17234	X16971	X16988
GBM-BM-312	799.81342975548	0	999.115473326471	299003.216524313	9892.80633921497	0	41075.1090777926	0	156309.466466162	0	6473575.26920011	0	0	1647284.14653754	0	6916.30196300769	0	7082.38699931685	0	0	0	5923990.76565895	0	4292893.07136594	0	0	98.9997079176164	197259.523281322	5011.86021332933	21100.6153776778	136.124598386723	0	233089.601781085	280914.927785576	1068.15474332165	8833.11867617575	0	3285.22714958196	3509.27912013235	0	0	0	102.256277257012	0	18580.6820228537	0	952.220874839179	0	2919.8400697018	0	59917.6192755337	14724.2526111418	0	307900.163959541	89.8813137673096	35727.1709086377	551628.97777243	77604.0473577894	3211.62868251162	1690.81080101403	2372365.82309258	0	1333675.86783991	46990.3416258702	102984.4461613	0	0	641.54415986087	2775.89970490053	0	427.913211196539	279.413649320115	50.8024816945663	0	28554.9025955535	2071.1780998554	0	0	0	0	56253.3274548461	433892.272503669	11557.5645855138	252368.492270305	31986.6753654083	962871.810520605	235.775620172218	0	0	0	250552.629206658	57298.0348989241	43956.5216292896	79698.6727568885	0	1204.93065557625	19521.179248071	27943.970187483	3718.35087172153	0	113384.626003593	15234.882683559	0	29754.6227401868	21232.1807789893	3633.68006889725	2958.91890177455	0	0	0	0	30373.3709146719	111749.828195217	0	16837.1147985415	0	0	40072.0857212589	11747.7482349345	4654.94021373161	0	693.649269291194	0	5029.44568776207	0	0	0	0	0	9026.55889493583	1626.330728094	1537.10072819457	0	32484.2791604679	0	0	24.098613111525	505.419561474147	95413.5737610743	13278.9871383182	8341.37670592706	9573.01123008635	12118.9971396256	93365.8429604626	0	0	51764.4722774237	0	0	72959.5281659439	0	131559.539486758	69910.727950402	0	0	171.295547252192	620.050802220861	259.222919415864	1537.10072819457	0	0	294.393868281333	2815.62985084116	0	7239.3536414757	0	0	0	294309.848792377	0	887.740801919152	0	97510.153101777	3452.61481362687	68649.7843021882	9883.68794506466	0	0	5052.24167313783	0	0	0	0	0	116.585182350351	6218.09349664134	0	2128.49372022875	107436.176448254	5626.70050460716	0	12944.8631240962	14319.135385321	0	0	0	0	0	181.065255270377	0	0	19738533.1068042	0	0	9949.47064572045	548.406276754165	0
GBM-01-2020-108	0	0	0	0	0	0	0	0	0	0	0	0	0	0	0	0	0	3712241.61933525	0	0	0	0	0	0	0	0	0	0	4093.34187631565	0	0	0	0	0	5964.65580690364	0	42.9919996471626	1721.03558947898	65.4562877510853	0	0	0	326.89412344329	0	62108.1405353205	0	48.6080716731433	0	0	0	0	0	0	0	0	0	18343.4468404454	0	0	0	595381.872447005	0	0	0	2084.53100991918	0	0	0	0	0	0	0	0	0	0	0	0	0	0	0	0	0	0	0	0	5705.73552074032	0	0	0	0	0	0	0	0	0	0	0	0	0	0	0	0	67.9738372799732	0	0	0	0	0	0	0	0	0	0	0	0	0	0	0	8549.79185775937	0	0	996.755955783539	0	4099.73257896591	0	0	0	0	0	133423.734328408	0	8729.69982024682	0	771.14478646397	0	427.596104598806	0	64146.9683384076	141511.071703477	155893.057531389	24925.4832548948	177998.885313929	795989.127160972	0	2486.56430391697	0	415838.373668275	0	0	356851.80089112	0	0	0	0	0	0	0	0	0	0	0	0	0	0	0	0	0	0	0	0	0	0	0	0	0	91480.5845465117	0	0	1897.26405650113	0	0	0	0	0	0	0	0	0	1034.13188340472	0	0	0	0	0	0	0	488.210950948184	0	135.173043935673	0	0	348647.106976474	0	0	0	5.2287567138441	0
GBM-BM-378	0	0	0	0	0	0	0	0	537814.655424461	0	2349979.58532877	0	420835.497374869	0	0	28683468.2120154	0	962615.84915532	0	0	0	0	0	0	0	0	0	0	0	0	0	0	3560846.41101415	0	781675.097251638	626190.723708058	16788.3837995141	0	26608.1264260172	0	0	0	0	0	0	0	0	0	0	0	0	0	0	0	0	0	0	0	0	0	271.379628434366	0	0	21329.1465109963	0	0	0	0	0	0	0	0	0	0	0	0	0	0	0	0	0	0	0	0	0	0	0	0	0	0	0	0	0	0	0	0	0	0	0	0	0	0	0	0	0	0	0	0	0	0	0	0	0	0	0	0	0	0	0	0	0	0	0	0	0	0	0	0	0	0	0	0	0	0	0	0	0	0	0	0	0	0	0	0	0	0	0	0	0	0	0	0	0	0	0	0	0	0	0	0	0	0	0	0	0	0	0	0	0	0	0	0	0	0	0	0	0	0	0	0	7923803.77451401	0	0	0	0	0	0	0	0	0	0	0	0	0	0	0	0	0	0	0	0	59664.7497372128	0	0	0	0	0
GBM-01-2020-058	310810.01733143	0	103577.006831435	0	2369.90511377293	0	0	0	0	0	55565.1598983068	528932.437995223	4119.98889009755	2581780.707624	618393.317700261	256344.736473105	0	790697.572831111	5195.56121096372	16631.8725548628	226690.539152049	62279.8910539967	81287.7454024114	1491132.14422637	60232.0499685058	98849.3499634467	50333.1386086696	114922.16797865	1108368.16163292	0	0	4631566.33064422	269950.422498073	14049.2836488282	0	0	0	0	42530.6817725557	0	0	0	0	24574.0930258916	0	0	0	0	4891.72722201848	0	245266.949236161	65263.5408254391	0	195340.948172678	0	0	532821.513053722	0	2904.65293431656	0	896699.174894328	18041.6622635688	246658.50890553	836461.048246044	97469.9436536352	0	0	13204.6251595604	0	0	0	0	0	25503.825032064	98794.6598454365	0	0	0	0	0	1247274.98469891	84642.0726403669	1097831.1988963	488121.456600097	30152.4850629263	3138945.39987202	6581.04420055405	929.732006172456	0	1634.62686052543	21724.1302095852	139.763634914814	79890.1090532632	177080.525437069	152318.055338031	35894.9474539915	0	0	176673.387891882	0	0	8410.12481400444	0	0	0	0	0	0	0	30395.5522540825	0	261017.703223083	119668.054885975	0	32370.4731822266	0	0	70045.8878114372	0	256612.110383377	10172.3619498869	0	0	0	9819.91452271038	138384.228605002	116550.718159397	243589.785617183	0	0	0	0	0	292573.901314936	0	0	334.217387839772	0	0	0	0	0	0	0	0	992400.804732302	0	36593.7656285655	1812096.29346835	0	21037.4653945689	1835.15729322929	220741.469648501	0	0	0	0	27661.0463535753	0	0	0	0	662.358095900638	7662.69320119913	3797.92486181559	0	43928.3181217038	4010.60865407726	38836.0604669815	69316.6862379686	87862.7129231865	39030.5142199064	45745.2453755964	0	0	1871.61737190272	0	0	0	0	0	0	0	0	0	2590123.98896044	28748.7720339993	7620.15644274679	0	0	0	0	43861.4746441359	2910.72961409547	0	303.833988945247	1944.53752924958	0	0	613.744657669399	0	240745.899480656	4944345.19222401	171720.893872075	0	0	0
GBM-BM-438	0	0	7959441.55229158	0	59127.5628300729	0	609237.64933006	35126.6626204434	0	0	152487.221320816	0	0	186611.085423389	0	51396.7372517825	24079332.7483322	72702.8925455508	115209.180382299	127695.568094892	1094813.01270979	8393.46777071527	0	452317.351741922	227805.341719137	2681.49207201272	0	13534597.0999095	7334315.95199448	0	0	343100.665586451	0	1382512.3733949	0	0	0	748.785677440125	298.1889865912	0	0	0	0	25301.8877140904	0	0	26322.3566904247	0	0	0	252243.585775767	3095919.54319179	0	11750.8548790014	3960.39150339276	0	1976082.95248873	0	804.005860142199	0	448876.029955928	69124.6247064564	319236.711429923	51765.6080722324	637735.681218946	1285.52585330429	2085.11409883032	715.653567818881	0	18545.1461586646	0	21920.2037254153	1108.82126865765	987.336866713085	1435.72475025393	2526.87556044691	0	0	0	0	13246769.6284006	2627718.65809744	1629989.35299982	467765.750054654	7624.8028275024	963406.648337315	0	3803.56618451887	72497.4734658991	781069.605055066	43882.3747896843	8313.95070762428	46011.6650346762	262700.079572231	1770082.95651499	304751.353103515	17016.6515014712	0	128835.312665863	0	3145.34160671014	2677.07445739655	0	0	496.981644318667	2725.66821817438	0	0	4638.49534697423	12594.6192706891	13683.561273574	0	4419.82342347401	5901.93312719768	55659.7353563826	0	0	3147.55041401823	3076.86858015957	210004.563623296	14074.5201671047	8954.50482696834	2332.50051733561	21864.9835427133	2836.10858357853	31968.0681698848	1212.63521213755	16462.2408671423	1994.55299919892	0	8936.83436850368	0	10776.7708561368	1082982.64076769	0	0	0	1346667.84839933	261264.354821977	210972.021224236	608164.168978331	325635.626201439	1347471.85425947	5685.47001100555	0	0	678777.529810436	8026.8057575735	108878.738637334	2192179.40666772	46259.0514531815	0	0	0	0	16157.4254586269	0	19280.6789922562	17294.9612222896	0	0	700.1919166623	56041.859020681	601902.200259916	0	1963.62969688576	6111.76982146556	0	305860.174372172	1013.84255441008	15205.4295088431	369381.054938022	6683.85091425905	353780.248921032	0	19017.8309225943	323201.520547932	32334.7301830265	0	0	0	0	0	0	0	227774.418416823	5661.17313061664	395.376508146851	171312.886007607	0	0	0	300172.495553859	0	0	0	0	17153.5975545723	607.422009722815	459.431920081257	0	9625.98224862556	69257.1531449414	0	0	0	0
GBM-BM-318	7322.26569453079	0	229096.953720949	92442.7503189145	120722.866377698	99459.8267123357	285008.089190634	24993.6372416115	2767.20149886622	0	1787459.57361702	1044940.83661384	0	2222424.93119313	120647.707818469	178394.534159007	0	511645.308245924	1760.53231162435	142432.302334235	45628.0780479719	391314.177389053	354456.875449834	1132265.97230893	12467.2107035339	0	69444.2311950041	1116765.08885108	46172.4082193538	0	0	0	454761.666570465	394844.352140693	0	0	0	0	0	0	0	0	0	87047.2767791498	0	0	0	0	40624.3400290344	3630.38616394466	52458.396809371	122442.403111561	0	14721.9674803879	232.308273978893	0	152307.681510436	831.299215708783	0	0	8306603.67955341	227190.659355064	1062254.63562156	520199.718805382	10531.3084203765	0	0	3689.6019984883	0	0	0	0	0	6821.20863300768	70106.9930354733	0	12881.7215453394	27273.4468715416	0	0	440363.108647969	35980.4520815544	293134.3237157	242828.19473878	28945.1554313505	238771.910072541	0	0	0	0	5919.3059222661	14528.3772520721	14368.9500052239	262467.354018388	1412.06990065601	1626.15791785225	29885.7761877552	9982.42318479889	127885.70482538	0	5579.95363968909	14430.4433718653	0	268.748787544209	0	28375.7724068924	0	0	0	1737.75699064603	573.938088653735	201841.72710619	43997.365065924	81929.6621553207	122116.716021571	0	0	148579.361466285	0	1286233.97471868	25337.5445883841	0	31792.0705536408	0	5213.27097193809	32828.3476581545	37688.6011549286	45564.3071492326	2940.29393830148	0	0	0	22545.2902364418	309384.515233733	0	10100.8548538862	0	0	1680.81868820022	0	0	9638.51583802621	2482.50998663719	0	0	68228.0290547617	0	36433.680969023	414886.634601618	0	582323.961837953	5789.48659268966	229219.940454232	14521.5446557786	0	0	0	43872.1008005432	2760.36890257273	0	17582.5477952652	22661.4443734312	13537.6507895151	324598.429647252	898798.434492238	1523.6689734498	171869.404698717	0	298504.744402388	62572.9168558441	1071029.96679451	21092.2247580248	120025.941555761	0	0	40316.873195827	359620.040715619	3156.65948759554	0	1869.8538523203	0	0	0	0	110207.500682006	99234.3510346503	0	696.924821936678	11531.1450113248	0	1794.69529309184	690.092225643181	203356.285951249	0	0	0	0	0	0	0	0	707818.25796061	0	115582.47643289	0	0	0
GBM-BM-392	0	111405.650267275	31570.9858643994	1359.44071565826	18327.7177331328	3867.42130824011	53639.475690759	0	759.895290080066	130261.163656107	3653703.74747883	1719569.66100472	0	181232.308889782	8431.68507848497	401766.097789542	0	404655.11314489	0	31597.6202486726	254737.230336304	639349.153977322	262976.495577386	54583.6374353005	106379.361463719	368070.340330777	58629.8896093749	0	946175.08656905	0	0	1065264.48491971	6802.63916691847	177208.886187942	0	402.777117274198	0	22000.0014096571	1268.66638558432	403.320676136916	9545.98074705731	19471.3655802919	0	111974.756396541	8569.74902961539	84999.5607164237	8002.27357693758	0	2190.54221675441	0	454214.092453223	259216.698923965	126949.803064427	40669.6176674396	0	0	528799.065359966	0	0	0	0	0	0	0	336372.705251365	7068.43945078768	2051.93470676127	8393.63595809469	2400.35593776364	4699.06636819898	112176.960293472	172267.936125833	0	2582.99171563696	0	0	0	0	0	6643.37642014204	835323.866341747	187873.511074473	0	541105.238011906	30159.9070567829	355403.788152855	6786.87595989964	2996.64001016552	0	3223.30405591902	0	72778.7268059301	166919.316916686	6606.95797633992	0	0	3859.26792529933	1711.12329983694	0	0	15118.0026487817	0	1092.0097552009	1069.72384182945	23.9165899596015	7889.21333349219	23465.4361035454	0	0	0	0	4531.10667961905	796.857292744905	0	181732.926602346	0	4088.1062065037	0	107.081095955489	0	0	0	0	107943.723870622	0	0	0	0	0	4014.18220117403	2334.58531537474	69.0319755652134	0	5071.94774802367	0	0	0	110233.193800391	28194.3982091939	204182.994750333	159645.412215791	66028.8128486953	1417853.18172255	1161.58528962883	0	0	50322.1359515897	0	0	145965.666317762	0	0	32359.6897742036	0	0	0	0	0	0	0	0	0	0	0	0	0	0	0	69396.7035620974	0	0	379431.807679313	4340.86107766767	89476.8550686337	0	0	0	0	0	0	0	2243.8109853008	366.358673472078	0	0	14411.9196861108	489.202976446394	0	313412.235331284	0	209.813721009231	0	1504.57093200402	640.312340282058	1253.99029629092	0	606.611690793529	0	1451.84572232035	0	15.7632070188283	158549.597548551	387174.260119872	0	0	1657.31097242784	0
GBM-BM-316	0	0	375882.748333156	45925.8825645832	173397.103789464	39693.6862584533	150836.99938058	64148.9832194602	0	194049.620665506	2599372.47830592	0	1060726.50459289	308398.275801883	0	489684.784819772	0	490526.404010675	0	65152.9766577985	274929.348861128	69703.1740801937	0	211238.979928316	0	0	0	0	13036181.7493703	3560350.37555279	0	1197315.47363557	35019.5390288559	51680.8721129844	1520.86413437179	0	0	40288.6453330242	5088.13958565298	6762.70148095557	425.147838703769	50177.3609516209	0	0	13221.7259342656	753.614827789771	0	0	0	0	90466.0062846451	0	0	3654.04031632277	0	0	350590.790173534	0	0	0	1880974.26973846	0	400853.676492125	217495.966195886	6853.18484021323	0	0	0	0	37.1849421606795	0	237.983629828349	0	13048.1962041824	0	521.828688321535	0	29290.5789399672	257.815598980711	0	744445.021052947	75144.5706163731	0	29223.646044078	1760.08726227216	46322.5219476304	0	202.038185739692	0	189.643205019465	12394.9807202265	28422.9302895514	32295.1222665501	50252.9703340143	25606.7906699159	29662.428361574	329478.419512773	4646.87827201291	271797.137233127	0	0	358.214942814546	0	0	0	0	13874.9414182215	21121.0471472659	106.596834193948	78875.4598131613	0	1145118.97032463	0	15342.5071354964	81805.6332554228	0	0	0	725.10637213325	1821731.21988806	0	0	0	0	0	0	61617.9281563899	0	0	13294.8563205149	1862.96560225004	4964.18977845071	94747.2326254113	140823.094456709	0	14198.4504150194	2601.70645317554	14279.0177897009	5933.47727077242	44457.0773492364	0	3235.08996797912	77339.7217019252	670.568456964253	108560.199140032	0	3526.37201490444	0	380513.513130233	1831.97815044948	312650.993686993	69124.3284805591	147151.971612457	0	24017.7541415829	0	0	221123.977052697	35785.5488373659	1540.69610352415	0	32007.5587138409	13334.5202588197	47605.4024521739	567506.671271714	3385443.56311161	371906.438518108	6881.69329586975	194939.580281218	132727.932548329	0	48352.8197896035	150973.344168503	0	42369.7625959502	357095.676055509	3575.95193778534	8475.68781649088	0	0	0	0	12299.5393686807	7372.53453239072	75324.2978368164	112853.820461518	0	0	21609.4093876429	0	0	0	0	0	580.0850977066	0	0	0	0	0	0	83645.0483943044	0	52868.3112659821	110160.391151013	4560.11340697133	214.433166459918
01-2020-032	106702.919193895	0	174027.877674701	0	881588.46253378	0	0	0	0	0	1168651.218767	0	0	570369.525129355	0	610735.243639916	0	705455.504419048	0	0	0	4550696.301715	0	3385437.45281662	0	0	46541.6427929291	0	45464.7220913117	2146236.08614547	0	0	235199.202599176	0	0	482.036950529933	0	21177.5829046402	2340.52623378696	0	3269.77087541547	622.747158632601	0	0	59108.0395957615	20129.9187809451	0	0	0	0	41991.5483408171	91.9492448987734	0	1088.06606463548	331.574549786486	0	4965744.04782505	19419.4018885455	221863.775748099	0	4028653.07063184	50030.1414175735	2920638.19936445	2238413.81098612	125069.084277236	0	1698.2746898728	1433.57231819451	431.882816948784	0	0	17325.4668115325	0	3105.37677089948	46228.1794580469	0	0	0	18.1112149043038	0	81657.895321997	226504.426274733	1079546.82777858	247202.758569598	15852.8857227749	612820.819694666	0	1305.40064348713	0	0	227625.928428422	37016.5369236425	195528.676106864	17017.5761581593	0	124156.557680135	0	1940.68633551502	102218.303749514	2546.71544962057	0	0	0	0	0	933.424152760275	3385.40401672756	1412.6747625357	0	24267.6348013899	0	66820.6308042404	38291.2878188301	0	47220.1167666519	0	0	15947.6213084282	16196.9988059567	103682.525816008	0	0	0	40800.3876682648	795.500285412115	27470.5334986972	548.909128638132	0	0	87445.1250691107	3916.20193046139	20861.3332290035	3353.36109805072	77323.7422783594	0	0	23339.7833301386	172694.613623669	36528.9272916036	38471.0067974959	26486.9552123557	1359.73428820004	225309.086091049	39209.3870974406	0	4965.25922453376	562539.907609186	0	0	56646.3075391534	61458.3180221892	35945.1889035341	106672.269445595	0	0	0	688.226166363546	73282.1550139451	3312.95915711035	65.4790077309447	0	0	2574.57885716565	2164.98676625294	0	38034.9444694153	0	2560.64715339311	16886.6181426975	0	0	0	289757.147742826	0	316748.430631747	34908.670142857	10486.3934295919	0	3002.28216298268	0	0	0	0	1051.84363482688	22325.5552954976	0	0	0	273365.105084053	9883.15065624088	0	54633.1763440212	0	0	0	0	0	1812.51466080764	0	420.737453930751	852.620270879535	13734347.2568996	0	0	900810.034228756	123.992163575619	0
GBM-BM-322	0	0	0	0	0	0	0	0	0	0	0	0	0	0	0	0	0	0	0	0	0	0	0	0	0	0	0	0	116553.742056877	425.943907849052	0	0	0	0	1565.19101066063	0	0	3303.61279724073	0	0	0	0	0	0	2139.90958488758	0	0	0	0	0	0	0	0	0	0	0	0	0	0	0	0	0	0	0	0	0	0	0	0	0	0	0	0	0	0	0	0	0	0	0	0	0	0	0	0	58738.4800960356	0	0	0	0	0	0	0	0	0	0	31847.9686505126	0	0	0	0	0	0	0	0	0	9043.66550756061	0	0	0	0	125935.717079763	0	0	0	0	0	0	0	0	0	0	0	0	0	0	0	0	0	0	0	16013.6567269087	0	0	0	0	0	0	0	0	0	0	161335.935641189	9761644.9144684	0	0	0	0	0	1578904.77408607	0	0	0	0	0	0	0	0	0	7833.08808525278	0	0	0	0	0	0	0	0	0	0	0	0	0	0	0	0	0	0	0	0	0	0	0	0	10027.0049120447	0	0	0	0	0	0	0	0	0	0	0	0	0	0	0	0	7571490.25252765	0	0	0	4643.60379920605	0
GBM-01-2020-046	173038.682837178	0	501799.005362364	0	58942.240050577	0	0	0	2143.8141062331	0	0	0	0	1701304.10337999	347123.976985805	0	0	1514313.76502452	0	0	0	4824473.41391822	0	0	1301608.19728661	0	0	7644659.81667863	117785.40511296	0	656.635294092046	0	0	0	0	0	0	40657.6347826656	1941.44817290136	0	0	22404.6491918373	3566.69957497188	0	40876.864543775	2396.77152289777	1453.45115658576	2367.2598242869	0	0	24940.5472939006	286932.759690446	399738.065662821	70959.8253206212	3888.16629198324	0	152681.934731088	0	18853.7594554069	0	1861941.54886518	0	599379.436819233	0	1699677.79798869	2975.41161351821	394.191974302448	23396.45306301	0	227.661674998205	743.062411452476	108404.900911645	1690.5987347089	7019.56831244467	23863.3702946036	0	0	337139.536952203	0	0	1455013.16863367	1703.24660554213	0	318838.067856514	93887.2531735654	530217.717135404	0	0	0	0	615440.124798968	77549.3660247359	0	0	0	0	0	0	237.147578123131	0	0	0	0	0	12507.690264832	3015.46320449012	23631.4926626609	27035.877895273	0	0	0	48575.2019242699	71528.9795081167	101172.426773508	24124.759625157	0	11060.5630436628	12261.0567835839	0	317765.106814162	0	0	0	30918.7742410757	0	0	35259.1019153471	0	0	0	86202.6176531399	30206.2775174702	0	0	1256.35516943454	6257.53409474234	0	49532.2241506512	0	46598.9721065771	37935.1805858121	23687.3540921744	445602.407271835	11154.368085676	933.834463187083	12093.4724950436	101197.722515174	0	0	17050.383872435	7191.36855792942	0	124593.121588948	0	6857.25397008483	0	0	156379.328971337	79584.6192396504	548.074402773457	25340.0092143836	53466.765969023	6878.33375480689	3837.5748086503	6334.47530897784	3545.61979024983	80973.7770528339	0	139484.935505845	0	0	10603.1317151942	28197.3740334583	0	23065.5004428737	71283.4000161047	0	1432.37137186371	9033.74174263712	6719.18138015537	0	0	0	0	35822.986156662	250739.823311912	56315.6988742089	0	12490.8264370543	0	0	45879.0974583189	131830.865673266	535.426531940224	283.523104511654	4553.23349996411	0	8731.24683187562	0	1294.29878193424	478.511113190672	219772.565565976	709796.403182599	0	0	0	0
GBM-BM-351	0	0	152397.256489734	184571.769108837	0	0	217451.376215629	84522.7588130867	3621.13852471074	0	0	0	0	7168392.12318897	0	0	0	505451.17627227	0	72190.1011239055	238543.976643812	39086.0920863591	3165147.89610247	2914311.41790445	402453.052181281	105628.350931998	0	36.6129465968796	98068.3679911387	0	0	918729.850018293	0	102192.639265858	0	0	0	486.597870900464	3706.17504583897	0	0	0	401.561349772228	2238.11399358345	19959.9612092666	0	0	0	0	0	84664.4863483005	149718.606074195	0	93783.4721765104	0	0	1149632.3503885	41490.7359338187	23579.9186711839	0	957837.201234934	62231.3796495543	548291.866979	502982.755033965	32289.0757100675	563.366952474567	915.32366492199	2378.66046600373	552.737387333537	1908.59747421153	30245.8370774029	973.195741800929	103.9335258234	7869.42139274222	0	0	3752.23649478343	1064372.6083923	259.8338145585	0	918043.6525353	20401.6786940161	0	55124.9248213793	0	45759.0968693388	739.345308698278	0	0	0	0	2236.93293079	48437.7472848783	5627.76421077843	0	3400.27978233601	0	2141.26684452073	11431.5067777806	0	0	16207.7247144832	0	0	2134.18046776005	0	0	0	12017.3139233306	108967.215449074	1664.11747596785	393195.882006238	83055.8788236246	0	33047.3180234609	0	0	108442.823568784	2812.11051119904	1432518.14854951	388.569659044303	0	16901.008574237	0	891.702409053035	113982.008070053	14606.2035665681	79732.3681228627	4512.84093376377	0	474.787242965987	0	0	85405.0127197922	0	0	10467.7595383272	0	156630.185541451	0	8856.78988806452	11035.8507419756	37692.4379900908	0	0	0	443522.148697839	1975.91805343805	45998.8526164087	31214.30856803	0	0	7718.24535518091	0	4541.18644080652	17323.8290542913	3596.33620604833	15396.3345753846	2486.13718020747	0	17890.7391951462	0	0	0	0	2841.63708103524	566955.021241061	0	45331.5521381107	37222.3749982986	0	0	59768.8637252158	0	0	19880.8300021056	0	0	3630.58702705832	3334.14026590294	40100.6250259307	0	0	0	0	132202.263784572	0	65641.1079342379	106412.576626847	0	33127.6302934154	3425.08210099841	0	0	0	0	0	0	295.265698361932	70.8637676068637	438.174296369107	903823.65650219	544845.525747719	0	0	0	0
GMB-BM-357	240971.613623033	0	0	99138.2305956678	53447.3071567807	0	206822.882350513	0	96244.3999034819	0	2096003.736582	1733608.46524941	0	3377677.65481475	0	1119461.39198208	0	629968.210156007	0	0	1450575.00340165	0	7763885.25082386	2948019.61513442	0	0	0	442329.220835375	19190.2642995689	15093.5378903316	0	0	589310.589770459	431486.594080725	0	0	0	101451.001492329	0	0	67.5354586903818	22540.2779013993	0	27729.0399351207	0	4215.23202542987	0	784.940425533494	13791.250366151	0	265730.367629714	1327387.77824252	0	1576.25212075476	0	5852.64833518724	1289561.55010621	0	0	0	8074785.372032	0	0	729386.776617936	82072.1476100021	115.957108317448	2003.12718983548	4898.23213595901	0	2128.0040757158	0	0	0	28190.3198605154	61368.0696326186	0	65901.8651424371	0	0	222.994439072015	1347768.19571976	5238.45793728603	0	103895.020544558	95157.461294748	184290.249972739	3769.24314728584	2932.05831031261	13212.7390785013	2156.037662342	221699.79707146	58581.2762711872	202955.521650035	0	0	0	3745.0323224723	1159.57108317448	132909.782702671	9178.45111220415	0	0	0	0	0	0	18224.3798149027	1799.24655982678	10628.552093141	6688.55891822291	4415.2898936259	74204.9037995414	0	3886.47450954084	54772.5312518372	0	0	0	4264.92792899449	646138.492623572	0	824.44229759768	0	1100.95540204698	2074.48541033852	14574.9165377469	9149.1432716404	0	0	41605.6653150879	2023.51525283635	44.5988878144031	0	18824.5534194908	0	8227.85767478859	0	13168.1401906869	35837.1177397792	3520.76362946274	28104.9448466993	30300.4843811055	17826.8125863857	3025.07884775408	0	0	29748.7324261444	0	357107.117491738	46277.0802501622	343183.344716082	0	142377.4894587	57417.8824262001	35730.0804090246	29636.5980796396	0	46078.2966359037	0	0	0	18142.8275628992	121912.971221577	139393.186736948	220054.735238077	324537.186847848	2256.7037234088	0	60913.1609769117	0	79802.7013472178	523771.887000225	0	96.8432992541324	2319.14216634896	1368.5487289334	0	0	409.035513954954	0	0	130001.935217172	5251.20047666157	530.08963802262	913.640073226486	107071.735610881	0	0	38736.0454477154	8650.90998205664	0	0	76190.1914342511	663.886301465829	5576.13523073794	8373.12262366979	0	6372.54394170942	1131.53749654828	0	73.9067283781537	195794.21452098	168790.225076327	0	71567.1981488039	549.203447085935	731.421760156211
GBM-BM-396	146349.095461557	134930.074623417	362387.783407027	17413.2253980629	580920.09306355	4310.50030924424	69154.177250041	0	169.865239172613	0	7581322.07668666	4044551.13726411	74400.9747576047	979207.875578274	0	2014632.9917912	50781.5529811311	890043.573153699	1096.64998409839	51047.9016761538	651649.2608112	210517.388211403	260737.706442308	1498837.87250452	1364012.43486843	22362.4190065962	0	0	258185.651088979	0	0	0	79926.3512574114	236052.889885744	0	0	1460.84105688447	5994.20455992318	1583.14402908876	0	0	262.271929282515	231.016725274754	837.095898642639	66531.4579572158	0	0	0	0	0	828083.528513096	146586.906796398	284853.134717166	61363.4779206282	3779.1618411123	87125.9195545035	2055003.84399392	153950.90464501	3814.49381086021	15664.2928955417	285142.585084716	0	136032.160295169	1155816.08528508	395079.367877231	534.056311958696	1057.24124861035	16943.0384160331	5350.07557298063	13098.6483230786	0	60236.9316544355	6015.94731053727	10831.9665715592	11989.7680417597	8998.78091040836	0	3117.3668692958	491.929732643888	2851.01817427314	1004875.19267821	45053.6971162306	0	484399.946321845	38375.9548338768	373052.60258324	25894.2570594732	4231.68283826814	0	0	68984.3120108684	248495.178924659	234075.658501775	228491.848359692	6154.55734570213	0	4165.09566451248	3796.82782598625	33690.3920765394	251.400553975468	250172.088565771	13307.9222977392	25778.7486968358	6020.02407627742	0	8635.94875953566	0	149.4814104719	24010.7912875272	110122.955094649	3667.73024421507	131046.275794974	61033.2598956767	0	34615.8178995518	27382.2765546253	0	0	16342.3949303188	294130.494619817	0	7213.15751622585	5492.76237388562	119677.53506763	565.311515966457	45741.3116044013	7736.3424528775	0	0	140952.816543521	10677.0494734338	0	1598.09217013595	42712.2746594753	383.215979573416	3938.15570497787	4485.80123607037	0	167440.922479142	29537.5267092474	17636.0885918574	27765.4925341987	991087.57094505	29528.0142558537	89061.0243591579	6227.9391290247	1341552.17348407	0	12222.1436889479	16167.0940034926	2624.07821473853	0	106562.579681591	55525.5493807438	17199.8746576621	9004.21659806189	0	28908.345863352	8491.90303671729	0	0	64399.3094751212	16688.9200182309	455.238840982604	0	58574.9701543706	24066.5070859759	5087.80364369811	134506.090986442	3901.46481331658	0	3732.95849605735	218183.066724785	24099.121211897	245290.841052907	102163.749447977	0	0	0	4174.60811790615	482816.802292756	1055.88232669696	0	0	46454.7456089263	313575.308278384	11177.132737558	225260.332049673	6276.86031790641	0	13873.2338137057	10913.5018863621	122417.121645006	0	0	587.054266580552	120.944050290901	0	0	0	0	0	0	0	0	5029.37000142274	0
GBM-BM-284	0	0	158838.030393979	466240.153950038	101032.773638736	0	886689.932207382	0	4205502.08214377	131975.385518599	1866315.47276768	0	0	0	0	4113545.90273504	0	618164.150273721	0	71699.6465655757	0	0	0	0	0	0	0	368.322130157976	6192.78591188443	1122.73112343975	4758.57980377733	0	0	0	0	0	0	0	0	0	0	198.96500921717	0	0	19188.2802341464	0	6400.04112981898	0	0	0	39251.7696457421	0	0	17182.0497245399	502.149785167144	0	98288.7145532822	1937.5402088053	0	0	6491920.3287182	0	0	0	65202.4915622102	0	1131.02133215713	2392.31737273026	6373.98618813578	0	0	0	0	13965.4487421957	68441.5945396445	0	0	75565.2524589379	219.098373245098	558.996930657765	96823.7162413677	9057.64518150547	0	54602.8675592717	0	434528.921290521	0	0	0	0	0	37368.7079513654	0	0	0	0	32594.7320456843	969.954419933706	0	0	0	0	0	0	0	34450.5544828468	60233.1035939052	26401.9461337999	0	0	0	215585.69337999	0	0	0	0	0	0	4070.49248023461	61342.8072465033	0	2748.79634757769	0	40179.0887065579	12346.4894112441	0	12550.1916825854	0	0	152871.448748526	5182.56476389487	602416.306657288	92890.6043627354	63063.6177131256	0	135332.920049139	21.3176795589825	17242.4498166237	44703.1740351864	8447.72268301236	229031.227604053	25977.9611736823	177935.118332234	3230.81276871691	150733.759214972	0	35700.0073681094	0	0	72245.6160253918	58159.3670990286	531755.304812447	3587.29174356434	8765.11924533499	0	0	0	11595.6333645555	50017.1978230283	0	30516.2582886835	0	131875.90301399	227370.817229515	0	0	0	230.941528555644	331296.873710617	0	0	2236121.55028607	0	19210.7822292364	0	132574.649177312	0	0	0	0	0	0	0	0	76170.4376953068	0	0	0	55135.8095482463	14923.5600068188	0	0	60901.05755342	0	1388.01780239597	594.526396589402	4092.99447532465	1041.01335179698	1191.42142424091	17.7647329658188	0	53992.9450607786	0	230264.100071881	0	66.3216697390568	42.6353591179651
GBM-BM-346	141327.430168848	0	291822.958575123	100094.904878434	1303603.11889457	0	202878.055605269	33486.6781186879	0	503255.248448879	8625007.20352419	0	0	4646416.10350635	0	900044.162357279	43849.0208047823	266192.14480701	37503.102372615	44915.7091040586	3940557.04517339	0	0	3617363.24610759	715543.758975417	37802.8593236821	226115.597120446	222520.108159507	102756.045045089	0	0	0	0	212607.400900014	0	1293.10046444414	411.368581783711	7793.6807277472	956.671120427234	0	0	961.45447602937	0	8149.24349417265	40044.6586492166	0	0	0	1830.43074375077	0	185621.303044629	7082360.67176847	305227.515424176	12908.6823182981	642.564102553625	0	3643426.15633176	4096.14684729594	6307.65158735023	4800.89457267734	2728928.2877967	419227.63503802	72362.603549116	611883.659721524	76635.734553691	1275.56149390298	556.463701715174	11127.6795824361	0	30986.5775906381	3563.59992359145	3066.13094096928	1026.8270025919	44901.3590372522	45325.483233975	5169.21295404182	0	107305.016222721	0	1718.81911303426	7015522.84393982	708489.903914134	81581.7242462998	143052.627089352	5218.64096193056	30637.3926316822	0	3061.34758536715	5735.24336696127	11098.9794488233	61796.1710239972	13069.7219569034	91596.4764253055	0	0	0	11269.5857986328	1066.68829927637	14313.3944134588	20769.3300244752	2641544.353205	66326.0087792201	0	6948.62123803648	0	0	0	0	10907.6452247378	10469.1709612087	1897.39772218068	40119.5978869834	13393.3956859813	750.986829535379	7693.23026010234	0	0	3416.9103517926	7573.64637004893	218962.886043385	0	0	0	0	1761.86931345349	5727.27110762437	8305.49977717577	30643.7704391517	554.869249847796	0	0	0	0	31407.5128836261	258.301202515353	0	0	0	1038273.57254781	10355.9648786248	0	25868.3870963524	249048.598328954	0	0	0	293903.718262053	1983.49812301913	154355.696377199	14389.928103093	8125.32671616197	542.113634908766	102837.362090326	0	695.181014177123	8463.35051204626	916.809823742766	29042.9407643034	5964.8444358638	0	8664.25144733598	3844.2234522501	8547.85646101733	640.969650686247	0	0	67268.329832841	2932.19698410947	290851.93738789	0	11456.1366671161	89966.9466168444	8236.93834687848	0	29050.9130236403	42480.9811025713	24640.6591584708	5392.43621547484	0	0	0	0	0	0	0	67930.0273578031	0	115693.427497	8233.74944314373	2991.19170320248	0	15742.0232866301	79312.8192390198	0	0	0	0	5044.84570838628	24586.4477949799	554.869249847796	71.7503340320425	282120.718962124	685303.384858712	0	0	28049.5972509265	0
GBM-BM-428	89792.0083672676	0	59129.7737071277	0	298981.554466721	0	646985.598098056	0	296908.786387633	0	9396873.76529088	371835.79622693	0	465491.383329851	0	854112.53674626	0	353607.62988436	0	232172.88627052	1336320.69302768	1694543.78810775	7210888.35035332	975161.176502229	0	0	613501.249055726	673695.348528954	563975.808813099	0	0	345192.089876983	7181.02372497852	639509.916165756	0	0	0	15535.5999653232	12042.8841457811	0	0	0	0	0	4394.47154022385	369930.67850718	0	0	0	0	127505.718747443	231761.380843054	270211.736741533	275599.409652987	5961.74838433837	0	7058511.95481378	126621.744125479	8595.89115151302	0	699356.01413551	33913.6355685137	618401.211830923	536011.220844125	2158262.14187976	1094.80764961646	14250.2805437317	2827.19469610933	947.478545955779	0	0	57610.7598452468	3965.18501404014	0	36817.034973413	0	938262.856506107	0	0	3269.18200709139	6692871.60141148	512601.134303834	605682.645933871	412704.381551012	23125.5889608081	60110.2742935591	0	4887.26199039925	0	0	0	50432.276277228	99081.3623687697	0	0	71985.5080800022	213.373184612025	5722.97363012968	0	1483.45166444551	0	59381.2492461347	0	144626.376655598	16678.6705971733	4435.11405157852	262763.99653579	0	14463.6537283437	73682.3329290597	4051.55035066881	125415.169569637	75148.0034947876	0	33794.2481914093	0	17483.9003533877	35983.8634906423	72653.5693603946	859464.647460278	1473.29103660684	0	0	329582.825359829	0	10198.7301930629	0	0	0	392581.25811653	18177.3632033768	0	0	2402.98848384495	8451.102204812	0	0	149902.282660827	0	5156.51862812394	129537.844315177	39070.1541966376	412480.847738561	0	0	0	1118476.83216664	0	0	105457.156337534	403.884956587048	0	0	0	0	36387.7484472293	0	47922.601201077	0	46731.2675869932	670.601437352079	5357.19102793763	17854.7632694991	0	5291.14694698629	32653.7177165189	8179.30541012763	0	198607.252205481	0	0	35110.0494965168	8166.6046253293	105731.493289178	75112.4412973522	62221.1447270424	1282.77926463182	934.777761157444	14412.8505891504	10749.9442533106	1866382.86627226	0	0	0	98906.0915385527	0	1054.16513826179	796250.301362006	1398358.94645363	41777.9615156426	25142.4735867836	23120.5086468887	150509.380174187	0	28233.8446066983	0	0	0	0	0	0	326184.095347795	0	850988.143685869	44610.2365256713	0	0
GBM-01-2020-44	0	0	0	89423.4900434785	27177.7971172001	0	93010.4375251334	12227.637167215	0	0	3150637.11882521	3714296.56781515	0	344086.089331114	267317.112849361	115549.511155314	0	121410.761205502	0	187797.155158538	0	0	1703737.20809466	2086101.06656802	0	11207.8768914387	0	225926.70333047	1054632.51990453	4685472.38105726	0	0	0	146549.03777115	9795.62748626483	0	0	1221.34079540646	0	0	0	26.086890775672	0	0	11434.358534082	4317.38042337371	0	0	0	0	111880.745698044	271583.505258946	95922.6831499084	66355.5639912093	0	0	512259.973787533	154.149809128971	19923.2699460382	1163.23817504246	6653357.14477204	14755.6940369301	1471303.01128342	92902.5326587431	127770.033715954	1969.56025356323	4273.50701616008	1641.10258334227	0	1638.73104781721	0	75482.4184594069	1453.75127686245	33494.3819882003	0	2965.60517408889	0	196199.505523829	0	0	1044659.02725388	75438.5450521933	1234000.05203924	331393.631200987	23308.6369080629	201363.52412965	12463.6049519586	2187.74152186886	3916.59091963839	12110.2461587245	8484.16834090605	47044.1502106368	53806.5837603485	159437.147582095	246062.225706001	69763.4605407221	1856.91231612283	11634.7532859497	91732.1798771255	0	0	5018.16917102927	0	0	0	1242.68461513201	0	0	0	74397.4409566914	431.619465561118	62648.8539655388	75496.6476725573	0	46188.0258860898	0	0	26212.5821585002	968.772261987455	134301.242551972	10024.4806644332	1214.22618883128	26210.2106229752	2992.8778326271	0	16381.3816393595	2210.27110935694	20038.2894190037	0	4553.34820811729	3417.38269161303	19454.8916798386	0	53666.6631643699	0	59507.7551625954	152.96404136644	35942.9924178259	0	7400.37660595313	39529.9398994808	4349.39615296204	65044.1048458505	3677.06583160722	6652.15714779636	0	24397.171714066	0	0	5507.89125695438	159154.934854612	1354.14678480988	176899.949420882	9806.29939612761	0	0	1588.92880179093	10221.3181130133	7254.52717116187	0	0	32.0157295883247	1690.90482936856	58145.3080034478	84493.0676868765	0	0	0	30733.9146370292	4079.04110310507	719925.853575032	473086.949984574	19393.2317561871	1584.18573074081	14881.3854197583	56918.0383692287	123392.179136691	0	0	0	50932.2827039745	0	0	1803.55276680896	22616.1485347451	0	0	21387.6931327634	42424.3990078178	0	5504.33395366679	11204.3195881511	54512.1155790542	0	2490.11230131414	652.1722693918	0	0	0	726.875638431224	0	234080.04246563	0	12907.082095145	0	830.037433771381	0
GBM-BM-405	627444.043676109	3605.03028074846	2315720.23010882	0	125799.354414837	0	65965.3031446617	1559.47939111029	0	0	503127.207331783	0	303261.358130153	354726.878434006	8972.06974366049	350086.245821672	0	446244.690216557	2470.86345085007	65195.6899386592	270324.613310461	0	680205.754642704	918870.911015715	46688.5176322101	48384.3670826296	302052.930376868	4030626.38366783	1242860.51816087	0	153.922641200496	24078.0917590214	1851.12229022702	111954.417898434	0	0	1890.27804983065	165819.241126966	6054.29055388618	6090.74591627577	0	0	6435.04656106635	1558.12919250327	516237.635805965	0	242118.964409773	25344.578052408	0	2576.17894219777	2439.80888288856	129744.634744555	20459.5594922028	13688.313477988	0	20983.4365517273	1829914.72070652	22298.5299949666	5452.10197515441	0	577713.528582279	409285.703746547	0	199903.654762627	595275.561863813	0	1483.86826911706	16803.2216643875	1876.77606376043	0	642.694536942422	19344.2954428027	40.5059582106568	0	0	0	5978.67943189295	0	0	6899.51488188188	50972.6978122906	373321.813649912	43736.9834772602	84893.7374165016	1544.62720643305	63218.9991779791	0	0	3499.71478940075	103.965292740686	50594.6422023244	12205.7954074779	8064.73627974178	196875.159287077	0	55052.9980027107	0	2229.17790019315	0	0	0	4339.53832296837	51915.1364399918	661.597317440728	52576.7337574326	0	204391.714932367	0	64185.7413806068	85504.0271868755	2694.9964196157	268087.334218625	21106.3046249663	0	22765.6987129962	68649.4979754212	6686.18350197242	0	82994.0079764218	614.340366194962	0	0	0	1093762.13658326	5763.99785337647	0	0	0	0	315749.345046498	30041.9190062372	0	0	569077.658291767	0	413.1607737487	151.222243986452	0	125436.150989548	121889.179248902	17896.8825360752	7671.8284850984	778281.48105956	0	0	0	2264551.75349851	0	0	97408.7283049876	0	0	1944.28599411153	0	0	58278.622474886	0	712884.611528455	56716.4426865617	0	3351.19294262834	66370.3627267682	419.911766783809	0	15566.4397403554	0	538642.831490887	0	26208.705160902	0	0	0	0	56523.3642857576	281799.95127154	479.320505492772	0	418.561568176787	7060.18851611749	117383.566497269	649.445529977531	255088.972228825	0	2735.50237782636	0	261249.928472666	25285.169313699	9755.18493573319	1500127.36074282	263664.083582022	0	83331.5576281773	714078.187097062	0	2927.23058002347	0	0	0	15467.8752420428	0	731.807645005867	396250.886394357	0	6360807.24085786	98.5644983125983	806.068568392071	318.646871257167
GBM-BM-332	8151.41705000181	571933.27266628	321861.099694924	222493.469745258	930800.568361449	106320.309198197	745696.117333681	0	0	20401.7440018072	2373040.68627237	0	0	2424540.00898201	1427240.427808	982470.034500977	0	21279.5294241746	2149.99425037998	48846.6319618704	429484.552890204	6275.97242511999	26979.3343253618	1931433.41400278	0	3874.6299260445	1036.32816385222	0	0	0	98980.9403362886	3218498.85696136	18410.2924929121	4992.16290870604	0	0	0	20997.2460064088	0	0	0	8654.11354739281	12880.631021611	46978.9211292562	0	0	0	0	0	1782.63911767117	50029.9021788062	0	0	3112.85138769044	0	0	91359.2880566142	0	0	0	30396247.4898434	281220.021328929	667190.392025741	303060.250692501	13828.0205743864	0	0	5154.57254632467	2405.20939520926	0	0	6480.91792021017	0	0	0	0	306625.528927843	9763.9127377868	0	0	2983700.92371843	0	1330471.35206023	7637.11986420947	3890.09751057961	60037.4293730209	0	0	0	0	0	0	31406.9303985364	0	0	0	0	0	201774.640260481	0	0	20158.1295453792	0	0	0	0	0	0	986.058514113122	212930.635606428	0	1387098.17904326	63366.8269442029	14991.9563106532	28982.3865226582	0	0	0	20030.5219729646	3624913.50751746	16105.622397181	0	0	0	4713.7463870741	42551.3250560815	13599.8737024935	203027.514607825	2211.86458852041	0	0	0	0	207923.005113187	0	0	839.116461029598	0	0	0	0	0	0	0	0	8708.25009326569	0	0	409256.819214417	0	625830.070978863	119889.247731621	447206.537871304	0	0	172931.461998639	0	53432.7707765299	772698.653035845	0	0	164926.987001721	90145.0826706082	58378.5309316306	56526.2876835514	0	141497.463327166	0	123864.416957143	181786.654144988	0	0	816379.111762989	0	1678.2329220592	18317.4869857014	0	4934.15946669939	0	0	0	0	0	0	0	1485510.68564789	2981.37691914203	0	0	0	0	1191.0040092033	4644.14225666612	815.915084226936	0	5723.00627798988	15939.3458634286	0	1171.66952853442	0	0	17129448.8858327	9159149.51694475	0	47354.0100542325	25127.0910772826	0
GBM-BM-362	51653.6013036139	0	0	0	271491.333217602	0	134286.734001369	0	0	0	437361.664625336	1878259.26766413	2565880.5962017	0	0	187575.602764109	0	758918.989755451	0	26239.9365290032	57412.4830986482	396841.583738335	0	370311.528720226	0	0	0	747226.082765389	748098.821136106	65140.2388289869	1314.76695165414	0	0	205345.509153276	0	14927.1026314444	11962.7708002569	57343.9746258615	7588.35588136406	0	0	8547.47450037774	0	26075.5161943152	175257.183631212	52182.6058586972	7723.58564938649	0	0	0	64093.5485099763	0	0	451707.934552719	162.037431286782	189113.171183783	550918.330487303	320.500507471649	0	0	0	0	0	0	607375.26932204	0	892.993049628257	2488.34687678267	338.372282981221	365.179946245578	0	14380.2263008516	0	1725.22206252397	19711.3769353567	0	0	0	0	869.759741465814	8443.81820242222	20908.785894498	0	283748.392587916	53556.349669533	516667.66844906	0	0	0	0	0	230444.630678918	15631.8463123719	49945.6552907492	0	0	99332.5197338991	1633.48028157484	0	1336.80880811595	0	0	0	0	1142.60218091194	0	241607.341662197	63010.5189140963	0	11894.8580533205	0	49071.7254683311	24789.9398093266	0	13071.4166077006	8977.58856430809	1418.42324960966	0	51782.2780872828	0	0	0	0	135274.447461198	0	0	0	0	0	169.781867340929	7733.11726299159	57589.4136761929	0	364581.837491858	0	1067520.46909283	0	92775.9610252876	0	48927.5598125539	39852.8679346438	23828.4382869117	1889063.94741137	142386.818388158	22122.8751774483	0	14153.8504777303	0	0	4547.77114133563	0	0	38758.5195476077	0	0	0	0	0	36187.962503481	14831.1907695431	0	0	0	0	0	0	0	0	37335.9262170459	0	0	0	0	28550.7571023908	2527.66478290373	8990.09880716479	0	0	1318.93703260638	0	554035.168136172	177696.680988268	0	0	0	0	0	0	88764.3431492392	14426.0971913261	0	6730.51065690463	0	27.4033891146763	1410.67881355551	5818.45438006617	0	0	225.78009727092	440.241403385778	6481.49725147127	100004.498493059	0	6517.83652834073	24865.5969923172	6665.57653921986	248.417679583044
GBM-01-2020-41	0	0	317728.257015479	53934.7106323842	165508.370800005	0	192188.104249857	0	94609.28544735	301679.311233253	4307976.69007935	4973552.58796995	0	1570642.18035747	0	1621895.57010036	0	508224.884827553	0	248872.645292267	0	0	0	4218385.13641112	677669.009461839	0	0	359340.703542455	2669364.79697096	1407163.10880335	0	0	0	336725.474577526	0	0	505.55301352709	4063.3232862925	346.091198512704	939.052910640272	0	10776.0750990833	0	0	17940.0447884333	3054.57965649779	0	172.454999941484	0	0	364284.019807901	356022.716591526	77179.5184669627	47811.3769358318	504.371814897354	95951.1270907303	939648.234749659	0	0	11301.7084893159	739739.816255846	0	0	0	607390.053389795	562.250547754427	1526.10862961916	5425.24530637833	477.204246413421	24969.3578339933	49408.3574832351	107675.704689492	5687.47140217976	31924.25536588	0	6706.84581964209	0	0	307.11164373141	4417.68287521335	715811.094414651	441449.363891307	750812.372210993	558603.006385801	4423.58886836203	55185.5999812748	17299.8351311163	0	16356.057425957	90802.2822637102	5917.80513497832	79931.711274248	430685.100778521	0	0	0	0	12378.9616396353	113142.291947911	1263.88253381772	88861.5729150536	1932.44095824841	0	0	0	1013.46842431365	1398.53917760765	36346.6630356123	0	947.321301048425	0	78617.0371993517	94068.2964749308	0	44435.5112520458	13473.9327694007	0	0	9781.5058528454	707366.705410667	0	13361.7188995758	0	11097.3611263715	0	30656.8292361731	0	0	0	196061.254556762	4627.9362313064	85744.3897311798	60002.527993339	107033.132634915	2159.23109515776	25650.9094433511	426.412705334765	450.036677929489	47905.8728262107	14649.2254059882	0	5489.03003238408	64211.1387110891	3334.52373174527	0	9462.58222281663	51649.0912838447	0	110811.787051441	5512.6540049788	0	0	202468.075924451	5833.94003226705	8518.80451765741	0	0	20672.1572190131	115.757465714147	0	0	772.503903847469	96879.5492137029	23014.4741017799	16536.7808163067	105400.71612862	188740.185449657	0	44087.0576562736	0	0	154361.399331185	0	51565.2261811334	191692.000825367	67128.6993265375	0	0	0	0	151269.021318536	201043.550376989	171.273801311748	137.019041049398	0	0	0	0	59012.6835416201	0	0	5395.71534063492	86932.6755526944	1614.69852684937	14150.7595842396	7601.01318235239	0	0	0	2136.78832119277	7057.66181267374	246910.674368275	0	0	42154.6166980252	30969.8468730532	283.487671136686
GBM-BM-430	0	0	0	0	309761.065621313	0	0	12344.4293211704	163381.03712978	0	1687276.51079854	828603.944418404	226385.454116021	1602364.64867032	0	196532.880282687	1123.12042320869	465493.834083501	0	113200.973169782	0	2422038.05404074	0	1982300.12546274	0	0	0	1185798.2941688	2128300.83281281	0	0	0	0	639902.396484625	0	0	1076.11758611405	16123.6223458146	2165.42895106169	0	369.425807340303	7193.08329783363	0	50490.9423737651	7857.71990657533	78181.3857007459	0	0	0	0	250207.646411231	6561.43113617588	57477.0482661469	78197.0533131108	317.475303183073	0	804980.483416875	1616.23790711383	705.042556419552	6863.23882699407	1281426.8031546	353451.439617544	0	0	138056.403269896	0	2012.0512721213	2096.98622336248	375.198085579996	0	0	25252.0680762993	875.737070079022	24325.2051132402	47266.7126713085	6984.45667002761	0	0	0	0	262651.029073653	109229.645740873	0	535625.365473408	85350.5552744436	584030.041569113	0	475.80064918606	0	13374.3686813669	113532.466862975	190478.585020427	106762.409098993	195906.175788092	0	0	25856.5080691128	4300.34728857072	0	10671.2932428368	10454.4205032597	4452.07574515691	0	0	0	0	4015.8564324716	84950.6188535507	0	0	0	95112.3023889403	0	0	156359.472956783	0	0	0	8795.30281493677	389547.96928387	0	0	0	20079.282162358	8426.70161877357	0	0	73057.2518462534	0	65268.7992785543	5924.83130745553	29977.090121076	0	214820.282357209	0	42475.7217323639	566.507878666938	53035.6924662923	9668.5660514845	19553.1802313689	4338.27940271727	12009.6371832683	21615.5327852932	16775.0651757227	52513.7135911887	0	8446.49228702394	0	0	87534.9502825786	359572.528385149	0	104438.654801929	2770.69355505227	0	0	0	54436.7068561833	7525.40160220448	475.80064918606	2131.61989280063	0	21997.32776029	36202.9045081726	83477.8632912521	0	668546.090332332	0	31059.8045966068	0	8629.5559683399	0	339292.041095579	0	47838.168217038	117103.857870991	0	0	0	963.970466028604	0	0	0	0	63856.240332184	25656.1275530778	47216.4113895054	9741.1318350692	168353.442527687	0	16346.2673636313	6243.13122181571	0	0	0	65.9688941679113	0	148.4300118778	551.664877479158	0	126.16551009613	181571.135085405	0	0	0	551.664877479158	620.932216355465
GBM-BM-356	0	112993.615225831	62369.4084003673	18447.0429510711	0	81817.6744664788	7411.68008354794	396.54569764179	0	1470.06719954498	206039.448258134	72861.437936315	0	127407.284534037	15226.4784453616	0	133543.883976549	76248.50781783	0	117684.246931085	2539340.62350492	759505.508295467	762219.984093136	3633195.49899824	0	21485.7660595196	0	211928.480497145	243069.36749317	193012.59346157	558.669353031252	875522.51060829	2931.3709582581	89310.4163777215	0	0	0	125704.986152448	0	793.091395283581	59.1532256150737	24772.0563714681	0	20596.2768150855	0	0	0	0	0	0	642373.358136789	2557402.07505939	0	12093.5483479706	0	0	4779861.05980457	0	0	1623.42741410258	14856976.7261269	1678205.49188234	2743105.95886719	903793.370731879	21820.9676713383	0	0	1218.11827562893	0	15454.32790699	49200.1476902856	4298.46772802869	635.349460310051	16755.6988705216	65760.8600022982	0	0	176175.832763353	0	0	7745499.26257546	785020.266277435	3455665.71462637	148667.391992136	39893.3735268473	87630.0265982118	0	15493.7633907334	58767.6342184717	18670.5106922836	14058.7499545158	62218.2390460177	307815.85921918	183120.859622604	21498.9112207673	480470.979628332	1386.81451164228	2948.89783992182	148135.0129616	0	14087.2311372194	1849.08601552304	0	1139.24730814216	0	5871.50535734806	0	0	12137.3655521299	35421.8278423893	1551.12902723971	24682.2311029415	2692.56719558984	19406.6397221601	24307.5940073794	0	0	19018.8574653502	3884.39514872317	466011.302255759	4153.87095430295	0	0	0	0	22107.9703585818	4346.66665260393	23060.9945490469	0	0	1137.05644793419	0	11701.3843707448	34221.2364484241	0	0	0	0	17174.1531702431	6254.90589374205	0	5422.37901471509	2280.68547649229	0	0	0	0	49673.3734952062	310291.531254181	0	116783.803385611	59214.5697008967	186030.321978783	18041.7338125975	9574.05910881008	13960.1612451574	648.494621557845	11940.188133413	2263.15859482856	0	11545.8332959792	25946.3574429377	44781.1826508188	9063.58868035407	30917.4192548119	84490.523920197	116343.44048381	0	506049.272556332	0	16133.4945714594	389287.3777728	359182.767655143	0	0	95979.394850769	203165.039665283	1827.17741344339	0	0	0	0	3058.44085032011	817.190857571203	0	168941.61235665	15956.0348946141	7242.98384753458	0	2028.73655257623	0	66783.9917194182	30211.9622678469	0	21349.9327266257	16043.6693029328	0	35193.9783807609	1636.57257535037	1527.02956495209	2815.25536723592	173825.039760206	0	0	215236.679411174	9727.41932336768	317.674730155025
GBM-BM-444	0	0	1550992.49638978	8648.95642390169	35911.7645553184	0	63672.3141168853	35576.2085349925	0	0	932051.027998038	48627.1006855369	0	455343.926981993	0	118120.19323501	0	108404.168666472	0	75678.5085241483	400731.066153875	434383.420172332	86783.735016836	927690.477513902	128677.904154532	38715.3351051418	0	0	561338.803422524	0	0	0	0	127804.339981617	0	0	1584.9429360063	0	83575.8194625198	0	0	0	2363.43290316253	0	12254.5058623042	19731.8125152344	7216.13221710983	0	0	0	385321.774440472	92235.961087099	0	137796.63900689	4529.44701436662	59957.7089718769	956760.254814774	29247.6219916448	9827.87657531357	0	184389.151689184	0	98289.3916937794	1009763.5652654	597469.238651088	0	281.867057073809	10167.9066759105	1267.28323676439	0	0	55588.210327199	0	0	0	950.742057590228	0	0	0	2706.25930392889	940691.036261398	127208.728045539	180044.819746031	64102.3850829364	2361.19586302702	15707.3773114583	0	32.9963419987197	3318.64904102377	2624.60733898291	46650.1164657831	6150.7418525749	13377.5000103284	0	0	0	801.978888579051	2975.26338022354	0	0	0	1956.85085853424	9382.7055883478	0	0	13243.8368622319	5777.15614994533	2512.19607217371	14269.5197643616	45031.6179277442	0	39912.1515776378	181717.007247322	0	490562.768355338	72602.5783378269	0	1789.07284837126	11094.0412920102	103444.09142602	7637.25502261891	341.148620664729	0	0	6994.66524369469	15230.3285025616	0	212502.594332127	0	42281.7363411729	4565.23965653472	67.6704640990692	0	383706.631462637	0	5113.3144897338	6433.16816968258	728.715824141216	0	8443.1487314351	3110.60430842167	6870.50951617409	70286.6825375439	0	0	612.389737094882	51836.1347599209	667.756480448666	42871.1964168789	50857.9889606707	206.366952500467	0	60721.0989181185	0	990.449519995467	0	0	0	113029.808406665	2641.94440003308	0	1015.61622151991	0	0	0	20237.3835858588	4867.24007482809	0	148957.232242932	0	10327.8550455993	1107.89412710955	159283.968768464	441199.122205186	212362.220063624	129.748327859372	18046.7620331642	0	0	0	0	123350.952331858	0	0	0	0	11523.5529980274	5980.72680227641	120601.070745287	0	68348.8465201615	0	109225.721656236	0	318.218959275788	373.026442595695	2644.18144016859	0	1833.81365108139	0	0	0	0	0	0	856.227111865082	0
GBM-01-2020-049	325939.66027027	164280.876385026	19539.1099725107	39582.2946238588	13503.7763738754	17271.9041300271	0	0	0	33734.576264432	707567.140216937	0	6455.77256842789	507761.431309008	57041.8139930945	289985.347079299	78445.7742348465	131070.71862055	87833.3174689785	42948.0668067682	1735642.14046537	42717.5035007529	1719624.77197102	6209815.77109924	1304565.61265213	114171.784544371	581871.711220939	2969300.49481953	73608.4656576631	0	1939.4442800109	592676.540659695	23347.9253709005	384251.832871017	4066.50379923031	5987.864682691	2179.04928430129	829.575816741259	16001.5455223743	0	4550.23465694865	148322.278929458	33481.408712729	6799.35710288204	0	0	0	0	0	3300.21987041482	216758.893173759	2892394.06971602	0	27778.3575257039	0	100575.330763176	5132443.17143034	7882.10047132635	34385.5785402399	6645.64823220518	4004023.40372474	438011.510390247	28533.3393316755	1080324.71415572	260541.056646406	723.335862008727	1410.50493091702	4602.22442203053	0	16089.7020805566	11085.1220852837	0	5689.4886396124	8325.1436868067	19385.4011018339	6982.451492953	296192.472945161	2258.1641442085	0	370.709629279473	9164025.67149761	1916295.27200205	1751544.22730672	326025.556403884	17590.6239942247	6729.28394124994	0	10406.9947146506	22667.5375756985	10126.7020681222	24358.3351531439	47674.6145800815	234833.248025702	0	1598355.25428068	0	0	0	11433.2274688754	0	3526.26232729255	13994.2885053001	1403.72365721069	1516.74488564955	0	40466.1206302507	0	0	7475.22404894644	85543.5073808071	305.157316784932	139404.904005632	86196.7700811837	5056.56976035476	5472.48788100978	0	0	89777.282598127	10305.2756090556	623260.085075251	2251.38287050216	0	6783.5341309006	0	4028.0765815611	55335.1934436676	3835.94049321503	82116.7037345408	583.189538744536	0	2420.91471316046	0	10038.5455099399	57333.4087624668	1417.28620462335	0	9432.75172550756	0	8047.11146484709	2292.07051274015	0	0	2481.94617651745	0	0	246.386277996723	4629.34951685585	9776.33625996171	52213.5471141862	0	18481.231274323	11620.842708084	21526.023168466	0	7330.5568765447	32355.7172774779	0	47170.5399012441	0	0	0	125844.617017537	18320.7411299398	4918.68386165935	91119.9747919806	39844.503873837	119210.270908176	61336.6206737713	156783.048090392	60448.2738182418	121712.560905812	162540.349467067	809403.787889491	2004.99659250544	0	40398.3078931874	2689.90523684495	5375.28962455236	0	0	0	165845.09018662	1543.86998047488	540.241471937768	253.167551703055	103344.350859928	62597.937583149	0	6385.6994067958	0	1344.95261842248	20639.9367375053	26460.5300021068	515.376801681218	327.761562472705	0	13185.0565096778	1087.26421758187	14333.3521906167	1134.73313352619	0	0	0	0	57966.3276417244	7640.23504246718	237.344579721614
GBM-BM-327	0	0	0	4814.56848919914	13398.3993142047	0	118901.168626703	25170.1251484521	0	25639.8391473984	394184.372927174	10766.845885682	25064.2469929519	143052.938424981	2697.00537919552	126863.205920317	182252.881705893	246911.708741167	600.617900291936	6918.65619759364	124295.179385094	91315.0964754743	135803.172359278	89930.980224481	38670.5525034115	178273.788116459	91528.7778438473	998943.071627853	0	1130.00867779284	0	26667.8197844365	396.561818782496	202236.902292209	0	145230.178313539	216029.938367824	84467.6674006716	828375.288174434	1403.36682472058	0	72239.7029690871	0	9423.1558395161	0	0	0	0	262935.886311777	0	15743.1191941905	6670706.88292857	0	153092.112623771	1297.4886692204	204308.264025267	2157538.85140574	0	24236.4723226778	1366.7907346387	209059.305621166	20467.2099868713	308451.942832618	361791.432516236	1055855.46779526	0	440.838138355299	30005.8692687513	0	14520.7077625066	239869.848871719	78736.7716020527	4481.53356371675	0	2219.59115075834	0	0	0	2968.43846875053	14717.0636145252	3769077.53029866	408108.312904134	30017.4196129877	31137.8030039169	473.564113691718	18655.7309991319	0	0	9205.62435639755	0	0	10445.361304436	16965.5306258744	582888.121889087	3489459.0967948	31996.3785921547	0	0	0	0	7860.00925285889	30691.1896934434	54282.7677962564	25897.7968353443	17733.6285175939	19820.3907096339	0	0	83012.3240268873	928166.412262041	0	24835.165165597	256463.843424657	379.236302427921	21820.5253199009	526524.367072909	34762.6860367685	618519.008800957	34868.5641922687	1659948.09664497	0	0	3840.48945859747	16501.5917990464	78355.6102422521	214210.759150593	158582.376250798	107687.709430548	21982.2301392103	0	57942.3018618172	0	1030184.8277299	777842.532140257	15627.6157518267	2019.38518399436	28831.5842713856	4991.67376749035	0	21406.6379847639	0	1699.82566012109	54327.0441158292	0	0	10924.7005902459	1630.52359470279	1969.33369230337	13648.6567726597	18621.0799664227	0	0	89788.5259788989	14197.2981238879	8508.75358746909	470004.68260954	0	508039.96617995	822802.247080379	0	17933.8344843579	8689.70898050576	27545.6459464016	36531.8137623079	0	694.945711555733	0	3351.52488592391	183987.358398724	0	1952.00817594879	6321.88841204717	0	44156.9660156936	0	38372.1686106383	4699.0650468353	96037.2622107823	0	0	129211.775915048	42855.6272317278	0	0	57493.763493971	1859110.68231293	49167.8903569113	110829.403062844	25659.0897211257	23100.6884727668	126318.414683834	57615.042108453	208096.776934801	3728.8361309791	7313.29295900341	0	2367.82056845859	10776.4711725457	852.800416119639	841.250071883256	198.280909391248	1647.84911105736	0	0	230227.236491712	404.262048273418	4637.46321090793
01-2020-09	0	0	0	0	0	5485102.65835754	0	0	0	0	0	0	0	25830000.5300526	0	0	0	0	0	0	0	0	0	0	0	0	0	0	40464.4315714985	1390.57267128987	93093.6538042025	0	0	0	0	25673.003642301	12062.5106681686	15926.6633129057	18755.684396907	0	215.440836397021	28548.4496876807	93.5753127785043	0	20535.7915097632	106353.783397932	23773.2071758909	6757.00805063385	0	50905.6955415279	5902.49860526116	0	0	0	1013.36986008969	0	58781.9803953961	0	0	0	349553.8451392	0	57292.7546811769	0	89600.9008504932	0	0	0	0	0	0	0	0	0	0	0	0	0	0	4015.03376921722	301.762248960138	0	0	116977.120263367	0	76362.5329574103	0	0	0	0	0	15434.1234882809	73889.6783739845	0	0	0	0	0	0	0	0	0	0	0	0	0	660456.733760748	531687.673307246	16364.7988859152	16298.7883939551	0	1654628.4215404	0	20825.2221283572	4849.95768400837	0	5133.58518243004	329857.329884357	0	70193.8162142444	0	0	0	117349.970734438	0	0	0	0	0	0	3000.21312908445	77721.1884677524	0	164435.762422543	0	64519.0900757464	0	0	0	0	797128.193108893	0	2102036.65519516	62781.780974161	90988.5719616969	0	492078.476571142	0	0	4294.30892750965	0	164852.861684928	3091.61227179833	0	0	0	0	0	0	70121.2772120905	0	0	0	13815.0529602063	151554.286420057	1602288.62992629	20075.1688460861	0	61805.4060051698	0	49950.3568831613	0	0	0	0	0	0	0	28002.231001462	1937.51674753012	0	0	57158.5575271923	163903.326146733	0	0	0	0	99947.8641177226	0	0	0	0	80.518292390806	247.357997344728	0	0	0	0	0	342.38409016631	0	0	0	0	11083.9595291128	76.1659522615733
GBM-BM-291	0	0	0	280657213.217451	61825.7952868459	1197805.86957961	2423768.07268158	0	0	0	46704.0721084071	1139918.02303715	0	352347.963903856	0	1041370.85570891	0	21412793.1950311	0	0	0	0	0	0	0	0	0	0	0	0	0	0	0	0	0	1200621.50293185	0	0	131429.039343852	0	0	0	0	0	0	0	0	0	0	0	0	0	0	0	0	0	0	0	0	0	0	0	0	0	0	0	0	0	0	0	0	0	0	0	0	0	0	0	0	0	0	0	0	0	0	0	0	0	0	0	0	0	0	0	0	0	0	0	0	0	0	0	0	0	0	0	0	0	0	0	0	0	0	0	0	0	0	0	0	0	0	0	0	0	0	0	0	0	0	0	0	0	0	0	0	0	0	0	0	0	0	0	0	0	0	0	0	0	0	0	0	0	0	0	0	0	0	0	0	0	0	0	0	0	0	0	0	0	0	0	0	0	0	0	0	0	0	0	0	0	0	0	472.553849326211	0	0	0	0	0	0	0	0	0	0	0	0	0	0	0	3898.56925694124	0	0	0	0	0	0	12699.8847006419	0
01-2020-14	76679.2161744583	0	841212.985007031	118350.076279404	935492.316008423	289155.941071108	282824.929270772	4306.94960623834	137641.128098663	43611.6409986	4145751.30088106	1471618.13705962	0	10883927.012049	0	1551075.02954885	0	0	0	0	36704.1919618651	0	62109.0710136387	96830.02494829	3114.06744989441	0	9147.06283197879	0	0	0	822.198721039244	1017855.88917978	0	106373.898682379	0	0	0	27867.392798203	1528.45680812856	0	0	57.153833637286	0	0	243570.043362009	46755.9183319884	0	0	0	0	8960.0881476511	0	0	0	12941.2609021569	0	35143.0758202295	4737.23632519334	0	0	1984581.95878764	0	738343.432809955	0	25497.9581522687	0	1394.55354074978	271.888951445946	1357.81179055438	0	0	5574.13174631074	0	2832.38069839636	0	0	50969.7888377317	0	805.869054285733	6390.61508398626	21221.2184295243	1402.71837412653	0	79347.4837219819	2714.80709777109	166755.290953496	124.921950664354	0	0	0	1054.07998893909	4351.85618981049	91757.213971312	71333.6997626967	0	0	9281.78258269525	2003.65011065571	0	0	10284.4241213608	0	0	0	12030.065497311	6077.08548231886	277836.216077575	32655.2510903322	3741.94313656689	47516.0643193643	0	943676.744985282	139941.161660895	0	36663.3677949813	0	5979.1074817978	184811.81996619	39027.0870575519	41491.2337706566	0	0	0	6833.96553634406	0	0	0	0	53077.9488156099	28011.9103489716	1234.52280656538	8312.61686087442	0	110781.275739152	0	5736.61193050817	0	33240.6696434456	11886.3644298801	43828.8255664216	26231.1601895013	10807.7899408108	1964618.12469814	0	31868.161152813	10816.7712575252	904218.554725437	0	0	136124.102057262	32204.5522879353	0	167480.328157352	0	3462.70583508186	1081.84042242006	0	19537.6297872374	41337.7349031737	943.03825501522	0	0	1016.52175540602	0	0	0	804292.424960682	0	40437.1537817176	20826.0404940894	0	21645.7897651156	8301.18609414696	111939.049111975	8189.32787688541	218108.826959936	0	4143.65293870324	0	3260.21796733833	0	5613.32294651917	0	0	0	16474.1843042789	0	0	42379.5676420476	0	0	3709.28380305986	540.511969541191	0	0	0	0	0	0	0	0	1361548.83479092	0	452516.29430655	484.17461924158	0	0
01-2020-19	33938.5541158677	915132.787074484	215173.099177011	0	1173813.65134489	303034.013722783	1638926.91423446	0	0	85751.6721331616	3060630.54566684	18936351.4697526	0	10000952.6506654	2108592.7659474	652640.099916005	0	3024000.59823248	9788.57218844272	212485.08064638	147802.209124302	42949.2377025396	177839.508473805	677652.340141705	198344.719512239	36272.2199211799	118802.657041803	0	0	0	0	479864.460626395	28076.5476027406	89409.9421735932	0	0	1024.24811556365	0	507.905572956604	0	0	0	0	0	107768.788132955	0	18782.3818358138	0	0	0	7269.29305082076	34554.4529003499	420989.599011681	4139.17731050681	0	0	426978.160069565	0	0	0	807870.217120556	5693.26712011821	0	90898.2236199312	22886.1238737888	0	0	2163.23901837331	0	1084.99429704683	0	2674.51937919009	0	0	0	0	12770.1972629089	3351.16434515553	0	318.917452786705	60849.1125129172	18206.9805056537	0	490253.745053949	10642.3935170674	154556.847026446	18343.6594139908	0	0	0	35688.3816213693	48434.955369257	93714.4840892487	37065.2950683215	0	0	24949.8066502869	1017.4985398433	17623.1422058431	0	10320.1012764206	295.293937765467	352.665331388472	0	0	6093.17948154916	1911.81732279014	12636.8931424319	16809.8183315405	395455.954061584	0	666724.777050453	15686.0139741016	0	0	37831.3719125816	0	0	12741.5115660974	185739.886854479	1165.98920569107	19661.5140733899	0	1861.19550488749	215.986423051313	186632.518243496	13190.3583515009	0	0	24352.4691990356	1219.9858114539	9812.19570346395	0	104949.152875777	0	0	0	7292.916565842	0	48823.0559731773	0	13424.9061077832	436392.130805528	0	775053.779968197	1329644.48078856	582491.759454371	0	51592.0694124524	8021.87074364018	0	0	108561.863280096	0	698.581087056591	7650.64407902074	0	6241.67014739693	60703.9966349296	0	12101.9892665939	22081.2369691366	0	0	37470.2696115427	169146.05494599	4012.62276575018	79008.8459885284	43539.8255780706	0	0	6148.86348124207	857.196116484899	0	446325.818871958	330579.032237546	0	0	0	0	192217.792152088	224639.379124806	0	0	0	25093.2351343444	467.408118634482	0	5433.4084548846	0	0	0	31304.5321909997	0	0	0	0	0	0	0	0	0	0	0	0	0	0
GBM-BM-308	0	0	0	0	0	0	22936.049146218	0	0	0	4855.18347543345	0	0	0	0	17125.8344284348	0	0	0	0	0	0	0	0	0	0	0	4866125.43843499	591827.506118755	0	0	0	0	0	0	0	76519.5981047013	42508.599474647	211906.309878335	0	0	12844.9642570885	8765.92755223999	0	35271.4280330816	364130.522556835	85227.8589522277	8819.47520661696	0	0	1477.56219934716	1795.31751103472	0	659.636489632881	4944.03727555349	0	160118.078430887	6845.86165957978	0	0	0	0	0	81894.9587940826	54986.3798160076	5.88435762384372	0	211.836874458374	0	0	0	494.286040402872	0	0	0	0	0	0	0	1426.36828801972	0	151371.569258805	0	777.91207787214	0	1412.24582972249	0	0	0	0	0	0	0	49931.1281813635	0	0	0	234.19743342898	0	0	0	0	0	0	0	0	191146.884617177	89509.9059950987	0	0	0	5591093.59702236	0	0	308970.554190925	0	60972.5368267438	203098.014951204	0	109226.623085312	0	0	0	309534.864087051	0	0	0	0	0	110655.933552144	33000.065990278	654908.408282122	0	260651.739998494	0	13362.7877279867	0	0	0	0	54051.9438253412	8819.47520661696	86086.9751653088	124019.309715893	4864.01001186922	0	58593.4910394238	0	0	35492.0914439758	0	0	26460.7793629004	0	0	0	0	0	0	978990.58128684	0	0	0	0	380.129502500304	0	1495.21527221869	0	202806.150813061	0	0	0	22584.7529960746	0	10757.1941721487	169753.125604168	0	0	114776.160760359	256.557992399586	26938.5892019565	0	0	0	66802.7583604482	0	0	0	1039291.7129087	0	34324.6348914052	0	0	866.76587799218	1705.28683938991	604.32352796875	5308.8674482318	0	2522.6241133418	271.268886459195	556.071795453231	111598.607643483	4217793.97666904	0	0	0	0
01-2020-28	292606.003113681	789811.252965746	457516.387535928	168406.630042265	24517.8012392003	288226.741952909	156611.96692225	0	0	169346.125516203	1432180.95157522	192151.620488388	0	7940347.12164491	1245532.6806739	642309.085998257	0	6034000.60027862	73247.5855428003	181530.637931121	93574.8512516237	147803.852464252	196019.807131813	523209.437625544	2478.22926336225	5442.7369758445	0	0	19790.0175639033	66069.12379106	0	652785.424824199	8093.16115745038	4813.19235474581	0	3103.6412064231	0	1821.13345534458	312783.114853796	0	0	636.432417828438	0	1836.28660815002	3647.77714807295	0	27945.1688919214	0	0	0	20117.8766882392	0	0	64190.1328431856	2628.38323207069	0	722185.487113763	0	0	0	0	0	30393.0918496728	98894.9854456787	11727.1627120638	0	0	0	0	0	0	1220.51758051081	0	4094.10637616043	0	0	0	0	0	0	9353.62795899371	8867.34950987372	0	294212.237311058	8779.18571173298	73315.0859507517	0	0	0	0	0	154646.189735581	10957.1070376783	39186.0531548653	0	0	8270.8663130778	754.902521580052	107836.723160234	0	0	174.950036935523	0	0	0	28357.0591363602	31273.3522717342	571176.054051488	0	51639.1896422442	0	395428.410254661	163443.283718811	0	442583.644225841	33372.7527149605	0	0	2139.3496642588	18019.8538043589	1913.42993152316	0	0	0	0	530473.308056733	0	1863.837795069	0	0	0	21314.9757598689	0	456980.516950354	0	70940.1736383357	0	0	23017.6391114618	57777.594087793	0	29326.8609159083	1952778.53668085	571249.064696823	917443.503927267	5994814.54712375	650.208011287928	9017.50347858216	487905.346707563	851.331675796482	0	0	205055.218881893	0	0	0	0	156997.683539116	18131.4361113807	0	0	0	269522.241153614	144972.968008327	0	0	770933.179688861	29342.0140687137	134634.38511698	346479.594015055	0	14457.4853357348	0	0	0	24165.1460466374	158006.05698035	0	0	0	900236.410137018	0	0	0	0	24745.0985312819	0	0	0	0	0	0	0	0	0	0	0	0	0	0	0	0	0	0	0	6068.14891890535	0
GBM-BM-305	29924.3570030447	245117.007472882	86839.738450273	0	209281.156622078	0	378556.2107965	0	0	77403.2907775081	1067235.80643306	59796.8070555203	490538.968280357	1066267.85977529	482190.207162697	502767.773953051	0	417034.007460925	0	114680.149358313	116881.475943809	3826.36804933279	192492.207371553	824163.224990542	253562.504271147	185964.908337497	0	0	9159.80722030042	0	2918.58626608581	0	15206.9669615922	187225.421443929	0	0	967.946657770171	72448.5364050099	59635.1876867031	0	739.67404560865	2552.87820525856	25609.0018852832	985.05235738951	0	0	0	0	49927.9980785839	0	993133.32583037	249201.730571638	0	1947.69034976058	6081.37114053045	0	263114.56287927	6846.4088097126	6918.96057016704	391.661536111757	1859399.57610121	203675.795812334	37036.1990827125	1071650.25663827	56177.4769567527	1903.4514714347	293.156300372806	313.801110258215	0	3624.04891245578	0	61143.43851176	1558.38822049287	7611.44647889475	11899.0785662387	923.707779444295	103535.491130459	274985.32856338	0	886.547121650559	536906.621431274	9864.68001495938	194984.330850577	111136.320278555	8968.10541422162	30393.289113299	7097.09578689257	48.367840302958	0	0	2080.4069847382	3146.26902653632	8211.91552070465	88281.3360319855	5948.65450555282	46593.5663562348	0	13497.5767030803	742973.67608005	0	474.830627364405	10389.0581860488	0	3158.06606075655	225.323353606463	216728.034473601	0	19358.3433036924	24114.9075012906	96864.2682789165	6589.23346371151	281848.843072712	0	51290.5555310209	467157.836307565	37380.6724819434	1677.53826611723	0	48811.4087896388	405775.507852845	12487.1607221173	4498.7989998861	3421.72977557877	1963.02649424688	36067.6625732314	282475.265589807	116679.156806932	144567.345703564	1456.34387448784	0	939.63377564161	3194.63686683927	0	476229.165771213	119.739897335372	1636.83849805742	5460.84714054616	1529.48548665329	2789.40874137425	3489.56272234511	6667.68374127606	7373.14638764603	11383.5481708145	0	0	92916.9806288263	289546.407901415	28732.2666950901	179116.729972652	2913.86745239771	10452.762170838	0	81940.4301386099	0	21153.262060301	327599.511333911	9296.06296554412	154648.501296465	257925.6373775	0	0	1075498.44920091	159569.634121435	19642.6518284	8549.90055111434	71638.0801540799	561313.505529515	62501.2771505089	217204.044804387	191389.774523672	3454.17161968441	945.532292751727	37327.5858279523	5879.64185536445	148.642631174944	42274.0822764963	34183.67620826	4474.61507973462	0	0	0	96103.3595717115	0	4578.42898087268	0	33838.0231056072	20205.3703607052	0	7915.80996177678	0	0	0	51399.678097558	251.276828890977	0	0	5419.55752077534	0	2662.59062350674	0	0	245083.385925354	72701.5827890339	17023.7102315082	0	205.268395432066	0
GBM-BM-279	0	0	0	0	4957192.74303638	0	0	0	3891091.8985518	1086251.84038645	755667.752113723	0	0	5700956.93806097	0	0	0	0	0	79546.2500302488	71186.1905214633	148105.224954383	567585.783925767	0	21191.6111333275	0	0	184616.854612054	90974.0972992904	0	0	0	204329.08028214	40295.6850447715	0	222117.744463782	697.3473499084	88785.651933751	147392.561189812	0	0	21885.3546209624	0	1963.20397345013	868.53080789625	11101.6977332963	0	6286.93773599588	74783.7460359132	13437.0004864779	3504.75606090914	9580.86785390946	198469.200225545	23309.781184535	11029.6204878277	0	183338.384470556	0	3057.87713900402	0	276530.658999141	0	0	0	86892.7232746327	0	218.03366754242	0	0	407.236436897412	0	3795.76793948849	0	306.328293241416	0	1723.54713226714	6896.89142577364	69913.1261733747	320.74374233513	43.2463472811411	137491.850559136	5498.59286368341	0	70229.365087868	13896.49292634	112545.014936896	4065.15664442726	0	0	5415.70403139456	4058.84988544876	18884.2383127649	54930.9697371644	21394.3283862078	3560.61592614728	0	0	0	0	7027.53143318542	0	328.852432450343	0	289.209947442631	0	0	38754.1329573125	506666.096055733	0	27020.8583605979	0	1111725.74086618	421777.120205127	0	140500.17459188	0	0	25756.8036681929	6611.28534060444	182326.600137291	0	0	9558.34371470053	4381.3955589206	0	126717.203327153	35869.2412074331	130782.359971581	0	7988.86169462245	1593.80809042372	46490.724292795	0	102629.888857126	0	2756.95463917274	0	0	6113.95234687132	11517.0428603089	2354.22303011712	4422.83997506503	131147.251026765	0	122069.121959999	0	4038.12767737655	3582.23909978785	45628.5002438772	16036.2861511881	0	0	140335.297892871	0	0	0	0	156120.214650488	230423.746038466	0	0	5155.32498213936	8202.39053432309	17027.3482763809	49890.9683477747	0	1648562.47090949	0	199483.687455515	13009.0418415082	38970.3646937182	869.431773464607	4104.79912943497	0	156198.598654935	92734.5840198602	0	31386.0365392881	7892.45837880824	480.214647934337	0	253809.208330743	0	0	0	0	0	1915.45279832721	23314.2860123768	2148.8028805317	0	0	38384.7370742861	333.357260292129	581.122791590333	0	0	0	223.439460952562	0	0	41603.887050026	353.178502795985	0	0	0	0
01-2020-90	253134.164392784	162096.787743079	0	40532.3227578353	172299.931076125	8934.07050024352	12155.5075146413	0	0	0	88663.192015999	37458.233983558	0	945500.431269283	8595.31400702545	981077.808305422	0	420673.447181488	104313.886461732	69213.9466153961	102200.450429417	0	12806.2955751732	260622.199713022	8411.85100216961	13306.1239191112	5920.65453072165	0	4534.56986017696	0	0	27148.1909468957	962.097332551084	88138.805632041	0	236211.50793307	23011.6057941029	387018.097924568	7069.82634460211	1903.24810155564	1976.19992632115	20178.0413529633	5138.40872655286	0	977.265533739953	0	1155.67247153283	0	0	0	16861.261359664	90723.900491801	0	19245.5581274952	0	0	112608.003330865	0	322.865996734486	2599.54076565417	559130.232224069	120597.31158563	1061129.07352262	1428523.85288056	10400.3299485008	0	0	2323.6239630757	0	0	0	0	0	0	0	0	0	0	4335.93865413225	3946.62149028463	163745.787900898	3313.16851682569	0	0	0	0	0	0	0	0	0	0	0	0	0	330.088949681566	0	0	107.621998911495	0	0	7054.65814341324	4270.20978231382	2889.90347412679	942.595359593968	0	0	6765.01773023533	34987.9840756566	222721.198713808	0	2848014.6808055	0	0	76935.2833158249	2347.45970780107	297.585661419705	749678.231625697	14441.5721223922	819240.324573142	0	0	318.532224966237	0	42444.9606982222	1066530.39773644	558448.385465864	187304.893528389	0	8913.12393669698	0	0	0	0	384.983392079375	0	0	463.71357920255	0	0	0	18726.9501058949	797.414005357655	0	0	11569.0037353384	0	0	77278.3735808112	0	0	0	3735.71126422989	0	0	25164.0457723328	777.912032400539	979526.318012389	195468.274949179	0	163.238736604013	0	0	0	3337.72655684577	1027.82620436951	1699060.27780874	444.933901540141	72577.6758028514	4976.61458053827	0	0	9446.1778641915	788.746461821159	0	0	0	25919.5666505973	0	191502.151485938	0	151989.70968423	0	0	182196.821204214	807914.734352121	56053.726345816	2944.7979165246	3672.14927829558	0	16687.9104889341	2589.42863152826	29472.5372052661	2907.96085649449	5512.55768921162	5459.83013269793	0	0	1094.27737148265	0	0	1222965.11266431	4545067.69999024	0	0	7982.80759711305	0
GBM-BM-282	8536.74992858446	0	0	0	1117050.8823809	0	36863.4217956321	0	80051.7074863431	0	47006.6145003757	7866.72605712109	15358.0772946874	60951.9908612548	0	0	0	89940.6140230012	0	0	456.100587200966	17234.9513924613	0	15660.7989233606	0	0	0	0	30126.8564855576	0	12242.0626635445	77589.5715731343	0	0	1467780.1250733	0	0	34348.8141334533	0	0	0	0	0	0	2774560.77915304	0	23919.0449535657	35305.4144800607	0	0	0	1638.73308321763	12879.7962279494	0	0	0	195029.41834481	0	0	0	34798396.1149168	29686.9010518859	0	2111624.63008901	0	0	0	0	0	0	0	0	0	0	0	0	1578.18875748299	0	0	26482.0880763322	1537.8258736599	4476.24381598117	0	117762.74984226	0	6700.23871463367	0	0	0	0	4597.33246745045	19422.619695673	521997.03133055	0	0	0	0	0	7006.99663168918	0	52544.4021609043	0	0	0	0	0	0	0	5025.17903597525	490885.320479709	0	6341.00904860813	54247.7158582388	0	301034.460129402	0	0	157483.863812567	31616.2468986298	2693887.48325582	913416.097205008	0	0	9158.33833946011	0	26990.6604125032	0	0	0	536342.000241278	0	0	0	12936.3042653017	0	0	0	0	3531284.12506841	2272478.7947008	77864.0391831314	2007480.31724866	6772141.15587613	11031.1761488517	679670.600697086	691250.712065932	5081731.47249979	0	0	0	803.221388079578	0	557108.70396826	0	0	0	0	0	4456.06237406962	0	0	730091.915168896	0	0	0	0	7487.31494918401	0	450328.694814264	0	0	0	0	10482.2409288576	32217.6538675939	859023.074965006	0	0	897149.855024301	0	0	15971.5931287984	30635.4288217286	20621.3973452189	0	7362.19000933241	0	0	0	0	0	0	0	0	0	6151.30349463958	0	0	0	0	0	7845248.96663882	28306.4904251361	0	0	23269.2025240139	0
01-2020-16	0	24863.7994546158	1098317.49051873	40494.9813316658	34777.7683725909	10295.1573705825	128757.602266323	150679.928186486	0	378.119302425402	835290.706089205	191297.675525433	0	840529.74544992	44368.862691417	188035.168881941	91605.5393129176	156764.825337368	15968.7883970728	58149.9608387428	197443.341849919	19522.2504778206	397401.545358988	99078.3061761105	65895.2682380995	55490.2352910005	0	0	29892.2951128445	0	12751.0913462384	62975.2787549215	0	48160.4908262899	0	0	279.906496600622	3417187.51585567	3579.24294227681	1378.04843172894	2592.81807377418	63768.3471619566	0	10135.5615611173	98506.2165821812	112153.499781571	2713.74259094594	0	0	0	20610.5711323664	84121.7235090694	0	217038.638102071	5421.34688152783	618921.756556851	237312.216544451	4736.9263909364	0	0	0	0	0	156503.947571896	530227.613106602	1451.09420606112	2047.73700144666	2545.55316097101	79.7979047326334	0	0	53735.295216919	524.210851089761	65.6798138953214	241.235204307115	0	0	0	384.25760278945	6.7521304004536	0	41729.3935348761	0	161130.384556279	12198.644313474	84531.7619733878	0	0	0	0	0	2605.09467450228	576.386404184175	32245.1056423844	0	0	0	198.267101758774	977.217417956557	0	0	3506.81099798104	4816.11046563263	3473.05034597877	17624.2880052567	0	39608.6107590972	48888.4932494661	65342.8212053351	346093.94793605	0	56633.1868187864	216008.631300984	0	244622.318447997	95582.5441187847	2366.31479034078	0	25127.1325402335	346103.769216633	0	0	0	120228.433910477	0	0	6079.98651059026	121783.26539269	0	82427.5526085919	625.492807096565	0	7547.65412763431	643610.614451092	0	21358.2161167075	0	0	2147.79129738065	0	1713.8134616424	9004.88663405948	31630.0479459067	387502.922191923	3099.84168384461	9917.65189819353	71401.3236646512	0	18313.6191361394	8968.05683187519	0	0	13541.7044331279	0	0	0	0	0	399749.445248236	17190.9239995549	0	0	0	0	0	40169.0375823349	111896.918826353	0	23159.8072735558	0	0	0	0	0	91183.8380779074	12432.5135573443	0	0	2382.88820132372	0	403819.138389601	92967.6281637	614.443866441277	66.2936439317263	0	223043.123518184	0	4549.09439979651	9372.570825866	1960.57313627716	0	0	4623.98166423791	28.850011711029	6320.60788486097	0	495.974669415137	1382.95907202018	4182.6378680628	1867.27097074362	2122.01043585164	297433.18563009	525968.246483988	0	90329.3866672319	27199.4227431363	961.871667046436
GBM-BM-295	0	50393.8846170716	221423.199582423	139301.625419028	142620.867110597	0	82947.1477715824	0	74287.0985150239	44614.8693597595	80397.7958377954	0	0	214382.824061575	0	13136224.6238567	533916.125984724	12398253.8175421	141141.613519387	116831.98126188	34504.6189556812	218944.057720886	285771.941318533	360448.826786397	0	0	0	0	1388796.38674432	0	51364.7204437084	0	160374.331242088	0	3280393.73228151	667552.524884225	0	99555.4614142974	19595.8732688243	0	2864.08674042737	0	0	0	106590.994861197	2999.66481098014	6512.5894604815	0	0	0	173762.665709174	430.944581399891	0	0	0	0	333049.951349865	0	0	0	839722.148264404	281610.178759958	170441.002980631	100606.191461081	10734.8779434108	0	0	0	0	0	0	0	0	0	0	0	0	3728.39694020131	0	0	21406.8089254935	1907.77713563547	0	82605.7815582263	3931.76404603047	240694.65389671	0	0	0	0	0	61518.5495133216	57264.7875497283	844.941903980686	0	0	716321.893691637	0	0	0	0	0	0	0	0	9446.88627315941	0	0	28628.7622194029	56891.9478557081	0	629123.404993436	2745.45592869369	0	110108.761584646	0	0	0	0	95771.3806236904	0	0	0	0	111539.594436373	665414.749236045	2457.35252876904	0	0	0	0	264009.239957839	53185.3402482742	45571.1789645514	0	0	0	2028991.19382058	0	521883.572223165	103479.962349405	475753.133717583	3635923.01193642	43619.8231633811	93168.765876472	1618225.95560028	5246951.22461253	26846.8790064236	3423.34628145756	360056.618796583	1499875.98415561	114764.41568595	10429.827284667	0	0	0	0	15388.1110077399	10737.2989803849	0	0	140894.667748023	0	2757.56111356447	0	0	0	1685.04173401306	274175.174212323	10996.3499366197	31011.0626019731	9780.98937559304	0	4890.49468779652	74650.2540611475	0	3101.34836389472	2067.56557592982	65784.4166617856	0	0	158103.398560329	50415.673949839	1256.51818958732	0	1074.94041652557	0	0	44907.8148336325	0	0	0	0	0	0	0	0	0	585.89094774592	0	0	284483.949648282	0	1746993.64914475	5493.33289436154	14042.0144501088	0
02-2020-49	0	0	582114.989417379	604036.780818939	1427247.67378673	0	364451.694037175	305912.237309071	2559.97576722304	0	3353923.53687018	0	0	3730550.06405777	0	241869.041261755	0	1425052.01830795	0	0	0	446804.765649351	0	953120.277040063	0	0	0	0	130342.535865581	195969.551792781	1059.58801446168	0	53032.9363379879	91354.0075932927	96946.0459137096	30244.8413498016	9322.14967053951	49200.6206321397	65517.8588942139	4267.55330233976	27077.2015900329	3212.13689423423	5439.77468841745	0	154729.051355898	320649.827297617	0	0	0	0	20715.5018969067	471043.884381751	0	9038.48043832143	917.753398352637	20734.2741255093	2228448.47635176	394.912068382044	0	0	142748.893168766	0	0	0	37806.5731380465	0	0	0	0	264.89700361542	17828.055030726	22890.994611638	0	175.902734684255	0	480.429998683085	0	0	174.512199232206	1819.51563900671	74714.860374069	3501.36826826051	0	208423.882569062	23967.9643192503	600243.400105748	2006.54265730736	0	0	0	41565.1904649361	17587.4923975214	29408.4342753938	0	0	0	0	5462.71852337626	0	0	533.965613586989	0	617.397740709956	0	939.306697859403	0	187344.755651444	2029674.90981992	0	3988.75094420385	0	212049.703760281	3390.82069982258	0	128872.739892765	0	47.2782053696813	0	255.163255451074	0	0	258.639594081198	0	66455.7750566213	0	0	0	0	0	36785.2248485161	10049.3997119614	0	0	638611.054298696	0	0	0	15662.991331885	0	161986.255880145	0	0	9996.55936478349	290986.925034498	7390.0006599168	0	32046.2800279316	0	0	69792.364873814	0	0	9981.95874253698	221.095136875863	0	0	2822.09169993436	7726.51023931277	13038.3556661417	0	0	54143.9741641755	451.228754190046	11310.6153669702	0	5551.0175245814	156.435238355563	152.263631999415	59546.8996631136	0	3255.93876097379	3100.89405807027	0	2694.16243834581	301150.348653527	34915.6499332357	0	0	2241.54314870371	0	0	0	711.954151449318	3367.87686486377	43646.8220366542	59729.7550750581	0	0	77897.1007560842	8708.9235361857	5393.88701849982	0	38775.7763481249	727.945309147887	1511.51203637775	6327.63157455102	0	14392.7371964378	5091.44555767906	912.191256544439	572.900606244373	138048.188073113	0	0	38501.8408640712	2506.44015231913	1714.53021237697
01-2020-64	0	0	515636.714257279	0	452376.874427318	0	405565.167412844	0	0	1016788.59619538	3326588.8206772	0	0	4409436.90293524	0	366391.239996975	63176.2052563234	302336.449320615	0	72023.7293948238	114191.605588202	172534.746240652	160273.410869107	458396.874141913	48497.915186005	0	44436.1472056833	534740.033587357	14137.6221195268	0	0	0	49525.184292509	58294.9874130831	0	66.7387001758361	1307.74060597714	1136614.97558324	199056.198814326	7245.79533428033	0	107643.609827912	5737.83862777568	870.137483305204	2842.73071002137	0	0	8888.91902848288	84164.2592711142	8437.79920704115	107179.818101373	153899.442605478	218354.665482893	1992.86827487085	9992.21956556695	704.557923375282	504589.347393996	0	6310.60873814551	0	758463.362862876	126821.271001224	245628.829219309	690394.957445562	26164.1048499471	437.603122671938	0	0	0	3805.79549736888	10383.3590362177	0	1536.67969139045	729.901733568638	100.53044710031	617.544175044762	160106.141721831	170086.534175974	1090.6286319874	0	275726.293411265	504740.565461483	0	8583.9485124895	3586.1491423598	0	0	0	9632.3374608213	1697.1904892817	0	139.390956063455	35866.5601856367	0	186418.085464572	38806.4421680659	0	0	4152.16090334474	18252.6121012546	14880.1957581921	7718.03499754985	0	0	350.589374341417	271707.609908272	490.825124077984	0	58029.722199726	90349.8385456392	0	165142.801600924	56650.1741315344	0	563028.794525181	12951.5318024778	4816.16873041065	216066.964216106	2797.95664534644	843887.2095006	0	2998.17274587395	0	4387.01354446983	0	0	45621.3927290592	78832.7664001053	58142.924551923	26044.9889420383	14869.2134404417	0	233147.002699081	49648.5241687834	1022.20034446534	0	0	0	3423.94875712232	502.65223550155	0	5383.87007874181	7168.91911002715	0	0	35623.2596077804	9911.11937294821	0	18879.4490067036	5715.87399227477	4676.7777743472	3314.12557961778	23753.0637068859	86542.353460924	195846.827650174	178822.545549624	10363.0839880631	352108.313365672	41189.6051199144	0	177275.728334156	341363.382637363	11523.8304949187	9991.37477189384	7788.15287241814	112256.183283103	649228.161754822	0	348502.733968831	12181.0799725998	4343.08427346802	38902.7486468007	4966.54200422456	1167.50485624058	1760.55001476509	4743.51647452303	1859.39087451918	1630.45178910587	4041.49293216709	8433.57523867559	0	0	559.253411600044	0	0	51816.2647339884	0	12737.7990031805	7429.1155613456	0	8360.92298278797	5056.09013357442	21601.37422147	500.962648155326	1784.20423761223	0	0	0	390.294676977674	0	0	144852.547160123	0	0	0	2694.8918172268	0
01-2020-52	233535.545708345	0	179427.637269974	193760.319035511	1025833.01362617	908329.440430398	79952.1570111977	0	59748.8255977875	0	2386650.12710603	4615031.63550748	203808.161702063	6827964.61862804	3814445.41940615	90320.3124045124	0	1049056.99907352	7326.49724614959	46404.6499111524	59116.0766867243	0	389211.469186062	0	4312.40699759925	0	301.934127685792	0	53069.5175905471	1008306.39389255	152921.759130392	845630.849680828	0	11143.9948257595	0	0	0	179212.345109363	0	0	4122.05722144951	9270.69047703071	0	0	0	0	10158.1142610116	0	0	0	18172.496215454	0	0	0	131.275707689475	0	17457.0436085464	0	0	0	1674232.61456018	1134861.42713351	617670.583278055	382831.469792354	20744.1873290908	0	0	0	0	0	0	0	0	0	40106.0414562114	0	0	0	0	0	273472.241501637	876.921727365691	0	26420.5489295837	3212.31656716145	97403.9495914365	341.316839992634	0	0	0	0	5621.22580326331	32653.51953068	0	0	0	0	0	152942.763243623	0	0	0	0	0	0	104863.035302352	0	3246.44825116071	644.563724755321	19770.1215780349	0	1602048.04117297	47343.2712211322	4816.50571512683	215422.123561351	0	0	80674.1734034898	1600.2508767347	449449.953173532	19502.3191343484	0	0	0	19382.8582403509	251476.996678265	64725.4876762955	61983.1381426624	10991.7150048397	0	0	94762.6823527243	0	53819.101881454	0	8968.75634934492	771.901161214112	0	1459.78586950696	0	13386.1839130957	6952.36147923458	6783.01581631516	11843.6943477444	0	0	0	0	0	26172.4378420506	403628.16740452	0	108943.084297341	222348.229899048	0	25530.4996314491	0	164396.568739529	224376.43958285	0	1664629.79654269	0	1063.33323228475	71503.2524643031	864004.197729047	1756211.6684981	289721.54859944	0	117817.32213715	0	32653.51953068	28530.1495521535	0	0	0	0	184280.900183254	13823.3320197017	0	0	0	29260.042486907	17500.3645920839	50966.4807533617	0	57183.6982695352	0	0	16862.364652713	0	0	0	0	0	0	0	0	0	0	0	0	158542.984933656	0	43411.5637758324	130793.925842254	0	0
01-2020-27	203281.782213624	0	743734.996577025	0	4111520.25161401	0	316043.882654532	21836.595296282	29279.7440474793	0	333476.882129644	734326.856555511	0	2980740.60389488	0	2203903.97815161	0	0	0	195435.558330054	10549.5755100047	419988.714574792	996899.158581442	767734.456390424	0	0	0	0	2312.18553206426	0	1304.49770113292	0	0	55343.131754595	2496.3175811708	69649.550714281	0	0	139.244136637784	0	0	0	522.16551239169	3042.30116956632	282878.127899043	0	0	6045.21090574169	3085.35692234248	1678.25827842382	5809.77838524228	21033.1932710758	0	7750.03549970824	1038.83454570557	0	86187.5401795568	2281.03881729001	0	1432.74887961509	137808.63951863	1188.15556065267	221976.223637093	255928.890980554	70221.184538373	0	76.9507070893017	0	215.278763880784	0	0	3294.22312729915	0	612.85741717551	4506.19676395565	0	0	0	53.1326310854702	42775.4323431887	149905.473889038	0	0	83653.6633246876	9133.31606762307	582215.462396581	0	0	0	0	0	33886.7095945281	131981.455616308	0	0	20303.0776335737	62293.4295484823	12860.8449622227	0	18282.2054926333	0	14769.9553619144	12389.9799212239	0	0	2152.78763880784	7412.9181162694	55597.8019518668	2408.37391592588	11844.9124126747	184.132049106543	31268.5533937992	10110.7732636265	0	26003.8425171062	0	0	43617.3097219395	80877.941390395	36355.5447803098	0	0	0	39924.5918614994	159.397893256411	34572.8533994077	61.3773497021811	4628.03538351372	0	99660.3264791087	3664.31938520484	0	9136.98038700827	187499.558621547	0	0	0	0	676238.233501552	0	944347.322118527	155901.216483079	3490641.63930429	0	2303.94081344754	0	4691427.19279791	0	0	69760.3963756835	0	0	141248.519341491	3904.33230493576	0	0	0	0	0	52034.2513497551	164623.212699713	893697.267416533	0	0	0	691.640283957414	0	0	38437.7942709525	0	0	563272.763334764	21.985916311229	42397.0913666663	120952.770346688	142284.605647658	0	2263.63330021029	7131.68160345492	4486.04300733703	0	0	0	8406.86474950621	0	63969.8556672135	2582.42908672311	33195.985390417	21349.2408180497	6932.89227680756	0	621.102135792221	17568.5792923646	0	0	0	0	0	0	67.7899086262896	0	321891.220313473	5191.42448898896	62610.3931753025	0	801.569865513559	0
01-2020-08	253171.409777312	0	1360174.56453977	0	434105.136723858	25955.3279196676	0	214507.549501785	0	0	13295012.9059434	64478.4116638854	0	1887252.93905904	1123515.41378782	974946.487421735	0	1338735.12691858	432860.230535219	300671.067635617	913440.944860209	516197.176746288	7911467.15917177	1644940.64446156	0	127168.133282897	0	4422475.40881833	9962.00983325324	0	0	0	0	0	0	0	0	130775.876938221	0	0	4330.94858087402	3422.8019377207	0	0	8211.96432638636	0	4397.19636031377	0	0	0	161597.656322567	1360657.62126485	2502283.52175701	95739.08258702	0	83367.3097766457	2917223.72795378	27404.4980949122	56387.9015998052	0	1172033.63125501	238522.369548696	167518.551609995	838343.56621696	118589.045845449	57.9668070097861	430.610566358411	0	0	5724.91227325221	869543.510008941	2321.43260453477	1934.98722446953	0	0	441.651862931704	249801.053998315	0	5327.42559661367	0	8889996.54733154	469597.384558707	0	51620.8218042862	12214.4343342049	0	0	0	19148.3685822327	2382.15973568788	0	2313.1516321048	8681.2194307513	0	2521340.79964252	0	0	0	29805.9800996033	198329.289697768	0	8846.83887935069	0	0	0	43309.4858087402	0	0	173679.595097892	393365.512692552	61883.7069691616	936787.766464436	617669.452578991	0	122925.51507461	319259.090416755	0	237247.099794481	40833.4750521793	132139.477065022	4924.41827168849	604.510987387769	0	27329.9693430425	59725.1334890829	104699.094756247	0	54502.6002099155	103884.799133967	0	70391.0259788836	0	0	356250.194261429	7066.42980690726	568.626773524568	0	2950.78650921244	14535.8669387397	21472.5615109108	32240.5859940144	11562.9978363807	431935.521947206	0	0	0	0	0	19705.9540591839	7828.27927046444	0	0	39544.4036772474	0	0	122359.648625228	3309.62864784445	411972.857742693	84305.8199853756	0	34059.6396044643	80295.069005127	6023.02728073111	0	0	10169.0341440025	0	0	1371323.51375465	4284.02307043752	0	10042.0592334096	0	69753.3911017759	28870.2302150168	276184.232160198	0	11063.3791664392	0	0	0	601480.1514784	0	0	0	785083.11187154	0	0	128341.27104381	2031.59856948584	1054.44382274944	41890.6791990721	196046.50163124	176.660745172681	1957.06981761611	63081.6876473639	0	85796.39502277	204.263986605913	0	0	22874.8061757189	1046179.41226433	0	48805.2911780966	0	0
GBM-BM-265	0	807539.728295192	0	0	715790.009670282	1793911.24366612	790154.543805713	2498.3360549436	0	0	1778511.34407745	270166.045798656	0	7962024.13117289	1233575.73370032	943986.240403077	0	958042.169033625	0	416976.748884471	80457.0165908457	43528.4867787105	0	1047575.17207407	0	0	0	0	2457303.11589835	0	79386.301138727	360214.888314731	0	4425.06620445926	0	0	0	0	321657.978752499	0	0	4386.02970360077	0	0	29756.9669401319	0	0	0	0	117541.692406415	25276.1343058747	1912.7885420662	0	91509.9229767792	9675.47556992668	0	67965.3363161276	931.299377624067	2074.51118847996	0	1332664.31448663	49462.0349092016	17371.2428820297	59990.7368550353	11328.9502134329	0	3931.53330074831	131.051110024944	0	41.8248223483862	0	259.313898559995	0	14278.9943497391	97942.580653961	0	9391.06677795766	0	0	0	183825.670864137	5038.49693223559	0	97133.9674218922	9232.13245303379	39081.1140023321	0	0	0	0	5481.84004912849	230323.720029583	53736.5317532066	64259.6570560606	0	0	125427.065579831	1405.31403090578	124250.393911096	0	0	0	0	0	0	144719.461968396	18765.403626976	26600.5870135736	5955.8547024102	180061.436852782	0	443267.832212667	0	0	509629.883672106	9128.96455790777	0	0	0	0	0	0	0	32648.4563251503	177839.144625338	0	208845.279592942	0	0	152621.565070751	0	9148.48280833701	1182.24831171438	14825.505361758	0	7807.30017169876	0	19811.0241856856	43567.523279569	0	0	1335.60599365847	76915.8482986823	0	160163.97470091	139059.169343915	970.335878482561	0	3382.2339672395	0	1288.2045283303	0	549653.450338022	0	0	0	0	88278.2583699939	125990.306520789	0	0	46194.1221230476	0	39881.3622699312	97989.9821192892	1341305.32278381	22287.0536687101	0	94432.0838981864	0	0	111602.567632944	40734.5886458383	0	27052.2950949362	207791.294069763	0	20892.8929237639	282671.667680823	117898.597557121	0	0	0	62291.1020841966	613.430727776331	0	0	0	8900.32219573659	0	0	0	7497.7964863207	0	0	0	0	0	0	0	0	697.080372473104	0	0	0	2205.5622985049	0
01-2020-12	425248.270216312	0	0	0	0	0	779261.811536826	0	0	0	27757.9205072277	3392148.33587853	0	63734.400753132	5025124.66826685	664135.993075842	2052157.49263171	1009683.27129098	0	0	0	0	0	293568.511476215	0	0	0	0	0	0	0	0	256176.119846008	176215.526063147	0	517.040215199706	4280.18437561765	0	25293.8669293513	0	0	0	0	0	0	0	5383.49194780113	0	0	0	233100.766476018	17410.6261586914	0	12657.7502055794	0	24652.4341937584	448967.219670076	0	0	0	8859.99247426944	0	3369.4147915211	12395.9850757084	1002237.02685283	0	0	11387.864823478	0	0	14924.9390990074	3504.62405281809	3263.41073066425	867.502620481515	0	23717.8677796736	0	0	0	51.9203563380458	447424.7524172	83234.8212544297	53238.9170542141	130290.889208055	20551.8077171431	59170.8177658358	0	0	0	98137.0451975392	101.67736449534	122201.048686133	18225.1267487445	0	186976.019914207	123063.142936163	0	0	0	0	0	0	8995.20173556644	3107.64966165012	13201.8322730385	3064.38269803508	0	0	88.6972754108283	25390.1359233948	693.353091930987	1693.90162552874	0	2760.43227863944	16835.1755426114	62049.1525203262	0	873743.879982985	17331.6639500939	119386.532702975	0	0	0	0	706.333181015498	0	14603.6818941658	7917.85434155199	74842.1119872027	270651.082523419	3186.61187024756	24803.868566411	0	86505.8037037266	0	0	0	51972.2766943839	223546.339235727	611594.75580992	4189.32375202607	0	4521.39769777149	0	0	0	169336.078848356	0	3186.61187024756	127652.686101628	0	0	43495.1968481075	0	0	0	1016.7736449534	0	0	0	0	0	0	0	4252.06084926788	0	176024.06974915	0	250408.633596124	4574.39972819991	17115.3291320187	0	0	159382.513868716	21650.7885929651	13638.8286055504	0	0	0	0	0	0	0	0	0	0	0	0	0	0	0	0	0	0	0	0	0	0	0	0	0	0	0	0	0	0	0
GBM-BM-Kit-259	153896.092270922	0	808372.039362279	7166.95214230568	2550286.1494127	105300.241422468	328102.209613471	0	38179.1800998509	0	2876681.85090114	335380.891722552	0	1642590.94437195	0	1317056.61408035	0	1311608.58450382	0	183338.370951725	142740.284819035	0	4331578.86553108	804081.417646705	780398.484518234	0	252750.37407173	45916.2415598057	7689.31361090544	0	0	86110.3808895387	23947.4562122051	198280.582833225	0	0	11349.6637190277	4377.52280084334	3634.56626963563	0	0	0	0	18691.372988854	1275.82252659832	0	0	2728.31209467919	16841.6213166826	0	278848.393405117	865811.746811652	0	21371.9372344838	0	6899.56418762939	1508097.66804071	26924.0571219409	5392.64207163227	4209.45037218967	400827.913457499	38186.8197556988	102125.964417668	194425.421500982	90657.8860329977	218.68514864597	418.271157672204	2426.54568868737	99.3155260226237	2195.44609928858	58526.448493736	16959.081025344	2162.97756193503	4113.95467409099	4068.11673900363	2961.32159803996	2168501.98807003	634461.003726855	0	248.288815056559	2122669.78272456	40676.3926051313	103488.688029536	0	0	0	0	82.1263003648619	3804.54861225128	1797.22903821709	24667.4937758692	246.378901094586	95530.0765499922	51058.6849024194	0	63213.377356419	3501.82724927847	0	36203.3741061893	0	75909.5304186381	23824.2667616579	0	3147.53820933238	0	1052984.27004204	1607.19259900073	1640.61609333527	124.14440752828	748813.282372096	6354.28375148594	620274.162817315	400118.380420626	0	658892.62312842	85138.2346828942	0	0	27024.3276049445	404555.110554291	0	0	0	0	23470.9326786927	275177.538770204	58077.6187126722	149622.659781007	29804.207376597	3397.73693835092	7534.61057998559	422.090985596151	3283.1421006325	249930.386106876	0	1380.86779450686	21819.8120585666	66893.781561142	37011.2677121041	9084.50576012711	3715.73761301951	84278.7734000061	294061.813069217	17151.9823355033	0	2470.47370981276	178501.513843027	0	178271.36921061	0	5348.71405050688	0	110165.747240595	64315.3977124777	16907.5133483707	85512.577819441	0	505571.414960052	69666.9766339276	0	8492.43243191531	291868.27688389	144399.045095009	20286.1511471019	158229.68705064	307794.094455807	362240.011769786	50746.4139696368	536876.81471076	63412.0084084643	101828.0178396	158450.282113248	32219.2935815125	0	528.091210485682	56968.9136577465	3711.91778509556	19459.1584015673	0	85862.0920744822	176401.563441837	0	0	0	0	373107.422213416	19219.4641993397	38298.5497224743	1373.22813865897	6981.69048799425	6525.22105108258	1436.2552994041	17392.631494712	0	0	1230.93954849194	1071.46173266715	0	0	0	0	179340.921029315	749663.194085174	10047.1023969618	0	1439.12017034706	0
01-2020-42	405795.891069427	0	739587.861832706	0	469379.549778133	0	575038.411632717	13276.7289305388	21463.9806479727	0	3746107.5756447	0	4325459.08717249	0	0	0	124855.588690867	137715.607006123	0	289371.199281727	0	400613.596642709	38500.7735758073	787587.897114204	0	0	0	69706.6942692293	0	0	5991.54450790482	0	29911.3139327177	0	0	0	0	168206.061677946	81227.6309089249	22772.1232523289	46251.9777584558	88703.2839886602	0	0	0	0	0	0	4154.5371551504	15194.9513452045	981953.910341349	1768755.76167777	277337.834275211	2674.29596722038	9909.20439914741	9283.65505323577	635985.481367233	0	222.374574280798	702.89702392235	1048436.17328351	91395.9500294082	531979.926130128	78315.4908318215	7766.67371825067	384.804698103295	0	0	0	2083.55307641357	823.752770814088	0	0	1199.85585514118	615.880886160298	0	0	15508.2094411479	0	0	2587889.90926864	413654.415155315	163310.920505843	14180.729917289	0	0	0	4469.72894304405	174.999121499237	9177.30199597104	1831.20627690362	3503.84981388528	14880.726403286	72731.9553254232	13010.846287377	0	35782.0026937307	0	215826.126491217	56333.280741177	12279.9107301757	4645.69491051842	0	0	0	529128.697349458	0	0	61405.3547267295	61626.7624550352	0	112981.753270248	132819.498988045	11634.0576187863	401393.841344642	0	0	52200.9810434547	4204.81314585736	352701.544344948	405.108463581107	0	17474.7741545702	0	12158.0881373089	253195.690276117	52723.077870027	70463.7346677591	0	0	21.2706114529459	0	51475.8465621043	55818.9186824058	0	0	0	1859.2448101825	0	0	0	1541.15248436345	1288.8056848535	0	0	35205.7624925509	2048.74662130875	22145.6070604421	47527.2475996574	0	54889.7797003021	365.467778600617	271151.953726304	0	19310.8146613495	93330.6088256511	171.131737598701	187252.927388084	23050.5748931675	0	0	122919.963048649	60608.6736432192	55336.462540814	0	0	593404.61777636	0	547288.965300399	56343.9160469035	3723.32385024067	33360.0535260203	36579.6506232162	0	0	287017.896178251	0	63011.2858914269	10864.4482225797	6345.41013480383	0	0	3675.94839745911	45626.4284125442	245104.156310221	25831.2239176526	476.655065741016	166604.964743124	10080.3361367461	0	16947.8430981222	1481.20803390514	18131.2625716861	0	939.774287830157	7015.43439557162	0	11767.4823633548	0	865.327147744846	0	0	0	4524.83916362668	129536.09005649	8474.40497204869	997.785046338191
01-2020-22	868894.176118613	0	0	500708.660393651	1244540.36800891	0	744036.812114645	0	0	0	2579784.15275814	3058975.73191968	1253266.75483495	850351.110127664	761106.364202078	1285688.10882742	0	1582448.68138305	0	0	0	245045.90190339	3769158.15728953	1433106.96776434	0	0	407956.897402829	50202.0249692385	5898.10372918346	0	636.90344547577	477216.098983199	52305.6954596977	76254.3445069518	840564.1171403	0	0	21816.6417509582	0	0	0	63.4204702062738	0	8946.33441420415	73127.8502629532	101306.779610136	0	0	0	0	14936.1954194307	121408.369922112	0	37987.5122818515	0	0	694501.376768426	0	2252.10137817598	0	6398425.11989734	409700.285647648	50280.2885282164	182000.557031527	556366.195172335	0	2713.58650180461	364.330360759445	331.94543980305	0	0	19726.4649775642	0	6489.12853663767	24368.3036479808	0	76038.4450339092	0	0	0	39494.7604780304	6417.6118361923	0	515729.866230592	0	392611.842356324	0	0	0	24088.9837047319	0	265428.161530321	67422.7066878016	59509.991000789	0	0	2562.45687067476	0	8378.24892576072	0	0	81422.4381429099	0	0	0	36740.6928250303	527.604337247937	29719.9118360251	0	137770.851235331	0	663797.77295835	106615.207903572	0	334275.804740204	0	0	0	0	32743.8538303285	0	948.608309681073	698.974543975528	69131.0112682514	0	144873.943898434	54337.8492497114	4106.1381029296	0	12979.6064449819	9302.5685447245	208348.388972968	0	3821.42067285462	3312.70753949792	0	0	335642.718278905	0	428869.460110421	23017.5825697578	45398.2616940399	660088.350137136	0	127975.762017728	56803.151357517	113057.108430482	21750.5225373389	46271.305188156	2249.40263476294	36536.9376973463	0	27888.8144302823	0	0	0	0	102069.174624318	5126.26311305604	3724.26590998544	7147.6219294177	30370.308998566	36178.0048234129	0	1238854.11563765	260909.115685197	53462.1070121823	0	125503.71305139	0	98037.2519652471	24267.1007699921	19228.5468178596	0	12909.439116243	3525.90826912752	0	16069.6676529046	11972.9751519206	12082.2742601484	107785.113173122	147242.09124337	0	445.292663150433	28752.4123224528	23340.0824076153	0	0	16876.5919334014	1955.23960274235	4420.54171054793	1704.25646533029	51429.9532221685	0	0	0	0	0	0	0	0	1291433.73355377	380128.80469934	1713349.88126051	0	1360.16668016859	0
01-2020-20	0	5429.46952438748	1005157.57292885	122204.105642837	146397.47749662	0	69772.7875227909	0	0	0	169969.723642461	427331.484039553	154477.617246041	1003946.35277315	2029499.9722164	205414.930339326	14680.7890937807	110821.63920445	0	0	259535.450122795	0	0	0	0	0	0	4232.26348619289	1383226.93142103	0	39.5398315290017	0	0	88048.6982605314	136295.801297255	0	0	24532.213194861	15801.9184940967	228.229913635757	599.604027490431	5503.54414547978	8718.78310424316	32301.039334015	57518.4427739798	199917.392244205	43923.2472825586	0	0	8698.26243218381	147374.461688324	284955.55776237	0	12330.9218908863	29408.1250778425	0	285854.963803606	52568.9567741026	1687.70015083283	35018.2766171916	347548.61258537	0	0	28472.1822302572	741460.930915772	3472.99861999675	0	1696.70922637109	0	45.5458818878374	6473.02077423518	2209.2255236584	5346.38582775692	0	0	0	277286.331958334	0	2321.83896788657	1459.47023719708	1318014.73813738	69834.349538969	10846.4264438607	182043.38637631	2228.74518732462	64638.6154743795	1221.23023962993	813.819823622238	7409.46412601698	15522.1366482143	12685.7793662541	3814.84298625381	4618.15222174809	0	0	0	70354.3733992049	0	0	0	0	486.990583262262	0	0	0	0	37197.9723932524	22493.6596022328	0	0	0	1666509.80415847	564094.255752208	0	131580.050757176	0	0	0	2530.04871365954	30815.0423743997	0	39666.9595949304	0	64928.4074041934	0	0	44691.521224293	0	0	121503.399767639	23377.0495091783	20988.1429789514	0	366335.037603611	150.651763167462	819.325369784504	0	0	3551.57777885818	17976.6092281918	32862.1045383695	0	51593.974599185	18533.1698947773	0	0	204386.894719572	0	2476.99526882316	19817.463663175	0	0	87997.1463282847	0	12855.9507930878	0	0	0	9851.92460527683	0	0	60601.5486248488	0	0	0	0	313757.572258167	0	205312.326979029	0	0	64268.242368918	6659.70883955566	17719.350071155	239537.804948855	71197.2224662281	0	0	7326.88093358299	1223.2322564162	0	0	0	1336.84670903751	22946.1153959318	0	0	0	188526.917738673	0	25482.6706641467	0	50286.1571335485	0	0	0	0	447.95125592983	91.0917637756748	0	0	0	0	0	0	0	0
01-2020-29	0	0	0	0	1490862.52792174	0	0	0	1869265.29052005	0	1220839.59364813	1152443.63221909	0	2860761.62707213	0	0	0	790427.154166046	0	1874849.85813127	342013.122274997	1093965.10899377	3526089.51707043	1421862.13485248	0	19298.0268876549	147479.41649006	0	281967.836089387	0	7624.40541432948	0	178659.52237735	155555.003947634	16975.4864118791	0	2744.21483264817	626300.643257607	2827.02672666149	2419.63028255	22944.605806793	99020.180579509	2240.68044261318	6940.0174626562	45450.4037614005	427.385521976771	269.37662075596	1949.41102229048	5773.98792051468	11028.259816532	469073.219795244	164135.077656095	918104.057517565	19869.1433980916	2767.05949306564	0	435072.750207248	1007.06878006999	2984.08376703157	0	1840618.08635655	91506.1910238639	91072.142475932	1341609.79466677	63396.788241022	693.906560180548	184.661005041188	0	0	0	0	58567.99814528	694.858421031275	4168.19866533692	12557.9002036515	6026.23104595754	0	562212.804038957	0	237.013351831216	702071.62255809	687360.613110093	40013.3745820435	91785.0862531271	0	251166.570820687	936.63107711613	0	0	664.398873807987	208239.550174566	7087.55589451901	20807.6781969092	118679.91459044	0	0	16050.2776649717	203.698222055744	9872.70074374848	13978.0765929374	0	11466.1158078668	0	0	983.272258801791	158010.804942512	0	0	40462.652903587	189444.105816095	29538.1459197843	585916.994804631	172862.689796418	0	242332.350265083	4795.47496596653	0	112878.322705255	5786.36211157414	179097.378368684	387.407366246204	0	1863.74354572498	5717.82813032174	3912.14809649115	98707.0183596195	27089.9598117125	84367.2346434056	0	47398.8629228403	3976.87463434064	6884.80953331399	0	462062.764629634	0	0	6482.17239345615	28984.1629046607	0	0	19864.3840938379	14116.0964162929	30403.3874330959	0	3018.35075765777	0	227023.572202828	0	19141.9217081355	16148.3193325967	36832.2556189112	3721.7759263456	108329.379699627	3816.01015056765	829.070800983892	54461.6704352404	1888.4919278439	86217.6521372204	18639.3391789513	0	30363.4092773653	12578.8411423675	7092.31519877265	0	74623.0351145054	14976.5786253508	457800.331740075	0	51282.4551938096	0	16583.3197413793	8218.3665851836	87252.3248819615	35082.7353752736	0	32635.5011280525	0	0	19792.0426691826	47979.4980417842	0	0	8426.82411149299	76.148868058222	81532.5930299383	102986.584744492	644.409795942703	6105.23549656795	37536.6326484498	5631.20879290552	0	0	0	0	141.827266758438	0	0	710.08819464292	0	0	0	94113.3378940073	17901.6470196373	0	0	0	0
01-2020-21	0	0	220534.087046372	1900351.11552122	2270936.55469485	0	241595.86621079	0	0	0	1291365.69987288	1422944.46805991	0	1441039.1318771	1023426.65237695	475703.479013858	0	1531587.02383016	0	0	0	0	0	0	0	0	0	0	3952.36195559966	0	0	0	0	193107.703268132	0	0	0	8353.42506061981	52366.5840046209	0	0	0	769.743661963605	0	3762.76992063326	16502.0907234759	5603.07660670716	0	0	0	4620.98986558118	2500.71894120688	0	14098.6956935518	5452.66692563381	8175.20854775139	180766.525738719	1111.00932490313	0	0	1113997.29537421	0	0	0	182218.168753112	0	1062.34736926176	0	1691.16095190033	0	0	20262.9647237595	62.5653715389137	12116.1949812531	0	516.32230855851	0	0	0	2362.31675568141	205076.648435561	24555.3283953989	0	118502.605535402	0	127010.232117794	743.832750518196	0	0	0	0	81791.8998048569	4351.76917592889	47518.7156705299	0	5627.09159780291	0	3214.84893958034	7952.75389339081	0	0	240.149910957447	0	0	0	0	411959.476990903	337984.456787711	0	0	0	135068.525577316	0	0	4115.41110567077	0	0	0	386.767751331467	0	0	0	0	33730.950914323	0	0	0	367318.136437713	0	5064.00325395268	1634.9153148603	413615.879403059	0	295419.149017403	0	87822.1904636883	0	0	30200.1152497987	103.643645781635	17560.0142785884	3810.16792937486	73720.966876337	1591.94112026792	169889.630692696	0	15937.106459276	0	0	4306.26708753695	0	0	157894.774613822	0	0	0	0	57543.7105061035	101363.485574439	0	28214.4546702505	0	0	60092.4594295019	0	0	99137.0431104834	0	163392.943627848	0	0	0	0	242.677804756999	49024.0764281632	220248.435047023	0	0	0	9058.70743069484	102926.355916012	186399.937071021	0	0	0	97237.33092012	0	4928.12896222676	26645.8965676285	0	213.60702606215	0	10136.8541362038	0	0	0	191.487955316069	0	0	0	0	77850.9133713552	0	237512.685751064	0	0	0
GBM-BM-281	0	263707.393708546	1808944.90311455	574679.772303678	407014.512800689	39070.4142529993	694687.385437638	128784.611741505	0	3618591.58419772	161282.421788392	1160986.62108746	181358.284390717	2400634.43665765	397920.04320734	0	137115.241369007	1881755.56085888	65011.1355930818	96955.1616647316	5355.23426054521	58382.4368894785	411324.241107983	262696.499253747	0	0	0	0	0	0	0	70060.8338672888	1026.40995410494	65376.3465767517	0	0	0	410430.309647954	0	0	0	34468.27845878	0	1847.5379173889	30954.6146158905	0	53713.4650982476	5184.5637681766	50407.4702460724	0	1947.79191290612	10089.8485488409	0	0	1111.14845031593	0	67356.362988217	0	0	0	692552.214033111	0	0	0	54807.9045493107	0	0	168.283492475345	0	0	0	11142.5155017718	0	2279.58489807028	9009.73109713746	0	0	0	0	12690.4849325557	0	846.191462163261	64903.7205978848	123961.678457158	2893.04387063998	46223.0594331748	0	0	0	0	3218.86935607097	15712.4267974321	20618.905078043	26286.8363246062	0	0	111557.633511794	0	0	4164.12131380482	0	64.4489971182174	0	0	106.221495250395	0	57404.9604331855	133703.025021582	0	313479.921983009	0	1299889.72537653	37059.3668429216	0	17098.0802354737	0	5239.46476572174	0	0	141372.45567865	0	0	0	52777.7611400868	0	0	23628.9119434531	0	0	71359.3618092262	20965.0200625668	26733.2053046472	0	411432.849603127	0	124442.658935651	0	68203.7479503268	24731.7058941426	12775.2234287666	59123.600356338	20636.8075772425	64778.4031034883	52946.0446325622	36811.1188540218	0	45558.2799628999	0	0	60506.8667944864	54014.2270847993	0	188119.461588397	0	0	0	0	160676.123815502	0	13050.921916439	4626.00579315205	0	0	220764.07212872	201489.047990587	0	0	286610.657684446	761.452965952272	37114.2678404668	0	0	0	140343.658724651	0	139119.127779405	0	11459.9864875764	1137.40544914187	0	0	82050.7343311705	169.476992421979	0	0	0	4951.83127858303	0	12480.4289419481	0	4159.34731401829	0	10034.9475512958	1946.59841295949	83.5449962643558	3568.56484043463	0	0	0	0	0	111833.331999467	0	76317.1605875424	0	2400.12839268028	979.863456186231
01-2020-50	0	0	1499997.1120968	203039.970825857	48334.4491027404	0	905025.886340336	262370.362802905	0	545164.407161197	3261424.75351126	28660.0206618935	0	2678136.64899433	543559.17592452	1123676.02307293	0	1449950.70674979	0	216933.824365563	71958.791855275	481551.946512091	611644.285616389	903236.608917093	426864.092365406	332346.029772163	94034.5329669991	0	1814376.31354963	3128.78517162366	44.6502582793492	0	100895.426312363	103738.885443274	0	0	16755.8261923431	874135.530825855	83059.2816757971	5775.12974769241	0	84905.1886949068	0	12791.7544816887	57408.2528096559	0	0	5509.40625939579	0	1157.63962319386	73063.0689746716	50036.6040708043	0	63328.2236390838	13279.6402306923	25721.8158609744	1291122.11483532	0	20956.2175626711	6377.36371911875	848651.123655244	21542.1160737514	14804.2831963286	1152532.06925898	20084.993010879	234.141598294148	0	0	0	5862.25220287163	391361.691879875	18588.6648431759	4762.331206234	1384.15800665982	21926.5439072297	4688.27711933166	26497.2057120694	249152.797321527	1687.99756909735	0	1540065.81826441	220649.597078957	218057.704037375	246393.193553726	12164.4728043983	13594.3701000272	0	3848.63445754195	201.470677601941	1264.3646307884	9434.27286521956	23414.1598294148	97136.0923713793	145530.438162055	216016.860524802	0	0	116.526283802204	15477.3041625881	0	26640.9577631151	4316.91765413025	1449.49984804424	0	0	2354.48435121836	0	0	32348.5676080436	350327.015490463	110195.748402744	643805.539945798	283598.838038011	0	222439.963532889	55120.1993305117	0	250479.236701631	5965.71011839695	80901.9118794218	8471.5697354892	0	23891.155271521	4334.34214516609	7820.32938302455	53563.9744748729	66304.5445141438	105528.162866517	24188.4606498201	0	0	713.315101779847	105282.041930636	162022.718927481	2361.01853535681	0	4071.8857489387	5036.76694004854	6505.8693405081	642.528106946732	0	0	26984.0024303833	0	0	14174.8234576588	277728.962620311	864.690367653738	32201.5484649287	0	4108.91279238986	0	44232.0704944889	9490.90246108605	7345.51200229781	71421.8997252331	11829.0513519583	280793.49498124	78359.0252188783	0	58364.4217552478	35576.4545724336	23643.94530495	6918.61197191964	20550.009115398	63236.7450611456	1026572.60162224	0	155217.366147295	18796.6697049163	2803.16499539134	14180.2686111075	0	327545.582491788	2890.28745057055	61136.0048606367	0	570.652081423877	0	0	0	234875.604979033	99.1017927663604	1067.25007594542	0	343587.004551661	9300.32209038151	37239.404435667	31139.743542432	0	0	1043.29140077113	37923.3157088238	11974.9814643835	0	4422.55363103505	3509.94591303274	0	2658.32391365589	0	1686.90853840761	58115.0337272973	139695.411726427	0	47357.5885740434	12193.8766330213	0
01-2020-10	0	0	65669.3897903812	0	27756.6227247368	0	81807.6404327497	0	0	0	21145.9279095678	0	0	202569.074633215	15260.2129694099	0	0	0	0	0	0	0	0	0	0	0	0	0	392392.87454192	0	0	0	3421.60123121637	369759.014527878	0	124.432484590932	0	95.2229811658302	326602.557407359	0	443.400261993038	1354.7367688562	3138.26904799288	0	54003.6983124643	0	118589.999715843	0	0	1452.29651029604	0	0	0	0	0	0	53695.8301463637	0	0	0	0	0	0	0	39293.2081975148	0	0	0	0	0	0	0	0	0	0	0	0	0	0	0	62459.8495540311	0	0	62.5083373297168	0	17803.1923375992	0	0	0	0	0	0	682.918190078868	686.42333048988	0	0	0	0	0	0	0	0	0	0	0	0	85426.1137170513	49797.5298192497	0	0	0	10105.9039950165	589771.420416494	0	0	0	0	1614573.4117146	0	0	0	0	0	0	0	0	0	133607.773806824	0	0	0	41860.7235485812	0	1197184.79671168	0	163950.021774751	0	0	0	0	37620.087841325	521.097541103807	545710.052879866	559.654085624941	107991.039303011	0	118899.03626208	0	0	34556.5951221003	0	0	0	0	0	0	0	0	529111.460463518	9144.32714226221	0	0	0	0	0	0	0	0	368.039743156276	0	0	0	0	0	85166.7333266364	31647.9127710288	0	0	0	0	0	0	0	23.9517928085831	69345.113701396	225058.055510268	0	0	287625.980226972	0	0	0	0	62.5083373297168	1297.486142143	237.765357880325	14826.1597485129	2180.78152571806	1424.83957707644	2799.43880826171	7976.53119532666	189677.168201512	0	138041.776426755	0	0	0
01-2020-30	0	0	265540.607323242	445262.199825747	1059263.73726005	0	320134.879327844	690955.22907744	202193.843526936	0	834769.576249096	0	0	7295792.92992989	0	0	0	1108726.86766792	0	193194.197270888	69095.7915539009	206408.90172865	780623.943326511	0	35652.031481797	0	0	30703.5692717548	0	0	18595.6869804083	0	122491.901698743	22711.3461040699	346381.608856678	1677012.88858307	7589.25393233943	270642.197842715	93110.0715189212	0	0	31136.0895843589	0	0	679373.893253612	80900.1036879538	0	2197.52556341722	6071.40314587154	0	24543.5128941073	48383.1728571445	122193.704464587	0	0	0	153437.252511705	0	0	0	853631.222924832	17032.166347268	6299.75237923397	114623.255763231	30346.2698830818	0	0	0	0	0	0	0	0	0	0	0	0	219991.651421361	0	53447.1529146524	58239.8003536943	12357.7232172607	26160.762758627	6662.42469104488	0	115842.909315543	45.6698466724851	0	0	0	169504.979155713	24648.2848952971	5851.11329721603	4451.46681978281	25806.149831523	0	38397.5952052841	0	0	779.073855001216	0	0	0	0	0	0	0	0	4811.45267002475	37022.1268819716	0	178179.563561916	72625.8020555271	0	22904.7713370357	22260.020560483	11946.6945972083	0	10299.8936554299	53474.0175303421	0	0	513.114159673215	43810.815266758	0	0	0	16537.8574185775	0	97695.8614171525	0	0	9101.73179566938	135870.480312212	0	3242.55911374644	0	313195.749095196	208501.655290877	1968555.75743237	239557.151028167	1147196.99733557	2540331.4919256	30268.3624975817	730365.620294226	0	8677996.21239578	0	174.620001983031	120200.349980412	23737.5744234164	0	56396.8877173811	0	0	0	0	17932.1309728728	21360.0559348782	0	0	42088.7934010484	0	2452.73941246934	6055.28437645773	0	35845.4567147628	5203.67605909433	24938.4227447458	0	0	0	11312.6896669314	9875.43272753265	766205.704085851	19323.7180655991	0	0	53382.6778369971	8615.48225168586	0	91957.5795058332	2143.79633203783	0	0	0	0	0	470.130774569699	0	0	0	0	0	0	0	0	0	0	0	0	90963.5887253144	0	51091.1261186659	0	3390.31450003977	0
01-2020-24	33571.9079610561	0	0	0	2579.46216274216	0	29260.7319906696	3311.85235559563	16060.2706575725	19268.8372167401	28446.5179850614	0	0	291159.977382723	0	30800.6293192333	29991.7808095434	0	0	2740.42704029238	20077.6857264299	6030.81741221465	3946.32224793939	33463.2566687097	4213.25566987683	0	2889.31955202632	0	83614.5470174377	0	0	0	8967.08505352645	7036.84789690348	2890.66092600591	6177.02717598942	81613.2170398968	1159758.64961918	87181.2604291545	8087.14372291862	4579.45076630356	9699.47524637992	48807.2336211838	7193.78865251494	21079.69208918	98405.8778903228	810.189883669406	0	90089.3592168951	11181.6934938215	98871.3346612388	208244.286208649	2157106.42053816	3597.56501324726	45432.3366885476	12642.4497575896	673181.945394583	0	0	690.807599486331	101174.473784186	0	151375.394970159	7331.9501724122	15749.0718943088	0	0	0	0	0	0	0	3766.57813467498	0	0	0	42587.2824778476	0	0	250.836934182415	596982.513736291	1234247.8294535	0	956.399647444183	0	0	0	0	0	0	0	0	0	404602.657584195	5946.31085150079	0	0	0	2552.63468315046	0	0	0	15786.6303657371	217.302584692788	2120.71226172406	0	32026.645136574	0	111588.901361685	3499189.98695847	297064.705640857	1210954.87029801	2170039.94844932	0	289114.382063856	17305.0657106275	0	264329.815043062	2364.84232600855	138149.44753145	0	0	0	783.362404077703	149290.899805884	250380.867029356	288105.668831208	524301.506026452	0	0	8680.03102189524	0	0	412673.704819359	4718.95366018041	17700.7710346051	17990.5078141955	0	0	51586.5605068841	6747.1111173131	0	17820.1533187882	0	0	0	0	0	0	0	0	0	241963.74530746	6553.95326425284	0	0	0	1286180.46444712	281151.986121039	0	185270.574060295	13728.9626810536	2244.11866784589	26737.60753507	8991.22978515898	28800.6407156719	89342.2139102662	59426.8914175591	451338.809780899	68288.0079266983	45822.6765166069	7711.55900863479	20458.6359366321	90164.4761597518	149732.211845167	53259.2538594267	0	7806.79656118533	0	30930.742595253	0	199423.410918898	0	0	0	172946.029935867	10579.4165769878	21360.0392509133	2992.60534845438	0	33865.6688625852	10496.2513902535	107362.231952013	724.341948975959	0	0	21912.6853305023	0	155.599381631873	0	0	0	0	0	4906.74601732233	10555.2718453552	138.161519897266
