feature	X1934	X1867	X4837	X9226	X17248	X17244	X1836	X15342	X1814	X2303	X1871	X1812	X1855	X1830	X2301	X1877	X4868	X10068	X2318	X4933	X4198	X1815	X4608	X15286	X1790	X14861	X14809	X4938	X15106	X1949	X4581	X15300	X9712	X4532	X1844	X4874	X4584	X5090	X15271	X4826	X2290	X9283	X15078	X8071	X4285	X4041	X4951	X4540	X15132	X4820	X4303	X15452	X4575	X1861	X2295	X4811	X15249	X4914	X2325	X4262	X1965	X4749	X4910	X13976	X4716	X15346	X4993	X5082	X5087	X4577	X5089	X4925	X15254	X15154	X2328	X14027	X5792	X5062	X4557	X5825	X14853	X15120	X9262	X4644	X15234	X15126	X4670	X5075	X4046	X15143	X14797	X4705	X5111	X4936	X5190	X5045	X4940	X4721	X9260	X15265	X15124	X4652	X5121	X15236	X6754	X4552	X15350	X14993	X5043	X3813	X4643	X4959	X4768	X4871	X14837	X4166	X4714	X6747	X4121	X5051	X79840
GBM-01-2020-108	618089.361086428	0	0	0	58049.8495769542	0	0	99131.2632309498	0	0	0	0	0	0	0	0	0	681.542670030545	0	0	0	0	128.395841986168	0	0	3054.18948989749	172.18327378356	0	0	0	0	0	0	0	0	0	1453.49768082684	0	347.075048503041	0	0	0	0	0	0	0	0	0	950.00670327435	0	0	0	0	0	0	0	0	0	0	0	0	0	0	0	0	0	0	0	0	0	15231.5452096815	0	0	0	0	0	0	0	0	0	0	0	0	0	0	0	0	0	0	0	0	0	0	0	0	0	0	0	0	0	0	0	0	0	0	0	0	0	0	0	0	0	0	0	0	0	0	0	0	0	0
GBM-BM-291	16074285.8339921	210685463.850454	0	0	0	0	35060.0969170209	0	264502.712618081	0	46411.7640469838	0	0	855720.594820407	0	0	0	0	0	0	0	0	0	0	0	0	0	0	0	781742.607860167	0	0	0	0	0	0	0	0	0	0	0	0	0	0	0	0	0	0	0	0	0	0	0	1819488.95880752	0	0	0	0	0	0	0	0	0	0	0	0	0	0	0	0	0	0	0	0	0	0	0	0	0	0	0	0	0	0	0	0	0	0	0	0	0	0	0	0	0	0	0	0	0	0	0	0	0	0	0	0	0	0	0	0	0	0	0	0	0	0	0	0	0	0	0
GBM-BM-318	459071.991654088	82943.9395200858	181101.794872713	1002013.63187757	635087.495525163	0	1603791.94969012	7453071.55874645	1994063.11955106	318035.21139693	108318.176308893	108250.740550334	2482.86201968278	937569.56878892	351105.298692837	205556.453135713	133312.320640367	41428.0343415876	1015921.74620347	154209.231762405	11558.0803154945	0	277594.19133971	466747.407082836	127796.892993351	136657.542966474	10346.2801692625	0	395114.283430193	160063.881710052	29455.1219355618	953104.315351577	0	39364.0914281065	0	1154069.00638175	0	25460.0641178829	9449.18022964047	39476.4843590386	11186.1618895008	0	217876.76187371	0	0	0	806443.801532142	2476.73149617739	214237.274419344	109568.803103993	47068.115966546	354272.735837288	33815.9676557289	255722.526980315	40939.6359689916	1559.19647820408	32283.3367793815	18924.9260611376	0	24471.0063256801	6569.8776899425	61217.3642169852	960977.951040332	109861.024724416	522488.170301673	203846.037077709	107692.862911344	20332.9029595421	5723.86544619873	40882.417749608	36174.1756974688	1367.10674170188	263013.762936059	12892.4909318343	62308.5974009445	5006.59419606815	0	267832.354411295	20228.6840599505	98883.3006340987	13209.2346462794	235497.929936035	408033.339963884	0	1266.97485778051	5311.0768635025	0	15775.8804872025	78102.8694586632	13035.5364802934	182460.727583075	372255.604786431	0	12146.6105720119	322667.84365917	0	291244.823678378	205666.80255881	0	1459.06459428272	25970.9410766654	13029.405956788	893.012923951748	0	36450.0492552113	4677.58943461225	62903.2581809673	114745.008450377	2832.30185948998	12947.6656433828	26814.909812574	56143.3342623577	22734.0246658197	0	6120.30596621393	0	5194.5969169001	0	208.437799183246	15373.3094436819	0
GBM-BM-392	463011.082347849	1555.48786286877	5184.54491198484	0	181414.291781074	443009.287197966	4180610.28205232	0	207368.113659328	300900.761893333	20970.7875890481	9647.63203871267	869.481020508014	1967551.58665014	731550.730894206	36123.8888649116	0	1082624.5281276	62455.2321876926	0	0	0	5803.3815467527	0	36154.3642368751	605058.034962188	358609.921357494	0	955787.273908483	459705.437409366	0	0	0	0	149046.337024065	0	78.9871885583103	9026.929564845	384881.557829082	911.773373436873	121720.501461089	1218888.00147892	619138.900702032	22279.3627443763	145257.439758733	97257.4850235774	0	0	406657.144016511	207940.926262968	519717.042322684	202764.466653749	0	61374.9113489069	291473.298868397	0	214967.054366458	434150.283152103	421150.360197411	0	0	0	0	296598.758875555	0	0	4966.86368367453	0	0	0	0	0	0	190991.021933994	67085.0009406695	17298.19429427	2567.39460132838	79404.5145702995	0	0	46534.6490954436	7559.75808603355	7783.65877800987	0	0	0	0	0	128122.817358879	83274.2648632901	1721.5475427512	0	0	0	0	0	0	37026.3330428495	0	0	34509.3160972158	0	0	0	2506.4438574015	0	0	0	0	0	4415.81920286617	0	0	0	2955.48913408733	0	0	0	0	0	3428.79031907059
GBM-BM-322	0	0	30226.0780630611	0	1817248.20196687	0	0	0	0	0	0	0	0	0	0	0	0	27974.2918660775	0	0	0	0	0	0	0	0	0	0	0	0	0	0	0	0	0	0	3843.46910889499	0	0	0	0	0	0	0	0	0	0	0	14097.9376292735	0	0	0	0	0	0	0	0	0	0	0	0	0	0	0	0	0	0	0	0	0	0	0	0	0	0	0	0	0	0	2406.60108377516	0	0	0	0	0	0	0	0	0	0	0	0	0	0	0	0	0	0	0	0	0	0	0	0	0	0	0	0	0	0	7643.89332035659	0	0	0	0	0	0	0	0	0	0
GBM-BM-308	0	0	10925449.8159119	9508803.30529031	218072.719795616	8241911.10849843	9487.4218231909	0	0	0	0	0	0	0	0	0	396869.973924678	1156478.8901442	0	2921.77176738917	0	0	509334.615020624	160029.383689343	0	312883.696214378	2030860.19871395	0	0	33465.2678150707	0	0	0	0	0	213437.669817518	1279744.0830745	0	107447.840536671	0	0	0	1520.1032178231	25100.1007124511	0	711540.538823244	742.803841689652	0	2759.64275550335	603753.492197875	2887.27623294538	0	0	44818.8980516707	0	0	295792.308748627	0	0	0	0	0	0	3508.19585293364	0	0	44132.4369162392	0	0	0	331711.358913799	0	0	0	0	0	0	396299.647755207	0	130538.001442197	1288.98313704969	97569.4693231173	0	0	0	0	0	0	0	0	0	0	0	0	0	0	0	51706.5064289478	1739.72478711524	0	0	0	0	0	0	0	0	0	0	0	0	0	0	0	0	0	0	17233.9690081184	9661.04934655799	0	0
BM-02-2020-43	0	0	27273.5679479602	20492.1721193369	0	0	2524279.53763145	3118275.88004132	0	0	39209.7618423492	0	7640.52883958427	0	887353.269494669	135186.429082623	0	69061.1398916186	0	34195.5491783772	0	920625.970056009	22369.5216222358	0	0	312300.604442272	53008.5067762904	0	638628.918931933	0	0	0	0	0	0	202817.872987581	5473.78716457223	0	59252.6361717434	7086.40860093577	0	0	338400.983101581	1598.64510986944	0	7172.32190203186	0	15337.3740535712	365785.128456215	26236.8533768389	1446.54979213951	0	0	0	0	0	323705.286861459	7296.46456677359	0	15229.6741258814	0	0	0	20028.0758660475	16410.673714633	0	0	0	0	0	16901.900484058	9046.38285752036	0	52386.5602473029	0	0	0	7500.35450621695	0	6106.42147264347	10326.4499370095	82564.7376954785	0	966.832938650788	0	31771.8897369294	0	0	16719.3861027821	42166.165964278	0	18852.8312352641	0	70365.4600082593	0	0	0	0	0	0	0	0	0	0	0	0	0	0	0	2380.49725668653	17919.2948391433	0	0	0	423.400479086017	0	0	313.234140838393	0	0	0
GBM-BM-279	0	0	254670.836314439	42291.4816429106	9530.49508479177	80.905084202923	173106.128006637	63346.8234162004	1305958.31133441	130020.868420246	1135579.01489025	0	891359.79455549	0	33927.5057823916	0	5900.29221222745	20840.0764599642	0	377647.802646008	1579.91943768718	0	23510.1506291815	0	18222.219092541	41998.6134937168	5340.76750999755	0	31496.2254458854	0	29028.0012061334	0	0	35763.5558565477	248835.350725782	41766.8369387171	10649.9572702934	0	19905.1274001702	96619.4520756943	4854.51144269631	0	16087.934715647	5013.43214380919	45464.7359021451	2543.143998848	11428.8750962675	52784.7885078213	25781.4783119702	32185.3633952567	802.859126401455	9230.81604840748	8216.8194190989	0	16307.1214488703	6189.85811308639	1259.6013492103	199.16685269342	0	16015.4916428021	0	0	8927.21559212559	2194.75679952521	0	0	940.315213338054	1180.96656073756	0	29959.2352365508	21243.3635378532	0	0	12583.4236703266	0	0	58141.860868972	45697.1316287076	0	0	5339.73555739292	4900.94930990462	46807.0998502467	0	815.655338698856	929.789296770837	0	0	449.72494509737	4325.94531860527	8793.0617535238	10452.4415417674	0	1878.9793025087	0	0	3900.57445497715	32147.5939299273	0	0	3183.36739475991	0	0	0	17131.2387989271	0	0	0	7189.820186972	75.3325401379257	0	2980.07273164797	0	0	70.1727771147801	1609.84606322143	0	1440.1930550204	2526.63275717394	2396.81311951159	0
01-2020-90	443873.178754553	42767.6409465987	3005079.92120402	0	1290410.44948585	4795723.76427872	93552.8808446234	589965.720864708	997643.860702805	13512.5503240287	181802.104740295	9069.33721691719	0	39524.0191654895	0	0	791022.257155272	4784.64697880724	274995.260612953	1792761.80006007	0	0	0	1507305.55435137	73031.0284715201	118818.225220928	3874.66474040395	469.471573581596	172776.208886518	1035183.29548906	1125348.51213796	1119649.31014568	0	1033546.24201495	0	864420.631890536	0	0	10973.8980324698	0	8875.75640573257	28645.3872802563	0	21290.8407135965	0	0	3521.79893103986	206248.160250365	0	81178.1893831878	17791.1435287155	92999.5750614737	589246.270920778	12825.8719347478	107836.705896679	235004.056261416	3495.88653899152	0	14039.9437151301	0	267094.267425745	12207.0230422994	0	95727.2353891499	0	127248.136057593	9967.1253884742	0	0	197634.576281828	0	1084.5098201406	0	0	6247.17287118237	0	160371.794387144	76580.2640529641	0	192244.798735774	20306.9319449377	0	1015.15606495241	0	0	0	26551.8184285864	172.241194203637	0	0	31097.9189747134	81540.2007426866	0	0	0	0	0	3941.73210805846	0	348.293034296736	0	0	9606.63828733119	0	0	44785.7590096573	0	113.557247505938	27349.0055486616	7443.71568047313	0	5251.07003567726	0	0	0	0	0	0	0	0	0
02-2020-20	0	517705.143531519	554823.700926548	0	0	0	1442282.03048166	318094.574138782	3923491.28274553	0	0	0	0	1680388.1389415	0	296291.75879815	0	0	0	40269.4475140356	0	0	252598.023089056	552078.820574965	0	172890.22188021	93444.9191563431	0	34262.8645342157	0	82053.938187052	0	0	0	0	16944.3226203752	411279.719707914	0	101258.109356315	0	0	0	247632.351056593	0	0	846240.617617834	87035.0513068664	33105.6912820925	237874.492149561	85586.3139935724	8528.93001368658	0	4588.72784122946	0	0	0	37668.9867441544	0	0	0	0	0	0	7071.1097078328	0	0	0	0	0	0	208724.444127277	1109.94169081203	0	15117.7328165921	0	0	0	29052.8600018934	32311.8377323628	11341.024510212	97.1880203902518	39276.6764272455	0	0	0	13194.8632916746	0	0	0	0	0	18337.6536790541	0	554.970845406017	0	0	1306.1343301045	581.311523829543	0	0	13251.1778455456	0	0	0	167.127063100994	0	11215.6792128862	0	0	0	3626.83892914276	0	0	0	0	17409.3718394388	2357.94486853358	12961.4303828868	0	0	0
02-2020-29	1130186.50647996	30857.8654508389	418910.19536867	985584.408163734	0	0	0	0	930171.183194537	2681879.58478532	1503580.71034001	0	162315.48204493	0	0	247760.775899762	0	76409.8848233856	0	92203.3626456142	0	0	75482.1673273446	119731.494988537	111981.711838165	105106.55248963	49403.2084056775	0	44857.534890329	569685.383737759	1905.21033039791	74383.7915285061	2433.30296738802	79644.8077630809	0	60967.6786744153	0	1333.5050160262	79777.067947749	51277.1313805625	0	0	32758.8093236668	28206.0250457018	313097.307125794	206398.891911736	5889.13359903787	0	30116.923986193	33348.5285700005	3413.16605595047	56803.1420353146	0	265754.797726397	0	83457.5986780822	26572.4458472566	3864.4624566817	0	147018.809504179	0	0	876.994056042829	4814.46034225458	5673.44046633545	0	7034.4404311457	18667.6480718435	0	97283.7655097283	16923.14097658	21456.4891700597	0	0	0	0	0	15009.3977310422	0	51998.6367607232	36471.5755111952	0	0	166.86589606869	0	5895.29625997223	0	0	1091.26503622194	4250.81389218165	0	41737.8063050221	0	2426.19220477146	1724.5969599372	561.27619586741	4620.57354824295	33289.7462657036	0	0	9204.17113087977	0	0	0	0	0	0	0	22504.6155797412	3046.25070493579	0	0	0	0	1149.09923883666	7592.39827112538	0	0	5760.19177025752	0	0
GBM-BM-396	520650.254813707	10186.2431392046	76658.3557738453	0	0	0	4434858.4609914	166800.327602567	572808.843649026	152524.165550361	339821.78356532	0	99.3663487123905	2365947.73979676	123146.70328624	211986.578481435	0	151031.285527306	876777.658737336	14078.2242855715	0	43522.460736027	24985.4696510332	676119.638939903	29861.5751150476	1202118.9830375	3671.78531762025	2976.22087663352	587823.496404863	1178503.17913711	26757.3703812725	79574.9568412514	0	16910.5626892695	0	172057.999845637	0	5051.78516853793	231110.228489226	35702.7265577568	797908.600437337	0	283360.23436536	153.421642411931	166631.007344361	0	0	4967.52250482983	218225.195318993	20249.2720060058	484405.385457376	138084.247755476	4525.54098575711	40453.2329569987	381196.34130758	64418.8064048479	26355.1354016848	2183.67487930349	13081.3810752888	1823.57123156979	85610.0713966472	3643.16780919109	0	85749.1842848445	1535.01135490901	0	127630.907870933	37671.7701238415	0	0	59762.8967695801	34264.696759191	0	136927.623456464	0	146343.57866045	617.661223596219	78682.2495644193	934.83860868617	27174.7090458646	35895.8947396536	133661.25284159	46754.6493269437	10061.4390052218	3600.24154654733	40353.8666082863	5267.2114125464	0	489.67736645466	145362.634065961	71610.5452592559	7149.60752255392	0	9762.54502829494	0	4373.70920492458	266.301814549207	62336.0877358362	91835.9693415707	0	22448.8455011033	32480.8720671062	4245.72534778302	0	0	330.691208514836	7013.67435751537	19707.9241382207	0	7784.75722352352	2436.46287042782	2282.24629722619	0	1608.14498756133	6336.39332469172	147.062196094338	0	0	2210.70252615326	0	2475.41447912307
GBM-BM-428	193659.267389348	0	68685.7629919062	368960.781989901	178640.299587906	0	5146358.6623726	383014.284465834	254934.318869742	3949166.35597624	163742.362742255	0	162607.175846555	203642.234501533	928045.89276379	32383.4320565004	19707.1783878505	308870.999180017	534063.699614502	4479.53652469848	513855.703478549	0	1316.0377491816	293555.714210947	127153.452762101	3865714.81637776	765835.197634484	0	3665465.62211963	467769.341369788	5585.50905175913	338678.00215461	0	26245.6323214166	0	470700.516356601	0	2428.96607829924	1182009.18166638	41156.0896107701	0	189050.35294639	226024.6143605	0	147986.079922772	202598.864192986	2897.78713694004	0	32920.4199752996	18507.9981132263	69830.688010486	350238.54517332	0	354332.730264061	731858.886906934	40353.390053394	280734.779859512	19228.6192063299	0	0	49176.1293824741	0	0	126928.084775455	221.19450541213	18573.3826525619	4472.5807226415	2933.95730763636	0	0	34076.4742771706	17883.367088509	331712.461974745	54263.6030069531	335994.453721025	0	0	108770.659085901	0	54167.6129385667	150936.731155345	0	3932.81048301944	0	0	0	19928.3728932626	367.26634860882	0	27620.0988078769	82429.0366960976	0	0	9778.46653170982	702.536007755507	0	0	0	0	39424.0948985808	12665.1243853587	0	0	0	0	0	20163.4790027888	0	511.947031394112	32521.1569372287	116.857474557352	0	806.873038610285	0	0	812.437680255873	0	0	3265.05348554886	0	2676.59263152791
01-2020-64	157828.410217378	0	86209.3402700435	279149.833142283	75617.2379664882	0	1736576.01058089	395939.910777446	2301854.16911508	83667.3768393793	236153.871193531	0	0	0	90068.1501274883	269177.345450123	112793.232636532	7380.2494816387	239296.485941434	338915.96222807	83580.0574848908	0	25917.9720368035	360406.225582731	37598.4792235787	263410.298992317	3878.21415844223	0	143937.135737418	191266.871911211	0	128225.385018425	0	183810.769252946	530793.187607018	440533.640510601	0	141839.26619549	13658.4228679912	29573.0367337752	25317.3207195647	0	4481.07050988532	56193.0916612132	113987.479161556	0	4065.64206580384	21502.1705393641	0	293917.388215014	55950.9789055861	30431.6770529118	23815.6924264676	211716.800128305	59611.335684648	47165.2406221558	263489.239216829	20308.3650211809	0	88790.1123027026	0	18596.376464998	2267.21616881414	80339.9802251598	2441.41387095021	66204.387955368	2592.67921736205	178201.603244164	80638.1008495749	41152.9943608364	2476.25341137743	58600.9890122588	0	18723.386435163	23196.9598287538	7767.89449474658	0	181928.552056194	121709.508944854	0	1040.33513756712	0	25853.5850380393	102237.733900767	97315.6565500309	0	93350.564043941	92543.0805183432	454.237046076359	72.7661287403875	11276.5449205558	9855.62087933443	0	6015.77431604622	970.656056712685	65241.2290149498	5215.78790674281	12399.7893442029	0	20258.0902413239	1872.07403941179	45177.6227904411	0	0	43936.188533446	0	52.4798140612492	2167.54862278185	851.143202842109	4029.03849801322	0	6358.87763822817	0	0	381.02991049512	9528.39380342311	1730.06983665782	4640.27397943247	5216.22891358366	0	0
01-2020-12	975559.937397139	0	1636.65439523905	0	0	0	26819.8116798369	8560.5594836546	61580.4280180559	0	0	4855295.16649228	0	3277507.02847662	0	0	844214.764267082	0	283647.047366967	170075.146679717	0	0	83582.2468741048	11977.0494057724	0	433793.888805037	0	0	432303.550894686	641690.801710365	0	3255.5417887418	0	0	0	115351.736214128	23965.5951067859	2960.81858346886	968365.346811682	0	0	0	125887.568243761	0	0	0	4108.35787208475	0	57171.0762342031	16266.2126484678	225222.874951479	170260.132521325	14110.134731879	752925.819110415	0	24532.0489268495	80421.8108005397	0	0	0	410876.546800694	0	16536.8981455093	16822.2152910395	0	0	0	0	0	7650.26192410592	13177.8896995972	0	51439.6504976188	17609.1889561832	0	0	0	241945.804056345	0	0	12229.9679010775	0	247518.371895052	0	180656.963890314	98.241068424311	0	0	0	118071.132597533	0	3078.91688912788	0	0	0	0	0	42025.229812872	0	118904.091443641	19857.2372347012	0	0	105175.424690219	0	682.461890224203	0	0	0	0	0	4419.8029613448	0	0	838.184434854228	0	0	0	0	0	0
GBM-BM-Kit-259	312078.018289365	1705.27110615977	147585.136156571	10925.0959795302	42671.5408043711	178371.357704312	684464.238710233	95371.1209157715	390830.414527652	1030635.63656868	606803.170536288	0	9084.17572608496	79798.9623562041	0	192340.266040687	0	1829.55935333757	191319.375557012	86189.695884765	515963.231019456	0	59467.2683055335	46260.676366383	43622.6753613844	358829.712758401	326.739487096303	12074.3646344211	505058.130224115	313374.296991649	65474.4578464598	24299.3748042697	0	120293.300263943	0	96257.9527781755	100.430356951715	250542.157292229	21570.713816412	95202.2979401717	185684.369103613	20488.7016901584	0	0	0	0	37648.4324307703	16576.2349110825	0	156773.832163646	66347.8838467368	47177.9554410755	13818.7172369512	78067.1067437924	33962.9564358454	178169.133682396	9678.35080171558	37700.9197892677	0	150960.686796559	36617.3171369991	587.81297157033	24228.4827875979	206007.201652199	1272.64803006008	9085.99347010219	7666.10817464684	69445.7740880935	87907.4639810432	35600.5165773635	13554.9171364513	73235.0887100024	24623.6148933424	22729.9800633976	60138.2430658919	18061.5589911579	0	127741.960810529	781.175491402704	0	5085.13888818863	12148.6649211252	5697.94583999581	4022.89472812242	0	5869.26821361933	20346.4632208105	2020.64969314841	4447.3379561446	58.6222445555258	4138.32147321624	42417.0566419595	41249.3833288942	34357.6341055855	883.196374369491	0	4826.79201974044	26212.3231643975	0	15040.6956525311	0	15302.9052270159	23250.7637243327	0	4007.21668597385	5584.56405692137	967.948689172635	8614.06167962999	4630.02122987577	5668.63471771805	833.208413895787	15087.956996979	0	7518.64369124941	978.855153275989	0	0	649.161832151694	0	0	19.5407481851753
01-2020-22	717805.441765039	227123.574620645	301101.488640111	22771.8517096233	585799.82563077	172428.040033721	1170201.04677932	2902352.80538408	385722.874581376	1709706.14592753	564528.795886312	345241.078850512	0	1387564.3819805	111153.861694108	0	0	2675.40489793472	650063.406285989	24250.638768285	34491.3615656645	568487.122007324	1733.41264492133	82556.2255373231	0	315028.773711629	7655.29376766633	0	17914.9910678681	583193.585856026	65715.4361614878	22807.3523923229	288.902107486888	46299.0110477186	0	14852.7511446543	94507.7139923845	16665.7342852818	252370.068746729	48361.1110479799	0	216467.249003385	233937.257376035	28.7677946014486	0	45953.185431765	561949.487663961	2325.29471682773	178090.398924317	151628.924536874	6775.12166900925	34589.2944834566	24647.8791660794	337498.257537569	0	62493.4431661256	2911.05598137212	11007.6599598394	0	0	394134.088058251	25766.1506711187	44470.1138079499	55071.3521589518	16573.3100941154	185841.789367567	8722.15049086473	13776.1011296767	0	1862.56168025975	1599.3669636933	118349.482828887	0	30583.2260650209	185050.981056395	0	66789.6378535206	56929.017193322	0	13042.2163269716	17231.2968855315	26993.984627938	23726.0855773607	0	0	0	0	3242.19165965688	4058.09528101286	120399.341214424	23328.8451795662	20988.8605250697	0	16410.4966182859	0	0	0	12650.484655803	0	0	0	0	0	0	0	0	11053.5660150545	3800.40929107222	7289.26948741811	36933.5637031066	1162.34131804576	0	0	17158.4592779236	2943.49626039077	0	0	0	0	0	0
01-2020-29	352489.936391762	0	261288.90327337	0	41969.7176558615	7983.2156397984	544431.790382512	820821.183535724	1275752.83648064	1572454.92267427	664848.15819675	0	833596.366068578	513930.702500462	487852.282973337	0	50337.9376336881	125743.180865965	634077.524829973	204155.448056998	0	0	206056.274325675	598289.100636479	836086.796555029	194020.113350162	16739.4113232015	0	313087.904778605	0	44018.2633397913	40613.5006106573	3400.09343727257	38448.6471112702	0	79868.2372896404	3070.27163942478	70464.7079618128	28271.7132587597	77087.8862267022	0	0	40931.4369383123	44157.9176145556	409427.281349954	190.592004161721	33278.0430963617	8312.18847548957	112007.397652893	108067.788765087	209182.577467437	69369.54677977	12080.7314887362	0	152520.296247991	84482.346610883	306527.549713306	3664.96963013875	8605.9293816809	250718.050980186	0	0	7395.30934633741	73195.819219667	16425.2953252512	40807.0639823672	38910.0580433945	5609.51744988227	0	37623.4558950333	14553.7582509772	6678.78528614814	17843.9110889672	9279.15637188244	65768.2493113779	0	0	22869.3425750932	0	36359.3512438226	8860.61802866761	52925.1498059948	79672.9759936173	369.72301920904	0	92864.1499832156	24287.1093766526	13540.5219170484	3094.89154196683	3160.68610910506	0	8536.31448483787	2417.84422206049	3162.80851449662	0	118.43022084882	0	48309.342560439	0	0	0	1701.74464294953	672.378028044912	0	2574.90222103563	1744.61723185896	5600.17886615942	4402.71774424358	0	5113.2990693365	7157.59994248315	0	172.763798872651	0	1858.80264192467	6233.50463499971	1659.72101619672	869.337248381301	1233.96649465061	0	0
GBM-BM-260	123387.857221346	12037.6196715892	617709.193326018	74258.1527904556	0	0	689281.693199188	666227.783901598	1777283.89950788	138214.586092813	321028.453823012	654862.630066857	0	760061.429232496	5132.51429858945	0	166085.828921096	0	94296.1911524864	149067.270434715	216552.645655486	0	87947.4640434261	271988.972894382	50911.3178555266	422914.847475662	8922.50288354341	982870.172534722	140918.885200566	245928.215011459	161850.737724991	31585.4436713382	16163.8411749671	75326.3990572194	0	24732.6679296496	0	9699.02649299835	2371.07363940462	44005.0095024967	21410.6385764198	0	34708.3798295799	2076.34353202048	155632.5339492	0	409272.452443867	0	9738.12334397788	209612.653861612	10983.2076751721	20220.2898365969	14250.5014370305	176801.975029577	41366.8742964011	117506.487853995	20585.9957657593	13147.9702394078	0	0	1863.41606668582	363464.175876192	276648.716041127	233129.710470806	22993.7602960832	0	27861.0174980269	189599.878080215	0	13630.9667215087	236878.19624472	50280.3548297185	18681.0768880337	6783.60438995568	7781.47632495626	181627.729420481	75556.769732991	76649.0756003576	32718.0493697144	0	40574.7119465544	11247.2617917877	50314.0382705624	10799.7532205758	255.633256404608	12854.4431120538	2668.8111968641	0	0	2804.74794026985	5768.89073453316	49342.0304062098	0	58532.1963464592	17258.5530023939	0	37144.4143906121	103743.794819186	39335.0410254958	0	1258.91860154081	0	0	5049.50867650984	0	22202.8009262665	0	180.447004520899	2402.95261020331	0	12126.6401938195	22874.0637830843	20942.6793446956	0	104.659262622122	0	12672.1916374877	0	174.432104370203	0	2555.12958401594
GBM-BM-430	293768.936811648	0	60024.5113998542	748346.548643105	114587.896560957	0	1064824.90291298	808696.833344413	1011237.79684697	0	195487.399080979	0	103108.290719465	522924.434152801	1528526.24880369	0	0	1343151.35258829	1251011.63035884	421913.374112025	0	142869.806849807	135571.131845186	0	71440.1074712524	508015.882171883	106246.330667976	0	165756.682288538	124030.118256774	0	0	0	34354.5119736209	0	245840.19034102	18918.2696929037	0	87126.1439767266	0	0	0	338028.310201522	4539.48963032485	36273.2438625361	49339.5634358705	52682.1224059011	4749.2126981938	368576.062270772	98677.0452532014	157903.776347738	403836.598713772	0	0	0	0	68933.8387495231	0	0	0	0	0	5446.03450433905	4140.85967998335	226922.961457386	223059.997852445	214124.129866396	0	792.055854333878	46105.7690345363	73903.182608284	0	0	67376.7880818707	0	6597.68996139613	0	19601.5609785413	0	40299.0941182042	49349.4511239338	123634.610734242	0	0	0	71649.3101344864	0	1345.24598124381	31864.3757955738	120209.307427261	0	0	0	13882.3140408742	0	0	22847.3246864785	65910.2878206927	0	0	53863.961331783	1748.55957329949	0	0	0	5318.01496415105	29829.5936730735	0	0	2809.66462388213	16317.8077322556	0	0	0	15351.4163252267	6734.5563803776	0	0	200.355784440567	0	300.273474343395
GBM-BM-444	72480.6093195077	5782.81849576282	26685.847059076	0	0	0	623182.920520524	123285.277962496	304449.595283875	58024.8718330742	24011.129910664	0	0	32512.7892265168	290435.094514222	1037016.21968238	1196.20021777855	375319.316657716	620267.392824988	3254.30775096177	0	0	256551.85395974	675142.657144981	50599.7553202799	639703.87019914	80635.6360620936	0	628959.756145551	78976.8851505383	10183.2199220892	65717.7218113042	0	0	0	69164.22928466	45.245459940983	8855.02261869767	399476.652971991	121498.643188958	86035.9247601736	0	42859.7902350039	0	0	13192.977831717	0	75573.3795605975	10502.181718202	327997.42664192	257631.762127588	85451.8470045718	0	42572.238510255	267934.639464397	30108.7969789087	85053.612171207	740.754183000721	25885.6380981363	0	0	409.452715994846	6905.3546176044	61670.3097584018	137.979956348948	0	106499.586253812	679.055828535744	0	142082.336026737	86.7516256719673	13531.0100283009	120380.594220169	8944.39175031663	0	0	82474.24702515	99594.9794950495	0	0	92132.8439695763	0	0	662.229004590751	0	31190.9487232823	0	0	0	4112.47577215645	73029.9116389565	28664.3076255862	0	0	12066.3284862445	0	0	40599.0129556387	0	0	1578.73001546141	0	5334.47711998399	0	0	4676.73526844524	0	0	0	1308.37904407851	536.214789713798	0	5106.38017317408	0	0	0	0	0	3028.45438067786	0	22.0618358389917
01-2020-10	0	0	43064.3587183907	0	808272.631141798	0	90109.2891224688	0	863209.001348021	0	118279.488744257	65028.4512654952	0	0	0	279837.425740969	6880192.86681731	1672106.4751997	0	0	0	0	5101571.86959414	0	0	228814.41306439	1225662.5825192	0	266160.589692709	0	0	0	0	0	0	0	178381.391313082	0	167440.420357112	2513197.04038304	0	0	266.367210987213	5772.94918018082	0	0	0	2254706.33271885	75864.8668676199	0	0	1575656.65069047	0	348607.465026219	0	0	0	0	0	0	0	0	0	0	0	0	0	0	0	569343.732299455	134861.469981507	0	0	2910.12401536498	0	0	0	1568.33030768172	0	295500.813512292	0	2925.06049448576	14580.4930350664	0	0	0	0	0	0	0	0	0	0	0	0	0	0	0	0	0	0	0	0	0	0	0	0	0	0	0	0	0	0	0	0	0	0	0	0	0	0
SRR628279	0	16448060.3788704	18155.7148303104	328296.138672826	0	0	279816.835205676	60812.966932423	16328393.2478823	0	0	0	0	0	0	3373017.00925316	0	52935.8226780799	0	22181.646847921	0	0	3875.67300605545	0	0	0	0	0	47.368473926945	0	0	5259.06540443008	10612.867756714	1255.65282524377	0	13712.3966694911	9377.40477281619	37739.8609358441	575.022212178734	0	0	0	9059.02650543836	7975.37559781456	0	0	106716.51256325	1735.93808956861	1408.24143387729	1368.2500173652	7859.28401007557	0	2670.10651799673	0	0	0	3079.33907143115	209734.013232222	0	712209.466260941	0	0	2013.54840807489	158520.15106124	2755.13681135739	0	0	11310.1938155074	84940.9921393258	0	3500.99614261691	33079.8902467359	0	0	0	0	51937.2020638168	61623.2784495176	0	41644.2656391995	5196.94281567343	0	0	0	0	0	964.064924267249	0	119.197717176821	1135.29030952776	0	0	18990.8753829076	28014.5696659907	0	7427.14375203713	8916.92108365753	9818.4751529884	0	0	0	232949.612916761	0	8802.38256063745	0	137.057961444357	0	498.533774772109	0	0	0	4899.53092200097	0	0	1953.36715021689	21848.1261995338	2558.67412441449	20630.9117260832	79.9828330241858	0	429.422394780337
SRR628278	274453.779053117	69211.4414338151	36049.7837405376	30143.9192208692	4749.44546414421	15694.7898091494	229789.018627926	362241.761961777	7776554.27745264	120122.564593921	60644.80380936	0	0	1499757.05775749	76617.4104150363	683469.159341065	19630.9704253342	56721.3719563045	1329635.43776567	90620.3331172291	0	0	42940.4902119478	8550.70167054348	205695.981107321	82381.9761433545	0	102636.042366635	426998.573078814	1777801.73842537	21082.7358266882	277099.147402456	3472.44435735496	1351.36889171042	10275.5030822509	44940.4524278636	0	2701.14418802967	29504.8874690108	8473.14669483998	0	959412.950084925	32406.8246763277	0	0	0	0	517.918502129583	10531.5407417652	3393.29578626028	6123.6558897947	28796.2687184048	7902.63954480185	549104.632736276	125319.810362984	3604.7127748219	7683.78577774812	101437.658632477	14007.1722899025	30825.9780482891	511376.793048839	1341.27612089969	10940.032360368	20570.6605076596	14320.0481850352	0	165361.550558397	118720.200649693	0	23435.4138225158	0	0	0	6711.69258913567	1891.59772931635	14249.3987893601	0	54053.1620730256	0	0	0	2839.25578859756	13277.3056007476	0	0	0	0	0	0	78444.7331302422	0	17042.9715100775	0	36574.0766242318	0	50986.5533419548	85.5229526593465	24616.2680073713	0	0	5026.73106220743	10975.6226574374	0	0	0	0	0	2027.05333756563	243.288896384973	792.548107874193	0	2082.29797779279	13588.0567020254	0	2872.72129181209	0	0	5125.00277799612	0	0	44.6206709527025
SRR628266	0	0	18300.062769699	56441.7934946952	1203.95918435693	0	1616583.62772854	574708.543870596	4444165.01536584	526645.979167951	16628303.8130617	0	1864526.78353971	2098583.80942786	219872.388860224	0	1954.60816635531	86777.943132172	951801.295156563	44200.6655431185	1025.7895816258	0	36157.9144270456	183816.702893762	341772.526073073	154550.739197935	0	0	777168.797161617	0	6109.75696709808	6097.48955182807	1413.08940657905	5982.99367597462	0	15202.2483327049	13464.3645027865	1132.10718063257	2594.26624829167	4013.78144382168	355967.678028373	358890.243675796	34220.8311396474	1136.19631905591	195439.786780782	0	433179.373900463	12171.6125983799	1527.5852824325	4670.38024208329	4138.79224704942	8090.06828925722	22605.3413668414	344632.00215625	357081.092004785	5547.20835257323	16582.0404692653	0	49257.1772848912	28424.1853432506	0	1317.28673494657	480547.953396404	10003.7850713792	17169.1239143302	0	584561.030820312	63067.9502283976	0	16038.1850589614	0	521230.791570189	541978.495767571	2695.9105462432	0	40495.9061315747	27120.9185114698	222188.009533096	0	0	7342.34012041837	0	13941.0412104212	0	0	86.4560695219921	1881.00367473523	12890.1326356235	0	8101.16737926343	1334.81161390373	11863.1747287339	0	16828.5570999294	11542.4694438179	27530.4165164354	105687.287526948	39559.4934326305	9734.48609807079	1068.43345375489	1549.7834624449	0	0	4895.86701799876	0	0	3146.88409807413	8773.53856858649	733.708265673123	64.2578895095888	0	19845.1729310886	19231.802167588	0	310.774520173647	21113.3900049552	1293.92022967036	2382.79937554193	0	0	82.3669310986547
SRR059346	191136.843746267	0	0	131317.541173192	0	16145.7209624176	1791403.35634117	17392.2655955454	2380944.76872533	178122.32418373	587612.23616622	0	4911.97944720607	0	0	381338.779017687	0	375427545.648859	227880.230789415	141304.738055276	0	0	1276.22426724992	10551.1099304034	22853.3182740101	64968.7190932574	0	2834.4050586597	133558.35354941	0	0	80179.5315808291	0	0	0	20389.9086418766	0	0	0	0	43495.5038059245	0	0	0	34265.1375939542	0	0	12821.6019407433	0	0	21458.3754702719	0	0	7672.18542056055	149778.273597133	0	98729.302907136	18223.2953509639	3027.32268045329	349240.254714646	146973.548172595	0	0	143055.836468479	0	0	0	39191.9568582213	0	0	59804.4627560135	0	24856.6935772513	0	0	0	23862.4258341612	0	0	0	0	0	14186.8651103595	78116.7970093437	0	0	0	51330.9272141565	0	0	0	0	0	22556.5219327892	0	0	138203.216289517	0	0	0	0	0	137387.02635116	0	0	0	0	0	0	0	0	0	0	4466.78493537471	0	0	0	0	0	0	0
SRR059900	416038.171605324	171012.823515944	32152.7114842239	0	11020.0825651574	0	1439340.64485517	9645.81344526718	52901841.530023	331500.584218321	15761860.2649792	4751906.74683411	24618.9823124072	4552357.21325747	3500.4968148147	0	0	7620.94693757302	0	0	0	0	5704.51332784618	0	32850.4536102745	0	0	0	0	0	0	0	0	106.075661054991	0	0	1645879.38587689	0	9282.79896076787	3029.04943234807	0	0	86571.8828423466	0	3125.69614575373	0	0	6027.45478483582	108274.963094198	0	22763.8368624011	4983.19883267224	0	1201959.81607249	32027.7779278703	0	0	0	22888.7704187547	0	0	13490.4668492825	0	0	0	0	0	0	0	0	3396.77839067204	0	0	643.525677066945	0	0	162102.467987325	2270.01914657681	0	0	0	2397.3099398428	101050.031957897	0	0	8790.13644609025	0	0	0	25620.8080001488	0	3806.93761341801	0	0	0	0	0	66764.0210680113	0	0	4111.02117510898	0	0	0	0	0	0	0	0	0	0	0	0	0	12674.8628776153	0	0	0	0	0	0
SRR514324	874604.496706734	0	35136.3677931013	0	0	0	0	84933.854023041	0	4952372.92334978	0	0	0	0	0	0	8418.65256451254	12343.0135373651	0	172442.878425572	0	6103565.3621924	91036.0143949813	0	0	3823.08297947079	4348.18034643092	0	972.78480267307	0	15373.6123456927	0	163.205938379501	1841.38873954263	3751181.4099146	14354.0590428911	8014.83075650634	0	9947.49870664462	0	0	0	53616.6987128481	750.876333097781	0	0	0	0	56375.7176790502	2106.19521268407	2031.36561247845	20438.8021803008	0	0	0	2734.82836268732	2549.68961045445	0	0	23377.4766952724	0	6825.62068772133	0	0	5990.88359577242	0	0	0	0	0	19080.2578869125	33618.4880578959	0	8594.43761671971	0	0	0	7131.06737476754	0	20637.8102118821	11607.2966491365	0	0	0	0	0	0	807.966157392587	9697.20659561202	38127.616553045	0	0	0	2500.34077928436	0	0	48134.4628736458	0	0	0	793.774336663934	0	0	0	0	0	0	0	10663.218029301	0	1032.45495800945	0	0	0	4958.10609638277	0	0	718.944736458314	821.190353980649	0	0
SRR513830	387037.211792394	44141.9420878397	62638.8503344914	311366.872618785	0	0	884704.800241579	161962.238722872	5675180.27542392	82132.7153801292	535803.034608144	0	160020.407356901	29599.4255301687	10075.6614254191	218233.875447586	9206.01674910264	10087.2352547527	172418.872030522	18720.9904423606	0	0	26645.8485832854	941.659614392235	175283.073295329	92164.3319550288	4257.56171846923	35206.6243470397	71314.399905804	0	4805.38964025972	157515.316296694	2735.60316110055	1783.97719367105	481678.664720073	40435.4232437537	0	0	9119.21302910063	5757.33710294849	122419.607814102	107125.113845006	12487.1973651788	548.792407568298	0	0	75400.2831558248	4718.58592025771	1159.31190491581	7951.22075218462	9313.07467043846	22103.7635603651	13704.3784167626	773271.971417658	306.063486821921	25861.4001506745	4674.54106973817	1244152.57486474	20403.0536388441	0	0	280.343866080583	21949.1243406578	3123.96943429476	9765.41850022674	0	44051.2804247265	484093.737107684	0	367.790576601132	2494.48171665051	0	147058.361493785	7286.6900512803	10461.7772317985	5456.09604501557	113648.895646046	138848.337057891	0	0	1203.99974595388	3548.34317652683	4354.01029624924	116224.715663291	8392.9552384171	12555.9973506619	0	0	4461.38971284433	10482.3529283915	2739.46110421176	10524.7903026147	0	32168.4941469691	2097.43507145611	21994.1336769551	9597.59797488951	98627.3511520678	0	0	2628.866735024	159236.280419549	0	0	72138.7137505639	1583.04265662935	0	6780.01352267594	974.130635578174	742.332553646866	389.973749490536	1682.70618700203	3916.45524838723	23377.8492728391	918.833450984297	0	36002.0036184655	0	2682.55644332154	0	674.17555868232
SRR513789	731865.924005512	0	68929.2718329736	0	2026.85021804945	0	2607995.83276082	218918.191775077	5793202.13834485	133085.810684213	0	0	394557.504038368	0	581513.313193833	3181998.21146727	11801.4180516087	21953.3694321108	854020.63657027	267248.667332046	920.415093251654	0	54325.1965017683	14914.3313622759	0	182892.757622628	5040.24114200071	3591.82305076979	111109.063510256	0	10827.9020875926	0	0	53121.5767644393	1797564.33173341	23749.1139736254	1771.03092870592	7068.09326327214	44816.4669897723	8943.99006254446	0	0	210630.114355183	128.243612412422	0	974.517867238145	759.442642254812	6709.7458775468	14275.1171066577	16741.4688714122	10811.2037005597	85210.53315776	18613.6920255373	0	261249.938774359	10932.1000226777	11304.8080212513	316567.019465879	24800.7783889554	7818.85274426986	0	0	3440.86963199267	11158.1961831027	2354.47257163431	69873.7326035525	174210.598268759	36752.1479561193	3862.33692070224	10613.8287658312	2724.50882828265	5131.74830294083	197367.253470458	22303.0336565791	8642.08322499022	10323.6107992	0	29288.9708556495	0	0	36333.352409335	3107.56982681663	55944.9400439565	60393.0563817717	76.1446448698756	97.8525480126033	6861.70119954589	68607.9948664612	4201.64814521011	21949.361819223	0	2683.09682844114	0	9406.53538335489	14869.5796850278	0	5446.67988238071	20368.3585349511	0	0	10701.9962493647	7860.59871185202	0	0	14985.1325232953	1252.71299520572	0	4089.10101660858	80656.883013897	219.416805611878	0	4774.73678817812	3659.95246986389	46367.0792096444	2108.00437902919	7920.04496968903	10515.9762178186	2415.92263591526	0	0	468.890707882918
SRR1804683	141007.232891491	1503406.49867139	30882.220198225	0	1877.52734783065	1613.79012747394	143519.778012608	144348.117728971	1712370.23538775	6314.9700942207	331759.018347787	641442.847268387	2614.32720373009	62829.6315000266	0	543287.791573786	9374.19382258165	0	1837358.632837	192711.890720209	18195.9477879598	29363.8107645208	25643.323568615	17128.8362677301	424650.211996288	119148.410407218	0	1906.97373651125	191728.63739383	1012718.91922554	34855.5622534534	55404.0204414396	14965.8069774745	8407.58410719663	0	10973.2607557153	0	20636.7973540281	2986.2478955438	4831.7682991564	30551.2683950104	194778.89917781	23623.0452495719	3585.41789130564	181.159304274147	0	39032.4684739085	2358.91178887008	6384.10509373169	13075.4768519566	12703.5561601429	1254.03207446309	9525.26659929084	17175.5664062885	506670.567110571	8397.98202393121	3169.96775535539	208042.576861769	4056.5601101953	24839.949268742	397600.503298732	9590.56076549565	4388.15205229427	116458.546815133	3819.06858409739	64114.390240939	24941.7313513554	120524.06886971	0	11687.0156117777	10004.0904847928	255702.19708021	361661.82605294	7875.62869429269	37071.7230711109	0	0	35946.9990512888	34675.0430880636	0	2751.31692498333	3020.81539529929	715.035133831174	0	0	0	7768.08536172005	82092.0506693317	0	4476.49121833608	28.1661109118815	6143.41287321197	105190.822172612	5754.20843152052	4139.77816516222	19414.772223783	57134.9559847516	57435.1811215169	0	6223.43023375709	678.5472174226	0	21933.7187337434	0	1202.82096371421	5731.16343168353	462.180274508601	2963.20289570681	2465.17484367399	279.100553581371	0	2200.79748443292	5368.84482313523	20632.9565207219	790.571522185765	0	4674.29413360361	0	2981.76692335327	0	0
SRR1804065	263423.694908073	0	8957.18738878152	0	13560.5623106427	0	1658011.7676599	272395.916179682	1039836.54644166	481345.840049637	7984750.74583329	0	74062.9203626943	0	0	0	0	0	3466.81338008227	0	0	3004256.88679078	9889.28812410286	102443.884364946	115231.705098242	25509.4923821492	6205.98683130079	2251080.40455578	44545.3948186634	773090.36342865	23470.8978707045	62204.1935881545	676.52472724936	0	56551.4536449154	1241.79872157327	0	0	14937.6659776659	0	158598.443503209	241832.032390839	680845.465174059	490.104580185092	144830.413609543	0	45955.5730279076	4979.22199255529	62546.9661166275	0	16017.0987646993	31132.1645597328	0	0	0	0	19123.0989569152	0	396.894506652958	0	0	0	0	13196.7423462108	0	0	0	0	0	0	0	0	0	171969.578890222	46815.5111256557	0	305662.892100957	7195.21632136763	0	0	0	0	5971.45825918768	0	0	0	0	0	0	231675.141152402	0	0	0	22635.0139854808	0	0	0	0	1506.39505934191	0	0	0	0	0	8052.14764255016	0	11251.3579082982	0	32903.1559568433	0	0	0	0	0	18389.4454749204	0	0	742.673811691519	511.152016143961	0	0
SRR513158	0	924564.515249033	6270.94370998156	32694.1814943182	0	0	3206955.34083771	381159.344563446	3196159.2433614	274706.246026449	0	0	0	0	815201.331066543	0	9548.79341698473	967.99509792058	1727807.41396476	440023.381375551	26548.0771251219	0	0	0	0	294880.762810682	1834.02717404804	98103.0242351952	21143.3833609724	0	9236.1503907601	0	2257.56587995792	11.7649640530523	0	47037.8513720358	217.869704686153	9430.70803704484	10769.7352420459	1103.94579364474	264563.321924785	0	155401.885088835	0	0	1218.10951890028	27489.0563796614	510.032978670285	14066.1038739474	4103.14014835433	10378.876991839	0	7762.91544767233	0	138453.147152185	2303.5363876467	19198.0247678298	898300.540218821	0	33092.4473144845	0	2937.75509798809	130.28608340232	8863.81106545147	0	0	215632.836428141	44147.809739374	13451.4934370278	0	19446.6141008767	557.528574291867	0	4338.43942941537	73881.5776864168	24012.5095019844	76453.7474199415	17683.176711147	34545.4203750365	0	3352.57901571053	24148.6780674132	0	31444.2629985338	0	1274.75564211868	2130.98358153527	0	3255.19125771582	44001.8370372343	628.554098019553	17533.7180937323	148830.499056091	9055.10066616591	0	0	203.272434472181	154535.417273298	112377.411546823	0	5270.70389576742	0	0	142134.273682562	136.168565428846	0	3999.86990833309	792.609985648226	0	434.650060848876	1863.43958418067	0	0	0	2189.80840180053	7904.53075571833	2038.82469645302	97.8234974040829	229.852538443892	0	1256.89032633442
SRR514242	101226.651925434	32861.5978280123	48117.7066213007	32659.3579111603	0	0	2571078.89394424	148765.241094542	1592455.32988696	101854.781151002	587477.940654172	0	0	577177.329106093	141794.245255404	0	7091.66742557091	885.396801336248	560885.072497332	522263.087326333	279980.374688896	0	19795.6252471419	56728.2082080767	98019.6541188353	412274.121173127	135.003549044676	323.088441095122	259132.146409949	660372.425750276	4485.19654617757	49792.9538065628	4063.90762052177	5250.09869889072	132257.297295367	10144.0215862127	181.892068699773	3171.96412021481	4730.43235086423	1158.05796657589	0	0	15350.5935838387	393.686627292796	0	393.863565102815	166308.448020139	31901.8871464679	1393.73912952151	4505.7213321398	7081.93584601985	4135.39049576954	5748.00169628484	514282.661281036	659098.296580328	8802.47911064688	243812.516942864	145452.434477552	0	21514.2221958587	0	18461.1602839768	0	213688.500911469	3043.15339452081	0	149674.524500231	154403.187472995	0	1114.53126531116	127266.589425965	51991.7599716718	64114.3001495196	7644.59808188101	0	0	106677.751976507	26685.2296936708	4843.3186736565	4946.29647908769	4295.34227602693	0	0	144919.497793774	14320.2847160967	1877.48710211409	391.386435762546	0	899.021012707729	3776.2067414305	905.567711678441	16177.7778456786	4254.82351753252	2122.89984461077	8180.18883280924	18227.2484991314	25259.1109449158	22060.9600288182	0	91.1229721599056	0	4037.19001120887	0	8977.29366694589	4793.24527342105	1830.42164464898	19179.5277926549	3026.16736475896	371.746338850411	1160.0042824861	33494.5043744511	1508.21789260395	1779.1096797434	22677.4113589252	2187.83602088783	818.337371338958	14624.9716249498	0	3121.35990654931	0	1501.67119363324
SRR059896	267064.25014512	22978056.1285878	67683.4510235095	0	45087.7089977648	0	1489985.20907423	162692.064553984	18748341.451968	0	0	0	478522.083797731	1065907.60141337	0	0	0	36624.0878128469	14623.776423227	178780.600342078	0	0	21704.2973019463	127367.716758278	0	3574.2850471382	5624.26766579672	0	0	0	33510.8362011082	14445.1472323896	294.312857284583	3601.50473336106	0	4836.59799572295	25316.0094176409	0	16564.8802969941	12208.029270949	395787.847523374	386890.412589279	13640.4652584265	0	96044.662837332	2795.12152900908	445659.416374805	10403.0238282961	23306.8563283167	0	307.922700396009	9174.73548748992	9453.73727127415	0	0	91.8664410021242	0	8849.80048320463	0	0	0	0	0	0	0	0	0	0	0	9166.22933554528	59689.3694259358	6029.16049836163	0	408.295293342774	0	0	73343.4445274737	2444.66806888986	0	43000.2993105499	10671.8182297468	0	0	0	0	0	0	0	0	1745.46237904036	0	1204.47111536118	0	0	0	0	0	4826.39061338938	0	0	0	0	0	0	0	0	0	0	0	0	0	0	0	0	2859.76828378835	0	4217.35013415307	14974.2298833462	7126.45409922034	0	0
SRR1804717	160778.878071805	148258.806527871	6971.2039311943	3810.45655684928	0	0	379432.357545939	247517.248899577	2684615.90181522	61753.1018262659	50159.304860092	0	0	275344.99557454	7811.8749342319	765627.397494904	1615.49310244301	14607.4817890737	1519999.02239561	185660.983790954	11027.4963949371	0	27340.4647880845	69093.0596178005	153427.945462998	289381.786865468	0	17496.0536950724	126008.461990555	1197302.08021917	11606.9667469003	169650.920354515	206.326564714189	0	6720.97809739199	32318.6419026779	0	12866.8757697295	12634.2096435625	1977.66207242005	32235.2332914104	328939.418240778	51877.9612448921	0	0	0	8097.22018330472	1766.94558079704	0	572.885461600036	0	6172.23723379042	6988.76363882955	153120.650579381	635329.97691444	1270.88384010123	222055.672828464	339955.939818443	14049.9610716545	59121.3406444328	15244.0211908515	2875.40212527221	299599.341745729	203589.445286544	13321.2332047916	41140.2000259367	0	83107.9012741845	656.294072867474	4774.04551333363	2227.88790622236	0	441308.377325652	2194.96345440627	20516.3234083354	21356.994411373	823412.005395604	52839.3552379221	3560.23072304696	0	0	0	208.521528168595	0	0	3538.2810885029	188.766857078939	137586.894212548	0	13679.0122478599	0	5210.84324076048	86828.3643294031	845.060929946413	8922.52644216148	17509.2234757988	26486.6240043204	0	0	0	5215.23316766929	10351.44765098	0	15334.0146924822	6220.52642978736	0	0	0	0	0	0	362.168969977034	8270.62229620281	17063.6458945543	0	0	0	0	2447.38425166299	2572.49716856414	0
SRR061143	2711321.21300216	7571.23387952662	38503.7617357975	0	710.21958074405	0	2190281.20966253	1276.52975300713	16565850.4009426	547310.132860022	12554097.1481802	0	698300.417236065	0	0	0	9260.83693465506	0	652486.590547244	104492.887996937	397501.771125854	0	19904.803184155	262550.723322824	0	211785.346986639	0	0	13861.9405224772	0	0	9220.8620989659	0	1263.20480777741	2239775.3862238	0	2549.06202244534	1059.3331457627	14874.6363599359	3744.30960955118	0	0	128066.048602834	0	340313.771188944	0	268388.381827964	1557.68609735421	26112.8951666813	15834.0324164757	2983.4552369342	0	3569.75282704185	0	0	401.080851414557	51683.465062513	31959.8811334822	50466.8975630396	0	0	0	0	39062.0769409227	6833.03191380016	21052.0809684338	176912.63282594	38501.0967467515	0	9732.53999578713	38026.7286965735	0	166312.638895698	32023.8408705849	0	33844.0283889646	19770.2212373348	17814.119277612	0	0	6974.27633323519	465.040588517211	0	39914.8734356248	0	36672.914261234	334.45612526596	75172.6785134626	2166.63609435239	29951.8118873635	0	0	0	6386.64624860456	0	14597.4774991577	8559.94481557181	9490.02599260623	400322.662030986	780.841790461563	1825.51749647157	0	0	0	21866.2351219697	3985.4911182091	5098.12404489068	3237.96169082184	0	0	514.342885867173	5232.70599171085	0	10633.3062933162	0	0	0	952.733583924944	662.249777917059	12193.6573797163	0
SRR060035	177775.149059162	0	23291.1541529238	682663.115443686	0	0	1241074.49945588	0	5705805.57537499	0	2430329.71326045	0	0	4622473.43193556	0	0	0	21015.7708038102	0	40025.0718036612	0	0	92047.9417207993	0	0	4112.70602674207	2221.70192578715	0	9285.87337844386	0	11194.602477667	0	782.938494932057	30667.2855751007	0	14262.0400351078	3558.67322373064	0	60592.1469370252	5909.00799409265	0	0	96510.5898562077	0	0	0	0	9921.94760201091	22156.7542637597	3826.06748331934	4596.34526520269	0	3153.53040617201	1394346.6109091	0	3249.75182534218	51747.3728011983	2710.40544946725	49.1235666289842	0	0	0	0	391.469247466029	0	0	0	0	0	9810.53332718229	3745.54534832956	1660.57912346844	0	1562.33199021048	0	0	137184.396596485	17160.3304662178	0	8811.85628190026	839.152060868317	704.442074030072	0	0	0	0	0	0	0	4775.11453345043	0	679.627076454606	0	22590.7635070693	0	17696.1318424391	0	5711.50087053282	0	0	833.074918604938	0	0	0	89.1314198628991	706.974216639814	320.06282587132	0	0	0	0	77.9899923800368	0	233.463548618162	0	0	0	0	16118.1005680482	0	0
SRR1804676	106.221211116419	0	12417.5889476059	53730.6409998427	378.361600837168	0	527.40066449664	581709.758215935	4291319.63727827	159358.577832468	273.787230203174	234.263058624971	4665.91079683093	303.842069007432	28081.1004860717	343895.288090614	29056.0300516674	2865.91414954029	335504.635832658	67121.9243826825	916.055018348965	489.935043521469	112584.191030389	271875.660113199	54457.3093627128	352042.207957171	305.077199369251	964.636812580506	649461.187373024	470.99637797358	24621.5003426171	120807.277269258	16.0566947036448	4089.10491786154	0	41212.1830726883	670.675786467624	39359.48752996	57541.841586295	4987.45640102443	0	0	11249.9790455665	0	179958.082006883	0	13565.0250537356	3608.22749699341	162.625497639479	55096.6951800143	32600.4424799668	0	18147.7704062041	362682.032603999	0	2446.38153664249	100620.306635692	173629.274032923	20620.913100686	668720.163394745	0	171.683120292817	2259.46514188724	532831.532697557	2581.83416632196	0	39533.2292008559	33059.9109745634	0	12120.3342405282	27074.0575310687	18876.0856095566	4140.98039305793	16909.3463634204	0	1707.77358027483	0	77303.9273753963	0	304348.472455778	45318.5798156153	0	60781.5885253458	42787.3859941279	0	0	0	26148.5331799458	725.433232508259	1310.88502401038	2003.79315699075	24074.749302452	0	901.645164127745	8934.93303739741	0	10340.5113891472	51616.9212406501	0	87007.111497845	5692.30412750238	0	0	39253.2663188436	11853.9577924959	3168.1093780653	0	3604.11039578734	324.427575037746	9986.85239554645	0	16705.9615638409	4102.27964172094	20678.5525175708	1071.26973381753	86725.5017753503	0	0	21757.2330335593	12011.2310585675	62.1682282115477
SRR514839	0	0	3836.62145117024	108633.48363797	0	0	260690.257453854	272986.552743904	1722616.22728745	24578.8447913924	350034.103973474	0	0	259085.092977306	482071.339290535	766091.464809168	6154.50507230359	5099.34396649336	766576.862972971	102135.162025571	70160.9110861278	0	41063.9973682935	11831.8594540299	0	805550.125878555	1469.42481304169	451.720981464757	462837.716261177	477955.678328563	6515.67567064475	194507.033975527	0	438.31883747303	396778.720348312	34961.7262930859	0	4955.70047447947	16045.6309829161	5722.37183974982	241290.138558752	0	35353.8249160234	0	287663.962283152	2137.81378903937	0	1342.10444512028	948.631243311876	14325.0018812089	27315.11585637	80472.3144865322	0	0	712575.844738406	16040.6481345089	344957.784203069	62122.5456711922	64166.8880970072	32363.6004046384	0	0	0	1687799.34724289	0	9140.43402471688	12477.9115233747	97007.1237251463	36487.1651951187	18191.5204228222	6704.33662068214	686.945790755458	78722.991050894	7898.67383717568	0	51897.3970949398	0	27399.3088122155	0	51352.0329278918	973.373662988911	6407.94305163433	5714.12436652414	2911.70169338219	67580.3110782848	670.279021945233	0	0	4388.34304549635	19252.1798441162	2446.23492320797	736.774274827264	0	667.52986420334	0	0	433.164166706981	12522.5853366805	0	0	5911.72007922268	2184.37764829268	64591.4611457708	53047.4041428453	0	0	469.418684428192	4198.65116130574	0	296.565391406683	8.41929558454663	1619.08208761598	0	342.441961224519	998.116082665946	32544.3575261678	0	986.60398462177	3114.10843212904	0	284.022359209298
SRR059854	2156741.58728674	62004.5955608167	15394.9206690272	0	7387.85500612612	47324.2185675694	3366168.04405649	357083.895652496	8642475.66943881	40656.3548383092	148102.114857969	0	68613.4436116452	0	10780.8025491879	0	20548.3512963803	15946.0363122272	1783830.5946124	337920.142965473	2153.61829599744	0	29892.8030258936	47726.4331144188	427250.813507165	348032.706448112	0	29031.1741207918	114123.611017578	0	11869.4148328729	838.930567243522	34.501473544647	1881.23824169759	1516812.7956482	6686.02239954686	0	5927.89791507895	5396.75680919426	2102.7740191948	224127.927680627	0	33316.6203084427	0	210770.409817763	1844.92090112428	3666.23553087591	1446.33808833218	607.407521088654	17932.5948415874	13740.6658059128	29664.9117137961	4259.11611573524	22809.105747069	536798.439612505	12226.2327040057	188992.716542976	4909.19651199753	56655.0512943677	138344.553379434	0	0	98983.8196660779	1358362.05459387	236.970647240865	0	42065.4676525537	24525.100089158	3063.36767735892	22392.3642639902	615.578922717649	39350.7464446986	15702.710130386	10197.0012994719	157.98043149391	550.207709685686	155598.921885815	9230.96004022174	23255.8090361207	19027.5626598728	47.2125427453064	0	82738.1652941208	22033.7305258288	76.2664152039565	0	7336.10279580915	14170.1183581923	1899.39691198425	6474.47389070731	1532.59177219379	0	86841.1168453908	609.223388117319	0	0	3700.73700442056	8451.95308492418	0	0	8005.24979587244	10940.5988477104	17796.4048144375	757.216550953568	6903.0185094724	952.422256535124	1530.77590516513	956.961924106788	3342.1032662591	556.563244286016	1367.34787258522	0	2926.26971669467	0	0	10279.6232492761	0	2471.39502601392	2939.88871940966	1715.08640857469	260.576918613518
SRR060370	2164848.93786304	0	530.143099414296	22256.4187706413	0	0	0	198381.640470959	4551777.2615192	0	1778438.27043978	0	19195.8887065884	0	733056.242661005	1138481.43404631	117.712694771266	0	706411.320240113	12030.2374056234	0	0	0	5389.49752874961	53184.3393894325	459900.010687789	0	0	98147.9729543947	3663988.11755431	0	25905.5123085505	1066.38982003895	0	7968702.99972048	4270.79095547898	0	34829.8784639869	11488.7590096756	0	104628.274788025	0	41774.9274554916	539.734504173436	0	0	100982.669033664	1986.29273102922	0	3023.90833679075	24352.576683457	0	1640.13021381298	0	777624.01279318	1100.39570963954	2994459.23639664	6851.75078157489	8628.77649967742	123777.078416705	0	0	2270.54709025465	366133.565816547	9422.24725702447	532.758937075879	46714.5009064488	930.366261636601	0	0	65871.1520481134	0	398144.443227234	1450.04601040456	44090.8157318804	796.958540895833	0	26894.2989446292	0	3394.48533884844	0	0	457496.055876793	127605.792807376	0	1986.29273102922	0	56223.9427521928	0	30516.3621600354	0	0	0	21660.8797296874	15161.3950865391	5107.85900718576	0	7234.53502605331	0	4214.11447281133	6436.70453927028	93.2982099298185	15634.8617032858	6013.81078398092	0	0	0	2526.02723520266	0	3074.48119824804	234.553443655338	4292.58960265885	0	0	0	0	633.032714103254	0	0	0	2822.48883684881
SRR060358	437212.334543968	0	133085.919844539	657.701605359718	0	0	0	2715.61531265631	11223740.2040367	64510.1427235985	15236294.6202388	0	129932.413726209	0	2584.07499158437	3563655.76260713	0	133355.923661476	92419.1911089286	411927.169405283	0	2281639.56232819	160541.500280911	4311.40710250278	285989.427534785	16463.3096583727	0	0	9173.20660106975	0	3497.93406429471	0	0	18548.9160648424	1030582.06893101	2812.53975976195	47927.408300042	30707.7417955056	0	302.888897205133	8150.30752536556	0	0	0	0	0	8107.03768290768	1768.87115967798	0	2616.96007185235	7141.25479924789	0	37719.1870673798	0	0	9019.16596191971	2400.61085956297	785264.562512934	0	87507.1985931105	0	2544.26673652312	243865.370505194	50321.0959848117	1080.01526774859	0	5926.23762303072	417685.520039577	277356.22856759	4799.49092542763	4712.95124051187	50357.4426524763	18202.7573251794	0	0	2163.49212289381	0	107169.015005969	21096.6443887621	0	0	0	16281.5763200497	17571.0176252944	688.855891929389	0	0	512501.860420672	0	559.04636455576	0	0	0	30796.0122741196	15076.9439060224	0	10703.2282303803	71234.2762415524	13856.7343487103	0	0	7965.11259964585	82029.2365379434	0	8404.73419901787	0	356.5435018529	0	8548.39007597802	0	7174.13987951587	1722.13972982347	631.739699884992	984.821614341262	0	720.01017849906	0	9067.62818547253	6232.58810763249	67284.6050219975	0
SRR1803906	0	0	52139.0229781723	0	27336.4763650483	0	0	0	12124202.1979012	0	0	0	341465.216690576	0	0	0	0	83274.9393616055	0	44595.4181024664	0	0	56795.2279930459	0	0	1426.97192114683	12532.9154664639	4586.38375879303	3783.43931386637	1617972.33098376	0	0	0	7398.14392553801	0	148662.545681068	10225.9047968015	0	45940.9318915193	43935.0253887043	0	0	0	0	0	1920.08454221592	2302.64684115743	49535.2719701674	420587.245924889	997.862118151607	1978.26892228307	0	0	0	0	0	0	18383.3548822158	0	16450.1788544847	0	0	0	0	67280.0532811462	0	0	0	0	0	26214.972439254	140945.842274662	0	0	0	0	0	6644.65620366843	1288.78401848735	20332.5316144653	0	0	0	0	0	0	19720.1410142585	13967.1604351191	0	0	0	0	0	2325.92059318429	0	0	10129.9005696907	5003.85668577482	0	0	0	0	0	0	0	0	9654.24326264171	8378.55072966947	0	0	0	0	0	21701.3191555449	6998.12631257636	0	0	1057.50110772043	6381.37188386458	0	0
SRR1804055	366667.764210689	0	1779.05716760775	0	8743.91290503961	0	1398975.04022218	906846.327666763	13761922.2323218	57923.1079350377	609626.424132708	0	53909.1739813529	1226993.27768203	53448.2519044679	335185.595785814	2279.09809234645	0	478598.69365645	199259.505230483	75567.4091365318	0	46650.0764752823	163683.464336744	170485.041404874	394642.842884506	0	29747.3325635368	265213.882711835	263096.362469319	857.213013837767	122115.4364435	409.89749272798	0	0	17469.1167958883	32215.2216172642	0	13086.1050168012	2869.28244909586	92725.2759690623	146585.12618573	59811.0175488471	0	29987.1481090748	0	153886.744178598	0	65132.8816764232	7049.89671102688	7425.77781431685	23415.1816696519	227.909809234645	222936.613098808	72126.6513448774	0	20217.6410624792	93019.5177377011	2658.38083458022	44719.6463746754	247380.79054896	22108.9523152324	11540.0601168438	34033.3976327256	17096.6373315421	0	98817.6113174093	0	47650.1583247597	2910.10211642147	74179.5404474611	332103.710902731	150867.789615975	4167.00770615581	15130.4900220254	0	200016.369895479	52322.3094140699	0	0	23563.1529637072	10801.904466039	612.29500988412	4316.67981968304	0	3382.92992960976	2126.02433987542	0	5879.73291435945	8141.82281198689	0	35183.1515957303	0	2032.4792689209	0	76499.4582071331	506476.825620369	64816.5292546498	8379.93753805294	0	3719.69218504603	0	0	50197.9858936664	11861.5149970329	0	0	0	0	2267.19235604314	0	2923.70867219667	0	0	2471.29069267118	42539.1958116992	0	45376.162690829	9106.18745255438	0	156.475391414831
SRR059344	279954.396299281	277406.169317122	74639.91007121	0	0	0	0	31846.6018112839	0	856589.479219558	854619.072058803	0	655911.408153153	11034535.0614954	450028.801716988	0	0	0	699567.981997573	14826.5517722115	0	0	44467.1843852374	0	0	34080.2841904246	0	0	119909.391043	0	10676.5029350364	1890.03893619594	0	0	8437582.76470896	0	35420.2164861001	16583.5674401708	7596.18287993118	773.197746625611	83581.5678829932	0	77337.7882301348	0	0	0	118177.317237835	21177.0271714681	1112.68421243793	2266.93819619982	11173.9545318798	0	4296.92869585308	4000737.14687466	0	0	29101.6112448586	1815.21334781281	0	28884.0627749299	0	20381.6588801364	0	17686.5520392998	842.480698832207	0	44033.4731044241	68497.2835285732	0	0	0	0	0	0	0	0	20977.4922691131	22884.1591138386	0	0	19778.897195939	2289.10874090593	0	0	0	4874.74851725609	0	0	11305.5921410723	57510.3929676512	0	0	0	20464.7984227843	0	3344.98093253445	94747.2084606082	5366.65747792292	0	0	16889.798088924	0	0	0	0	3342.20961444619	0	0	0	16382.6468787717	7504.72938301848	0	0	0	7902.41352868434	19367.3564598318	0	2150.54283649274	5258.57607248063	0	4360.66901188315
SRR061164	0	15756536.9772773	11887.8137335088	77716.3806577508	0	0	4398061.6200134	9782.84807241943	10948920.4148883	0	386394.271351702	0	0	0	98546.2659496232	0	28223.4763639174	4280.50009434181	0	65364.8292785996	150484.882261561	0	10337.316996557	13450.4079742601	136274.347798575	130380.847197651	0	263882.850375538	51093.807296616	2579385.40258657	10387.7232623876	0	2681.61334219246	5572.91675024058	0	52658.4177880004	6254.40946427145	4552.69392982751	489.948903874262	13916.1618705356	0	0	3357.05730432365	0	98116.8045647458	0	0	1631.14676228098	0	24031.6912974376	3109.05847643668	0	8018.62876834543	2141913.45394331	90985.3260750204	10303.0407357921	16757.0590127531	569762.18519057	4641.40895768951	369397.278513595	0	0	330.665103849296	402788.405250474	231.868822821153	1262.17289640036	39333.0173530004	0	0	3998.22500568997	4619.23020072401	76468.321515783	0	0	0	16978.8465824081	0	13966.5681363663	0	30649.02587569	3062.68471187245	0	0	38294.6482768883	570.598929203359	0	0	96017.887655556	0	8375.50513042669	0	191.543810156605	0	31056.3085036019	0	0	299276.113991212	11629.7336524557	123991.348940953	0	1905.35684839991	30729.6759010191	0	0	0	0	1447.66795465729	0	0	927.475291284612	19424.5586005129	0	0	52230.9726537562	0	5591.06300593963	0	3425.60982585338	0	0	0
SRR061494	2906538.91899563	2336252.61989048	7217.37632391695	3594.57597361562	1290.25721991811	0	0	14046.331463921	0	163654.344149301	3143040.37937074	0	4759944.35875328	0	12939.53269246	0	0	13652.5342082585	121045.615488412	0	0	0	0	0	35722.6527585454	3857.33148038019	2544.89796449474	0	7011.06957052379	0	5563.56225192816	0	0	2673.25167751784	0	9062.04094301862	76398.0116164639	0	612.872179461104	6255.05948072802	0	0	13426.7391947729	0	0	1288.9132019807	44252.4625983478	6378.03712200147	31321.6660224809	405.89341709924	4437.27522037464	18718.8098233433	2006.61878056015	1081195.90176223	109902.362769306	603.464053899201	0	13671.3504593823	0	0	152599.796614065	32447.9530540344	0	0	6826.26710412927	0	0	32671.732040614	0	3969.55697815432	7618.56567823524	23207.1577253397	0	10288.4573109095	0	0	16525.3725494825	52513.4688506672	0	0	0	1041.61390149639	128147.406269711	0	0	0	2398.40000931654	20184.461384094	2344.63929181995	5391.52795593908	320.548278073406	0	0	1083.95046652496	13045.7101095158	0	11757.4689165038	8750.22878153841	0	0	0	0	0	0	15661.1690157248	98.1133094312732	5097.86003661396	10621.7737593884	8864.47030621866	0	0	0	0	0	2942.05526500078	1109.48680733584	0	2388.99188375463	0	0	0
SRR1803879	1582405.16492245	708536.021830751	17156.2891937666	0	0	0	276717.405254829	189172.304695462	1041649.67426136	610593.499131496	154390.322855371	0	842747.422855656	468806.523311559	1696662.84924152	421356.074881922	0	0	1470695.28315801	19815.3376533413	0	0	18654.0389383434	12985.9244158416	970813.165961236	59402.5999239492	0	14773.9988391679	205354.513892302	2795891.77591169	6248.76388000069	266355.256206751	0	0	0	0	0	0	3839.3403778554	0	4303.31720090365	341609.040927472	19866.89063368	0	43543.2751829141	2971.0796563616	0	0	0	3828.48711883672	1250.83810190201	27447.8920582227	9700.10024793854	422970.49716095	102669.117001887	0	22317.0138571453	18154.7890234844	13916.5913766928	0	200163.942766622	7084.46482443847	39807.0407657361	8365.14938864183	2536.9492956147	5356.08332571488	27727.3634779536	5738.66070612308	0	0	884.540610021809	4189.35798120758	494355.095041514	0	19516.8730303278	1861.33392170233	0	12388.9951698147	0	0	0	11849.0455336357	0	5437.48276835492	3475.75620072987	2987.3595448896	0	29843.7489865947	0	5456.4759716376	0	3779.6474532527	11007.9179596886	0	39020.1794868823	4569.22204686112	244648.738169406	5559.58193231499	0	0	1275.25793469402	4238.19764679161	14375.1415702317	160.085570525419	4829.70026330926	3473.0428859752	0	0	3521.88255155923	0	0	0	176.365459053428	3416.06327612717	0	0	0	0	0	0	469.403452557586
SRR1804615	814771.692841442	2685.50445733087	42647.9889363756	0	11086.0067781112	0	723784.623673111	158978.676331605	419434.092555576	1626131.38719086	8918549.67765454	0	0	1903345.30749129	16666.86223296	0	139.45497923825	711.88446544478	3991181.58365882	230945.414474498	5529.05789113176	1089893.7884533	159853.922344157	17231.32286321	0	60830.2619437246	0	14690.5859557551	605854.85251595	2575.26861659968	22701.9424773277	199062.021792656	2757.22416093911	488.756498663581	0	1812.91473009725	4433.34019711694	2310.96822737671	117241.793259586	9168.16877792037	373258.556715803	0	77810.5658443058	0	0	0	0	1690.72560543135	118919.237438423	3815.7538604904	63134.5894578042	6442.82004080714	10039.4303624946	5781511.24783277	0	1876.66557774902	540.554062380645	163086.621577166	0	351.957804744154	4121483.0036884	690.63418289419	6003.2048205418	1846.11829658255	21452.1602348211	0	56230.9039141812	0	0	4300.52593117574	0	6820.01255608013	0	23032.6499995212	347889.703778376	0	0	17641.7189449683	4102.63267492337	1522731.49672766	22108.2627085705	0	226231.836176245	0	873.917869893033	0	1026.6542757254	0	0	32867.5463924664	966.887856051866	11562.80999284	0	9654.26899126513	0	6890.40411702896	8947.697096458	31546.0444463515	0	0	10109.8219234434	0	0	0	2886.05399890207	0	7999.4032376379	0	4030.91297131513	0	0	9959.74180292987	5275.38264318408	28810.070567963	18107.8970184219	0	0	2603.15961244733	1750.49202510489	0	0
SRR1804256	0	0	771.574757576466	110487.809516252	0	0	3418392.20568473	226643.340503493	5168901.08802942	0	3055587.11757772	0	0	0	0	0	178.055713286877	0	1529137.07008002	30543.1066623052	0	0	8387.88862332378	54866.5962228276	0	116042.222806058	2234.56066155262	0	160713.395134316	0	2710.91750489154	129654.620627038	5820.34065380609	0	0	1459.13188420804	467.107195895443	27083.7385184458	12956.4436564464	3310.60298081011	0	52663.6385233735	47614.8726271439	0	0	4861.46053549927	292.90550237668	1566.27363376162	7879.92881788633	2289.28774225984	4378.93726053137	2236.10226945987	10415.1030213519	0	411825.907145566	8564.40272870341	1066.02186786039	479425.41387829	0	150373.060096466	0	1350.44852674722	0	107025.358156578	5404.10651884975	70189.4080168961	38049.966366638	81560.3079407403	22489.7469548537	0	2550.59028253799	35500.9176920073	491123.905482424	14333.0995176168	0	62081.3212287374	106136.621198051	14800.2067135122	0	0	970.44217761116	667.516223837382	0	50012.0729229109	0	3260.50072382463	0	0	0	22152.9056271205	0	0	35579.5396952768	1711.18477704271	1766.68266170356	45821.2118270635	516.438648927305	19062.7525770465	1154.66432252702	3148.73415054932	1875.36601916438	21411.3922237353	29562.6440332969	0	26953.4726502836	0	1335.03244767476	958.880118306817	0	158.014810492683	11757.0727046092	324.508464475217	2454.23978833513	29299.0290811579	373.069113553456	469.419607756312	3635.11144528533	2888.20241422479	294.447110283926	0	3019.23908634068
SRR1804338	688820.370121763	144699.156541996	3774.66396012906	152444.835525816	0	0	277813.600333827	40487.6819249324	406475.413285683	1223715.39917477	379040.44616632	0	414423.9266229	0	95460.8857088804	3068216.91422342	0	29881.4828476614	16.6713167175373	296365.071103398	60960.9850383302	0	156385.286468858	0	314484.940006837	101193.040106927	20936.8583365716	111.142111450248	168522.931223487	0	4647.12953501351	0	291.284950425859	3925.63199484898	103617.327412936	0	575.160426755035	0	272208.333179686	0	0	0	55484.4574966192	0	147455.480905962	106948.812203657	0	6116.520866812	144037.397886736	8488.01566988168	13248.1396848696	10614.9978277608	0	0	66213.8390807476	12443.7486532484	13164.7831012819	2797.53956362896	0	0	0	0	0	4965.73692117089	4533.67196290805	0	0	86277.3056581726	0	412.151996628004	7407.15863602801	0	0	0	0	0	15605.278631877	13793.6622152379	26208.6991563617	3527.37276215226	6157.7360664748	0	0	16325.8499877794	50747.4880881834	111.605203581291	0	0	2239.5135457225	2583.59099908723	520.052463160954	0	0	0	0	4316.94484558006	0	2883.6747000029	0	13948.7980791372	4046.49904105113	0	0	0	0	89.3767812912414	125.497967512572	0	0	0	1063.72262500509	0	290.821858294817	0	0	8824.22055701868	0	6547.65964081276	13995.5703843725	0	0
SRR1804611	1178213.21769051	595470.054275688	1614.70043889095	0	0	0	8582.06926182197	89913.0682384404	10341129.6413293	273264.21020101	416532.320894615	0	200.248282775846	10327255.2960227	156993.064424178	3899102.65262817	0	530.816876564544	1219218.02676908	127998.384495904	405.26438180826	3722.0752242939	68990.3012325355	5870.77108392044	99084.7574439912	77623.2272010942	0	0	43277.4681608656	278092.418796828	0	28220.7044226246	1880.10887717322	0	0	800.993131103384	0	0	5082.49212950123	0	38385.688681627	0	19543.2788356713	203.426826946891	262.229894111227	0	0	0	22672.5555720652	0	4793.24460993612	0	15487.4564734176	5379.68600949396	741759.371203871	30541.0416674876	0	53664.9505118412	0	274599.198752849	1543.18319504243	10703.7474959946	0	0	26275.4353899449	0	61035.994444495	22837.8398689596	0	0	1598.80771803572	0	139757.408656685	63.5708834209035	11638.2394822819	4283.08827048337	74257.1489239574	29762.2983455815	0	93.7670530458326	0	9265.45625859668	0	0	0	0	0	0	1147.45444574731	8273.75047723059	0	1347.70272852315	0	0	17677.4734072677	0	503.79925111066	84455.5078967558	1136718.9128096	0	0	0	0	0	1352.47054477972	0	0	0	5891.43162103223	0	0	0	907.474360833397	145358.003486067	100.124141387923	657.958643406351	305.140240420337	0	1540.00465087139	7258.20561458165	0
SRR1804174	137697.67592311	616909.50359463	12789.4198818581	0	42295.2338630506	0	2315129.27130164	692694.52261626	7280091.41054571	9580.14207794298	296366.74348333	0	46685.1629793883	2851947.57739327	44669.3317237939	899272.442989038	0	0	729640.184670609	427286.433990197	0	0	55783.7389062544	0	192893.997181312	96521.4435995181	916.604171614749	6188.24136166302	202775.408904494	1058880.21558288	15911.4574410129	261804.484915831	2117.0299395163	446.670053172669	6060.28900268127	51810.2365582392	5082.03505810259	85688.5316068174	3487.28338388454	7273.510006481	72401.2607281939	124800.078137749	109521.403272064	0	0	0	60248.1130314542	14242.2607579327	37743.6194930906	4179.38932564948	2465.99091855745	8086.58908764687	5953.27430244198	12456.7437485055	470694.853376389	3095.28388409498	149700.770398862	91924.4643022827	6639.56422788958	67091.2378304511	145570.235610278	25434.6025590458	26930.4819558689	30902.8211006206	18422.8132868457	0	346428.685536573	35895.289507436	20308.3657769313	31665.8824414572	26330.2690719181	4799.37666507926	294389.29793543	3889.75171304533	32545.2641086409	15721.8553090672	0	115416.517411333	53441.0475336249	0	3386.08469996261	0	1722.7040331998	8322.71935013138	0	0	823.547910537109	0	1398.17032269153	27988.996925627	0	8133.11721818569	0	5635.71981151454	18449.5669619055	0	305325.735018579	66404.9479050035	0	0	6395.29154256077	0	0	19768.639462681	23468.7890437807	439.690833591846	6880.34730342797	742.123682094175	0	501.340606555783	0	428.058800957142	16993.2364760404	0	0	0	0	8209.88863357474	364.082621466264	0	26.7536750598213
SRR061184	0	104691.738672103	54281.4300609475	143109.540034558	0	0	422926.659427817	1947414.37407646	3554.76654653385	577027.7211584	33450.304904425	0	7238.73146958915	130.405837984258	62565.8231573363	55305.3573814165	0	0	421529.626515338	634413.534640251	28940.4363408028	894930.59001184	218144.817718408	85635.5818659218	85013.739212571	811866.901061719	0	134802.205170376	3500272.60325545	151454.306204088	12637.2916698449	838409.318937366	0	415.366743209119	89516.3630074164	23348.6823064963	1341.48968518992	3221.5071827963	42727.2313232496	766.738028888925	0	0	32300.8015918231	1983.85918340867	133275.973881375	32737.9026413629	12918.6301906813	1010.645244378	0	3012.61634972893	4093.29435895033	3312.06679250759	2324.36331592312	17781.0775014462	281663.327969907	926.122941980797	30848.225452054	55756.9479685101	0	7279216.44497595	357206.946929602	0	388022.57092216	97829.7351789128	0	82895.8518067896	707937.070572653	199622.358878792	0	0	84622.5216986182	61510.5018388341	54099.1033800621	2522.38699582514	0	2167.39332575688	83580.482456207	43759.6108739583	0	0	5676.27633670368	0	0	11369.4571338868	85060.8302096208	2523.59445728796	11438.2824372674	0	4098.1242048016	36535.368941923	0	6478.03074801431	456.420432944904	1147.08838967635	6147.18630720239	13016.4345691695	98677.3731258105	8670.78076449035	53616.1187949352	213301.689791048	4907.12338488912	0	0	20113.893047609	4541.26256165551	984.081092196022	0	0	0	70479.5255846403	0	2465.63630707273	7169.90616620857	0	0	3528.20239435187	0	9408.53971827167	9914.46607119208	0	1407.90006564486
SRR1804638	358063.531931976	4443459.301749	36980.5033005137	0	16855.5480679159	52.2507994355545	2117126.81607948	296988.878741742	5583674.38093169	1513798.03159701	1045.01598871109	5063.66229529918	756942.402623039	0	0	9242.79320015362	0	5705.60068836456	30954.8664656063	143198.914153077	38707.5788318567	423.604695423959	93085.7322444302	195924.636033501	306505.055588942	64846.0412494928	19363.5864408225	0	62199.911478078	351158.028956573	0	321.902246522612	10746.8697839056	3879.62185808992	0	16131.5012757375	0	0	136169.315529015	17813.7904075644	0	664.331592823478	97241.5368995366	6342.87383148034	0	8075.54766276293	11404.6700267997	19709.7479870831	86459.211216014	16988.0411664846	3392.56976335136	10410.9717875342	0	0	5803.57093730623	1761.59838097012	5274.53159302124	11289.9048780394	0	0	7101.4434732858	0	0	0	1615.10953255259	596.218943559273	100819.783610882	75076.9343889724	0	3408.43161318001	5392.09589175124	3405.63246321025	4897.57939709331	3554.92046159754	0	540.235944164036	0	25608.4900233612	80711.623278103	158548.519537261	1819.4474803452	14265.4012958963	0	0	0	0	0	0	23600.566445052	2546.29342249336	0	0	975.037239467043	0	0	0	0	19455.9583898247	0	0	28460.8238425485	0	0	0	18975.4376450156	0	10521.0716863449	880.799190485061	0	3762.05755935992	0	0	0	0	1894.09147953885	63573.3610632411	4542.08735093356	1025.42193892276	34990.307672013	0	0
SRR628277	0	0	92750.5641476365	4171.31224933995	983.568482852764	15302.3693243833	73.0790071085117	367154.553175248	440238.432217567	0	310097.837302173	0	89008.1694554026	0	235150.256196518	0	14335.4778457169	15787.8762664812	328476.832825825	2984.43422106991	77.0140305682008	884223.943679105	53825.4994664615	65928.8821001871	129164.89647946	259302.305899672	0	80679.2238477969	133407.601297283	1106010.86020652	24962.2897717115	9154.17624172339	97.6260582141913	24453.7348350641	0	141181.333832934	11096.5787742537	89415.7254565847	3319.2859792825	5342.82494791024	0	0	11393.9541185645	106.995161689641	59769.2587112871	8961.92223840715	114830.168162021	35536.4473361741	2401.67598489691	74276.9406788828	23536.8743689565	16516.0429885932	10294.5835167552	0	217990.743181231	19538.1410056344	44520.2932767138	131494.617749666	0	64856.8692805261	0	6577.86016804409	4519.84289862669	515300.129003553	10633.182916358	0	93417.831697158	43269.1431986022	13540.4157247902	63865.6181328235	12149.6660048943	220241.389218103	74661.8234496543	12946.7893285856	0	8405.2101098959	0	139528.623979864	78248.5036421261	89829.4650660606	1441.71764280228	7618.5801820971	5853.06632318326	79852.6815391927	0	217.175818560936	890.814358445807	132933.899425564	0	5755.62764703858	3045.70815779936	33900.78925143	0	7031.32477625588	7423.14068359921	30260.1430229396	116541.341220778	23375.1636429703	47395.48375126	1776.38201894536	1518.35690923146	0	139725.00038871	11834.3019819107	14504.121708275	11431.9926786748	0	2913.60379879551	19528.0223738809	483.820503472249	108.119454106695	10775.5932891848	8771.542055786	0	1271.94948782712	2871.44283315598	0	0	2943.58492991695	0	395.001402524981
SRR1804539	378465.57627203	140076.5351388	22802.4805959534	0	11308.7647989522	0	1415939.4757248	263221.329852426	2878578.49685009	0	676195.97064724	0	196907.672948141	6814677.72019934	0	0	0	5278.66433425683	0	169837.360831167	3838.60561988707	0	3574.55608179181	60373.1239040542	0	51721.1394795936	3988.66020320993	0	32417.6060668584	0	20089.8659578999	0	0	6544.24097499535	0	31513.7889254487	6408.144957563	13780.5941753946	64070.9806512121	14336.6103833661	0	0	62648.3701442054	0	0	4968.08624319324	1982.11635645078	3623.41106240855	11228.5030450818	6546.56740264377	5700.91095244441	13444.4253801984	4488.84214761946	17508.6944819819	0	4829.66379811246	30056.2820037158	2505.56257734447	0	393447.770327831	0	0	1310.94197988265	0	1426.10014847926	0	55918.0149573368	0	0	9385.972347536	6289.49714749376	34585.8366351825	0	3882.80774520698	0	0	0	101.199602706114	4300.40150809773	57269.6694210667	2919.66669876259	0	0	2806.8349578144	0	0	20331.8144333352	38914.1552750613	0	22175.5083447052	0	1576.15473180212	0	0	2496.25686675081	0	35098.8139316583	17048.0618075954	59706.6023827829	0	3039.47772265604	0	0	0	5639.26061976137	0	0	2709.12499658091	0	0	0	0	1208.57916335232	0	1383.06123698355	538.568000608398	0	13012.8730514172	2577.68183444538	0	0
SRR062404	1691072.88965498	0	88782.9155023494	0	3089.18214622416	0	1316218.38203097	161078.234215975	7362807.46626255	108633.889783333	493985.979043184	437251.886860413	0	37323.8805141061	38730.7332708685	2094234.86354051	35216.1639522899	634.236898540423	437936.093938839	77079.643115949	1424.79077005444	0	127431.64642674	23492.39097927	174229.360532377	202143.471788138	0	3182.71607267558	329407.269661931	2190538.93175889	31875.849619977	12885.8999770122	0	16408.157015573	4052.70971734011	24364.947197262	23796.0559185712	11212.5395941964	113069.704213125	2984.11663979928	0	188514.425546169	63715.82321337	0	0	0	64043.8325992818	119828.491364237	40677.0077130562	5995.14029953664	5477.50048739456	125595.562637632	21897.1890829411	0	387840.347960791	27671.9480763182	3175.02835269327	51459.0349882433	152255.294249613	94028.503103611	606868.615403406	15016.6796987753	43015.3558743416	97595.605175402	4184.68224370307	0	146516.41128282	4856.07645549132	0	12038.9694922946	1217.22233053212	675.238071779399	381769.611748095	8671.7481400436	0	5865.73034650112	1486.29252991291	20708.1550590107	15722.6686504839	0	65008.6414570615	2736.8283137017	0	0	0	0	0	44113.4185451479	2838.04996013543	13301.0368560568	0	10944.7506814794	0	7669.7819690161	17194.8670270959	16146.7745361746	113905.103117869	26926.2392380343	0	0	9696.77747101802	4663.88345593361	0	0	20392.9585397361	3825.92197786202	0	1631.07792291305	0	0	0	9917.15877717752	8138.7328879369	0	0	0	0	1752.80015596626	10156.7593832928	0	2977.71020648069
SRR1804779	129271.536652197	0	25313.4340662546	0	0	0	150313.909164204	678850.457855205	5406742.9792809	0	5772656.15896546	965767.673954874	0	0	0	0	1486.94721564815	0	0	41633.5125695701	259.433424590343	0	108.013137864462	3688.59818464247	0	2605.43840026333	2163.29116302376	0	421712.564811626	146316.413594641	1802.91088061616	68527.774429243	3490.74234332065	3538.18736649476	0	5312.83312692209	0	5680.27968937689	13790.3502464151	0	0	0	4317.49710884396	0	0	0	47669.1251984637	89.8427034573562	1937.17020151311	2870.92863632271	623.85158131063	0	0	0	0	0	0	192952.852437634	0	315260.065369019	0	0	0	0	0	60332.9085116383	35898.7215769719	0	0	1762.53213748926	20074.2921455392	0	0	0	0	0	91610.2829377363	33061.1054037289	0	0	0	0	0	0	0	1430.41697527049	1311.29968304613	0	9073.1035806148	14611.0482004694	0	2406.57309036334	0	55731.7507323278	13451.1688041491	0	50363.3968336063	0	0	0	0	23993.049166005	0	0	12943.4061093283	0	0	10854.8156210893	9220.48599302799	2099.69464259889	0	996.345486656298	0	24325.1643282237	0	0	21138.272026933	0	3777.43141952165	0	0
SRR062376	159186.206708492	191127.366711536	1711.77455184792	178010.4308108	0	0	3362947.34165693	140252.532600462	829336.23448225	504646.319659753	994142.051699558	0	0	0	31854.6591920712	0	6002.09708795076	0	1075457.52154169	498128.159910417	47.6637121690207	850098.782879432	40405.8822197281	25317.0808933327	93473.2470905774	359738.631170784	0	0	161046.268364865	126647.190760216	3740.13030304069	30341.777661373	0	0	1111521.8868678	5973.85192518393	0	3301.15339837292	5037.05402675083	3151.10097117415	0	0	8095.76977804182	0	0	0	0	0	655.523152546779	6358.69226788195	3417.0762538951	8961.36632866687	6365.16511768268	484480.450326021	0	4209.70613403919	104476.50331093	29945.7569417465	17639.6925887745	406095.416120948	0	1394.01647072111	23068.6482489151	404096.482414304	564.903255336542	16536.3659181953	12034.7931022322	0	7869.8084759072	6112.72397545416	3041.06252456172	0	15243.561280722	0	0	5125.90860128814	0	2745.07675640101	0	0	0	66.4938206802388	0	5268.31129690423	18483.5168264335	4011.40155378042	551.95755573508	20462.4435427843	0	3782.49804719093	0	357.183620822168	0	19813.3932400382	1477.57507723964	13856.0176598016	51556.8371037151	4234.42065146016	37609.6111058122	1970.68854387717	643.754334727268	7587.35684823893	0	5233.0048434457	0	0	152.994631653647	0	0	0	7792.13427829842	10561.3371112294	1804.74821262206	10773.7642728716	0	753.792781339698	0	0	0	2098.38021721886	0
SRR1804552	717668.120916146	0	13221.1027533649	0	4401.25279220474	0	0	54821.3560062584	0	0	2575912.30105882	0	262573.238259069	0	0	0	0	0	0	0	0	0	1503.80434097271	0	0	0	366.57574645906	0	0	0	860.65610038214	0	2911.042692469	1191.13679252234	0	3434.65536356206	5830.05442290451	0	7939.50564933132	0	0	0	24322.4414076404	0	0	253.602914110424	0	0	66118.1704741828	0	274.228659435486	0	0	597222.206022689	0	0	0	0	0	0	0	0	0	0	0	0	0	0	0	0	0	32918.22077186	0	1144.72886554095	0	0	0	0	0	0	0	0	0	0	0	0	0	0	0	16035.1106894182	0	0	0	0	0	0	0	0	54828.8562772857	0	1141.91626390571	0	0	0	0	0	0	0	0	0	324.855488869729	0	0	0	10083.1768623202	0	13546.895776113	0	0	0	0
SRR060364	697724.261836415	197125.581985181	20894.4140783685	250971.464898565	84466.5957938238	319502.194398313	1767010.77215856	223175.122334553	3896697.28885944	94266.611528412	476944.939808658	0	0	3284640.77518786	9185.70796361467	1261457.88081318	7381.81126202677	0	976343.190003908	221272.213674585	0	1070954.53659909	8393.61229657127	95646.9972255405	105569.151799299	108096.486240586	0	635.989221713683	120874.810591858	417028.973403032	2655.9777156793	20117.4954268433	2343.04210999518	17860.4564047844	61831.8839360388	61416.3227968509	0	35645.7504470026	1773.54267055157	9594.04195255584	243518.104849095	493646.884028889	65584.2203441495	0	13864.5650333583	0	724.883169748663	16110.0406150224	0	5087.91377370946	7456.97362459293	38938.4400994202	7232.93196694379	204122.908854081	508082.39393174	10274.8395057994	15035.3633733312	220942.655623333	1696.93487793605	173299.113051707	341453.94055778	3772.57242880162	4278.47294607387	257376.888162256	8240.39671134024	944.588537249754	38533.7196856024	12442.9845798233	65548.0845929158	3857.13008668855	40841.3487593886	0	120528.630095039	2577.92449301444	29503.3954522928	0	454.587750520348	114501.186789253	0	0	1808.23299173595	0	6222.57636244865	8870.60421285653	5207.88446780545	0	2030.82921933574	26233.8326806647	0	8241.84214138959	3599.1208228797	3672.83775539652	0	17264.2165094278	8055.38166502353	5396.51308924553	12868.6637293566	12421.303129083	0	1668.02627694907	2217.28969570179	9092.47772543164	112019.38339452	0	8554.05503204903	1012.52374956917	5446.38042594808	5431.20341042992	16.6224455675167	0	0	72.9942174921386	4068.16287389355	13860.2287432102	398.215978595726	0	1027.70076508734	878.098754979687	778.364081574587	0	134.424994589483
SRR060352	604960.040118167	404850.378513758	36454.5378917246	1823.71868017686	0	0	1246313.94418604	208545.673157626	564288.663256411	14823.1107568565	0	4269281.09164409	1842.38758541219	13282.9260749414	141817.17181365	104119.984917199	2034.91067065159	0	1282774.31611066	96702.5955058845	65033.1313872919	525935.731063568	16615.3256594488	32381.2161306898	480742.97871513	628470.025842341	0	2149.25771521802	353390.708039133	141315.444985451	4650.89101675301	1295.15530070141	10148.8836085594	6967.00207251184	132562.062043233	5587.83669825142	0	26540.1824051841	3579.76257887562	437.55246645318	55397.6426727043	305779.165656141	18615.2321327841	857.602834248234	2931.01812194771	0	64813.7717507767	1131.80237989223	0	2852.84208127474	24052.5507825756	0	14032.0158975092	511511.668156117	663457.887866515	14303.8818299988	454069.780360144	2807308.62140575	9099.92449564895	7153.6911248652	141817.17181365	6941.33232781326	27125.9193069428	511964.389108074	7892.27968823817	6033.55681074506	7948.28640394418	24875.1494195076	183288.977987372	4303.18265674488	95644.3019403564	0	226115.446597232	268.365512757951	0	0	830.766282972439	129772.227517127	3271.72564249258	0	1463.17544781944	0	74138.8899158269	95753.981758614	0	0	0	9894.51977472792	0	3522.58905659241	0	5983.38412792509	49472.5988736396	378.045331015548	8297.16157052951	12478.9963432447	41670.1632918465	16861.5218472398	66636.3236243764	1396.66747291855	1228.64732580053	11193.175495161	74600.9453204015	1358.16285587067	9003.07954974064	1351.16201640742	0	1641.69685413233	0	0	4489.87170909824	1356.99604929346	2913.51602328958	3391.90671994506	3521.4222500152	0	7956.45404998463	0	1095.63137599876	0	3169.04666369824
SRR060356	223255.928509637	2357416.64120657	38149.8288016362	0	20360.0413839303	0	3312073.7573008	100069.139897601	0	108412.219400721	2203740.04415542	2973285.20574901	292.73963168843	2958956.57657663	0	1082726.80176283	3001.55702357871	0	4039209.7284517	67448.1869397867	0	5248499.5825787	17693.1833392487	117535.937921677	709493.529347803	105246.728183397	356.16655188759	0	36503.656272775	937554.291012219	10044.8725620023	57416.9755605964	2231.65179223813	4371.57849988056	478935.698625084	16608.095104457	8541.1666538961	3111.82228484802	129841.736239086	3597.77007345081	0	0	6125.08889369426	0	0	1483.21413388805	20500.5564071408	32572.1630191994	72615.0414390875	4120.79821540081	13193.7752001976	0	9915.09132528714	474054.753166066	616765.323614176	3742.18829175044	37326.2546378195	55855.6975249248	2365.33622404252	36813.9602823647	240909.104099222	839.186944173501	5763.0675491729	54626.1910718334	0	958.234394393462	47248.1765545127	383.488917511844	0	9629.18228500477	266.393064836472	25674.2414978476	76.1123042389919	349.335960481527	168189.652191499	17.5643779013058	0	5709.39861669669	0	179545.022504693	7863.96230592354	6075.32315630723	105944.424305588	0	0	22172.0997040817	3888.55810759465	1240.24023958665	0	6125.08889369426	8238.66903448473	127.829639170615	0	803.082389598594	0	18138.1475794151	225071.890024877	53482.554910704	0	0	0	1503.70590810624	4798.97836214567	0	15217.5818539369	361.045545749064	31501.711765992	0	0	150.273010933394	0	6832.54300360797	0	7968.37277455908	6887.18773485647	0	0	0	10799.1650129862	0	5396.16721079007
SRR512768	31810.9637915854	0	14897.7533283293	0	0	0	97994.1762219438	421924.648353951	342918.901888467	284878.586664696	91182.1562966325	0	0	344.541834238886	0	0	0	0	2788.38104863919	110951.824701869	356012.704155075	0	46370.4113369742	26080.7255429065	9175.31014377342	464368.252833026	51.4474232121414	1987.74135137819	1116639.99082516	330554.717623777	4815.09772063264	89294.0185423822	0	1510.8566506946	127527.075829479	38088.2423180554	0	11375.423686593	7273.14127410162	7383.83118464896	42278.6955669608	0	86507.0232829204	0	9765.48310971203	0	40192.9096312793	14363.3583767823	1879.82301918572	3328.31915689591	6317.11996532112	3710.10407527827	11446.9650528779	170901.757412141	656247.567142183	6895.68694689874	616320.902256617	21439.3711403943	0	0	0	7704.29493192997	0	185102.112336928	1551.21776048729	0	49615.4099195771	41516.1650720792	0	31565.3326598857	1328.27892656801	0	0	18908.5736551102	0	2274.08004016496	0	48518.0381146986	0	0	402.05208510229	0	3494.26741089332	0	0	1240.62776109548	2816.09683218782	37204.1088228541	3228.54233612085	27409.8705877104	800.120026319465	14119.8059288487	0	19642.5222482073	2310.11055877817	0	10906.853720974	28709.2211651995	0	0	5694.90062465441	0	0	33478.5878429769	0	457.830099493905	3206.7161565763	0	0	284.779675962157	1716.64634354317	2204.79058129339	4339.59880912649	0	269.882442304769	0	93.021098535084	0	0	0	1111.4029203
SRR1804173	385232.384925219	0	4894.0985661133	0	0	0	4613209.3713387	195064.142389495	4188586.42791376	0	379396.212914102	0	0	0	1261339.97397135	150.407519422326	0	0	1177871.00584259	143468.058720835	441.315476149341	0	22005.4306709323	34254.1867436487	0	475242.729183107	0	83223.0923634769	333454.371203126	0	1396.89857858699	21315.5374980132	409.792942138673	0	0	5846.07909323545	0	7207.85256249627	6047.82331090372	0	268101.853692211	0	1747.24902801984	0	15305.5412279222	0	5642.53358790943	0	0	9143.33615075124	224948.405275437	0	7550.99786129811	267922.625570265	0	23337.4828938402	363507.955128896	180889.809810641	0	34770.2556575948	0	0	107974.586068653	640479.34924788	1263.60329191332	9449.55505256915	39453.603567751	99710.2782948847	69215.3788929653	0	22027.9467666542	52241.8452939643	248528.161359244	1519.38613931416	0	1874.23980789138	0	317040.137421857	0	0	0	358.45624389273	8769.56896176761	31285.6646836727	0	3142.34631894908	735.82600819186	11874.0882399039	0	14148.2139078163	0	2924.39051236104	35021.5352858512	40566.799340242	2626.27740500301	9366.69582031254	69129.817729222	7562.7062310735	0	0	728.62085756085	18791.0328456732	19415.1790190844	42208.6730402834	0	0	0	206.247436812651	10238.5190466647	422.40195574294	1214.968525154	5937.04411995195	1116.79834780649	34152.4139909857	295.411175871395	6307.20873362007	696.197679721307	1016.82688280124	2539.8155974309	0	734.925364362984
SRR061236	540528.713001935	436041.606550321	13343.1675407188	2832.68035588131	0	0	1101004.84465356	54833.2709713766	4359175.82613197	44351.0352528544	4784664.56829798	0	751952.3280347	3158857.66022467	62274.7071988281	1222340.18390008	0	0	348561.882820521	30354.3171247082	67084.9901967809	1258520.89509455	19858.8973885722	0	127916.047466897	141705.588175398	0	0	138041.372994302	0	0	7865.20822218108	838.126834020733	2894.83358177498	0	17585.5960657339	0	0	11347.6723033144	0	54418.9161320855	62986.6441499738	11765.7940047809	39.5520528414278	688105.897593197	44868.0370864245	53240.8299867373	7973.50550972309	0	5312.2173828213	5885.722149022	0	23252.8402085842	2161598.79188971	134533.482593485	0	34494.0986554443	301857.500423602	4676.55939072692	0	288264.778263765	1464.36767067667	0	0	339.959311327511	0	150602.916633631	52370.6848242258	0	5085.26393675501	2339.2214109073	0	136085.429809739	0	28740.2166825604	27340.8273844089	58632.1514752414	15902.7503888855	0	0	0	233.545454873193	23708.6305318045	0	505.70124704397	0	0	7012.9556550027	0	5421.45638590714	0	11491.7547815225	0	15349.9633646494	6558.10704732627	0	0	15769.9684972036	0	236.370601504724	932.298388405085	0	18162.86769411	0	0	0	0	0	0	0	0	21855.3343415204	4752.83834977825	0	1265.66569092569	2551.1074082721	0	0	0	10163.9358647031	0
SRR1804305	199657.522045207	118781.195436698	45176.0843119193	0	9664.93864091291	24141.3358661064	1482055.30837547	848505.073561799	7508479.22199661	1423600.43880038	2569140.29274832	3016891.08679166	0	4867375.65707897	97635.3902425266	847450.034452395	0	22454.4739045558	1653755.0444049	584041.436548906	0	2053.04907775914	29616.1334067974	206793.668510663	255514.564168831	32421.0666862798	0	1806.9233111272	246269.840251436	663963.275428281	8980.58894832653	87620.772920972	0	1896.96932330962	267892.889310174	7079.1173244078	0	91243.6241444446	8516.85198558708	297.151840201981	0	0	15102.2170098613	0	119732.681632092	0	0	0	7202.18020772377	1419.7254587428	6974.06364352831	16551.9578059982	23368.4409282073	191586.397819923	0	13781.5421645191	9846.53143214746	185993.039696525	2089.06748263211	215394.563440954	0	4674.88879913722	28053.8350954325	207.105828019562	5276.69631388972	13753.0275939947	69883.2092879053	3837.46088584073	3148.60889264523	10841.5398667632	14434.3757528417	0	369619.370039522	735.375766156417	0	0	117278.927800121	12589.9332699718	0	0	154.578987579818	4727.41563957697	433883.708167244	0	0	0	0	21984.7338743375	7247.20321381498	13277.2844962976	0	6663.40490149897	0	7999.08741553817	24240.386479507	9259.73158609203	49211.6464245614	13768.0352626918	0	1785.9125749513	1614.8251518047	16422.8918552034	0	0	0	0	1794.91717616954	3847.96625392868	1493.26303535844	277.64187089579	0	778.89800537792	1263.64570429327	5755.44094532625	6814.98235533937	8504.84585062942	0	0	820.919477729715	1064.04371062224	0
SRR1804121	97494.5702521313	21957.452401323	21955.2206126965	821636.330510308	0	0	1545078.42503409	385487.922292109	3818844.76375844	172607.648263914	962621.76572606	0	142.834472092765	5551617.72817124	181510.253094821	2907933.54050721	0	19875.1936128456	319957.028747987	19268.1471064514	0	289207.445052766	29110.3349490935	45454.8389548961	87025.2498054569	194755.918592799	0	0	172239.40314055	432058.65556023	24509.5026956679	23191.6315117495	1246.45394787202	9508.53544298791	0	96174.4672795865	2221.74557763044	8660.45576493712	89117.5516427533	2006.37797517806	383182.484640987	0	26745.7548993703	0	164587.715834768	5304.96156507036	15625.8680680859	7730.91580202092	22130.4160198728	28930.6759646643	26620.7747362891	4221.42818692915	3903.3983076601	132889.621973306	0	1103.61947577926	19486.8623918434	26674.3376633239	0	44094.5637870752	750806.054872681	0	0	128843.389193554	0	0	9983.90642042165	4116.53412148602	0	27137.4338033122	4168.98115420759	3650.09029855809	11738.0922808109	13167.5528960518	0	487.645814879207	87566.4585473709	22855.7473234689	0	0	2717.20265270221	49670.6876702591	1541.05004656335	0	0	6992.19376666615	0	0	0	10236.0985352104	1048.94065443125	2563.2092374772	0	12408.744763059	0	9038.7439371203	194.165610501103	165.15235835726	68626.3843690076	31179.2030058121	2633.51057921036	3124.50407702924	0	0	11665.5591504513	0	989.798255830334	0	0	430.735204904745	0	505.500123890802	1138.21219948922	3648.97440424486	0	1111.43073597183	0	13373.9933439984	9014.19426222936	0	102.662276816675
SRR1804286	0	0	6807.87615676631	0	0	0	0	265255.947793158	12336866.5359446	0	0	2151209.27034743	0	0	4319588.71574424	0	9956.86088985588	0	0	67636.0133192509	0	0	16269.7544542961	31942.5449781487	0	147275.976339837	0	0	6661.12252386562	0	0	0	0	0	0	12944.1678917837	0	0	30268.5586231967	0	0	0	89932.6161213163	0	0	0	26704.1864885068	1785.9170919102	7802.81604083885	1206.36460943795	669.097072038779	0	6805.38880705613	7506311.51863668	0	2974.87025337688	11494.043010748	4293.16559977298	0	60353.0533678399	0	0	0	30417.7996058075	0	0	23493.0180126627	0	0	4290.6782500628	0	7243.16235604805	0	0	0	0	0	0	0	94534.2130851518	11844.7593198835	3556.91008555931	0	16779.6611448833	0	17379.112425037	0	0	2161.50689814758	20433.5778691397	0	0	0	1855.56288379528	0	8158.50704939478	62280.7493932304	0	0	0	1246.16220480085	0	0	0	0	0	0	0	0	0	3049.49074468232	4415.04573557187	0	0	0	0	0	3636.50527628511	0	2815.67987192527	0
SRR061499	531605.80961326	1129312.58479817	19712.0336551616	0	0	0	5001879.47740708	421810.813985804	338765.5518051	74207.9263492606	0	2191957.70813806	0	105105.218965991	513290.795278523	365608.352433229	3500.13529954117	4436.87671207733	1222928.05326353	224294.941913343	3577.01688415537	1683052.19798194	55305.1725321432	29369.7769224216	0	303161.285330346	0	624.15707509159	404183.687513403	239112.855747932	1614.51327689818	18205.7615566019	0	0	1560491.82450914	17438.968910055	0	1278.66214410984	23957.718005501	1641.82647143217	104722.834242515	0	138317.051919527	0	103659.642855284	0	45709.136852534	1506.27209855977	5215.80855619488	9598.05887920423	11955.086407508	19842.5300290463	4078.77038374278	194821.981811571	362527.019449876	3824.85883455641	216575.423858199	136104.683162274	9569.73408487268	275961.38997368	0	914.486216989948	1575.06088479353	319749.498810657	10524.6842937648	0	58757.7626411992	77151.6817601464	11126.5861733102	3887.57802200483	3396.95212019054	57633.8752661154	240189.197932531	13682.8988617323	95033.7313815306	5879.41802339112	0	32879.0166201408	98060.4379758159	0	986.309802616371	4144.52437058387	52378.6143178158	0	70737.1274438485	1570.00288580575	0	32160.7807638766	235.702752830374	6752.4286486813	0	66777.7258362173	256067.268354958	8024.00959420826	2810.22423760849	6229.43155334524	63601.3024718938	26769.9654427046	0	2987.25420218066	15372.2705236496	0	0	24045.7271878883	6781.76504281041	2542.15029125635	21247.6421478505	317.642336432349	711.154657681342	0	900.323819824174	0	5052.94098878848	0	2478.41950401037	3208.79455784526	1648.90767001506	589.762681974712	643.37747124514	0	3934.11161269237
SRR1804168	0	2224870.72065006	6355.31631269849	0	0	0	1252964.17230053	79409.4655733986	1262.86343573613	0	1439174.57983065	0	0	585216.683031282	0	360201.72150312	0	2950.13548954698	69.383149876334	15419.7292501138	200579.477653534	720822.895685037	1628.25132242254	22267.0351710263	109972.743093924	33039.8955391629	1189.8759663857	0	21030.7535914117	0	878.552871810723	0	0	711.853096133817	0	4072.88100572766	107.228504354334	0	6074.17939371906	246.445344041264	0	0	41996.1788923554	0	0	1040.29670821075	61546.4582597824	2035.53942299531	1940.92603680031	829.894558910437	2295.05042513017	1131.75631486592	0	915799.008176155	0	0	2197.28325939533	48635.3353636389	20491.9078300344	0	264.917481346003	0	0	8753.08984284038	2555.46250713355	0	4202.63650679509	28617.395544448	0	1730.07334756573	6455.33617810464	0	26451.650080451	35.5926548066908	0	0	8195.77194415839	1407.93729456847	0	0	0	50.4604726373339	0	0	0	0	0	0	0	6661.23292806233	39.647514215048	0	0	12842.1902862015	0	0	0	4567.57385354724	11391.4516978781	0	582.548135000649	0	0	0	1643.56968018745	0	993.891094981772	1162.39303039573	0	0	0	1724.21632842033	1006.05567320684	0	0	0	0	0	0	0	0
SRR061903	620207.964688601	77635.9576066322	30226.0780630611	39183.2592839755	0	0	1572494.68160283	91850.1547381677	4948714.14659307	0	414025.523339184	0	270965.564388295	4908095.96481404	1013850.33337184	216283.328351155	145.104521972289	0	1369019.8503266	183491.721726	0	29309.0980978195	14143.6602111323	697742.147595794	224582.500871737	437694.690815622	87.6673153582582	0	446605.519203129	0	2806.36176175574	2642.11150424544	692.269490242797	2227.95901444953	0	2473.83056556924	0	29388.704050846	2820.46914583638	0	123963.59925716	0	17188.8398319675	0	234928.251754302	0	53610.0748470121	818.228276677076	0	9161.73829008372	4100.21041600865	4290.66010109728	2434.53142420174	651727.891405915	549347.582121841	139020.208752368	170837.398205667	9018.64910869438	3337.40400536266	160913.861175229	780793.325348809	55.4218660310828	20618.9495041457	45892.328084611	0	0	1007.67029147423	41452.5327803755	0	389.968402800528	117.897424102485	24883.4101776647	448452.578847401	2643.11917453691	0	16655.7822477776	218086.050502602	54603.6377544057	0	0	672.116084413313	0	743.660675107983	12054.7596969062	23926.1234007642	0	0	0	0	8131.89925219705	761.79874035452	8524.890665872	0	26201.442918913	10829.4326224736	3741.47979224382	81935.6867403528	23816.2873389935	729807.223940795	4564.74642037827	2573.58992442519	6645.58557227256	73533.7318500406	0	3693.11161825306	0	17542.5321042749	0	9420.7095549926	644.908986543508	0	0	184.403663339784	16682.9893456474	0	15641.058264263	0	1165.87452723569	2874.88334157598	0	0
SRR1804492	83793.6451809497	115769.703102353	4900.53793806679	2046.19960407361	1333.8119085047	5323.75750989671	409060.866380486	144263.295904422	1569565.31773117	53520.0406503015	18273.12739548	0	0	1453574.42973947	0	61936.5565697245	0	0	997051.69065205	239168.848621766	178858.144615316	2161.1008452944	3618.43158811145	25628.7218542977	132767.426720282	984727.575020777	0	4039.73613925435	710369.2637648	87788.3783340593	1517.65389445796	17425.7307414766	15442.7268200745	1794.37438373137	0	2996.04986483216	0	2133.33304533271	2537.40241029249	0	120814.825102289	103487.717926194	3335.00852643349	575.463716447468	0	0	199231.092194106	0	1270.61622583326	5826.45044023767	308972.310173741	3883.66195326278	5054.69710337135	0	539362.703966238	15726.1498817524	148692.738753484	134655.637117677	215446.52986139	54901.7280759815	194169.69251833	605.146537096172	4469.65828348882	457054.157328067	1934.17089388334	23958.8238152222	2880.19111326786	201154.73047421	0	3219.1497748692	1178723.95816693	119410.157428365	318121.321505946	0	0	0	5351.5253098584	59615.5514970645	0	0	1501.37621861835	0	9109.75340812181	95751.0343506602	54659.4779590744	0	81.3883791980611	9837.46126918683	2119.92790052362	234.590034159117	0	4137.40219429203	0	1260.08361205469	2263.55445204961	37839.8512650374	33309.8698299077	17739.7941341468	0	7607.41967915995	934.530095262443	0	0	6202.75200523577	7994.25385793662	202.9921928234	5291.20215821748	0	408.856916677319	493.1178269059	0	0	6878.75430775143	1102.0944053761	0	1200.71797075728	0	0	0	0	0
SRR061919	120468.977569239	3429371.29299437	42017.8964960932	0	0	0	5255325.37199362	1546745.5355173	3927464.61802247	13145.3362512114	501820.07330347	2882857.29285654	0	3230649.25843281	21781.56679294	108831.004949732	3712.68099093731	0	954189.313437356	552442.819476023	0	10424.939862049	10063.5188620568	127523.1796619	236184.29509966	110022.395731143	0	92949.0408273222	89729.7968902664	0	9248.69846387095	120656.18066205	0	13439.6671254566	2510.46922150235	14165.755421848	0	6026.20823040801	9976.9509578671	412.279643703619	111095.837743096	0	18434.6351972043	0	249596.909755057	0	48758.2899360666	12131.4096733892	0	3118.60874843525	3557.94086219816	1095.08398800016	781.27533531237	1297836.84060055	574858.496167153	7065.02308068485	627.617305375588	22619.1112659757	1065.86732033613	347384.014327783	411670.422077884	3443.23838914676	25790.7428557272	270354.811080953	513.996931126559	0	48224.8152264973	33682.489421424	7508.68358965725	9757.28490098565	1045.30744309107	12756.86278116	46673.0855438963	1350.45930535989	14927.5529787176	412.279643703619	28169.1960233402	22799.8217659718	7067.18727828959	14297.7714757373	334.368529932856	5414.822407068	29521.8195263048	38153.7216728239	0	0	0	33857.7894274082	675.229652679943	11740.772005733	414.443841308362	3265.7741855578	30745.6732717872	12450.6288200888	1672.92474846665	0	231376.530120722	10635.9491285115	0	4712.54028432877	725.006197589041	12197.4177003338	0	0	4301.34273942752	0	1223.8537454824	2414.16242809127	95.2246946087099	1840.65006283427	0	1763.82104786588	972.806823332161	11787.302254235	95.2246946087099	0	0	0	456.645694600859	44498.0669511292	212.091365264854
SRR059422	339260.534637948	190927.509198476	12940.0963318491	0	4648.02310770443	0	6084359.19246706	29599.939156464	1882101.42089052	627244.078351702	2895118.13711566	0	133926.809818793	1012032.66333292	34467.0833535316	2089210.69053682	687.907419940256	4888.39230270286	2395004.13079269	11925.4992877674	0	2395455.65303744	1110.21351944026	39565.3006993823	142695.637413128	3325.32853191197	0	0	33089.9405070489	731047.714412764	1553.76772457548	46411.1747337298	0	3420.94500727046	462631.019975844	2626.7970591541	0	893.748443281452	4087.6043215755	3612.17795798744	78928.74439523	0	31461.8044127502	0	0	0	0	6265.53514918557	0	2200.5069398475	488.706429610066	359.889789196543	4513.8944408821	221151.611457975	366661.294861167	2772.87778539624	7086.24322934595	199706.960845628	9107.46927789628	0	0	1074.35734118082	0	38242.6061235898	0	23686.3257568618	432.930152317613	43003.5097924814	4047.76412350946	1622.82406788995	6110.15837672802	0	22726.1769834703	2565.70875545284	24082.0717243177	36314.3405371936	0	7879.06317086011	0	75725.5924707206	814.068047149376	38.5121914638367	14792.6655419199	25489.7587226511	0	15147.2433047076	0	0	0	10699.7491939356	59.760297099057	0	0	7707.75031917614	893.748443281452	7375.74866862583	1911.00150056762	10491.25215739	0	0	294.817465688681	0	0	6569.64866108966	1033.18913651258	466.130317372644	0	2733.0375873302	73.0403631210696	385.121914638367	55.7762772924531	0	1355.89474084749	85530.2652147725	1406.35899173114	0	0	169.984845081762	831.332132977992	0	0
SRR1804455	572394.839317678	0	29803.126242351	0	596.175187874649	5857.53857818888	716672.051359034	369839.859659089	4337101.26082012	0	1048411.15279083	0	0	243102.403302574	0	348377.552895601	14821.760143271	0	0	175046.423745633	0	0	12203.2836094405	99197.9181109602	0	392056.069849133	0	3662.48725653387	130373.655573268	386635.100503009	4499.01023668554	25972.5833029359	0	126.745906083587	0	6169.23962129814	0	12455.8365630441	12238.9602348566	3593.01172282879	0	0	87051.9048738982	561.437421022111	0	0	9827.0325850141	0	951.063724908693	5963.62959587366	3231.55117584968	10465.4564082499	5286.71257153095	0	0	1291.869383489	626161.391536899	131991.30887832	544613.075562719	119646.257625779	805770.667901541	7646.06414181283	189986.480067915	30870.6084291439	1966.90869070455	21152.4834375053	80894.8704139266	32193.4601452311	554.865411077036	2107.73747524187	1773.50382660663	0	73654.3931715813	11635.2741784733	0	33917.2044679679	8431.88875953107	18930.2052175064	1033.68327850392	0	2241.99424983411	650.628984562413	0	0	0	2675.74690620906	911.631665238243	13598.4274349235	0	20363.8422440963	0	8022.54642580926	130842.145996496	11975.14097849	0	1124.75255917139	3468.14353387237	22989.8296464355	331282.816169898	2015.72933601082	4513.09311513928	15651.7111134776	3566.72368304849	0	1958.45896363231	0	3615.54432835476	980.168340379739	0	109.846451939109	0	1654.2687890317	1747.21578682633	0	1754.72665533499	0	1063.72675253855	0	0	2103.98204098754	3187.42482336131
SRR1804156	0	65871.4554076656	49151.2445037909	64962.5371607979	1194.25293600964	0	850840.581231978	250674.562008084	0	302248.472170623	340601.205269844	0	13868.2036119347	3073076.03565052	78032.3394829269	0	3437.41226449885	419.294637095924	345915.396405178	190077.779551106	2697.95335179294	2084523.28832239	24747.0909852765	25469.8049044882	172338.803243042	87698.2195275456	1716.69673303012	0	174739.365510377	266449.685479144	19225.2619306139	10485.7149260969	243.137305536454	3987.98765058967	0	8889.5821462254	2097.81278495916	24861.6267407772	2374.44007748411	828.5422780953	138101.989544706	0	20734.9905440551	0	0	2856.6958901184	862.032265083793	2596.8135910877	5375.14291165302	14002.8333596284	72665.9039678909	0	2828.56430104806	820191.21493985	0	7018.16167330845	41768.7117720476	34233.4646996369	1359.69347173279	92173.1515889479	0	361.691859475717	16367.226441016	180563.274247676	839.259073931618	7093.84904390245	28635.9482743803	73244.610943052	460.152421221885	8799.82898109625	0	20529.3620239458	0	2614.22838432171	105520.920803081	74921.7894914357	0	8474.3063075681	0	4279.35053738955	3420.66727100461	1470.21042879481	4330.25531761206	611.52716240987	0	14738.2734738957	2989.31623859283	0	1844.62848332616	36761.2889175283	2716.03794476673	9083.15427101889	0	2066.33219718998	5919.02030034613	29714.3258554097	1002.69021043546	4317.52912255643	85388.0802250793	2871.43148439333	3662.46497706152	0	31351.3164194072	0	40311.2275383084	0	1326.2034847443	5395.23690384611	223.713113083129	3062.99420996751	0	15429.5068053382	0	11095.2326892875	348.29586468032	2241.81972900968	0	569.99957854414	5688.60918986531	0	259.8822990307
SRR1804314	933280.911376525	0	58255.288109301	0	2328.18701392515	874.220420248574	1414794.61710928	337899.995906394	0	1361692.62831934	9796725.68267042	0	93859.0650139508	0	44474.8135901196	0	1980.79942587901	7141.00048539888	0	114166.285144304	0	9614179.25660231	33625.2780588241	13858.6942409932	0	47026.1568692134	0	0	69093.3207403301	1486331.1538662	5298.23586271702	4863.42623264601	0	986.948842859574	0	14852.5448240126	0	1592.00139687372	63496.0094706859	18287.3108435682	52043.7219654296	0	116531.281439082	0	0	0	5608.81416991059	2723.88678309029	38744.0686773848	611.954294174002	0	32527.9013734068	6710.79201543445	2827316.26112591	0	121.930742824143	303.676567033715	63574.2291924976	0	0	0	38902.8087010615	1463.16891388972	0	8631.77635992803	0	1065.16856467129	0	0	9213.82311340931	12722.20769467	103864.28766569	217105.739628573	809.804178756574	58411.7275529245	0	144991.757278279	12602.5775318992	0	0	4716.18910923573	0	19005.0918201933	0	0	0	6409.41602845402	21521.9263984879	4037.51799351644	11309.6515419526	0	33705.7983606891	0	12795.8262563752	0	0	58703.9012196917	17707.5646701402	360413.472307848	4053.62205388944	3372.65035811687	0	0	0	10440.0322818106	0	5295.93528266373	0	0	0	0	4831.21811190001	0	19200.6411247226	1709.33097959129	0	0	2266.07135248643	506.127611722859	10196.1707961623	0
SRR1804489	0	0	3353.60492728726	9431.41328404712	0	0	2278103.1064175	299456.980951669	5038730.14470638	22300.511848143	1656390.15628893	0	0	1020697.04579192	0	1371493.49013976	0	0	676021.651125116	228508.778143619	194364.94803507	41491.2517920071	21002.0709719261	54093.6955230594	85878.4711626996	88265.1520332296	1183.13067814397	0	81321.3160430263	329251.454526655	2683.36440098845	39445.6969241095	0	0	0	3172.23159490174	3573.41499236375	0	78498.618486033	0	177218.561811207	0	48172.0363928566	2638.92192881451	28512.8487693213	1241.98692507702	25855.9096220579	0	211.402029800343	3816.04686747551	103601.408376927	0	5140.91299741743	423952.356989829	169415.90507494	0	12956.7823605472	39982.6100338865	0	985618.722619822	0	1001.75734575844	0	58422.63254238	496.07408129285	0	5618.96986026139	0	0	0	8030.87483661985	5489.24588742936	0	16967.4151872707	0	0	99695.2754172072	2882.75495182286	3987.81101668829	0	0	0	0	8092.13337934609	0	8489.71333311832	0	0	0	43183.6691783064	0	0	14236.0048704186	8698.71306712548	0	10094.4469229664	45730.1027190833	14173.5451797957	0	0	2715.79539419645	0	0	0	2417.91071584142	1652.77950571177	0	950.107986204951	0	3189.04766545404	0	0	0	0	0	0	0	0	1619.14736460717	0	278.666312009543
SRR060362	0	237359.254219991	72057.3982064387	56196.7438575316	79.7223249912845	0	137928.480271032	233339.749988166	489456.236365081	0	231078.9066179	0	0	160535.551198903	0	346932.479515064	6082.06387070261	2626.74840035386	0	2855.01317703831	0	0	0	20460.0192522504	0	589368.751200953	784.958276837263	910469.153256661	101506.961335698	1451305.40599754	0	0	0	3507.78229961652	0	0	0	1343.01455177625	583.948995876332	31736.9806078552	0	0	21379.210845526	0	149287.208113808	0	5559.43974020419	6454.10138732861	2138.87502690292	1194.47210008309	19757.5088499768	39116.4060749972	16344.4393979995	236407.356031848	0	467.431751658301	374429.867763126	101211.920594491	0	256624.119984766	0	10184.6973644849	9108.78667079907	28434.2959135581	6731.42605631538	0	25633.7937279669	113822.357078369	0	104.252271142449	75793.4452827397	7982.45331002477	0	6918.12620202147	0	0	0	19495.856091031	0	738692.754233988	8814.4273169851	0	0	0	0	0	7715.34945193431	0	0	7967.46278737684	0	80882.0463343201	804.037123843724	0	3904.34976239368	5945.10500469194	3572.51410195987	37814.9561541993	0	0	3279.51752293207	0	301278.161403388	5035.45283491959	689.564041804957	2425.05773199984	18107.869971311	5678.68253399457	0	549.879626221937	0	0	301.173227744853	142.409965155372	0	36444.6861066995	6131.12376300494	0	0	0	0
SRR1804293	586193.079565026	3456904.28776842	37759.5799098038	1071.8570025835	0	1676.12537987889	2977477.27764417	185023.620081309	9673509.44831605	64321.0117165541	956.75826405104	1081789.06456269	0	0	0	2270145.17366412	5997.12385561817	422.028707952338	1799233.0723009	293724.787063669	0	0	42850.3011994789	7174.48803518975	329014.539875798	29103.1956160087	0	0	120098.33998746	172964.629329648	0	0	2184.47814173057	4970.82677037044	0	43749.5100942637	0	9231.8779864574	22743.9903120905	10483.5767679979	32716.8164278506	458606.127901799	63867.8104335826	0	0	0	45504.7658568837	2441.0524130425	16471.1090620717	12632.086553937	2740.78871130411	5848.45465168042	6742.86776569304	782434.030872477	354703.13958201	11032.6936664131	3455.36004635977	21262.0940534851	18574.0589306751	12953.4038656735	496003.626363302	25496.7684753251	0	19415.7184561937	0	5459.99640913338	5771.72215932545	9824.15691182233	0	16531.056321724	4702.26304712804	6210.53609998044	80067.9578820258	7505.39690847057	41526.6657063557	0	0	9960.83666382962	0	0	1167.77261802721	0	44329.7995676982	0	0	0	0	85324.1336083412	0	15684.6010154332	0	32668.8586201287	719.36711582785	635.4409523146	0	0	45514.357418428	9277.43790379317	0	889.617333240441	4304.21324303663	0	0	0	3582.44823682269	2975.7819691412	0	0	0	0	0	9392.53664232562	3767.08579655184	16394.3765697167	2500.99967269482	9519.62483278854	0	0	3966.11069859754	2309.1684418074	0
SRR1804299	111174.791578462	0	44748.0838286162	0	3666.55696807471	6766.82987785844	1110810.10704509	418041.476579158	4245381.83668838	155026.34718769	338964.93559448	0	21459.5196220401	154443.127531394	64058.8994537765	24227.4314209764	33691.2552811253	0	182568.921918138	88248.2257792417	36389.3077382912	0	36746.0137712707	43369.9495409623	163616.929275708	203952.231349156	0	686.950194076354	399123.355132738	593772.650802792	40607.3301164025	2204.80316527126	0	16225.3613636309	412961.855652544	83091.3361867301	1150.56218946224	39597.5450853565	10681.0699667558	8526.01512062408	0	31012.2553717151	15688.7146018486	0	253793.696277765	0	143461.45070005	6586.8891490557	847.838375123512	17780.2609554616	7649.59792386719	4792.77423540482	11507.7388443731	65916.522859946	236799.882154659	6656.74849082618	49396.9054809789	278861.556749738	0	173806.86690032	0	1284.98849862665	229786.427630853	309572.14678199	10453.4978685641	67033.2138533983	32860.3525040068	97230.4435711245	24469.8221674224	12482.5942045338	11542.6685152583	235292.613932217	38815.3321525023	286.846691209078	0	2470.48035897413	0	153972.106211881	685.891719201044	0	462.55352051058	0	8221.17435653473	29377.9701642361	146429.41425042	0	4138.63676246309	16066.5901323343	0	3604.10695043141	0	14991.1796590191	9581.3145713084	7686.64454450305	0	9197.08819157078	134173.333669203	13709.3665850184	0	10518.064835958	4951.54546670136	3707.83748821181	46747.5428680773	8794.86773895289	5784.56519357053	713.41206595911	0	0	75.1517161470279	698.593417704767	328.127211346178	3806.27565161567	6830.33837037706	4540.85721508098	979.089259661983	153.478856919987	6956.29688053898	0	0	4981.18276321005	298.489914837491
SRR1804107	38070.2421050173	0	874.223367702333	0	87310.8732908512	0	4476.02364263595	14791.8593815235	8579955.96439358	0	4136617.34791761	0	1299661.98403625	6255.06819591019	0	0	0	0	0	262544.576229945	0	0	63816.120283851	46875.8569761991	0	8882.1094158557	9651.42597943376	0	0	43208.4899486878	0	0	0	0	0	1558.30315292941	36887.8550001999	61.1956357391633	149444.113591875	4307.73564435325	0	0	69935.6838577674	1053.43915808131	0	0	53919.9117614606	2242.38293815648	58905.1705157832	0	913.563419248938	41221.8173455843	0	0	0	0	45147.0802665677	0	0	0	0	0	0	0	33946.0933678816	0	9483.13798115106	0	0	0	49601.2483250111	26405.916821449	0	0	0	0	0	39768.4209967791	0	61945.2822769681	826.141082478705	0	4082.6231271699	0	0	0	0	15285.7955842753	7924.83482822165	50757.4087287974	0	0	0	0	0	3842.21170105175	0	28329.2082303941	159755.578213924	0	2933.01939864133	0	0	0	2922.09160654505	0	0	5992.80118559949	0	0	0	0	0	0	9701.69382307664	509.235111686609	0	2642.3401288803	2869.63820448291	0	0
SRR1804618	364540.12336975	271071.07522363	19549.8947421371	215674.25262656	0	0	2807537.38190325	331164.294065343	491575.532845068	25102.2306553989	753562.157482127	661569.368917399	27311.5294772049	784562.881469873	303393.88784141	80965.2022138836	0	0	0	307592.864601485	18554.3285515339	463748.403346579	2458.73578555836	163491.748920992	96497.1983416433	128919.64030063	750.49255566289	717.767589572938	463295.3443716	164824.745873056	2832.52762045248	22596.2254743772	15215.6547888902	844.304125120751	690165.171508267	11356.2904546819	48.7238384005946	26677.3923565285	7288.21355896655	6952.23724044305	147740.131909695	0	22943.1101149307	0	0	0	344273.188259509	13516.8654380873	4179.34178042115	9150.62774021913	36042.550430004	5206.17849417697	14980.0350330425	27889.6705447941	419094.823506105	0	59384.9051312322	105785.998160909	0	244331.141820797	0	0	827.578031341443	12762.0095536125	4994.55704679528	13863.0228571722	82999.2406617412	31260.3420520591	19900.4154900339	751.946998600221	454.513417915994	238095.217726989	103598.515983163	9758.58488802357	0	0	22201.3442168918	139206.915196373	40386.2442623436	419.606787420046	150.534844013777	1580.97947287899	27371.1616376355	86702.2523801864	26171.2462143373	552.688316185849	0	38790.7203600913	2284.20263307862	0	2411.4663900951	1706.78878695814	0	5958.12549277719	0	0	741.765898038903	54068.9161952867	83775.1859688074	2170.75608396679	2954.7008271883	0	89785.6714073285	0	0	306.887459776879	0	13692.8530335044	26.9071943406269	848.667453932745	32535.8885080985	0	4467.32148201273	2969.97247803027	0	0	28491.8099208492	672.679858515672	1033.3817069738	0	885.028527366024
SRR1804756	762670.769052348	0	14073.6409672275	0	0	0	1124069.24350298	221384.595453011	1833734.98275178	0	5683399.36024114	0	0	0	0	1018497.48925339	0	16019.836428363	0	64952.9645830163	0	0	260960.726982451	0	55082.866464206	7835.6432170852	88.2594405895431	0	15255.4199174942	0	5644.11642956519	0	846.692260570871	0	0	1820.53795249956	39022.6401223529	0	80714.0063804981	1569.22293522764	0	0	0	0	0	26361.1502045581	79369.1718535489	0	99294.8625086797	0	68.8124452054065	0	2689.66905389828	993674.147606897	41540.2780632377	0	0	8547.70243268897	14691.4570513543	0	0	0	0	0	4261.88383456963	0	0	0	0	4821.35893254402	0	10592.628793467	0	0	0	0	0	21785.1225983986	0	0	0	0	4184.09585303308	0	0	175.02295845723	0	0	5457.12608933311	13659.2703732732	0	0	0	1305.94053618087	31436.8159998178	0	43490.9612925388	6810.93615261338	69024.8662319101	0	0	0	0	0	0	0	0	0	258.794630881203	0	0	0	0	0	0	0	0	0	15939.0566013827	0	0
SRR061205	467713.084958417	0	37170.3256278692	265318.966706911	720.200065986702	6755.56085288111	172945.937775605	839422.658781547	914220.279085002	54436.1745782346	170502.101001986	0	0	261945.397976763	5479.41687630818	235825.510495868	9844.84008329775	11304.1928485866	1286194.13685048	195566.958561655	0	0	50605.6368003697	211686.173196436	333238.886965008	128151.388934564	0	968019.434599024	417350.673618928	560765.249916859	4686.56504927896	42467.5866395346	0	7358.88634675593	0	20891.0665339798	0	13146.8099764765	6295.43303294516	0	122116.028147669	82650.3280404856	6583.93422896907	235.854992369914	375939.169824693	0	25699.770775736	0	4822.39225470628	983.431084256695	14505.0820307497	22980.0678949704	23122.2126448362	55243.767342287	248232.114848969	23238.034292875	190809.84759948	230205.001793767	9602.66754648936	157213.146275644	520595.143604785	3606.26495029891	13644.8430630434	626298.191301284	9069.88796551089	54582.5310243927	297952.242503879	50118.1329545337	25022.7405967456	7055.6442137089	75804.2157173196	217840.514403589	745681.88147931	0	6272.2687033374	2961.87541757397	0	55536.4802346032	153743.761454845	532805.904080294	286011.030591079	0	1294.04368581529	114064.317760827	194.790953519795	0	2756.55522332337	130578.378923013	1391.96562461172	852.868499194779	560.155606878546	44559.7467727445	0	7594.74133912585	58209.8544561533	208040.950055433	148127.464449037	37172.4314760154	0	293.765816389313	121.086268404197	33406.1220666083	8591.86043633258	5405.71219119258	26039.8652513408	2214.29932568718	1468.82908194656	2907.12336577381	0	0	3303.02281725188	9115.16370065333	1640.4557058586	4772.90482327152	0	0	2269.05137748734	2535.44116797658	0	8745.58735100226	5136.16362848411
SRR1804586	0	6203.25344433289	28370.9518671115	0	0	0	543307.360309303	370613.695988705	1387529.48245162	0	615635.01667891	0	0	19.5430323099116	0	686276.072486526	0	10364.813116968	0	337130.581858488	0	0	13247.2260144507	14846.0672992766	80752.1782410135	44301.1043549002	3876.1576536187	0	29800.9118538632	0	0	66455.5282651664	5193.65302047368	19915.0873967173	0	52852.4715680919	25434.703446662	0	15310.3065007517	24402.9788352821	47239.9339305605	0	18271.6290003913	241.891116892491	51870.1576421749	150.075738681774	16203.7549401275	36812.0668791586	21612.0125795515	4484.20407397802	28162.2470315	0	3899.01931405671	0	235510.501211534	0	0	0	0	13220.3082529672	0	0	0	290.195592979254	0	0	0	24013.9618713773	0	0	6421.91416432869	0	0	0	0	0	0	4220.92624248223	0	18223.3245243046	3774.75512748236	717.561148586566	57640.883220479	16981.4201314785	0	8029.60512416293	0	48797.4767320146	4708.02710439531	5971.31821182469	0	0	0	27272.485956711	0	0	0	14246.1330810082	0	0	0	449.489743127967	0	0	0	173.306135578462	0	4315.69151236237	0	0	0	0	0	0	2062.71174984237	0	4917.1006764655	1278.04056577648	1571.92352334251	0	0
SRR1803320	614075.349246514	0	72461.936118633	2741.38100013724	0	237.20602301297	1336613.90316768	459633.210009867	11206825.5807188	142227.530355422	381262.141571113	154832.478261859	8716.5706937551	0	289793.69753258	618179.914227004	2528.19584021419	0	1115336.71499121	175865.746504971	8590.46116253301	0	10770.3544879433	36628.8136042433	227258.383085857	115345.181949915	0	30896.8351494109	310628.7936552	507188.513712138	978.850170914282	0	0	393.341633097457	3631233.87330336	84685.5528235166	0	46351.2579398889	5371.66550848359	0	189632.703663382	0	46029.9788960612	0	0	0	180189.501861156	0	489.425085457141	141.122570653286	16868.651104897	25816.4226058926	9590.32958865097	309241.588811757	605668.047165042	15175.1802570576	120740.868321488	250867.888895363	4861.22216782277	0	339315.709400338	4894.25085457141	104202.504084077	550402.046410906	0	20228.5693295998	173442.641940775	15646.5896951973	452913.373560461	12061.4758790266	5224.53772205783	11247.7691418555	347918.180994416	29221.3799488889	52587.6745196096	19901.2850699996	95155.646522836	25441.0966201126	4164.61713821506	11545.0273225933	0	10758.3440563984	68990.9214021395	0	167206.225361054	0	0	0	354.307730576335	20742.0152781468	0	2522.19062444171	43402.6969956011	6821.92511753757	11109.6491790885	6623.75299704573	131150.909863083	46909.7430067295	39433.2493699916	0	3918.40329154337	16280.139959194	22393.4496155789	5716.96541540121	3603.12946348816	0	0	0	11842.2855033311	0	0	0	6758.87035192653	11866.306366421	0	0	696.60502960771	0	933.81105262068	2462.13846671691	690.59981383523
SRR059338	3431530.78483077	301203.416134677	60785.1055878776	0	0	1692.59516062125	2764854.19487481	15468.9238133066	1148638.69958419	361458.058909329	623827.758240269	459267.374928198	0	1550460.79071568	19044.3129721859	0	9839.7361966425	0	1492144.78013015	21448.8450663468	0	6377236.15520276	1254.61435101719	33389.4931943171	223529.002753343	96249.3365615541	0	0	82506.1618346954	1934193.05295009	1003.34249212084	0	0	0	3957308.42485406	54238.077708856	0	9363.36663081817	246.037028502677	0	74873.7791207188	578684.325868689	5613.48312548305	0	0	0	12659.5648353682	746.83580283082	0	0	0	13565.1904934738	1685.61538676302	1072728.42404553	271000.189706643	10675.5641161658	3643.44195399708	70537.5946112922	18126.4727098284	75400.7520470153	469053.017877439	4320.48001824558	5414.55957052344	34837.7962699003	828.848145665045	636.904364563666	23724.2513441304	9099.88016766992	0	33132.9865050271	0	34277.6694177771	26449.85303577	0	16316.9663370818	1678.63561290479	106914.431016933	11897.0245413564	0	0	0	0	0	0	0	0	2250.97706927981	14931.4812262227	417.04148802936	7253.72998216756	670.058290390268	8602.57128027089	0	0	29630.8849716592	11968.5672234032	2713.38708738767	3765.58799651614	0	0	959.718905506894	432.745979210381	0	0	16973.0650797556	0	0	1853.12995936058	0	0	6342.86949366829	443.215639997729	1064.41551338037	0	36.6438127557178	0	1362.80084581979	0	973.678453223358	0	102.951664408921
SRR059424	251265.343083142	80984.846482928	17087.1015757041	234971.926045252	4225.17014856209	5693.09584086306	1877317.33051073	155758.637032805	2493156.25201642	2043908.4777474	29471.2594695344	2402039.92752336	0	905706.803269789	26318.8471843193	72840.3705505875	0	0	1586227.1075808	0	0	0	26044.2390319953	714.427713363207	104808.778136987	188440.356039265	0	128553.452966594	424536.389439762	0	7163.25411976828	23309.3204417768	29266.9777952446	7479.16512427108	162918.542272667	4302.19438640906	0	69686.8419720702	13778.4082281907	4638.1986703502	164935.684269616	61946.4642151007	22513.4033173581	2366.54180051562	0	125.024849838561	35526.0343402876	177.490635038672	1415.45990710085	4913.92311597631	11748.9870049184	1404.29697407955	4835.78258482721	303574.847220954	263890.620330232	1625.3230479013	197708.939326851	214716.784078103	7762.7036230121	72382.6902967142	524062.86767107	1164.2939141216	40735.7751813284	482955.366820132	253.398579583513	3386.83387866245	81998.4408012621	9938.35926886349	11577.0778363903	3766.37360138666	3620.13917880763	112792.507833821	98200.3217883771	24893.3406374992	18482.4682033666	7887.72847285066	117987.736861934	37485.1290855258	12070.4794759318	0	3815.49050668038	5953.19218025935	711.078833456817	68659.8521341106	7885.4958862464	0	0	0	2366.54180051562	8263.91931566847	587.170276920386	13341.9375470579	0	21023.1517590145	12443.3214388432	68571.6649632423	26259.6836393064	36664.6535084602	0	0	711.078833456817	23161.9697258956	0	3043.01554160641	4506.47606069885	0	0	6969.01908519766	0	245.584526468602	0	0	0	0	6827.24983582715	0	1117.40959543214	624.007955890676	1939.00146579983	0	360.562736587994
SRR1804557	197517.987402194	574364.015296803	8384.2052621424	329741.295626451	40.8487467095854	8147.2825312268	2697318.31541534	509535.011831355	7270678.63902578	0	332996.940739205	0	35836.6054883193	2232957.93257011	318597.757524076	467993.878865042	8030.86360310449	0	957122.899277624	855193.021613196	4205.37847375182	0	0	141391.809423223	171499.378185523	322758.202376447	0	2704.18703217455	354540.56975384	1337535.02275998	5492.11399510375	60027.2332897357	0	708.725755411306	268276.186452537	133246.569329332	1748.32635917025	18283.8990272104	7542.72107992494	5267.44588820104	621628.057677128	0	46028.3677923608	708.725755411306	172359.24430376	0	0	10285.7144214736	0	6742.08564441707	7050.49368207444	18386.0208939844	17681.380013244	65231.3636205369	0	5343.01606961377	284100.990927831	244355.160379404	194.031546870531	40460.6836158443	943524.351498003	0	277334.396035388	867259.741391207	10530.8069017311	19282.6508842598	154157.042769969	69867.6963720748	65325.315737969	206.286170883406	8312.71995540063	119864.519907272	167729.038864229	8371.95063812953	0	1656.41667907369	44198.3439397714	104717.804627358	85520.936111188	0	4088.9595456295	0	0	170322.934280287	45967.0946722964	1846.36335127326	6010.89307831549	18067.4006696496	1160.10440655222	7428.3445891381	451.378651140918	6795.18901513953	17003.2908178649	107959.152678763	13717.0091450788	0	0	11016.9069875752	0	4926.358853176	569.840016598716	98472.031255462	33863.6110222463	0	7479.40552252508	0	821.059808862666	7434.47190114454	16964.4845084908	134.800864141632	51040.5090136269	6415.29567074038	18206.2864084622	0	175.649610851217	0	0	0	0	0	0
SRR1804541	0	0	6259.84151226653	0	32969.940093406	0	596439.242042825	237643.148732246	1983403.78496544	0	1414673.34101313	0	0	0	0	422342.951560056	1995.64588913277	0	0	188798.619889706	94.6689997187433	0	21561.1568742145	101653.468142437	0	19907.3712618439	0	243.685017794543	53957.8235804349	301953.202744888	1324.19724297946	43667.537061624	530.029523116668	2014.34593845993	24862.2999569996	9677.27552680487	0	2081.54924072941	16449.6152659439	5299.12647808373	0	0	27397.9097704541	326.666486683812	83013.6095990499	0	17696.0904289073	3861.56018605837	2994.34539851136	5662.60868688039	455.229325808031	0	2196.67141939973	549658.73114477	0	3144.53016967011	994.024497046805	76550.4050503505	0	0	0	1737.35145780138	2817.8636829863	31724.0493069841	0	176308.740068789	67742.6818172585	34925.8483777186	0	428.34800490024	11799.7311254374	5645.66176717765	0	16407.5401549578	16083.2111744398	0	0	5180.49804016457	0	66580.9412528088	2120.11809246667	0	0	50377.3485108254	0	4845.06590535865	0	0	0	0	1165.83120024008	10664.287505354	0	960.715034182803	7305.8755215045	0	103436.985347015	7535.53550230368	0	0	9501.37818782128	1316.01597139883	0	0	0	0	703.589355934364	2398.28132620816	0	174.728585900644	0	2298.93731415763	1865.32992038413	0	0	21.6219320345278	0	4240.82056147482	1410.1005945761	0	0
SRR1803864	113617.413128795	44824.226781273	23702.744018034	0	0	0	397161.240246329	95388.2666946472	254006.40310077	208158.496642381	323097.427285384	220703.720501512	0	0	0	0	1848.06539410255	4876.45110556866	26916.4510503572	1607950.7360454	0	0	305126.406976715	10394.9082155351	13213.7043379366	186687.697897368	23057.0610033018	1045.7417391221	91129.5533252688	54972.7753043988	51582.5717760213	1081335.19915973	231.651651071351	6339.90121868608	0	30141.1891136838	15117.660289123	533.166498497554	261133.919933098	36426.6705794198	0	0	120163.962328278	1161.19986362433	0	1298.72005013335	205.91257873009	7724.66331064594	27944.5431398739	236985.522262527	47098.8253741736	5320.63395397214	63519.6181258313	132209.112781922	49807.3111865411	20628.7633784205	80305.905704735	30138.9829074831	356.670002443191	0	0	0	1485.51217512422	1327729.45546609	0	0	0	82873.929722326	3291.65965141386	0	1837.03436309916	7136.34165713139	0	2679.06972969185	0	0	46872.3215375705	181030.985198826	4112.36835806665	152.228227846888	74157.2090234411	16780.4043623685	15415.4981262148	9151.3433204187	0	8563.75706897105	8784.377689039	1233.26926617986	5328.72337670796	4729.37069219002	0	0	0	112851.124175093	0	65059.5500539056	6375.93591996385	9257.24121805132	0	0	66.9215880872791	0	384763.832202644	0	8197.52683965825	3588.02668437181	126.489155505627	3871.15648012569	0	9848.50447983343	0	3567.4354264988	0	0	0	78656.3988686936	0	24026.320927467	21534.043322766	0	0
SRR1803862	0	0	37513.669734407	0	4423.36888151759	4886.81847329475	3521799.79287384	532924.118544499	4634978.24864307	184269.274170569	5623929.89957642	0	173021.180930141	1417985.81932113	457675.353159613	398286.862693324	0	9658.63278862998	475619.434761237	131260.939751079	12073.7201057799	0	13709.5255167563	81515.6337536943	132531.134928543	342139.086409536	0	0	190925.783492465	391129.141220321	722.638067178465	44794.9777652171	2397.92251745443	1572.29565210326	0	28845.4458882045	0	59755.8171797717	1961.93660518999	1982.53436482453	216866.945272199	0	50596.6800622794	0	0	0	63835.8900673803	10530.6046131589	0	3240.71418250105	10482.5431740116	0	17154.5008156332	630866.465606739	1620585.38308647	29090.9025238495	159684.131566776	209386.525564922	0	181952.026211684	812032.343992371	0	3584.01017641006	84237.9709853927	6881.3681979061	15419.1395664232	90400.1340760595	133475.198911792	2258.88763992128	5930.43829477814	4032.01144846132	0	270060.6595284	30857.1604125113	24267.5938094279	5995.66453362085	82452.8318170659	33610.3942836616	0	0	0	0	6181.04437033172	225312.026722361	0	1041.90334151384	0	0	0	14584.9303012243	0	1131.16029993019	0	106394.29443228	0	0	0	20235.5823609666	17456.6012902731	1386.9158153924	4649.94423749753	19183.3801396355	0	54261.364797258	4021.71256864405	0	1555.13085240781	6443.66580567211	4061.19160794358	0	129014.067470945	0	0	6330.37812768213	0	0	15233.7597297123	0	0	4533.22359956847	0
SRR061484	320437.922574566	0	391434.980808427	0	51841.196270937	26236.5052717126	1508898.25599435	1205744.33505753	2975075.84460927	51148.4605600438	447997.588555735	0	0	0	0	475163.637065043	202772.094711103	1205.65491810761	177013.134908176	3165299.10561283	11024.8151435757	123518.216365703	245969.324955477	66586.1495725856	200061.09070209	124273.838722691	0	1219.41137194095	212766.158421024	570417.253822461	80504.7330403887	33065.6019961201	2374.95349394141	67531.414471705	0	399336.09832799	44479.5282624103	64949.1315664183	12365.086788481	200610.366251579	48187.8751743403	342725.342992265	36337.6728007642	1490.61003322677	216294.688829275	585.631891762134	280842.918026836	195372.105152612	6862.50525514554	47185.619252197	97650.1875359549	49023.088442793	33065.6019961201	5924.1185829428	121455.730894548	55457.1784214146	21845.2486873419	15476.9931663513	0	16787.7866958994	0	57047.0314430104	2312.06684784614	122.82548065481	35667.5369783116	6263.11690955007	26738.6158366295	2693.31713979867	0	77591.3126392566	5708.92834083557	108727.080683328	199812.491929245	8152.66410394367	503.093168762102	12050.6535580047	95096.4001421801	67240.5637335144	11290.1181817901	0	1614.41811772682	0	529.623472583541	0	2755.2211820487	187.67733444055	25600.7605838434	0	3483.33063137041	9727.77806786095	1851.2256444293	60179.5725016307	0	3687.71223118001	39621.5348515512	0	11556.4038238498	40462.6437430754	7266.35543553856	1610.48770234587	2312.06684784614	351.772176595376	0	0	12772.867384255	7690.84029668158	0	13692.5845833982	0	658.344576309781	0	66189.1776191092	34399.9780179539	0	5079.0792760377	0	0	1954.39904817934	0	32760.9948040962	318.363645857267
SRR1031109	277933.988621863	94124.6472917053	10509.4638175408	0	0	42356.681700583	580630.163339661	632622.488270709	662426.855321802	246559.106191294	7958.85237418258	0	0	7545.55885326805	222741.591000306	125015.385883488	0	0	705928.950494634	209126.52158275	0	21455.8379286198	16614.3995407639	156697.286358164	347674.318179611	97879.7141388715	0	0	527185.406892257	445128.930411256	18598.2084411537	21987.2153126528	0	0	0	0	0	31422.1159758158	7014.18146923509	0	122204.989941269	437654.221875859	174492.524530113	0	46300.6827287387	0	229885.664718971	0	0	16602.5911544521	0	0	12079.979197016	473138.422742949	243807.752180635	3188.26430419777	94301.7730863829	332736.709495129	114175.287249216	208701.419675524	324340.946827408	0	51272.0133660249	1036303.98272739	0	0	2834.01271484246	489410.37908067	75786.2233494122	0	0	165199.324502692	312426.285038758	14217.2971194597	27466.3065613482	436.910293538213	0	29580.0077111682	0	0	0	0	5585.36672550202	0	0	3731.45007454257	0	65595.5859622912	0	27690.6659012732	0	8147.78655517208	0	2338.06048974503	0	0	27017.5878814981	0	0	21384.9876107487	3141.0307589504	0	305518.379046329	0	4569.84550268347	0	0	0	15256.4351149019	3022.94689583196	0	9470.32582209856	0	0	0	0	0	0	0	0	1499.66506160414
SRR1804171	501722.17637419	50550.1428477577	28170.9783027559	0	975.343390749134	4021.86673647806	128743.699292758	1111085.46382059	4661711.54024303	653292.818897185	352909.850552245	473241.82370709	0	713796.674846194	547700.091774162	463879.178470349	25917.4303014257	278.43692791002	1442612.66093825	481751.247012691	66119.814804925	0	15037.2223932692	39072.353930578	285922.159241028	56742.5149930314	0	1712.95700679147	293156.634508304	1859797.47811225	4100.02447062825	40495.4760065625	0	0	235997.278266472	24036.7598234369	0	1677.13471197263	15281.4653124885	8309.14411184112	195461.095106706	0	169450.852495977	0	0	0	5256.10762159967	568.271858716941	13003.4930192364	4967.90097692088	24450.3444999816	89018.4026247999	8756.92279707653	8255.41066961287	622664.756827083	5247.96619095903	163186.835761065	93553.1794916385	790293.557145683	0	483392.559429844	0	352711.199644614	1623.40126974438	0	13407.3079790123	424450.229877711	22944.1798314625	19109.5659997193	3295.65112333263	680.623601557826	30636.2035007428	304793.99546604	6472.43735931187	77156.3381813818	0	2514.07378183082	4951.61811563959	0	0	2698.07011430937	2952.08275029746	35420.1081451852	0	0	0	3591.99919865207	20542.4577924726	3811.81782594945	19824.3836099678	2063.03852433915	3445.45344712048	0	3631.07806572716	1271.69146606857	2582.46179921223	32002.3355622429	38499.1972134767	125899.083426917	1014.42225782422	8703.18935484828	0	0	37227.5057474081	4774.13492767356	538.962708410623	0	1926.26248957634	0	21.167719665674	0	0	952.547384955331	812.514777936257	7070.01836833512	0	0	0	3992.55758617175	0	4445.22112979155
SRR1804184	130943.651362882	0	7857.80912858975	384017.607368919	0	0	1396146.82483871	105758.060554116	537.621150178791	0	907870.61590485	0	0	0	553808.586997455	284075.375611269	0	0	941966.857261306	177879.797845093	98602.3790474395	2062924.45607257	0	0	60548.882011347	39881.9689687319	192.507573306208	0	25349.3972529614	0	0	0	0	74.9029467045971	823504.696924059	0	3659.04394789653	0	18536.7292405396	0	0	0	40596.6970863523	0	0	33968.8363443044	0	0	5784.32755719707	9279.5650608985	9608.57800436729	0	1318.85188403235	0	91070.7827521614	0	11140.2382603454	188985.734756013	16545.8509187837	0	0	0	0	101772.103745369	0	0	99768.6249279055	0	0	0	6195.24372276341	49907.0633589798	0	1064.04185972886	0	7702.40301486619	54828.2569602258	20357.5008702466	43198.699449913	0	0	345.113576872583	0	15903.2256377106	0	39711.8622766831	0	0	877.134506737011	13216.5199418953	244.30961121406	0	56951.4404869085	58016.8824017159	0	0	0	10883.328153424	0	6275.04686224307	279.310988178825	0	0	30659.1061385163	0	0	0	1288.75069984265	0	0	0	0	0	185.507297913255	0	0	3530.2388806662	0	844.933239929427	8192.4222923729	0
SRR527881	293753.047120382	341559.717208125	1386.35221666783	0	1277.69217806414	0	211577.956201867	5018.96971412584	5438202.62444619	2143.22558901081	0	0	0	0	0	36783.2965162922	0	0	0	13215.308832939	0	0	702.543353041131	0	0	0	0	0	8747.13310759744	0	0	1184.01973099199	1328.2752994831	0	0	0	0	0	0	0	0	0	0	0	0	0	0	0	0	0	0	0	0	63661.6684791752	0	0	0	0	0	0	0	0	0	0	0	0	0	0	0	1006.0420815549	0	0	0	0	0	0	0	0	0	0	0	0	27770.1336590098	0	0	0	0	3231.6994239892	0	0	0	0	0	0	0	0	0	0	0	0	0	0	0	0	0	0	0	0	0	0	0	0	0	0	0	0	0	0	0	0	0
SRR1804119	443483.169786922	471947.766145572	12422.6189275468	1040245.93187023	0	0	0	438790.741182543	0	0	377020.115725922	1694678.10076054	7201.46597337859	0	190053.572470471	0	0	0	324226.989399472	335779.616442366	0	3437456.89924315	26528.7442506723	0	62800.4362924598	35422.1281433763	3668.62599978722	238753.891671053	38372.16968595	0	9858.30583106924	194707.548394865	19640.9079484187	856.773775908382	0	3302.12389368336	17630.5537729702	3990.66719465882	16925.1874245015	424.181126080868	0	0	172396.582480011	11038.3224480987	57612.9294332782	819.522742173235	40882.4087011991	1149.97546079147	62332.9959013962	3856.08281471248	3240.83993495779	18915.113613708	45357.3393344148	1257984.23228341	116713.496923463	4115.63840460899	0	87657.6906100486	13214.503805981	1986553.16818416	0	20179.245468204	5504.74146905512	34008.9921539397	7147.39189215015	0	120162.221659588	150983.246313549	0	4556.64257818315	0	0	0	65877.8523374828	0	0	134816.297672495	12708.6107349327	0	0	5529.97604029506	1291.76971823494	0	18064.3480690473	0	0	380.921861098116	0	7739.80349316394	34903.0169635833	2751.7699114028	0	0	116963.439343364	0	7558.35490948629	4507.37508195279	54993.3406093227	55765.9991477646	0	3919.77006593709	0	70003.1039120879	0	0	0	4128.85651335372	2690.48595267723	0	0	0	0	0	5485.51512906278	860.378714656945	1851.73687051166	0	3137.498357499	5221.15295416819	0	0
SRR1803355	212975.125824911	60238.7395372614	65702.549186047	0	2252.55490513416	0	832346.317523778	116231.313484414	2390334.01507941	183267.55530941	113970.098237468	0	0	128931.70475077	68347.4175752357	658247.466090053	24914.9373570952	0	265244.618827361	1270886.10806477	0	75112.0105640872	219593.35903715	118276.886220257	0	186795.778563357	0	8358.0958821414	75192.5517429329	441757.107523912	25375.6675414595	198158.147019859	0	9650.21888039598	58651.2988832395	15164.2585116875	3611.3625353362	13168.9157583507	29666.8669089872	18682.9553896422	0	114213.453842368	97747.5459564331	0	0	0	10244.3183286551	2388.52227157248	18676.0271161931	16920.5758310308	10715.440923193	30804.8358229996	31438.772843591	348896.592451628	0	8459.42188133429	49080.755147508	29932.7394025959	0	0	0	0	6023.26772979934	880.756762215087	18636.1895438608	0	4262.6202395503	0	0	24672.4477863772	407.036065133816	84958.819203601	113688.637128599	12641.500942039	0	0	0	41990.5333065494	0	0	859.105907686692	3771.57885884632	1939.91656574414	119.512716996737	0	0	0	63619.7369804155	4024.46083973796	5016.06997713843	0	8623.10234156895	0	6619.96528060189	0	0	140054.181739097	9171.3019782279	0	0	3656.39631275526	1855.04521599284	0	0	0	2654.39476518116	0	4448.8175884945	0	1368.33400619453	0	15952.349616521	7853.19795453924	0	1353.61142511522	0	1936.4524290196	4772.71437223928	2379.86192976112	765.574216124028	0
SRR1804769	448701.602211064	1817747.60855024	1524.85818182303	0	8675.8597754871	1868.15958669248	502996.552554009	28394.0259037167	1874.82563338897	0	3203257.08371808	0	0	0	304415.021465449	0	1696.50888425775	536.616759067777	1342136.8423371	29230.6147641267	0	3824985.9270067	12275.5249915939	8467.54581622166	90454.920648077	2871.39961451484	0	26925.8291188139	180903.175249458	4568945.0690339	12307.1887134023	32588.6357874856	7607.62579237392	0	450034.811550363	0	4452.91919325807	0	6607.7187878998	0	252023.227454353	403947.431202477	155295.556864875	2713.08100547311	1178.22375360534	0	38499.7526956018	0	17491.7065316006	0	4131.28244015223	756.596300052083	12823.8073323806	1435014.87095936	942872.308938915	0	546.615829112518	663.271646301165	101338.908391778	0	0	21384.6778023531	15333.5739136106	45845.7361551383	0	0	1463.19724988046	0	0	63830.7301422795	0	27184.138428303	456282.563816652	0	0	0	0	1973.14982216226	0	0	1841.4953999065	3104.71124889214	4739.55920120732	0	0	0	0	0	0	17920.0000318503	0	0	0	1321.54375757996	0	6244.41924294087	31380.4148237461	0	44257.5505296986	52921.7447234668	2214.79401491017	0	14317.0017923953	0	0	516.618618978295	0	0	0	0	0	19498.1865872453	0	793.259556882801	898.249792352583	0	0	0	1063.23444809081	531.617224045406	0
SRR1803344	674961.634508621	0	166392.452720813	0	88904.5398281812	3349.62159478234	0	91582.089910677	0	4497242.74982803	0	0	587809.20443771	0	1523337.04392712	0	1284.02161133323	3620.16795436091	0	167043.052299799	521.767979187248	0	26328.8846123212	578823.200351708	0	211747.617430163	0	2827.85361559509	127047.2821421	0	976.972965144848	1876.6469704101	0	6394.34173670628	0	2645.34218254605	26472.7465654304	0	84051.8829024068	0	0	0	4444.69019307656	0	594796.171533493	345.698126128177	0	0	29803.0434202428	9728.9329781787	16172.6601614747	0	24617.5715283202	0	219209.114251874	6718.56792953457	4408.18790646675	8711.16333976406	0	44225.7410177768	0	0	84176.4201155461	4929.955885654	0	0	10828.2959631329	0	0	41395.7402088517	2364.05985631753	7169.47852883219	247152.688248347	0	0	0	0	4786.09393254476	2364.05985631753	2106044.51701277	3706.05568756046	5803.86357095939	0	21233.594840258	0	0	0	0	2260.99457647808	0	2291.05528309792	0	0	27490.516203845	0	67256.5366752353	1288.31599799321	32927.2097153764	0	1522.36007096197	0	0	2327.55756970773	3727.52762086034	1296.90477131316	792.314338765822	0	0	399.377959377894	0	0	27589.2870970245	0	3141.34384177343	0	8966.67934603271	0	28368.7182758104	8713.31053309405	0	0
SRR061181	0	0	20475.570326232	556996.111463003	3241.84682933768	7370.90321303844	364701.326368322	334091.93033602	0	393364.370343706	604930.306584911	0	346304.945183011	0	0	341439.287176309	23501.9456313503	34875.7322118456	615499.962322443	895680.917298776	3623.47577635715	1185136.03324022	30137.5800349392	235820.921529363	63783.1253384065	221622.458761266	0	0	470464.524421238	198754.488109423	29573.7999024971	39780.4860827361	131.059999267455	2419.94513901636	0	44105.4660585621	0	47806.2450209279	28963.3712957396	0	91752.2177244493	0	37435.1785026246	0	138900.497121936	0	1185.31551879854	2518.57334185492	6086.95949140134	14586.3115116918	1112.89931581347	20575.9756138064	4693.28078732675	218221.118576887	89035.0551633654	23796.9416974981	44408.4590060211	19272.0396888912	4502.68844940899	67045.4086422063	0	3474.20065854744	0	68061.901111101	1845.9467693433	35279.130446879	5914.58227202584	648.635928577911	5851.49576390388	18933.5050467156	8195.47053046351	0	77747.0129213739	3479.53191275493	0	974.286706418739	0	9175.5327622737	0	13422.7652809071	13094.8931471465	0	39991.9591662999	70152.1970316209	44958.0224605765	0	0	10718.486584158	1825.51029488126	6942.18152051948	2541.23117223675	6811.12152125203	0	427.388878967089	2219.57883505154	10841.1054309303	163919.184575317	8885.86795033342	0	6032.31413577457	4049.08757058841	13813.7239227897	12110.3882034968	11329.3594620995	2574.99578221752	1148.44101053007	0	337.64609980768	624.20101346025	1146.66392579424	0	4764.36417675994	6672.95318304125	0	710.833894331957	3367.13130321369	812.127724274261	1532.73558465328	3018.82269499103	4053.97455361195	285.222100100698
SRR1804623	0	1151996.74390284	37445.7803715268	0	0	0	1927341.19435697	34381.1947086953	2214160.5747411	133059.655279695	0	0	0	0	0	0	0	1359.47141771057	0	151375.302926233	0	0	130832.654587247	3150.99636968409	0	10744.8719540762	2567.51021054085	0	0	0	8537.5489473466	21127.845601235	4317.96868797057	2292.87816202915	0	14956.7522494752	81883.1280341366	0	309.709662184535	49853.8445446271	6349.90362633595	0	12757.1292067226	297.731940442591	0	22374.3842139501	0	0	15148.3957973463	305.431904419555	7275.61040667758	0	1778.69167867858	299964.929995911	0	11320.6581492424	0	94991.8889291406	0	0	0	20116.5836655938	0	0	18526.9688801273	0	0	0	0	4154.55834134834	100945.672186439	0	0	0	0	0	0	10096.3638769052	0	13853.0907461105	0	857.262656101944	59880.9087457397	0	0	0	0	0	0	4063.01432517778	0	5817.75056037247	0	0	0	0	0	3967.19255124223	0	0	0	0	0	0	0	0	933.406744318583	778.551913226316	0	0	0	0	13131.0052353819	0	0	0	0	245.543295709838	846.140485912996	0	0
SRR1803917	1219342.70179627	11931.8921135184	12049.3623231576	0	3302.64605788962	42892.0324474493	1381867.55118499	343548.368183902	1778021.39013471	519817.23210041	4962856.38220304	0	0	990010.040722244	80189.7868784733	816183.016573319	0	0	919874.548344203	401476.587465172	0	1398598.39022344	4034.42769170773	27578.5388892345	81765.0431323238	292100.267844206	0	0	151238.080557645	923535.382254435	0	14500.8307964483	845.400361174077	1126.55856785156	2823.1365136246	38447.4218925751	0	14342.9200228349	3705.12595648958	0	267864.815576835	0	32751.0795956436	1124.63282670993	187753.984085169	0	0	16299.4730227275	8881.51814518188	0	12112.9117808313	0	7718.37049563941	0	100308.004585046	2674.85444571935	46889.8710574661	3911.18025864362	0	632426.871098167	362077.849448633	12858.1736026408	4608.29855191245	111302.060762593	0	104153.709644875	114473.756422852	0	583.49956591286	27522.6923961274	664.380693861177	0	133781.2371088	8409.71156548336	167568.365438639	0	17445.2890019954	36968.4526958058	0	13118.1486567604	2397.54772132512	2280.07751168589	0	96891.7397998008	4579.41243478805	0	0	0	0	9266.6663735072	0	5349.70889143869	0	5844.62436483673	0	25618.1344070587	0	6025.64403214963	0	0	1885.30057765244	49647.5323722754	10560.7644206803	9773.136293755	4346.39775665124	2776.91872622556	0	0	0	0	5496.06521820232	33317.2474912818	754.890527517627	1588.73644184194	0	0	3277.61142304847	0	0	0	768.370715509013
SRR1803333	425170.10914678	0	84483.184077983	108339.204630912	984.194569896613	23467.0108415072	1181115.17591533	1290559.16812668	4958531.73712082	389388.995890222	181268.800279674	1867859.3051191	0	1138495.27193198	287964.438879829	305996.984052777	8706.0373416151	317.042914808593	1000731.37272914	47480.5803275617	4329.67808812225	0	28671.960780328	233769.550933131	467542.991963376	299862.300903658	0	3812.29517193154	407680.232521265	868691.751429873	3557.4938109504	92055.2581108041	6119.12276066155	23085.781324314	844.151073784842	772.184277171848	0	53232.0889109298	8822.74025504157	14305.8321375288	102470.993134117	0	3685.86701571953	1847.79612925253	293286.091732076	0	3187.9345850999	3872.59167720189	0	9626.04530912715	11112.0624067576	3584.72449074992	29844.8250602641	232182.391310531	365717.754950219	37926.5018150475	185719.071378337	17112.5372054356	1363.47903853266	4498.89731259064	285111.052646552	19536.0677075921	252515.928926537	875758.112837846	3228.78060479916	33627.944503839	60191.472648262	212381.796999172	0	36594.1435534286	35343.4773312082	0	137995.359981136	0	33519.021784641	13782.6140756668	51018.623652941	115666.202545537	0	0	34485.7109175236	0	166480.596099982	120956.734620871	28948.1576754373	408.460196992665	4919.02780092596	0	0	7247.25092378415	2283.48700604471	13730.0977646249	539838.501782521	62963.1668421408	23033.2650132721	24846.0502684967	26699.6815434206	16344.2430253779	18392.3791560126	1262.33651356305	0	0	0	5883.77188525149	11129.5678437716	1007.53515258191	0	848.041170899058	1178.69942560741	6955.49364021796	31675.1157525027	575.734372903947	2299.04739450157	28242.1050492072	0	9100.88219870801	2221.24545221726	0	0	6580.09926869613	1503.52253464443
SRR1031102	324358.455464702	0	129830.430788658	281.627832513358	0	0	595438.045523923	548875.577215048	4137018.98367705	0	329786.191873142	0	0	1014807.49066654	198940.194052087	0	0	0	1956647.77018189	27130.1478654534	0	0	29511.1831767027	214967.37797512	143126.678153985	40895.7749516366	0	5069.30098524044	163224.664383348	698001.781619242	18348.4799970824	61539.94849254	0	13023.1537095571	101386.019704809	23323.9050381517	0	0	0	0	231566.351739922	0	93073.7315572932	0	0	0	14644.6472906946	0	0	0	1817.77964622258	14397.1561651525	0	122661.722324681	304729.848956196	10795.7335796787	0	41826.000216605	0	146207.515958147	0	0	0	38352.5902822736	614.460725483689	37985.6206823319	55967.1310794727	32540.815920407	15643.1459696056	0	12024.6550306461	531747.48449219	0	30467.0109718996	21002.6089641022	0	0	16786.7256531447	22001.1076430132	409068.693814023	0	24800.3176146611	79956.701903565	30270.7249068145	0	0	0	37080.9979475921	0	22146.1886476413	0	0	35314.4233618265	3157.64539484674	10940.8145843068	19176.2951411368	156354.65210537	16573.3712345739	80912.5296987619	84735.8408795493	375.503776684477	57289.9284746112	72045.5200629625	0	0	0	6144.60725483689	26123.1150097996	0	0	0	0	0	45034.8506719087	0	0	0	0	0	0	0
SRR1803883	1776540.68207	0	5669.8050661084	0	13352.8400764734	0	791537.548450922	117443.697483062	12891208.0354758	100376.15753569	0	0	476871.293384049	0	0	2782981.27995114	0	5109.69384802127	0	211288.746853132	0	63234.4428947989	0	0	105057.841868003	2103.05910187432	211.362723806464	0	2303.85368949046	0	0	71102.4202884945	1093.80209569845	0	0	0	0	0	8998.76796606021	0	0	0	79324.430244566	0	41321.4125041637	0	0	0	20306.673689706	0	137.385770474202	0	0	0	887269.010130965	0	808.462418559725	0	0	48893.4820845303	737634.769812179	0	21146.8405168367	245587.632858826	0	0	739.769533322624	38425.7431880152	1696.18585854687	0	7661.89873798432	326037.569607661	0	0	0	28005.5609043565	0	0	0	0	5336.90877611322	0	0	2118.9113061598	0	0	0	69902.9368308928	0	18240.6030644978	0	0	0	7952.52248321821	0	0	55894.8723106194	5532.4192956342	0	0	0	0	0	0	0	0	0	0	0	412.157311422605	0	0	0	0	0	0	0	449.145788088736	0	130062.052094308	0
SRR1803339	74834.8323082131	441495.853485442	254006.283052561	4999.34527969569	0	0	105706.495532549	499153.086052027	11367423.7378174	132124.881323182	0	0	0	325329.334213267	50021.6976855427	0	0	0	767780.806429197	14795.6141375551	0	0	3591.80833183409	237821.961892868	36492.3960529199	387035.00081049	0	69138.7797767331	544999.247708294	664799.942645183	0	25246.2229143201	53429.9142415688	3667.1280347297	0	0	0	37320.9127847716	19696.1023072003	0	0	1149171.53700395	150950.099565651	0	555002.645749117	0	17907.2593634297	0	7009.4398507221	0	41986.026882868	0	0	94596.8393554471	392985.257339242	6967.07251784333	75079.6213426238	30843.4183357497	0	522535.146319681	0	6811.72563062114	0	306386.428935022	0	2010.09457102642	296011.139861153	26281.8688291347	24172.9171480578	0	913.251397609193	137632.634597423	527275.580120673	6227.99793318022	47126.5966054929	2240.76116114421	24770.7672897916	44739.9035199885	0	222404.960206424	6430.41963471215	927.373841902119	0	10577.7107754013	49089.6163622096	7922.6912483313	0	3638.88314614385	0	65222.1552261617	0	0	26691.4197136295	10365.8741110074	1774.72049947766	13275.0976353501	0	2005.38708959544	0	0	2471.42775126199	0	4829.87594818058	0	0	2292.54345688493	0	0	1854.74768380424	0	0	5837.27697440927	0	0	11490.9621730105	0	0	0	0	0	0
SRR1803892	0	546550.664346739	11222.1556916544	985955.170942829	0	13164.7725387238	4896344.91951013	520808.906770229	1880167.55162411	0	2460138.72941067	0	224247.184666108	0	0	0	0	0	0	15203.2696164426	138574.029875234	0	5402.64256180686	0	0	24153.4807122754	0	425.207979401466	7851.75714904569	354704.74458159	0	0	833.741136081305	0	727330.754883248	1029.67030306041	754.535728153581	16628.9669591416	43492.1063636813	923.368308210046	0	0	274961.573621094	1723.7597988481	292828.646167316	275.134574906831	8935.62062595139	70.867996566911	305057.544280789	5867.45324517219	25060.1741977638	0	0	10553.0784299491	0	0	6159.26264280064	141.735993133822	0	0	0	0	0	5525.61937937885	0	0	0	76593.7138189493	0	0	0	58518.2059887066	0	87313.5404761147	0	0	36799.2493937886	13206.4595955279	0	14384.1189502427	8028.92714046297	0	0	14873.9418676905	0	0	0	0	329.327748752116	0	0	0	0	8051.85502170521	0	0	9813.13317167696	42181.0484271934	0	11787.0153113495	4954.50670116316	0	263977.034153223	0	0	0	1194.33417743647	0	3770.5942879277	831.656783241102	106.301994850366	0	0	0	2442.86152871822	1227.68382287972	837.909841761712	433.545390762279	0	0	0
SRR1803365	140130.838674667	42773.1697100028	42030.4516250906	116568.899428785	7573.26047245781	6835.82237393124	694379.809551741	194440.778637275	2023885.6614402	628047.34058905	2035704.91096444	0	74828.8470549042	0	0	1336860.87292365	5040.62700281645	8163.73894991763	438598.78907939	286561.581105123	2948.87239637533	0	13023.0864201607	207960.183777685	142270.113158579	64516.1536460344	964.477513108734	2325.83400287079	153836.803334036	0	13425.2453831997	7145.58157522164	2589.83332215238	6693.26274151919	0	14945.8814622616	0	27935.5279686467	15069.081144593	1270.71672347538	33194.3944087359	0	22401.2222387737	0	86118.3379451158	0	72057.7342001784	24768.4161349986	3534.07088744952	5580.06561188183	2352.23393479895	0	7952.53949449236	0	182615.369128922	6687.10275740262	1301.51664405823	167713.487553207	15564.5198671115	0	0	187.439516689927	1627.11580450552	7795.01990065435	21402.4248141583	109089.798713538	32968.2349918847	34661.3506262106	47834.0366606309	19615.149422622	0	0	83316.4251698072	1652.63573870274	0	0	37818.7824848184	280061.91786441	0	0	9815.49469088943	0	0	180564.974415835	1007.59740192473	550.87857956758	0	0	0	2140.15448164274	2210.55430011783	6070.22434801464	0	19436.5098832414	9622.77518781387	23024.2606322782	53082.3431279488	4212.5491380032	105989.566707441	0	3222.55169069725	55612.3366043974	0	0	0	0	3355.43134806898	4860.22746797403	213.839448618086	0	36.9599046994223	2139.2744839118	579.918504688554	89115.6102166927	109.999716367328	0	5703.26529421323	1453.75625151061	2149.83445668306	3178.55180415032	0
SRR062375	145054.310606086	630375.957797547	15668.6195792022	55348.8024502579	530.86560445487	4211.89309524346	3051106.94561619	542078.456130691	818443.856110783	249624.055686651	290328.24327696	890496.061856541	0	72568.2502292763	436914.518838034	252405.036924201	1426.86973380129	0	831945.897283987	51360.5735436934	52365.7150181181	23337.8759765553	25612.2443530016	365825.685953152	190490.477899048	628410.138211507	0	92805.81718083	2535392.56888237	823008.761359243	239.832684246109	7752.79362445006	2186.7890254575	0	0	0	0	0	5063.43386178021	0	387045.48901041	43605.0851699822	0	0	30464.1403977782	296.422418731146	3359.00495407612	0	0	5257.45580858605	22851.4737349101	245.222182768493	6397.33474607036	537010.980145019	505203.507240537	11623.8009381527	331234.537061858	36915.3701290724	42737.3759078782	0	0	0	1997263.26779396	791889.796890995	1288.09014684989	70339.6925902703	102965.021895525	106838.723958489	4050.20813957193	1137.18418822312	26983.8717269484	7553.38217912183	213032.055468922	23744.7831149954	0	0	2935.92932006894	102576.978001913	5473.03574948143	0	107.789970447689	0	11206.1148026679	19113.8565096365	10889.4817644778	0	0	26709.0073023068	0	5720.95268151111	1731.37640031601	0	196734.211937231	34399.8216937495	947.20436530907	10766.8706730936	162012.367706769	14284.86583358	0	1844.55586928608	0	90478.9011937905	837522.680880024	4870.75928960496	8592.20801931144	0	0	0	126.653215276035	4055.59763809431	3368.43657649029	1669.39716730859	0	2844.3078451884	0	0	0	3744.35409842661	0	0	109.137345078286
SRR1804323	367136.58146347	0	42199.030914706	0	0	0	0	0	441894.968599151	650470.962692181	1356417.20375344	0	0	946701.894081507	0	0	35372.6249486225	0	173903.240228768	0	0	1417037.81904711	70787.2296310429	101083.43960608	0	115399.155394339	8239.93252500814	0	32673.3907217398	0	0	11498.6876814652	0	11788.7864389041	189815.439027727	0	68399.3973100934	0	372924.145658854	27560.635083076	0	0	442406.244163018	0	0	6330.79448199242	0	25677.8126940829	149704.116665476	8241.81221458118	1072.67618301376	0	6591.4447694537	0	0	412.905142877375	25357.6389034754	0	0	0	278981.646740746	0	0	69068.566798095	0	0	0	0	0	0	26183.4491892301	0	0	24172.1813460793	0	7453.59572028719	75237.0814136151	239620.947081327	0	0	7388.43314842187	0	0	0	0	10540.6725624068	0	0	4227.42184976275	44576.8382245992	0	0	0	31816.2522764344	0	0	0	19531.2277902482	0	0	11871.4927801178	0	0	0	0	0	0	1562.6485983857	0	178.570509438622	0	0	0	0	998.741726474259	11.9047006292415	0	9292.55868590949	8038.17917750205	0	0
SRR1804148	229593.262729299	2344.84068580348	186245.135741847	67732.5362305824	16335.5622869955	376688.744992049	387746.723582914	514818.716805822	2154668.78798945	104065.480052878	1466115.26484092	928114.050945561	12373.0232641408	0	100569.975277958	1342207.11439078	2987.85885325062	0	1238844.60307134	0	0	623848.490500314	32646.9509586734	41195.7082795759	64786.255995678	946957.867557906	0	943.737941997607	420616.071802509	0	0	9277.83355888016	263.008934655071	0	0	0	0	6798.58757191104	17999.6739654564	0	82520.0201926412	23506.423534797	1249.29243961159	118.934187362403	0	0	0	0	0	316.190888353706	18163.0876050031	0	9260.42855585152	622635.941955985	800229.824247983	26502.0179449492	209828.914845661	8832.07209242433	6952.33176533073	121804.078972904	1261456.60283938	0	87550.0660679194	179531.639295854	0	17659.3094617851	7701.71384017514	28251.220749328	14458.72279374	3717.90203584098	995.95295108354	4501.12717212998	171947.892698429	0	2879.56105662794	0	0	35428.8506094184	0	0	0	0	1552.91304800016	724.241514914147	114273.514329177	0	0	6943.62926381641	0	1994.80673600519	0	6855.63730406049	429.323408039895	2671.66796489691	0	1771.44253047092	2654.26296186827	5366.54260049869	0	110.231685848081	0	2143.71620636137	40230.6975560988	53681.8640634028	702.968733434693	1617.69833705123	0	0	5682.73348885239	0	4145.29155465547	0	0	0	0	0	861.547649917898	6827.59591029211	0	4420.87076927568	1146.79631066513
SRR1804086	0	0	69750.2720549201	117395.133652711	0	0	1797576.39517128	547266.711159656	773601.062096249	563527.711424909	454284.336251914	1806848.30501681	0	3588533.26811068	0	0	35501.4396378374	0	0	270924.551583509	139996.02712275	0	1055620.8356025	134012.620046064	95775.3946636802	356808.273821152	9046.24431490172	0	63374.4031858309	224972.181465459	66682.5290442991	199586.444526823	0	16100.7450333555	0	26520.6056216696	23228.8323378849	0	204253.469341489	52843.3450896691	68643.2027488485	0	161291.985133047	0	0	16207.0367687981	18066.3245103099	5604.02734402896	123911.634664078	28098.6290786255	1492.99006860182	145420.17614526	33810.5834155654	28778.8961854583	0	40274.7561879455	80701.5913204474	2789.74924100187	484.036210631039	0	554644.992856842	0	0	11734.607592866	0	0	12320.0297665346	71446.0340495971	0	0	0	0	419634.865755086	20599.3383287811	0	3293.40854125309	97438.4515089903	19691.7704338479	29516.3973036833	0	7530.36064174303	11638.1274022335	590.327946073666	15319.0919634851	0	390.826534935197	0	0	0	8588.37222376425	20648.3960528315	464.413121010862	0	1914.88649543563	31174.5483765883	0	5978.50130428068	16450.690131582	160250.326125709	0	6559.01770554425	0	0	0	0	0	910.838409869895	0	2358.04126935797	4974.45321871494	0	56229.963306618	3291.77328378474	0	0	0	0	959.896133920338	11044.5289412231	0	0
SRR527904	23341.1809962327	0	46396.6530180571	0	0	147512.785699981	1006739.04878057	194319.368985667	14065117.412633	0	27036280.006515	0	405284.391262953	0	0	0	0	0	0	107612.906317384	0	0	13502.8545731266	6509.1957647823	0	8770.02330140516	0	0	0	0	20645.5789333362	72296.7926546431	2919.20039069435	0	0	0	0	5900.51142799922	0	0	0	0	60458.5034106784	0	88221.96244558	0	51613.9473333406	52644.9840670752	3639.68389137636	0	0	0	0	708930.920412454	0	0	0	5577.53606562453	0	13726.4529009245	0	0	0	0	0	19800.8741394332	0	35303.6915334185	167698.745848399	0	0	52061.1439889363	0	0	0	0	0	0	0	0	51340.6604882543	0	1676.98745848399	0	0	16272.9894119558	0	15540.0837819516	0	36409.2610430857	0	0	0	0	0	0	133798.754928378	7689.29805038215	0	0	14446.9364016065	0	0	0	0	0	0	2149.02837272393	0	0	0	0	0	25142.3897479377	5353.93773782666	0	0	0	0	0	0
SRR1803903	804353.670194552	0	25147.2809498724	0	0	6154.64173482283	3874128.81337728	35552.1673522793	7195222.77168673	0	9981730.4006956	6177730.62433345	0	0	202204.876745739	0	0	7576.52310308465	853760.19788235	54452.4099441206	0	0	87597.131947249	0	178546.208058668	13695.2328177709	1447.54709693081	0	39186.4345318077	427673.169957047	2617.90432423657	0	0	0	0	0	11333.9857802242	0	5071.54798499162	9039.46963721685	0	285952.14939264	319974.639316248	0	0	0	0	0	72356.8222636052	7966.64217885324	3865.25873754928	59498.2922004432	0	981226.472744002	239312.387255359	1067.69431262982	0	0	0	0	924597.609008751	0	0	0	0	0	0	0	0	0	7017.01021810076	17493.7606607808	0	26107.1792020925	0	3511.07168191728	72392.7542837418	0	0	0	0	0	0	0	0	0	0	0	1134.42520716918	17606.6898669244	0	0	0	0	0	0	0	2920.7599225306	0	0	10107.1639498467	0	0	0	0	0	0	0	0	0	0	0	0	0	0	0	0	0	513.314573379719	0	0
SRR1565470	0	0	0	0	0	0	1649828.93984767	63926.6994499735	3757633.64417143	1097590.70921276	8723959.42386462	0	0	151344.618185044	0	0	3923.59675059996	8799.47836015534	725187.811557505	39606.8092058813	0	0	37093.3265733499	21870.5037078367	0	47573.0383144506	0	34515.7478445427	61115.6277990185	514416.95553957	10795.6139298888	10397.3024744603	0	251.80609251225	0	0	0	0	0	0	0	0	27021.0828728599	0	0	0	10987.9022187163	0	0	2376.13385479741	0	0	0	1119140.73243922	0	256.384385103381	0	109933.961698257	10758.9875891598	61390.3253544864	0	1506.25826248237	35870.9224515177	3818.29602100393	0	5228.41013907253	4271.54698752598	18157.5084164288	0	0	4573.71429854068	0	25290.4882734121	0	0	0	0	0	0	118403.802991851	0	0	0	34360.0858964442	0	11848.6212258491	0	0	0	4596.60576149634	0	0	81530.2344628753	3484.08066185131	0	0	0	5237.56672425479	0	0	0	11592.2368407457	0	0	9701.4020006083	0	0	0	0	0	0	0	0	0	0	0	0	0	0	0	0
SRR1804648	670305.065558774	722921.666581847	20635.5667356466	48187.660510671	7014.99400607045	49834.6500904059	1783201.525997	31408.8893862223	0	626168.025109528	7087.54861310723	0	1110953.03346403	0	0	1970337.47794942	18209.1333774595	2062.62382861705	1512868.24264989	7818.27715540623	1943.42697419948	1809049.62300105	25871.9363749297	35735.2169543869	14195.8271139392	264960.096448847	315.094293416876	689.268766849416	667905.581054629	0	3654.67920588126	24219.7643232636	0	15345.2993882791	201772.289180514	2782.98742705366	0	0	35614.9836055831	4707.75750230082	157436.24180911	0	54284.320490533	683.049800531978	119477.744396239	0	0	1098.68404941411	22816.350924295	6309.1413290412	15674.9046031033	7239.91328788447	2426.43335818719	132477.456988458	444698.587966677	4411.32010783626	500609.16814922	7371.54807493691	65660.8828739002	256243.178660571	0	0	1680.15740009459	1458192.12728135	0	4570.94024331718	2399.48450414496	10786.7970775968	0	1463.53007337049	704.816182643012	8696.18790055128	166849.683824939	7016.03050045669	0	0	0	9900.59437736184	16162.056964636	0	0	0	2159.01780653734	5136.86617820407	30289.4754490834	0	468.495462580355	5610.54411271562	0	13459.916099709	3158.19839487244	0	30087.3590437667	713.10813773293	66.3356407193423	2287.54311043107	31847.3265116017	1638.697624645	0	11070.7965394265	473.677934511553	0	20475.9466001657	0	0	0	0	469.531956966595	146.145708459801	4264.13790499022	1265.5596455987	0	0	0	0	1992.14221035275	0	0	1746.49304081393	0	131.634787052445
SRR1564310	839744.174664351	0	23903.5998519633	0	0	0	0	14967.2632590562	4058850.33078712	0	13871446.8185744	0	763623.901962043	0	0	0	0	8774.92493030941	0	0	0	0	0	0	0	0	0	0	0	0	0	0	0	0	0	0	79590.6234481576	0	0	9486.60362449002	0	0	70786.3509428304	0	0	0	0	0	118256.053534053	0	0	0	0	0	0	0	6368.42377885332	0	0	0	0	0	0	0	0	0	0	0	0	0	16684.096397595	0	0	13279.7776955351	0	0	242697.108503098	0	0	0	0	0	129752.966047259	0	0	0	0	0	0	0	0	0	0	0	0	0	0	8760.25114280053	0	0	0	0	0	0	0	0	0	0	0	0	9853.44831221199	0	0	0	0	0	0	0	0	0	0
SRR1565849	107499.870030375	202765.873415146	27101.7359482679	0	0	0	712204.082677438	229885.05308962	0	1508155.49486848	2068860.81544934	0	99080.3648484197	0	342461.047445855	0	0	0	1553671.99111457	0	2971.24803037221	10899002.9414374	0	68315.4463969532	114512.247965069	137439.118774771	0	71606.4960744301	121815.354669859	2321172.6858641	0	18908.9992069871	0	0	391710.50109997	34416.4718038613	0	9727.78464738299	5012.16399644001	0	0	0	44214.0313560671	0	0	0	0	0	0	1901.36615642214	1697.85601735555	0	6727.46374000127	360399.012560725	1156175.98748971	10611.6001084722	57529.409026424	19269.5028819051	0	0	0	0	50296.0772264572	107668.49271703	0	1075.69644935197	66896.689998889	78142.0788261686	0	4767.9518295601	0	11716.3694348337	110785.10513245	0	0	363922.645254278	148928.71976893	12542.0391419038	9413.79757568025	76990.7928965919	17292.5472452582	13425.854602993	0	29881.1029903773	2982.87718117602	0	0	0	0	11350.0511845138	0	0	0	0	0	0	21240.6439431501	56285.0898904168	12419.9330584639	0	395.391127329374	0	0	0	0	0	0	3070.09581220455	0	0	0	5802.94625109876	0	2744.47958969801	0	0	0	0	16274.9965499253	0	1622.26653713082
SRR1179027	256959.060971487	0	6700.76986405628	12793.3160019905	0	0	1888552.71014316	349921.933958554	4762832.48001503	0	2378850.61831533	0	54997.8572688312	1901333.14004926	185005.678727415	0	0	0	979515.961508568	403417.27244633	0	0	7881.13624780158	101434.192426741	106212.356783649	91055.7307949894	0	0	239856.634503073	1914226.96759921	0	556290.182456417	8525.44104242238	0	0	8082.15934372327	0	0	19205.4373180567	0	470924.951607518	0	38181.5021292284	0	40135.0342665186	0	60747.6332560271	0	13991.7229199852	5979.14849408099	5561.63898716671	2432.89490448813	3319.45830188634	847415.438077056	145419.592145914	0	2365.88720584756	576683.717815754	0	1668239.12867052	0	2378.77330173998	14862.8230023125	990652.125578794	95.3571096038778	128407.368348746	42250.9312120533	48492.9560623396	11754.6966730618	0	7270.33530250106	63126.4065577671	0	7267.75808332258	0	29447.3063333489	2755.04730179852	11478.9342209641	3417.3926306687	81929.7976839804	0	0	0	131430.446445107	0	5984.30293243795	0	56495.2216115299	0	31223.0103473238	0	0	14486.549002254	6290.99201467745	54.1216027481469	18092.078632952	27792.7316207627	26687.1045931934	0	0	3930.25924718686	5561.63898716671	15852.4751668501	0	0	0	3123.58964432162	0	0	0	932.953342610913	0	0	38676.3282114971	3767.89443894242	0	0	0	0	0	1386.54391802395
SRR1804697	177952.148677249	822069.794003604	13771.5508822148	0	749.106336582513	2910.1342992112	1818738.89179568	455938.131673194	855850.863058307	793194.808685819	2297924.33180065	9828.42520734887	22368.1401270698	2102653.94514511	294149.921894657	512344.963401437	1284.36094769656	210.099940811122	1071752.31354456	899262.763328405	722.843843981123	1468886.22309347	26847.7710079355	85385.6164215487	268692.81239971	142323.950976249	0	1650.78524923025	531646.644868573	1426987.54263517	2487.43322781739	35508.1405919654	1583.2531253981	0	0	2412.39753467056	0	1630.77573105776	14476.8863977949	769.115854755001	112866.188441689	252390.057468675	9153.1039690274	0	118192.472060228	140.066627207415	152827.697421919	83.7898573472928	288.887418615293	9333.1896325798	21157.5642776343	1793.35306620922	7869.99361621662	115332.361556448	500030.355561156	9429.48543878489	37032.6157577319	190383.061841907	2236.06365577552	51329.4164919744	12963.6665860006	3082.71639344891	864.161066074318	696416.27285481	7244.69617332638	18067.3443148707	121491.541368917	51218.11354714	16681.685181426	2116.00654674059	16262.7358946895	167922.377693289	184806.659246212	8585.33389088306	45838.0543485123	82990.7272152791	50911.7178001237	227810.865583546	1010.48066771064	55288.7999003554	1314.37522495529	1155.54967446117	14170.4906507787	9957.23648058426	0	0	0	44577.4547036455	0	11507.9741389521	0	5425.08061451576	2379.88206764027	15603.6723898832	2153.524393314	12135.7727716139	46752.2392100178	20294.6538064458	2014.70836099237	5967.8387949445	950.452113193172	0	63416.4160630428	29381.4762465268	0	0	704.084920694416	320.152290759805	0	0	0	625.297442890245	3076.46341902	45891.8299286008	0	2534.95583347705	6478.08150834294	1360.64723572917	0	27395.5315679074	0
SRR1803918	47828.866823156	0	13430.1624570144	0	307511.582748363	0	3216781.29933429	1125226.53981378	69021.3035382742	3118729.47791998	470179.092581485	0	44086.1213655238	0	528432.290017443	0	4021.29175169992	0	0	155081.530697846	109442.24930021	30811.0986165977	103531.073831797	113043.95865958	0	1244268.05855196	0	0	210926.536755978	96666.1417488864	27604.2903323618	337555.79758066	0	8784.78597050446	0	2706.13013540525	0	428.397148471319	103649.191564092	57729.6009211598	0	0	0	7485.49091526429	0	15379.9865154889	6330.75786074283	3025.22430772339	1260.51012821808	9863.71212221001	1503.79739772031	111196.385772346	9017.49553263703	0	51825.47725766	15549.2298334034	681008.667019907	18919.9925818691	0	27687.1490400908	0	1392.73147033886	0	953922.331913334	0	179382.050428417	1320811.8749813	17982.1025284258	11781.8030585754	25416.46785807	21003.8009336926	71778.5592592995	0	0	0	0	0	58461.2256808947	0	553341.027921769	85214.0105699987	19434.774340526	0	289291.48180412	0	0	0	7108.219352413	5135.476927971	403.715831275441	3263.22272354079	1285.19144541396	0	8262.95240693446	1470.30132438305	2320.04381641258	5814.21315085766	39255.6350000447	0	0	0	0	0	0	68645.7949266512	0	135.747244577332	1405.0721289368	0	9941.2819762542	0	4627.74697422722	4225.79409418005	9851.37146361207	3312.58535793255	16799.1622542519	0	6863.1691316825	35643.3479333051	141728.938094876	0
SRR1804607	40230.8237382523	25870.7764316438	30983.787550986	71954.4557097756	0	0	958436.176273485	909762.022454023	555.732539944448	59313.9182547555	238568.913849967	0	78144.2835477143	0	335131.85863293	0	10992.3624649159	783.324717061062	215462.533145748	733465.045781694	510.214104521126	1220608.09733953	242415.561333054	330370.766163577	52118.6085597046	125698.819731689	207.210788121096	9609.82491138658	223082.455111539	286418.980174377	2924.72932085679	62314.0587148957	679.379633183922	748.676355768682	0	11319.8234481105	1364.8736830665	21201.4002127707	70160.89347817	0	0	0	29711.3094980325	42.8009168905871	0	754.111392834154	102116.193904609	2222.25078014461	16662.4648834689	3392.14250848732	31341.1412380407	21051.257313837	32401.6528454408	213154.001152189	192038.882152833	839.033846982144	21437.1449454855	303033.888483523	0	319420.525235919	0	37503.1145110189	12845.0307246084	55104.4820475479	9136.29730705738	11176.4743455087	38709.6927395535	252786.97081324	30593.1442619052	8179.73078353442	6018.62417037637	16630.5340407092	503779.020635607	5735.32286333867	0	369.582520452054	0	82298.0106250008	0	201902.79504703	4023.28618771519	0	0	32842.5702273772	58455.182398411	2116.26755736792	5705.43015947858	39327.2488261177	8256.50068208421	3477.7443422685	3157.07715540569	25533.8041335845	368785.608142329	28648.7597517328	33191.0919792005	0	16277.9360110868	83518.1764461991	0	46988.6129495328	3568.10183348196	2366.95864201279	0	4710.81837649732	0	5010.42479473143	7210.25604698097	27162.2771143264	1616.24414734455	1521.1309986988	0	45648.1969332609	4407.81506009729	1444.36110014902	2322.79896585583	7867.21615226982	0	1479.0094614414	11717.2605335231	964.71907912117	666.471420153428
SRR1803920	633475.940595036	1188145.35390191	0	0	0	0	2136486.27082552	20817.1649947216	21906.6843622783	298136.56940985	1440724.09942005	0	578883.675206056	0	42313.7493703353	0	0	0	1259227.311292	13955.6413372435	0	10919867.0046158	5270.09087340644	899.771612532806	196878.598075631	3794.9551004785	0	7957.16392035815	35207.3898999231	0	0	7247.14006284927	3758.22972853839	0	701417.878684248	0	0	0	0	0	0	0	19452.205337614	0	0	0	314528.327085788	0	0	0	0	0	0	454433.631491654	215339.218370862	0	0	56263.2698122555	7436.8878178732	9505.75043716632	0	0	0	0	2283.09395561045	0	7436.8878178732	0	0	0	42503.4971253592	0	98405.6341135369	0	0	0	0	0	23241.0395427692	9260.91462423222	0	0	3721.50435659827	0	0	0	0	0	0	2356.54469949068	0	0	0	0	6175.9833812626	28125.5140108044	196229.783171355	21563.9142241706	58846.2876387102	0	0	0	0	0	0	0	0	0	0	0	0	0	0	0	0	4198.93419181976	0	0	0	0	0
SRR1565741	95288.9403574383	3173623.05529468	4911.18627831239	0	5264.72353858986	0	1864210.49241325	208250.484243687	7457796.09430724	887753.357982056	1293354.30419172	0	113604.72613085	0	173207.700625581	0	0	0	754601.854894419	166788.65663476	0	0	2981.63954450882	1115.98508665902	0	19551.0364418507	0	0	5230.64765808119	0	0	3471.48032682098	6555.34751285582	903.010833479814	0	9954.41659359588	0	55087.9203273323	44707.555227378	3697.23303519094	8766.02026085593	0	63151.1255526968	0	0	0	0	3978.35904938748	10231.2831227288	0	0	3752.60634101753	0	1181159.46761692	80376.4831498306	0	0	181339.057611963	14009.4463741279	14384.2810597233	0	0	10465.554801226	0	302.423439514466	7045.18829516798	0	68999.3985449977	0	9477.35426647447	0	0	69689.4351252983	0	0	1618.60432416193	3820.75810203487	10082.2011455034	0	0	0	0	0	0	0	0	0	0	0	10205.7262123473	0	0	0	35558.1813107995	89.4491863352646	6815.17610173445	63968.946684905	32308.1942072849	0	0	0	0	0	0	9008.81090948022	0	0	0	0	0	0	0	0	6018.65239484423	0	0	0	0	0	0	451.505416739907
SRR1804288	0	107382.776185915	10269.7966502564	132185.501438944	8893.36278063486	0	712066.399236138	118425.648676035	0	532799.532431734	58492.0843867329	0	140983.164309035	0	0	0	1172.32390416439	2499.41250741171	192817.376012998	401455.891143357	27579.5179699083	1285610.16858199	38401.8320724463	46996.132632631	92286.8629531453	410928.686976114	3621.64348965071	0	64747.7183829978	591477.035395146	23146.6682072866	21341.0800513192	0	4594.34336166467	0	305935.417931595	0	0	27284.9416827649	6101.61695273317	0	0	55381.8372940518	4384.25215179847	0	0	7958.79334172829	21477.153361624	3400.33744651764	15655.1595850116	11143.0583339707	0	14772.1783791327	125280.902424303	0	15487.6847415596	26309.9988440976	76985.3444438159	0	53385.5969725474	0	2472.4969075712	12609.9585252785	17364.300174884	21397.9018732047	0	17765.7912058382	56919.7647627165	0	0	7139.36285769502	0	0	5386.85824585743	0	1539.42277976689	0	31544.3353575255	0	263768.392503682	18837.9292661518	0	0	0	60086.833677283	14837.9720676317	0	0	2817.16611663994	38022.0230524746	0	7931.87774188779	0	1724.09370089483	0	0	4013.41499844035	20160.5319360924	0	10699.6985921535	5001.0679814768	0	11157.2637894421	0	0	0	0	151.774076878426	0	1356.2471697412	0	0	0	0	0	2399.22666356093	0	369.341842255874	706.534495813362	4038.08763162748	266.165376200589
SRR1804472	105939.323551298	612455.522929878	21685.3371667215	0	3416.37711064203	21299.0801054793	370460.479358275	370633.629075384	1613126.03082616	69507.9571112058	238278.984258274	727411.95097983	0	251661.459509414	166023.940289095	310603.954074746	2667.17160392229	0	896739.055102996	140151.376790374	6133.49574834564	0	24116.0928107455	29025.8862314489	238422.165755113	252745.310142469	0	0	739332.643042304	667618.69193909	20313.4586388613	129038.161774031	3085.0617865593	1073.8612262983	14627.8212934215	9724.68747722228	0	1003.93537900446	24908.5857467424	5177.84250199646	0	15881.4918413325	3025.12534602172	774.179023610403	0	0	0	1213.71292088599	0	4540.18537072165	6428.18324765541	0	5647.34461954083	161283.966783248	596599.004605437	7140.76092960219	114891.496906036	109237.492681991	169152.289504932	0	754166.912075355	0	458112.528941107	54820.1993772467	0	11392.9184055182	76144.2529996167	18145.7573727522	0	13275.9215790739	58897.5422349282	5316.0292954581	882952.008878227	0	131702.003575701	0	0	57092.7894142966	2365.82450010835	0	2543.96892059504	1784.77400711904	0	10908.4321778395	6892.69066182165	0	1316.93679070071	0	0	0	0	0	1689.87464293453	287525.094665525	0	18170.7308896429	3115.03000682809	9296.80788782901	0	14136.6754612386	0	0	43600.430688837	6782.80718750275	2157.71185935286	0	0	0	937.339333962703	0	138.186793461642	1826.39653527013	0	8744.06071398244	0	0	0	0	0	28617.9854555682	134.856991209554
SRR1804204	517164.118378478	0	1386.38296493563	0	0	0	283747.489707017	286357.15175866	2370664.94028128	0	695608.082786044	0	458065.591725538	2798351.60252426	0	492084.400613034	0	0	0	108282.667565038	0	0	35606.5752122843	25935.1809634956	256732.161631585	4919.74555144023	0	357.829936928163	20790.7514981703	593142.232102699	3341.96517838024	3693.13781415625	26156.5362268047	0	0	0	3082.33043344632	1238.25801430025	0	0	0	141770.55668565	20824.038003931	0	0	0	172828.530885727	214.697962156898	4408.79768801258	20527.7881026603	5745.25089430706	2887.60437474587	4337.23170062694	169336.776431423	0	42714.9085174944	2013.83359852594	5374.1063550746	0	1777.49940762455	665656.884902513	64216.3269136569	0	0	22245.3717999155	0	5630.41244943244	0	0	0	10159.0415581837	29119.0352395123	92315.1307516019	0	0	0	0	8333.2767172061	5467.30857120472	277133.461012354	0	8032.03384007123	0	0	0	0	0	0	512.612188715694	1010.24544983905	0	0	0	0	8870.85378524237	6560.77028544567	103865.548250585	24866.6841285753	0	0	951.994064757717	0	0	0	0	10516.8714951119	0	0	0	0	0	0	5865.0823150458	0	649.086862334807	0	0	0	0	0	0
SRR527871	150492.344710685	76256.2142646474	4944.91560231016	0	0	0	2063893.89895348	17385.2001223176	3598237.25402866	0	2110886.19627828	607967.233887184	2363.26408123025	1552352.51931135	0	466319.58049041	0	0	2440440.64256284	60126.7419214654	0	0	4617.33444253567	0	455291.014778002	3486.39948617136	0	0	0	264170.806703857	1817.2954816061	21534.5614794611	0	0	0	0	15068.7333496265	0	59721.1652474588	0	0	368357.214614991	26151.8959219968	0	0	0	0	0	23882.226457845	0	12908.2576053996	12923.856708246	0	0	650810.169854834	0	0	11465.3405921072	0	0	0	0	0	3930.97391729388	0	0	0	0	0	1567.70983606363	0	13633.6158877574	0	0	0	0	9632.44600765465	592.765908163363	0	0	0	11200.1558437183	0	0	0	0	0	20255.435046056	0	165233.496900537	0	0	0	0	0	0	11137.7594323327	0	0	0	0	0	0	0	0	0	22665.4964358254	0	0	0	0	3026.22595220243	0	0	7822.95007747175	0	0	0	0	0	0
SRR1804125	54816.7635366973	967584.323589116	33793.5044991629	0	1110.33391092741	435.700648591769	103601.181319343	165715.227976971	137043.314327707	0	99328.5039912177	436923.421379752	0	0	0	777298.390003495	7940.99569207579	0	2729653.31953973	67587.0089983258	26642.3919184051	30903.8253588252	18049.2507394048	21051.3687567984	533761.404244181	150386.99806232	0	0	220189.052938648	1062502.41262781	42181.444727536	64843.5003981608	22142.0258642411	8441.34869497473	0	7488.42921192563	0	7932.5627762966	0	2397.75905321793	41976.243776909	160613.313930558	15395.6932408846	4368.25037362328	0	0	59350.8612539781	733.663672790011	0	18229.1529426943	11710.5090453762	0	6091.37616450557	0	512546.999115652	6156.02851881274	2929.03274730725	229945.936495177	0	36331.8121487007	599240.184297708	1886.1621626134	3910.06194962033	22293.8183482666	3524.95879570373	81346.7165780465	37582.6946559481	10032.3588053163	0	13984.5853338326	10448.3826504233	388046.241523535	447723.175520975	1647.22954886953	33622.0352116526	0	0	38040.883079951	50923.5674186354	0	3898.81806191473	1765.29036977826	0	0	0	0	7631.78878017195	5515.12691959388	0	0	0	7288.85020515134	157715.201874441	8323.28787406599	0	20660.643659029	49498.4046519514	36705.6714149117	0	3935.36069695791	0	0	29250.9738661029	0	933.242679564305	0	0	2369.64933395394	1779.34522941026	0	0	1877.7292468342	4573.45132425038	30636.7830258174	0	0	5354.90151978916	0	0	0	0
SRR527897	264527.219924868	0	0	315647.157079617	0	0	0	322.959891771881	0	3595212.58376827	18675790.1272107	0	4400386.19680112	0	0	4420328.97011803	0	0	0	32722.7576056009	0	0	3368.01029990676	10565.4021736801	0	50785.4429811282	0	0	107614.84965113	0	0	849972.763734345	0	0	0	4890.53550397419	0	0	8477.69715901187	0	0	0	23656.8120722903	0	0	0	0	1118.82533935259	0	0	0	0	9711.86531685441	0	0	0	0	53242.2450149643	0	33657.0344353696	0	0	1361.0452581815	0	0	0	0	0	0	0	22537.9867329377	0	797907.015467978	0	0	0	54522.5503002029	0	6424.59498989063	0	0	0	0	0	0	0	0	0	0	25260.0772493007	0	0	0	0	73334.9639959149	0	0	6505.3349628336	0	0	0	0	0	0	0	0	449.836992110834	0	0	0	0	0	0	0	0	207.617073281923	0	0	0	0	968.879675315642
SRR1804393	163033.591065627	36719.7814228154	10546.4100144078	0	1351.327587963	4419.10725812476	1173176.19151921	1122155.08914001	1476435.9363359	109462.121616137	107455.771694293	1366.00595959057	0	1604.52949853855	0	381141.349876117	0	0	271420.521960045	1081691.40555393	85495.092942998	80465.9158641024	640743.030481289	306333.946274442	84341.9233720071	360116.417316079	0	1739.38703786684	418793.207897283	543173.142078163	2155.88583279909	24408.2972201925	0	0	954.094155791936	9271.22647926279	79494.3911420027	6335.55215374914	64180.2625433154	1463.25017162321	35982.1932485301	75456.004147968	16523.2594615082	4237.46240923361	115473.832195853	21.1001592146293	140551.830121553	4626.43925736417	10976.6697827409	387.142051677112	325396.56402752	35442.763091217	1758.65240062802	26051.3574442535	38605.0347787312	687.131271815538	16608.5774965935	64676.5749839726	0	43283.7657350186	0	9818.91322061643	5439.25408624076	11586.7396035117	8700.60478224107	2871.45644964304	85945.535472319	0	495.395042430428	14010.5057185139	8294.19736780278	35238.1832866577	997826.529259822	3331.07296123127	1796.26572792366	7572.20496337177	255074.320356294	46417.5980775044	750.431749459426	602.730634957021	42182.887862951	0	934.828793030752	58790.5479613177	36353.7395303529	410.077007345188	1313.71426066736	0	3254.01151018653	4710.83989422268	0	51218.3429979459	68.8048670042261	13914.178904708	40004.9844727105	0	44369.9652354586	31079.6171249223	4881.47596439316	7669.44917540441	2593.48478694596	2109.09852323621	58689.6341563782	1358.66677377679	0	0	0	1099.04307561417	0	1199.9568805537	0	2519.1755305814	14701.3065832363	0	1383.43652589831	0	0	12928.8932092075	0	29119.1371144152	892.628474601494
SRR1804688	76284.1580613416	9720.09073912215	30282.2694993658	0	6794.15496996005	17061.1586699183	811033.063871172	1202824.80048318	680822.122159932	33548.2044448914	61291.1658099313	0	235540.743696203	195514.09780226	534.284419999718	0	15108.5919713738	3923.59049523429	572755.812518352	647895.630494676	217808.329509521	1500346.42260423	102619.522836237	393193.504644847	24429.4265348235	477738.671265603	0	0	283563.198791996	145259.305257087	47750.4557547021	34763.4586438362	0	5101.93049788822	10718.7168914125	172596.210462927	0	34306.888321291	5629.41493436067	3026.96409585295	167153.309362457	0	37182.3099271077	0	142475.197715779	2033.19507465347	7914.2093995231	7850.09526912313	6038.385372215	1087.99736436306	12330.3129873753	10952.8306099942	12553.741017557	99088.3885331477	174865.462108599	38505.3924362706	21779.3758116249	0	1719.42440618091	6599.86972632379	75507.9885130147	5623.58637705158	6758.21219988734	1613804.14775671	3978.96178967063	79951.292034976	7363.4107338143	119612.681670882	61002.6522231315	9653.06233006763	3670.04825228897	445903.091243365	1427.99654072652	14445.107864356	13301.7392055566	0	190179.996438227	372709.039982058	0	18141.3846245359	257.427947818046	3215.42078218012	3868.21920079796	289000.271335157	159897.726938861	1539.71055581737	9385.92012006778	115029.492773503	0	7809.29536795952	5244.73015196087	16767.7879520275	331698.339329098	65404.184417711	3254.27783090737	9432.54857854048	114192.123373431	20392.179172062	0	2754.96475476218	1378.45380359927	97624.4492223485	8899.23558475894	51505.989514191	27815.8183314035	779.083826981407	8386.32254155921	0	9200.37771239515	475.99884690884	0	7037.98295072356	18560.069324572	7827.75246610496	436.170371963406	0	5734.32896592425	532.341567563356	0	0	725.655384981435
SRR1564390	663887.344159837	213701.152123654	0	166369.974411203	0	0	9253663.21180234	127392.075323006	2599816.10640272	45342.0112906055	33095.8241475231	1189368.97682663	79517.8429739161	0	51663.4113305822	363620.842260941	1879.33514702012	0	985076.703913057	14381.7952646962	0	0	964.074523471359	45268.7904407216	233434.171167366	512314.083162672	0	0	168548.294695249	143470.153610013	0	185468.41275592	0	0	781290.875211181	262.374712083977	0	823.734561193882	0	0	228619.900287499	0	0	0	21441.5055410022	0	0	3349.85388218845	0	20446.9223300793	76717.1454658569	0	0	199447.493346255	379369.42672347	0	181008.042650493	0	0	0	202199.376954392	0	161567.907006317	446342.097417278	0	45500.6564653539	81104.2947214006	68803.1919409053	50821.3715569174	0	89878.593232488	8035.9882747581	8670.5689737519	0	0	0	0	215665.911595539	4252.91103075656	0	2520.01758350425	0	53060.7092158667	0	0	0	0	0	0	0	0	0	73123.2220840555	29745.9702653346	0	14314.6761523026	28031.3820305533	14540.4404394446	0	0	0	0	24888.9872230359	0	10556.0058582623	0	0	0	17908.599534104	0	10440.0728459462	0	5930.88884059595	9183.11492293921	0	0	0	0	0	0	640.682436484131
SRR527906	19683.6682271648	1512146.13950826	34267.7403679984	0	0	0	27728628.7530855	12884.2067787232	28306776.1427214	0	390602.016900392	0	183488.875848713	5162355.88816641	0	0	0	0	358188.675109242	0	0	0	117599.776415093	0	38710.570291696	8093.67712186659	0	0	0	3619515.58888095	0	0	0	0	0	0	12266.073919774	0	0	0	227337.675530425	0	17578.153176369	0	0	0	94999.2937597611	0	24454.8812321792	0	0	0	0	3539718.50012097	630031.916484011	0	14062.5225410952	19838.2014419021	0	0	0	0	0	0	0	0	0	0	0	0	0	0	0	0	0	0	39772.9861430151	0	0	0	0	0	29593.1106221948	13425.0730303038	0	0	0	0	0	60364.5370067616	0	0	0	0	0	0	10952.5415945068	0	0	0	0	0	0	0	0	0	34422.2735827357	0	0	0	0	0	0	0	28665.9113337709	0	0	0	0	2008.93179158502	0
SRR1564226	40786.8471797178	893733.967080117	30227.490823044	0	43929.7667148355	0	164782.844585561	28798.2446091104	6108605.42903	0	3024427.20223718	3275946.09317877	6484.93804531078	4764630.46185006	55349.515070942	626571.585239748	0	0	17954.4611451861	72329.8133737952	0	0	0	0	0	67714.9835586563	0	0	147660.332729083	328179.107023277	0	296721.468961374	0	0	0	0	0	0	4280.62796411961	0	0	0	23842.1022652709	0	0	0	0	0	0	0	0	0	8177.27933345109	745348.345227545	894949.892963612	0	0	0	135.102875943975	55804.5984425427	0	0	0	0	0	4138.41441049438	75102.9776694873	0	0	0	0	0	1243735.74390719	0	0	0	20983.6098374036	0	0	0	7800.41341634421	0	0	0	0	6577.37685516718	0	0	0	9720.2963902849	0	0	0	0	0	8518.59186215166	0	0	0	0	0	0	0	0	0	0	0	0	0	0	0	0	0	1820.33348640303	0	0	0	0	0	0	0
SRR1804482	31909.2902591269	0	3834.34327614086	0	1028.56134432273	12430.628096002	170961.589159928	181036.261889245	297437.674813887	532301.679904007	19504.8043883531	0	144174.37213344	55310.1876625219	47497.268143464	650908.05430824	0	34216.1162715036	304871.081339115	4746.61679100029	289.818117615913	126636.544829498	81497.9364208457	133572.347619348	100252.278653941	767500.575913861	188.855040872578	8196.03833705718	753428.396364737	145796.993009673	6032.09310739311	7177.39300920032	0	1772.26257926248	0	4813.32453813428	567.01585063891	7558.70891511488	86049.3879786769	1332.80275861626	0	0	16081.9757955456	0	177230.765206459	4545.59209355597	0	0	8860.41144027002	28210.6161173599	357879.400997493	8023.40950494693	5089.17008709374	0	47286.3274295538	5879.74703623576	307743.120290046	2362.71628700252	35498.8882197694	11814.9336190761	168429.849864984	0	14138.4365682363	286806.352978418	305.142870335884	8784.23840469135	5886.50795655339	39875.0065773633	2862.12293446509	8397.51376252268	26025.4866707006	3165.91362073744	12254.3934397223	1467.57043694777	41589.1252418942	5963.58244817442	34843.5296769801	25599.0979626684	503.012471631974	16122.9920454725	10368.9981271448	4210.25044580132	0	5752.19100624306	240861.842867904	212.743625994885	57.2424586893017	0	480.476070573194	3198.81676628326	3936.20780892655	43.269890032858	15424.8143406715	2625.49072334789	7777.76273340622	32625.9478127961	14880.3348910914	14475.5811280757	7754.77560432627	5777.88250345007	713.502457520981	2560.58588829861	18026.4164788971	2615.12397886086	3186.19638169035	0	0	0	0	3925.39033641834	0	1691.13153545087	895.596578075925	3249.74903267611	29.7480493975899	0	0	10349.166094213	0	6092.49066223064	1106.08656396493
SRR1803358	0	0	25048.6379055829	0	0	0	594948.780679957	195716.957916578	1235867.09532203	0	909878.813033657	0	54315.3174398296	0	0	373258.480383831	2964.2639193615	24141.298773851	288578.993780559	385659.071273204	0	168291.872926258	236097.456480651	16950.3105547086	118549.718363779	93229.3128522326	2939.08417312205	2403.36336519995	19382.3267345949	549431.613883036	25684.2094313511	18679.0303741137	0	6399.12861326722	0	16364.2302543076	20953.0219396695	983.746637561975	130453.660465257	8966.59446257945	0	0	35706.6167017641	0	0	0	69558.6148529258	11665.1686457592	18323.9091254262	1324.10734535041	880.422851269058	0	8052.30919395389	76811.2500369992	161630.527645255	4102.562102807	557.427485714729	9680.31002840112	0	0	276486.637715841	1282.43052398856	0	0	818.77588633799	13333.1097673448	6546.7340222571	17516.4207115404	0	12571.6395103794	10067.5571602216	27280.9526497769	0	6834.13043623152	0	0	0	8241.59142430562	0	29839.7358279721	665.092607566172	3003.33593938824	12853.8263216836	0	0	0	0	72822.4309258256	3095.37225322899	12607.2384619593	0	731.080908055766	0	6323.58937454887	6044.0073645798	0	83441.33770198	7112.84417908888	43607.8474182812	2906.09002287726	1480.39542545734	0	0	0	0	0	800.542276992181	1766.92357232005	78.1440400534667	686.799285358802	0	4342.20382563763	0	102617.016863989	234.4321201604	64.2517662661837	0	4532.35432310107	6787.24401219944	76607.2072657485	0
SRR1564431	272797.990921974	0	88895.1792523762	0	0	0	419430.714787741	260784.771281975	10643474.4535138	5861.07522083683	1071412.48861984	7368456.44687656	0	1347703.30992172	469454.925645493	0	4352.80755678401	0	90615.1336061206	7078.27368656367	0	23020.9275039641	65569.9521319804	17265.695627973	111122.281669997	16286.6446881493	0	0	129552.254091274	0	2751.92696599111	396.912543171794	0	5861.07522083683	0	13164.2660151978	13521.4873040525	5781.69271220247	19144.4149989862	19038.5716541404	42853.3242444481	2958691.9401474	11603.0766787221	0	0	0	0	2447.6273495594	0	0	0	22915.0841591183	10597.5649026869	150654.770969907	326685.483866598	6654.90030718042	5940.45772947119	80970.158807046	42085.9599943159	13005.5009979291	203629.365065236	0	13891.9390110128	22094.7982365632	0	4154.35128519811	127528.000121098	22901.8537410125	0	2037.48438828188	0	14288.8515541846	625428.324693902	0	10557.8736483697	6046.301074317	0	5517.08435008794	0	0	0	2275.63191418495	0	0	0	0	0	157852.118419423	0	17265.695627973	0	3334.06536264307	0	0	83616.2424281913	0	291029.507071665	2937.15281947128	0	0	0	2434.39693145367	12291.0584202199	0	0	1587.65017268718	13799.3260842727	0	4604.18550079281	0	0	39545.7197180164	0	2460.85776766512	0	0	0	0	0	0	0
SRR527884	0	1080211.74012012	16023.4155549756	12206.4476119961	0	0	264195.017647103	192761.787248926	3954.33953989907	0	2541129.23658898	331487.475623846	0	471145.328406436	19742.2609287268	0	0	0	0	27278.0742454576	0	13574197.7289827	9125.39893822861	3748.28214451971	0	122152.786432267	0	0	76908.4697611138	0	0	598.547672292414	2423.62745993814	0	0	0	0	0	0	0	0	0	0	0	0	0	0	0	0	0	53879.1027632401	14276.8338227125	0	206037.77086551	0	0	7280.69463673724	0	0	3603355.10976956	0	0	0	17181.2618718691	0	11362.593516633	0	104932.275532706	94992.459269883	0	12530.2520904494	2090.01072456204	600098.008886221	0	0	7741.87071211008	0	415117.341377096	24049.8417178477	23804.535294777	0	0	0	27533.1929254511	0	0	0	0	0	0	0	0	119140.423556959	157977.336457506	0	0	0	3326.35509683817	0	104157.107235803	0	0	0	0	0	0	0	0	0	0	0	0	0	55301.88001705	0	0	11980.7657027711	0	0	0	0
SRR1803779	313844.869046875	2141462.81084002	25455.2895946279	291633.989998573	1807.3885235237	86943.536044506	1566602.15040926	535724.032299453	2552578.88580404	455363.760805282	14451.7008581752	309652.320258702	0	357985.148602932	450071.223509964	323883.653048947	2412.93775220429	66241.9004866459	1012772.75172201	308235.66839344	0	446.291633370095	236621.60181382	292596.94290045	104945.199812102	142970.728441237	0	0	268936.079001821	131783.808286927	26496.0194616569	82358.3987655668	4605.50743647895	1537.02097799659	38331.0809922307	10940.62643133	0	3729.59066227125	16738.714000134	7457.32949203889	407916.108397778	397547.698210063	230284.630986465	0	23955.3052667035	324.070688131812	0	2238.86549686492	24273.8204573245	5916.60484903508	10105.4499722017	19653.4983608167	11983.2081308626	67384.4811413735	214184.799200077	3770.33097735068	67777.0696321389	342135.314204531	6179.56506454775	177990.732917013	0	15912.7967035238	12409.129606693	25108.9969164528	1216.653954872	34842.2285554288	20460.8973323908	93054.5833064202	74095.5221344574	7059.18550376266	1994.42360638835	1179.61730479979	666561.554177036	17620.1862718525	132230.099920297	1381.46704769332	2505.52937738481	14209.1108002022	0	0	14859.1040089695	1768.50004094789	30236.7211189498	3996.25454279114	92819.4005784617	0	2903.67336566103	27683.0440964712	0	43181.0303191862	0	23370.1261955627	49116.1534932574	186303.60902572	2083.31156656165	2298.12413698045	49514.2974815336	26971.9404150848	161590.904265039	21431.2575642826	6136.97291696471	27783.0430516661	2211.08800931076	1705.53773582513	588.882736148092	0	3481.44510678746	2520.34403741369	0	783.325149027179	1981.46077886308	3048.11630094264	390.736658261784	24229.3764772379	1399.98537272943	2761.08226288304	2779.60058791914	0	2701.8236227675	0	2179.60685674938
SRR527942	859371.522793288	0	35538.6147627298	0	4294.64589932468	29732.1639184016	977185.922229651	238523.625378529	7676469.57213383	833312.484963488	0	1597977.82686867	0	1423078.79256449	0	0	0	0	0	29043.4527767889	0	0	13981.3961024951	0	275904.402463134	3745.91669706416	6315.98510357006	0	31669.5139590357	0	13331.879903901	0	0	246.368213259825	0	42901.6647726541	11080.970319118	8589.29179864935	13807.8184976984	6707.93453375614	0	0	81083.1385503529	0	0	2575.66768407999	2659.65684769129	0	45734.8992251421	470.339316223302	7396.64567536884	44643.0400981951	7161.47601725719	0	0	0	3790.71091765685	36008.9540789531	0	0	0	0	0	0	93485.5383769554	0	10504.2447289871	0	0	0	0	99734.3321496364	0	0	0	0	0	1136.65334753965	0	69190.2729829922	0	0	0	4820.97799128885	0	0	0	162132.681435261	0	16646.6522277604	0	0	0	44144.7043941014	0	0	49458.4188119099	15420.4104390354	0	0	0	20974.8937925296	0	0	3717.92030919372	0	0	2911.6243385252	0	0	0	2827.6351749139	0	0	4888.16932217789	0	0	0	0	0	0
SRR527893	336513.436434625	2551523.84374314	13636.9540996725	0	981.546600264335	14225.8820598311	0	132940.671539802	8773927.27417086	0	0	0	0	0	0	1481441.74013496	0	0	55555.5375749614	319238.216269972	0	482619.919705972	5535.92282549085	0	0	0	0	0	10129.5609147279	203441.892014788	0	48828.6715411498	73864.6534918921	0	0	3337.25844089874	0	0	0	0	7158.74653792788	1528608.32609966	0	0	0	0	0	0	0	0	0	0	1295.64151234892	172647.503342495	0	0	0	0	0	0	0	0	0	0	4842.29656130405	0	0	0	0	0	0	179583.765984363	0	0	0	0	0	0	0	646341.892630063	0	0	0	0	0	0	0	210836.209736779	0	0	0	0	0	0	0	0	21489.3269017872	31396.4039204552	0	0	0	0	0	0	0	0	0	0	0	0	0	0	0	0	0	0	0	0	0	0	0
SRR1564218	0	0	15622.8861477526	58174.9827802008	0	0	0	61778.204145118	927.586040563152	0	3268258.11608563	0	1382324.74986086	0	0	0	3108.99573175629	0	1144643.60866396	326853.566151509	10629.5030265058	0	20307.073922145	0	303773.472543796	95994.1994576497	0	0	69123.4195896824	0	6349.46035115144	3851.55148601288	0	1024.97040177713	0	50011.738701439	0	7223.48499304691	5017.72921155028	7557.02643020479	0	0	8521.13160622318	0	0	0	4844.87197039546	19116.5501063041	550.221640858982	428.491189341508	0	41473.5648320034	1304.95044026732	0	2263594.78823064	19206.630640427	12474.9366715107	91619.2070301116	0	23437.9811351744	0	0	0	25388.1029684844	0	0	21388.0403316202	12007.4917376836	11501.0930593709	6093.82640296475	861.851596743716	5726.20043938198	0	9991.63546055427	0	11457.2700968247	31384.5450102351	8141.33259748866	160.684196003066	0	983.58204826119	1003.05892050399	32769.837548504	13443.9110655898	48755.4804417787	0	0	0	0	11057.9942158473	0	681.690528497854	0	3554.52918431024	1833.26059985316	2897.18474611588	6500.40611103311	0	0	2651.28923405058	1584.93047875751	0	0	0	1667.70718578939	0	0	0	1190.5238158409	0	5290.40542294942	0	0	14003.8711425702	0	3454.71021406591	0	0	0	0	0
SRR527890	244888.858929541	0	48297.4907224031	14067.7687317232	0	10894.3561619302	685303.065921416	156341.405283084	13771.9943562862	324384.384294395	413930.076457952	0	173711.987873854	0	112406.586598377	233643.27069678	3691.01772680779	0	627214.210978817	2791.37066818686	0	2918695.37484634	5656.68493023297	19829.2070865901	292169.62523638	260306.098249196	0	0	325850.93223927	649212.430151945	0	195919.71389625	17401.3924215446	517.605157014782	284997.096632032	3284.32796058189	0	2205.98388346776	0	0	197534.149028844	0	12625.8686514677	0	15682.2038643169	0	0	0	0	0	22491.1764655233	30125.8525314913	0	244248.014449428	394698.580088391	0	337078.034573567	171506.003990386	8626.75261691303	29509.6559159975	445202.054694262	0	233735.700189104	328026.106291963	29349.4447959691	757.921837057359	22448.0427024387	18904.9121633494	7542.24657364396	11066.8912142684	50158.4045011943	126566.784822424	7579.21837057359	0	56529.8775054001	0	71238.4907172368	58834.4528473469	0	78201.5124723166	2095.06849267888	0	59672.4802444184	49690.095073419	0	0	0	0	0	0	0	109220.850096274	74763.1353578613	41211.2296442245	0	123.239323098758	25448.9202198934	22595.9298901572	39818.6252932086	20476.2135328586	0	0	22485.0144993683	13470.0580146942	0	0	0	0	0	0	2353.87107118627	0	197.182916958012	7708.61965982729	0	0	23951.5624442435	0	511.443190859844	0	0
SRR527948	544912.428188072	186464.103421359	28852.2269661469	138303.57473411	0	0	3941323.89150525	41106.0892948553	7194673.25961403	0	1570849.44244499	0	0	0	56892.5481790534	1409221.05209792	0	0	608187.308347897	26830.5278719853	0	0	3000.28748548453	0	275268.311504266	0	0	0	1957.17678264582	0	0	0	0	3403.55193245826	35627.0696753056	2279.78834022481	0	0	0	6059.72042319187	0	0	36035.7109815723	0	0	833.41319041237	0	0	9855.7830840379	0	0	0	0	1313125.82281373	240291.841803412	0	118.290904445627	9151.41451665712	0	0	0	0	0	9479.40293352908	0	0	0	0	0	0	5258.5683885374	0	0	0	0	3693.90233427934	0	0	0	21835.4255888041	0	0	140900.59777262	0	0	0	0	0	0	1844.26273749318	0	0	0	0	0	0	0	0	0	0	0	0	0	0	0	0	8678.25089887461	0	0	0	0	0	0	0	0	0	0	0	0	0	0
SRR527889	0	915740.682777936	69584.2821772506	0	3026.44789586938	5704.61408943632	2405245.44581444	98731.8577458021	16055606.3304338	0	11018131.8466148	0	14904.0549157694	1761704.92795666	0	0	0	0	1375316.4035368	44003.5916288309	0	16393.2594359591	9067.33397373563	30108.3526783513	0	31033.1006465336	0	0	9751.88766446799	1740591.85096881	0	0	9667.8196673605	0	0	10352.3733580929	0	0	0	0	0	391828.924804104	20620.6787190782	0	0	0	68323.2622206384	0	21761.6015369655	0	0	0	0	815375.503945474	364975.2045852	0	8250.6734304058	0	0	126101.995661224	0	16032.9680197842	0	0	0	0	0	10328.3539303479	0	0	0	51653.7793656118	149857.209701024	0	0	0	221795.395797284	0	0	0	0	1681.35994214965	0	0	0	0	0	33387.0045655431	0	0	0	0	0	16032.9680197842	6064.90550561125	0	0	11745.5001673026	0	0	0	0	0	0	0	0	0	0	0	0	0	0	0	0	9619.78081187051	0	0	0	0	0	0
SRR1031071	0	0	2681.93118881041	0	0	0	2582034.79320736	0	9668627.91230834	0	0	0	0	3716011.45046184	0	0	0	104816.963569293	0	0	0	0	0	0	0	0	0	0	0	1362088.57310716	0	0	0	0	0	0	59733.9219325954	0	0	12294.0316754284	0	0	11739.9136612114	0	0	0	31784.2092954886	0	19748.7660266948	0	0	0	0	0	0	0	1263.38907241482	0	0	0	0	0	0	0	0	0	0	0	0	7100.09882216749	5238.26229439829	3893.6025798983	0	0	0	0	0	0	0	40007.3206264693	0	0	0	0	0	0	0	0	0	10225.3244223515	0	0	0	0	0	0	0	0	0	0	0	0	0	0	0	0	0	0	0	0	0	0	0	0	0	0	0	0	0	0	0
SRR527883	141030.058433358	2253810.17386649	4509.07712649693	0	0	0	2639804.51849896	18955.4665356198	3361742.45165978	585833.174357947	1787970.47888636	0	254381.320351757	22099715.3863434	1488706.49852163	0	0	0	513410.458664673	41448.8243551064	0	0	0	39870.6473608324	0	7526.69028038333	0	0	48836.7738008283	1580969.15357149	0	0	0	0	0	0	0	0	0	0	0	0	111443.575441805	0	23256.4324101245	0	0	0	0	0	1474.12136827784	0	0	928505.693367381	0	0	0	0	0	35777.7927383198	0	0	0	63404.5614402799	0	0	0	0	0	0	0	0	65537.7017731996	13440.5183578274	0	14151.5651354673	0	0	0	134231.757534947	0	0	15226.8066040935	0	0	0	0	0	0	17238.5487066844	0	0	0	0	0	0	0	0	0	8220.39445369055	0	0	0	0	0	0	0	0	0	0	0	0	0	0	0	953.843238297427	0	0	0	0	0
SRR1803776	724849.603664841	162496.95064723	22505.5105697832	121700.458285796	0	0	2224393.92954006	708678.679714748	0	0	336502.525629195	0	167471.776030611	422836.398318444	153327.700482491	29125.2084164418	0	0	457298.304060188	195491.264624516	25151.9275995904	0	5024.17155727903	0	192011.445546648	145956.844210935	484.323558631845	39041.9617339376	41620.7562291434	689157.698847779	12628.9652458341	0	0	2465.48105884664	0	22251.4691560102	0	9945.99549462076	35975.1884079594	7515.23952110999	0	66268.2562733285	99302.778244161	0	0	20478.6621678107	13595.7847270275	12181.1944086085	16331.7559242799	19075.0376658135	26784.0066103762	26946.6662206337	5320.24860066906	566223.586214525	0	0	18744.2355370876	163790.916985009	2699.41847584617	114771.889943255	0	6857.2905357988	4764.64723529517	178825.051299369	0	0	15582.4251354532	3264.1580215716	34427.1806564078	0	4634.88507430324	101240.072478688	73754.2536173136	33800.3014842918	0	6974.25924429857	0	81629.5374442744	0	138235.08181388	374.665394413314	2394.20325210459	954.026028701219	0	52120.5254530677	3744.82630806283	0	21692.2125184957	4183.45896493695	36843.3155413561	1019.82092723234	0	258149.939658984	3401.23072684477	0	0	62490.5325160002	10985.9204186265	0	39884.50196235	2823.69772862717	26879.0436860322	0	0	796.849326654658	0	5080.8282754586	573.877726076978	9103.45526620838	1566.28411225468	0	13202.8429719111	0	0	2730.48828904142	3766.75794090654	0	948.543120490292	1732.59899465279	0	884.575858029483
SRR527919	0	0	0	0	0	0	0	0	0	0	1886777.54867004	0	12167.9681875858	0	0	0	0	0	0	2092.14965925533	0	89675.7512530233	2435.20422232029	0	0	545.988248258318	0	0	0	0	0	0	0	0	0	0	20649.3077608257	0	872.93696329206	0	0	33600.0201627287	0	0	0	0	0	0	6843.37482846488	0	0	0	0	707824.641030414	0	0	0	0	0	0	0	0	0	0	0	0	0	0	0	0	1673.39761044364	0	0	0	0	0	0	1634.74357516871	0	14649.8793691966	0	0	0	0	0	0	0	0	0	0	0	0	0	0	0	0	0	0	0	0	0	0	0	0	0	0	0	0	0	0	0	0	0	0	0	0	0	1233.70795919136	0	0	0
SRR549739	55797.9824960434	885519.582085476	1690.52777870989	0	2144.85711923818	11242.0097284208	500544.143678766	91362.4606406528	7009097.22330909	13217.814069788	799651.336725631	0	0	762406.896600928	25336.7850834145	0	0	0	299033.232456546	183200.382219068	0	256326.274446888	1912.40954966557	0	33905.6477617503	919.224479673505	0	0	302488.248604285	1722436.49053304	0	0	111374.083221131	0	16091.7112935948	0	0	251539.967673415	0	0	53484.0725989343	55639.4955167894	0	0	0	0	0	0	0	22251.571887269	42220.9312732796	0	26963.9180704228	832500.404625687	132188.706496497	38575.7307504364	35638.438734928	85752.0215750594	0	0	89365.5247020518	0	26213.7463686203	125764.700937399	0	0	0	617813.942528148	15394.368584877	0	1162.23784786305	3307.09496710123	1345427.6642835	0	11231.4439298039	0	0	15214.750008389	0	1105510.07508872	0	0	0	0	0	0	0	0	0	0	0	0	0	32035.5014065525	0	7417.19062908966	113878.177493345	90760.2101194874	0	143916.742961297	0	0	41513.0227659448	6265.51857984354	0	0	0	0	0	0	9540.91615109396	0	0	0	0	0	0	0	0	0	0
SRR1565763	845254.274013518	7689594.80052277	0	0	1484249.88730235	0	4867735.7128046	160200.275497434	4619434.95804447	472227.412057989	4364317.56227072	0	0	10557355.6749584	0	0	0	0	814883.374794667	56191.2299772497	0	0	0	0	316955.38377987	21242.1272668095	0	0	0	759502.772397417	0	0	0	0	0	0	4734.8020013617	0	13743.8221518126	0	0	208469.463215597	295547.446326243	0	0	0	0	0	868734.838802372	0	423.737144090736	0	0	999918.331606637	404705.819314835	0	28307.4835606702	561.912299772497	0	0	864267.175435328	13172.6981749946	0	0	0	0	0	0	0	0	0	0	0	0	0	0	0	0	0	298320.161116923	0	0	0	0	0	13854.362276358	0	0	0	52653.9459917967	0	0	0	10823.7205284047	0	0	0	9598.56748135971	0	0	3049.06510204421	0	0	0	0	0	0	0	0	0	0	0	0	0	0	0	0	202.656894999917	0	0	0
SRR1031228	753691.367115994	455934.968849478	26734.697064074	0	0	0	3859423.62077688	630883.798568899	684263.732964272	397834.313170719	7764368.4825007	0	86500.6800760386	0	605855.717945466	0	0	120667.416478388	1777489.19355296	69255.5962040773	3034.74939646245	7115138.55719491	33506.1106833915	94201.0986126406	389700.359006051	36960.6326721084	3977.5173495585	0	143748.027534476	0	1465.76331393765	374925.740062276	0	0	3740779.3705628	0	0	0	55623.3092326666	9159.30033263384	127411.304026082	0	56084.370932356	0	0	1390.06661697373	2456.70189237436	5236.83512632183	56628.010846915	2339.71608797559	0	115905.406087567	3062.27546808569	650275.916027473	0	27422.848854655	11560.9500817617	401550.332839857	0	0	327924.97276559	0	0	50173.1470512647	62043.7654387879	0	1658.44581530034	26610.8297417694	0	0	0	54756.2379765345	261077.907828546	0	63956.8274166032	51301.7159878176	180811.882975172	14361.7278694266	0	0	2463.58341028018	0	0	0	12944.1351808296	0	0	64094.4577747194	26321.8059897253	454.180181783496	0	0	0	0	0	0	37125.7891018479	7232.47531900688	0	0	461.061699689307	0	0	8209.65086163198	10404.8550735855	0	1899.29894200371	6028.20968549004	0	0	0	165.156429739453	2601.21376839639	0	0	0	0	0	0	1300.60688419819	0
SRR1564435	154139.607421185	807174.966257214	22495.3054200586	114916.716147725	0	3585.33919008396	1858686.60143331	103411.254766836	2873139.73906106	212740.117862457	0	0	219850.840737774	6689889.19121805	52191.2669727105	0	0	0	1335922.56353732	0	0	0	0	24611.7347412954	130810.920483699	67797.6848854004	0	5827.67507150771	38611.3451239811	3867555.74696765	0	0	0	809.399315487182	35008.0192824419	13585.9173992145	0	0	3027.75299497057	0	0	182348.672453535	83272.2006874183	0	13573.9262982443	0	0	941.301426159168	19551.4901318793	0	1492.89207078747	9532.92527129348	0	755211.530202937	391209.669152138	0	1558.84312612346	68996.7949824185	5797.69731908226	99957.8176874245	2138888.653354	3807.1745580323	0	0	0	0	143.893211642166	0	0	4286.81859683952	0	80963.9137506586	0	43317.852254777	0	17423.0697096722	95011.488537225	0	0	0	0	0	0	2973.79304060476	0	0	0	0	0	49061.5896194934	533.603993173031	4106.95208228681	0	2793.92652605205	0	9275.1166004346	18598.1976047499	4862.39144340818	0	0	401.701882501046	0	0	0	0	0	8837.44141502301	0	0	0	0	0	0	0	1660.76748437	0	0	0	0	0	563.581745598482
SRR1804002	0	1626842.29402298	18858.4538798403	0	0	18398.2457962033	830440.44814833	371965.702986925	3747833.85764697	244424.239340723	0	596614.431463626	0	0	0	0	470.285632913723	0	0	640539.109577768	5072.36646928373	0	6923.27635310846	42752.3232149497	269997.700221953	323459.099134967	0	0	446499.257437566	484421.075365873	2405.17509404447	95803.90179071	0	0	921897.56701768	19926.6741031729	0	0	14504.9525922961	0	0	0	11881.430597256	2626.88117813237	174136.692318675	0	6056.60711531031	8891.75764516161	0	0	1783.72622197991	0	3785.79934495547	249059.912008016	274344.483143313	3308.79534585727	79434.6025822201	13601.3323404833	81594.557310531	2205223.07966193	0	2240.57512252467	826.359040691257	0	0	4669.26449821483	58201.2062561655	32490.0188681538	66266.6048606359	6872.88860672484	124.289774412913	43750.0005933452	602956.569141777	786.048843584366	0	11770.577555212	0	35305.0142994517	0	519114.718342537	0	0	17111.6786718751	0	8733.87603982629	0	0	0	0	231.783633364621	0	7507.77421115837	0	2217.06084087898	7181.933451211	386.306055607701	44660.3392113425	17968.2703603965	40659.5521484836	0	0	0	466231.098921389	15613.4830127356	18485.5845566016	0	0	1955.04455968419	0	0	5297.43173646387	0	0	0	0	0	0	0	0	0	0
SRR1804396	0	149247.839703337	96675.2634105286	0	6214.18055259692	0	20611.9517653323	320523.710636927	0	0	0	0	0	0	4190.43923293182	31833.8516991874	0	0	5286.31134129579	56312.1820634381	0	129771.063476415	16844.9877247676	60624.3848639659	0	109187.240636508	8757.34367327279	1159.0658586353	12440.6915930517	10233.5342665015	20261.3035168755	0	0	11049.2731038455	2808.6539373646	10007.3468798595	13004.4260848015	24159.6643186752	35554.9617380308	0	0	0	4107.97909538264	0	0	4816.21149171631	40316.0713621325	23869.5125262708	5196.91530432658	0	0	0	16307.4555197156	6545.5624137759	0	43.1567075023783	19201.6522165939	74.3682548924912	0	505.550002170717	0	0	1471.18133253643	13643.2994869349	567.202441459829	0	429693.22619714	29244.4492490447	0	28541.6114411488	2916.54570612055	260883.067507368	0	2795.16746627011	0	0	326859.65475712	54895.3319430252	0	0	17588.6702736925	20817.3314537142	0	0	0	0	0	0	4027.83092430679	3587.4013111352	5164.16244595423	2123.9265335099	0	8041.01939428242	0	11768.6800048003	0	786.068600936177	0	0	143.727249092742	2783.99296164896	0	0	0	0	808.41761017848	30235.1268828716	0	0	356.428164640178	5664.70318743271	0	8938.06238593899	472.797143798377	0	0	3496.84929092931	14369.2569595642	0	444.66821837272
SRR527873	3082269.77650456	2331119.95811672	2581.13543553254	0	0	0	985185.90009208	57001.7161450048	21515793.2975291	0	17892844.6089142	0	249700.224232854	0	0	0	0	0	2160528.57948435	7231.11988427818	0	0	0	0	48056.4070783501	16432.5721620926	0	0	78419.2292627443	0	0	0	0	0	0	0	0	0	0	0	14048.4699659137	0	202766.90661882	0	0	0	0	0	0	0	8649.75920762431	0	0	248183.068289831	619039.031401231	0	1871.81577385947	0	70774.3395758235	0	506355.721814891	0	0	0	0	0	0	0	0	0	0	0	0	0	0	0	4315.02794184447	0	0	0	0	17831.5081615034	0	0	0	0	0	0	0	90615.5867787339	0	0	0	0	0	0	0	0	0	0	0	0	0	0	0	0	18540.8278231765	0	0	0	0	0	0	0	0	0	0	0	0	0	0
SRR527887	168252.714394817	0	15095.3552509004	64774.6303084917	0	0	143679.550217301	313891.203843151	2905135.68755163	0	601163.88048815	1155759.74234447	0	0	0	194482.33453975	0	0	1132209.25967727	51796.6579028988	0	0	0	3255.29607509876	315979.778758591	345940.025821446	0	27180.2818305812	244003.165983066	3105739.70718836	0	204680.341713068	0	0	234165.2579331	0	0	4249.16965554927	9866.71597983473	0	569028.63472025	0	96780.2403919848	0	0	0	25062.8989852736	0	0	0	7850.16088906559	0	0	0	740767.108629111	0	219257.154226342	113503.243680435	9535.42478635123	1898989.9289773	512536.284248846	0	226675.196167386	1551191.79167936	0	0	0	0	0	0	18076.975992252	13885.422196439	307999.982185118	248223.527708747	4998.17583212066	0	0	0	5833.60579829645	0	0	0	0	0	0	0	0	0	0	0	0	0	0	0	0	2448.6740387911	19200.4852571091	0	24601.9721073835	0	0	0	83787.8640214579	2174.99870504386	0	0	31861.5704341525	0	0	0	0	0	0	0	0	0	0	0	0	0	0
SRR1804009	0	6704593.30711834	0	0	0	0	1289244.05515788	53712.1031246932	10102472.553722	0	0	0	249352.756290274	0	0	0	0	0	1794318.02525722	60797.2680812863	5672.2274363477	0	6562.99239476331	11661.8538808665	162108.983753959	0	0	0	0	0	0	0	0	0	0	0	0	0	10996.3398314755	0	0	0	57572.0846111608	0	90212.9890643674	0	0	0	0	0	0	0	0	1370559.63331577	425928.991610224	0	0	81561.3064222847	0	0	0	0	0	5385.54446122543	0	0	0	0	0	0	14559.3996651379	34432.6730477208	0	0	0	11364.9322280613	0	0	13617.4413183076	145204.926899428	0	0	0	0	0	0	0	0	0	0	0	0	0	0	0	0	61688.0330397019	4453.82479207806	0	0	0	0	0	0	0	0	0	0	0	0	0	0	0	0	0	409.547107317523	0	0	0	0	0
SRR1804133	0	118532.98604242	59320.2805236428	38993.4943771	20916.0037868262	0	1664094.86446251	813540.864064756	1719882.28403092	33626.9685662194	2521047.13276325	0	0	0	365415.177321196	425510.486857161	6478.949156644	0	1658657.43694387	37174.4988402913	349.618765811355	0	88964.5290233818	395964.033816391	133456.57308097	126478.867083588	0	142404.857576561	380211.630263086	910165.222411823	0	396824.633855311	0	0	1576166.96730419	19585.9855448585	4872.65874309113	16461.4206308242	7772.29410149859	7760.06966912756	129285.596755975	248945.675463004	99900.506222502	0	40937.1791240932	0	64356.7466605056	2171.05918909429	0	7327.32476319323	20532.156610376	27920.6035354243	5718.58946316615	447179.515678043	714432.501059896	3823.80244565706	56718.9213150883	429055.572244759	1212.66369120582	81441.6133422521	0	650.339802138605	37098.7073595909	285364.704382766	15649.718321388	37047.3647436326	100132.770437552	94575.5434816829	8738.02425880968	601.442072654499	47061.6197419775	109765.62314592	154306.564932992	672.343780406452	7471.57306517134	354.508538759766	0	384284.811129112	0	0	325.169901069302	1408.25460914224	1579.39666233661	65114.6614675093	5376.30535677741	1476.71143041999	303.165922801455	0	1374.02619850337	13918.7386976507	0	5889.73151636052	19634.8832743426	46262.1418649123	3950.93654231574	0	42269.6422525351	23011.2714952201	0	0	0	50166.6255642182	41479.9439213668	15126.5126159081	0	0	10173.1726191682	20700.8537770961	0	0	44543.386673546	1584.28643528502	5576.78604766225	13813.6085792598	0	1667.412575408	8552.21288677008	0	0	0	3405.72685856796
SRR1568839	0	93316.9585349349	0	0	0	0	1138969.29848921	0	47724646.4522442	0	15701624.949259	0	0	0	0	514080.612547141	0	0	781052.708774455	64056.5562824553	0	0	0	0	18793.6446899869	0	0	0	134021.015722407	1614113.57290387	0	0	0	0	0	0	0	0	0	0	0	613538.068852072	0	0	0	0	37866.4029149736	0	0	0	0	0	0	1966075.74053863	520546.742774637	0	0	32377.1700599774	0	0	0	0	0	0	0	0	0	25771.483064982	976.897372499319	0	0	0	0	0	0	0	193704.793289865	0	0	0	0	0	0	0	0	0	0	315258.73778228	0	0	0	0	0	0	0	0	471887.949839671	0	216917.735617349	0	0	0	0	0	0	0	0	0	0	0	0	0	0	0	0	0	0	0	0	0	0
SRR1564432	0	1115622.9996394	18558.7048399175	637832.419031848	18620.9209673635	0	390431.818128984	543205.348958705	3752130.21401255	349918.139845039	1567129.09628713	0	235696.649398613	651519.967069965	80324.6803049712	0	4109.92418363781	0	760028.553107967	435293.305789743	0	0	14701.3049382663	60111.758429431	362785.89890975	95033.3047876429	0	0	203863.950779484	440186.421224759	8461.39333265416	0	0	852.726923230285	313115.470574636	22346.5690697172	0	49169.0395433428	6587.58996486915	0	0	105884.529368663	16886.1889432813	0	0	0	0	2543.54168088003	0	9050.61665728967	21918.3757220008	0	1434.63070346039	892925.861104797	78758.2978022134	940.561456095207	173912.375072546	11436.7881334534	0	131078.401212085	0	0	70962.9830104516	58318.4700501055	0	11129.3672684262	191288.973490989	0	0	4018.42987857018	0	0	101877.078806701	0	0	25848.971067706	0	16941.0855263218	0	76009.8088779819	2576.47963070438	0	0	12179.7218906025	0	3934.25511790797	0	0	0	4786.98204113825	0	0	0	144491.466334999	6078.88162869315	0	31195.8982558581	3205.96044956965	0	193.967926743369	333.039270446163	0	22200.178181609	0	6902.33037430179	0	0	7509.85255995083	3173.02249974531	47.5770386351661	0	0	0	53535.14778117	0	0	7279.28691118041	0	11301.3765619533	15817.5354600914	0
SRR527867	0	2359060.68051778	0	0	0	0	1115939.27629678	0	5103013.44048112	0	0	0	0	0	0	0	0	15941.5544961097	0	0	0	0	2218.61761617832	0	0	30151.8764816546	3345.69567290965	0	0	0	0	0	0	0	0	0	4457.54294509055	0	11128.6265781759	0	0	0	10478.7797706912	0	0	0	0	0	27725.1048099538	0	0	0	0	774724.010013647	0	0	0	0	0	0	0	0	0	0	0	0	0	0	0	0	0	0	0	0	0	0	0	0	0	81119.1585155544	0	0	0	0	0	0	0	0	0	19454.788799074	0	0	0	0	0	0	0	0	0	0	0	0	0	0	0	0	0	0	0	0	0	0	0	0	64629.2957756294	0	0	0	0	0	0
SRR1031166	405248.236493606	0	32042.4206160393	66819.9529485547	0	7988.37570247799	953248.675656249	399888.271140251	3469686.60987968	200890.22102732	1046591.03181646	0	156271.265912634	637281.029938957	294598.918548775	0	0	2987.63828587779	435064.155244217	79503.188814555	0	10851.5290597775	32689.7422446461	78834.5269124775	44522.9238840692	44658.0789493827	0	23879.7660135517	71173.3687365481	273038.128919024	10655.9098862974	0	0	0	325019.478381052	40450.4883634382	0	10104.6194883081	36257.124626474	5957.49301053011	0	109464.932767215	176192.411197397	0	0	0	32924.4852528222	1789.02625928158	3176.14403486769	1493.81914293889	537.063549008983	46500.4558923407	37107.1788530511	478598.313124151	288467.146638236	0	12256.4303965891	424344.224537508	0	41094.2532797999	67517.0685485929	0	3766.55826755307	72827.2399305161	1625.41749600732	0	34902.0172610937	26241.4229442932	4353.41578799335	0	20276.8165092729	264206.812414459	402715.8573751	832.270665351669	63227.6735810112	1895.72762663436	0	23598.7857461894	7721.62228409604	99950.7275115923	0	5381.30562682511	2969.85472465232	23271.5682196409	0	3727.43443285705	0	26700.2388239102	7163.2184616165	20874.3441664485	0	4844.24207781612	49527.2180129145	22325.4827624463	11050.7049455027	9823.63922094577	268211.670402433	643.764916361761	0	0	7586.46721878252	25757.7100789606	20259.0329480475	0	17790.6746499532	0	0	3076.5560920051	0	0	0	2806.24596137806	0	9386.16361479938	0	15471.6982661528	0	0	1956.19173480093	0	0
SRR1804203	605549.202808781	0	4396.32581427695	6232.59604767921	0	2242.84101500714	422558.842505683	847378.397269521	2124260.84891291	57286.2699092063	677679.774057352	751686.825836408	92872.3828266005	839856.837809831	28694.5147786521	85484.8576905162	0	0	537180.528242751	836264.71793719	242778.604252949	12856.1255392093	108532.059634569	167882.458127308	99491.4445073437	100414.047434832	0	37509.5054611404	168668.792825796	124625.114088863	7347.31483900248	93261.0823650579	0	0	888482.256508696	0	837.714522537528	0	23889.3842773769	0	12701.9860670624	0	14046.7971139093	0	0	1595.00845091145	162766.814776345	4521.42451630922	23531.9594144275	15145.8785674785	5184.89441815894	56569.1862779142	5984.6325490081	58023.4586890393	36892.9475725527	13448.1104684691	17147.4577999948	60974.4477137649	0	13180.0418212571	5973.46302204093	4954.8021626353	560527.073509524	13687.1383455665	14562.8292597924	0	92693.6703951258	295990.230724533	11971.4990034096	18360.4684286292	53258.5384848459	154595.188847166	202717.978832508	21635.3737354026	17230.1122995519	321.682376654411	0	124401.72354952	0	376674.425724561	1885.4161520578	3770.83230411559	105815.630676154	89106.0183332718	880.158725012763	837.714522537528	5609.33644291129	0	0	4081.34515380284	2606.96759413679	14667.8228132838	272596.773444499	7983.977876131	0	0	231285.161003735	105076.207990927	195795.106018258	0	399.86906542458	11424.1921820185	121464.137957155	0	9981.08929786047	431.143740932648	0	5294.35578243718	0	49.145918655535	17737.2088238613	1034.29819715967	7047.9715162824	66233.0610099071	1034.29819715967	0	40042.7541772938	0	11674.389586083	0	185.414147654973
SRR527898	1268396.09662377	115874.387783151	0	0	0	0	4233236.46134367	71470.0254561233	14372114.1555544	399206.951435196	6448822.69010878	0	0	366706.540204879	0	299775.764583299	0	0	1421449.10209937	157206.264677954	0	508009.990836644	0	79622.1476079558	92637.7517253704	78788.4078424275	0	64120.7638192439	147556.498873227	1187646.85636982	0	83111.5029229448	0	0	3677147.47736156	0	0	0	0	0	363294.383016328	283780.312785385	0	0	51105.1597018293	0	68521.057026199	0	0	0	0	0	0	1800661.73878717	754596.246304292	0	54023.2488811785	53081.4317386372	5805.29910812321	94845.6181414917	477995.359277624	0	0	84423.8710723876	0	19917.1166209546	12058.3473495857	29134.572917629	2547.53817244769	0	0	0	183530.825793246	0	64167.0826951066	0	112215.196589999	0	0	0	0	4338.53470580485	0	0	0	0	0	1096.21339541688	0	12012.028473723	0	0	0	0	3859.90632189043	0	12830.3286139638	308.792505751235	0	0	0	0	0	0	0	0	0	0	0	0	0	0	0	18326.8352163358	0	0	0	0	0	0	0
SRR1804296	0	0	2269.12820552204	80046.1359709591	869.612602019347	14526.1584203308	150581.502510731	313568.452052038	1018955.09896437	63686.2053380262	811517.862792408	0	46397.2953767667	188268.379877637	168875.249283932	0	4542.65394632609	0	98.9445438454377	780235.995563763	0	0	9990.10077692769	589957.942062243	0	63354.1914242337	0	0	180513.326407796	0	0	21797.4830091499	2872.68992297921	0	0	3246.48042195086	0	7019.56569392355	24395.3269770029	0	44461.2804688577	26728.2194441142	3725.81176769098	0	82662.6694637607	2559.36553413532	93191.4683127357	0	0	4014.94971248376	88214.5577573102	0	3963.27867292003	97615.3888064473	0	0	6273.08407980075	184756.947954945	0	346735.762532849	0	1807.38700091	0	72956.2097125232	3881.92427020267	67620.9000316131	55206.6579304722	204081.916751779	124243.564322896	644.23891881585	6467.67501603011	0	97986.980537778	614.555555662219	0	0	38594.9684026437	9768.02524518571	0	0	10208.8781572082	0	0	62840.779180058	0	0	0	76909.5939310587	0	417.765851791848	0	3557.60604315374	0	131103.719362846	68.1617968713015	9632.80103526361	3983.06758168912	8535.61598239976	0	10816.8374099473	0	11042.2110931508	329608.461993204	0	2835.31087308204	158.3112701527	0	1724.93321437213	0	28.5839793331264	11575.4122460957	715.698867148666	2663.80699708328	40827.8169420891	0	2359.27767880344	1472.07493565601	17050.3436722099	2322.99801272678	0	0
SRR1565464	103071.500750613	4213231.76526416	22962.4362905709	0	22605.6752747569	8539.09807980672	1006205.06239372	172107.073940586	411762.444628596	117184.41054502	3028317.23350732	0	9349.91857029298	1417175.21957161	0	2185378.98507791	0	0	2842583.74206662	45572.7448252734	0	369789.742781082	6143.70268791303	35963.3636980248	974786.926702364	214302.172265491	0	0	151326.90308441	1503210.22350212	1482.64318260345	63952.8870296105	7932.14102692843	0	18421.8415438478	22920.7369510601	0	0	11898.2115403927	1255.61344526729	273797.8632274	0	6018.60466938086	0	0	0	75971.5633285897	449.426214726669	0	0	2205.43173412263	0	11027.1586706131	723020.214516462	929862.838269479	0	30510.0167420115	20993.3008136757	0	6259.53418655392	0	0	2807.75552705528	4929.78858215646	333.594716085775	0	0	0	14344.5727916883	1825.50441858049	13825.6476777771	21104.4990523709	519689.601802236	0	68780.743892963	0	42783.5223380007	6537.52978329207	0	19529.1906708548	4888.08924264573	0	86725.3596624103	0	2057.16741586228	0	5147.55179960134	16360.0408680399	0	9956.87562317127	0	0	0	1288.04626488674	0	0	65551.3617108548	1315.84582456056	0	0	0	0	0	0	1987.66851667774	0	0	0	0	0	0	0	0	14983.9626641861	0	0	0	0	78.765419075808	15095.1609028813	5606.24453421928
SRR1031075	150653.611924122	63869.8977272878	7563.17160313252	1338.80053401141	0	5411.27755108277	2156772.61315798	1203560.65179562	6166508.25022968	2283124.54209039	579448.291859274	0	0	2228766.43663878	108709.201476351	0	0	0	1075666.64894969	86713.6199280375	498720.722486449	124354.242271709	13682.401269059	412799.167795811	257806.720633192	58942.2706309003	0	0	543735.261907503	260365.161444261	0	31696.6283497361	0	0	152665.317438579	16633.3699853878	0	25731.6060751617	0	0	438832.179226798	0	83110.774511902	0	0	0	11453.4035213332	0	0	12701.0815059093	155980.776352649	2607.50679922641	0	411018.773368383	208229.044313492	13472.1184626698	45582.3029983047	85374.8193940261	273.367648305995	12609.958956474	145025.04213977	0	166487.90724523	10493.1120388224	0	2824.79903249528	49696.8365766539	66715.725040422	0	4016.40160203423	26993.3029134971	86699.6010742782	399845.746922235	0	36981.7362169854	0	66904.9795661723	16352.9929102022	0	0	0	0	137763.275892462	77580.3367038654	0	175.235671991022	0	0	834.121798677266	2165.91290580904	0	224.301660148509	0	23152.1369834539	0	0	8215.04830293913	21161.4597496359	0	0	8481.40652436548	53110.427467039	131118.339210563	0	0	0	0	0	18469.8398278538	0	0	0	0	750.008676121575	0	0	0	0	0	7016.43630652053	665.895553565885
SRR1804550	679850.994524441	585314.303845526	16268.2731682517	81270.7774416279	0	0	1691227.46675503	367539.679197801	4048004.7182693	359313.777694155	2774274.69407746	173755.69863794	0	2329544.2469367	156583.893954414	1695853.35987751	3247.06638301814	0	1294944.19122756	2439459.79694851	651559.163952405	29807.1282174448	42094.2156465177	31543.6028483632	211233.432948602	174687.465513067	0	0	443445.738267486	850486.685898699	17355.3345225665	74376.6437443503	8004.72451813602	635.295596677462	852689.043967181	12818.8533729586	9548.25752339682	3204.71334323964	39745.9748854655	5755.30751656693	17896.5122530695	75153.1161402894	129308.536337061	503.530584033248	52809.5347104776	0	25336.5295741589	1821.18071047539	3811.77358006477	9604.72824310148	78776.6539880053	0	3741.18518043394	504316.468215804	413412.727171222	757.648822704232	91186.094643105	97284.9323712087	14931.7994685747	10531.7892249197	235139.370956909	2004.71054951555	2004.71054951555	18263.5719311499	2287.06414803886	90268.4454479042	79934.3037419509	120748.516408496	0	9364.72768435666	3651.77320756823	187341.61262022	415144.495908832	8691.78494120942	17905.924039687	8169.43078394129	42084.8038599003	17392.9816690363	18738.8671553308	0	6004.7198619292	0	0	14254.1508321188	9774.14040221547	0	776.47239593912	0	0	8724.72619437048	0	13816.5027544076	62343.6745539483	2964.71278449482	0	5680.01322362738	20903.5780773429	16197.6847686209	0	1910.59268334111	423.530397784975	4258.83344439336	263732.378700704	0	0	0	2545.88828001857	0	3515.30230161529	0	0	3322.36067595769	296.471278449482	15985.9195697284	1077.64956769732	0	0	0	0	16037.6843961244	0
SRR1565462	73414.031963018	3402.78521071013	4980.63270986722	84466.0241774717	0	4119.34682665843	2885515.97049989	245155.849018921	2694769.38625056	1812689.09673856	2967648.75710031	0	51966.6015270483	0	142712.246959555	0	0	0	0	27963.5523228689	0	0	37427.1074576344	53562.0983270908	260793.129603409	46915.3716136394	0	5390.0964904091	100198.61098674	702110.368383309	0	337906.455032012	0	0	0	0	0	11203.7762020684	25877.4049582116	0	0	0	33568.9702840802	0	0	0	0	540.068607094035	19594.2538429999	0	5993.70258069067	2163.80428855323	0	1163717.24346109	0	0	88281.8030289008	62256.1439432516	0	0	206705.082109932	0	102411.833317773	226920.591344099	0	56085.9483537067	183125.616127003	17162.1801809882	4228.77249214807	1595.49680004251	2707.40275582435	3554.5691983248	0	0	0	0	38860.230689531	0	0	0	4948.86396827345	0	11224.9553631309	41507.6258223449	0	1087.19693454224	0	0	0	328.276996468923	3932.26423727291	0	0	0	0	3494.56157531435	17935.2195597699	1496.66071508412	102478.900661137	0	240.030492041794	635.374831875336	0	0	0	0	0	0	0	0	0	0	0	0	6431.40524264923	0	0	0	4634.70641251287	1743.75092748009	0
SRR1031133	274978.056770216	783181.096436386	23994.1746846129	46086.4699711478	24848.81669261	426213.580551558	1494740.78516034	229766.290826032	3338588.78717421	0	0	0	115517.105212375	0	839992.721747328	578953.755755431	0	16141.9004609026	1081543.44251462	0	4192.96196411714	341315.128686722	25302.2183212657	128360.809755092	0	12450.4889709622	0	0	21983.9603841127	0	0	0	0	1769.47007289537	786563.552834234	61285.4555405982	8767.10228860856	17305.4975609925	23067.3094083344	565.748934871307	715327.33588597	366155.920571745	188253.961179376	0	304926.638684254	0	0	1592.92430598517	22088.2828827415	0	1861.75536014388	28648.5630849726	1159.58469629651	583267.089833351	0	11575.784943998	2186.76006741037	26574.1503237778	15700.5360436271	158253.218016023	0	0	0	0	9076.0573807014	37086.6482625212	0	7426.95942160844	0	0	23584.9094976847	357059.801172076	211570.039622902	37126.7723004554	73860.3290291562	1159.58469629651	4485.86744103632	0	0	104555.21804877	6897.32212087785	2969.17880712601	7631.59201507253	29507.2174967631	236454.967949653	1388.29171252108	0	40709.8488879736	0	9236.55353243794	0	0	0	35232.9177099642	0	0	0	5284.33579592561	76199.5604407163	0	1516.68863391031	0	0	0	0	0	7109.97952192877	0	312.967495886255	890.753642137803	0	0	0	0	2114.53679912893	0	3952.21773651232	0	0	0	0
SRR1564319	0	96762.608927591	42277.3031990705	4618.34188671079	0	2956.48070980602	2000710.21946178	157576.34136995	2796122.23476938	0	677134.23935758	0	41869.2569279555	3069984.34438399	0	48138.3314569043	1138.82004756643	0	772550.295590491	212176.641956694	265704.893703872	1532484.54238042	11217.5629441072	55308.8172938617	162261.454464661	27187.0101909264	307.889459114052	22887.6862979964	83215.4727265727	325895.428204891	5590.23391427563	16648.2878614924	0	0	0	8902.82773341838	0	1880.72235868463	12233.9691103391	0	103717.943094324	0	26986.6965669245	0	0	0	0	597.23136045015	0	1765.72750046131	4800.10795293474	0	834.640100007973	657399.637881836	407100.345668334	7563.69406185003	4362.38558937501	138921.207756883	0	0	0	2407.47299957855	0	12274.7737374506	971.89202756484	0	20294.7377206383	0	0	6640.02568450788	0	8899.11822186279	221828.791024341	0	0	9359.09765475607	34902.7942265556	3026.96142936225	0	20788.1027575319	22739.3058357728	4785.26990671238	6895.98198184366	8034.80202941009	5753.45242272163	1902.97942801818	3286.62723825362	0	0	5297.18250138394	0	0	0	35911.7813696764	0	0	0	0	24352.9433624549	0	0	8223.98711874523	0	1851.04626623991	10905.9639734375	0	0	344.984574669962	0	0	5215.57324716094	8468.81488141424	664.002568450788	33303.9947460959	0	0	7964.32130985386	1532.02827245908	0	1895.560404907	0
SRR1565848	0	0	14546.3144983526	0	0	0	4845515.2928461	78088.9874513027	2534503.72710897	127671.729632815	5190102.35727729	4442229.88466044	0	0	297503.116540516	999037.94782822	0	0	1300605.76974849	62936.2988717087	0	0	0	15179.3423853629	109707.064544607	85465.4281978333	0	0	47143.9189536621	0	0	131796.406075545	0	919.556299025495	1490180.96327947	6110.38497250999	0	2931.91863457404	2458.81358217687	0	233120.848705847	281497.506176319	33217.3054394354	0	40300.5543225086	746.306561527938	149374.590980105	3085.17801774496	0	0	673.008595663587	0	0	0	336057.846585165	0	318333.065748876	179659.977784967	8549.20820036022	237245.525148578	0	0	11441.146126281	138226.636717282	0	3744.85971052412	72964.7932922403	6830.03772826907	1212.7481624829	0	0	0	0	0	33903.6409379835	0	0	8675.81377776228	0	93821.3963063693	0	1985.70852977969	0	28406.2934981571	0	0	0	9961.85990610953	0	7363.11384364617	0	0	0	56272.847429495	3671.56174465977	0	106362.011920616	3211.78359514702	0	0	0	9468.76449938571	18384.4625290677	0	886.239041814426	0	5837.18346337923	0	0	0	0	0	0	1559.24763747801	10155.0999979337	0	0	0	0	0	0
SRR1031154	114933.897592947	0	39199.1414510944	0	1373.43760839094	0	1129944.15249911	469280.800557809	1433270.92858129	64768.9983503199	290411.389179001	0	0	2788784.99499043	146867.22794952	264359.560770762	8824.06484546684	0	269947.531198569	102348.280669618	0	78075.7606142025	28921.9143867232	11284.6562335868	177238.680709215	32045.6695804777	0	0	153770.654450799	345240.178136666	7671.68183895413	60322.5393912284	1801.05142841767	1884.39988486356	106874.464239223	13400.9822581258	0	26468.5706904681	12346.4430917887	26196.7822455359	40329.7813820125	246671.568774572	74817.923120948	0	0	0	142134.485161766	72549.3955672469	0	12437.0392400995	641.420730040095	11520.2062191947	5243.70506422609	92560.2728061249	347399.990312394	2884.58136221421	0	502388.256996489	0	288577.723137191	299463.756318211	6635.26190227918	30237.3704601952	15086.0706167057	6968.65572806273	31926.0826647076	30509.1589051275	67280.3235814938	54778.0551146106	12824.7907548695	20010.877238878	0	0	4957.42123556412	4283.38589213216	594.310732918506	32237.7334148965	129306.070560964	10038.0532328309	0	0	0	0	96238.4764275413	0	0	0	44254.4065268341	0	14024.2837585038	0	9378.51327312862	0	39412.9483611078	20913.214876053	0	60775.5201327821	24460.9600439019	0	427.61382002673	0	11784.7469722621	0	0	0	0	3221.5990339302	16724.0489781641	0	0	0	7668.0579930217	5555.35581441506	38539.6014913922	0	0	22152.5701849441	0	1532.88682941785	0	0
SRR1564316	652770.438502549	105748.416506345	15499.4347977322	0	0	33854.5230369859	1138053.04522112	34789.1859232734	3602162.58296143	63735.5546076441	102784.736701082	74359.712641726	0	85885.6559731304	290177.600204088	0	0	0	1084284.09686826	23808.0712090013	0	320800.725925668	981.630870523038	6453.40103396485	67098.4622789096	695351.613010501	0	3625.92838298462	707103.002666236	1619625.18118508	1131.9284200768	73645.7992813456	0	0	94386.8611197654	0	0	8628.01870407091	1286.92276805413	0	75778.1457656397	178083.809027519	12610.9037672457	0	0	0	0	0	0	0	29735.430819528	0	27542.0259557277	285743.822492251	1130420.74778284	5575.09972876003	411622.717041954	70888.7786067187	84241.7765248861	0	3177421.70792248	0	12272.7342807497	322533.844543959	0	3489.72122870152	13329.5139260497	47611.4456195791	0	0	63979.788125669	4532.41047873077	791048.880890438	0	141143.489426257	4978.60632896852	28847.7359174761	17312.3989892245	0	0	1719.0282230212	0	6397.03945288219	0	0	3860.76830416238	0	0	0	6575.51779297728	0	0	11206.5610386027	0	944.056483134596	4306.96415440012	0	17871.3180016275	0	21267.103261858	0	1850.53857888075	89.2391700475489	2827.47265098023	0	0	0	3452.14684131307	0	0	0	0	0	0	1174.1996058888	0	3686.98676249083	0	0	0	108.02636374177
SRR1804137	0	0	9401.33248546081	678.418243304007	0	0	535374.032483131	751800.483288057	2018.70794348997	21134.382957562	239032.118855182	0	0	0	150647.459181808	490714.255930021	0	0	173431.005186101	1050274.17456671	233952.255423613	360096.681712103	44491.5508911526	163087.884773451	0	332260.850253611	0	13259.4915195352	438852.490586714	63469.3360183743	5341.8542165848	2974.2848593633	3069.42888129008	0	0	1276.86035223478	0	0	15249.2425867866	0	29177.5000575463	0	3176.9829930334	637.051277248885	12552.1163999926	15991.0901780418	25022.8777667435	719.78520935913	0	1992.50886498839	7091.67688071648	0	73717.3124090966	0	58338.4533286706	27915.8075928651	211160.436026109	13208.4722614006	1221.70439749461	0	0	2681.95829924043	153216.347773831	59277.4834581219	0	53286.1678744716	15891.8094595095	5032.98087003989	0	521.223772294542	45175.4847299306	249659.292434743	38123.7959164008	0	21210.2223953298	0	0	31343.7501799662	6264.33755961403	482835.227795388	883.874174711115	0	16144.1479524458	28363.9497251289	41187.7092022169	0	0	0	690.828333120544	0	1995.2666627254	9733.6471127703	0	3951.92415713269	1351.320891134	0	68072.1004414409	6973.09157802513	0	0	0	0	0	3142.5105213208	0	4109.11862814216	242.686200856718	0	49811.3427258414	3513.43431694839	22.0623818960653	3815.41316915079	3327.28296970034	1563.67131688363	0	0	0	0	2029.739134438	0	0
SRR1803887	276172.959168678	25356.7442343762	56956.2610511701	764214.532234853	206.600306092147	11128.869821497	2505645.06894713	947909.75105825	1415928.31112566	43268.9907725654	176312.701219038	494418.635847552	0	1230965.94375823	195567.849746827	70571.2212226426	0	0	1485067.1035594	16638.2113172876	0	0	2613.49387206566	2200.29325988137	133670.398041619	93459.0917992177	0	0	228920.025826969	237008.427810476	19413.5420957921	859846.370586473	0	0	303840.183492851	39970.2725519608	0	6490.69294972829	51780.9233835618	0	0	53464.7158782128	115472.354413336	0	0	0	2169.30321396755	0	7499.59111114495	0	6504.46630346777	17719.4195858365	0	16407.5076421514	534137.544693768	0	7182.80397513699	340422.211024901	2269.16002857875	82591.9156987707	274523.600058376	0	0	1315.35528212	3918.51913888106	28414.42876454	332382.015779481	6779.9333782573	0	0	0	24192.8958433904	0	23438.8047261541	41216.7610653834	0	102039.891178912	8064.29861446348	17705.646232097	0	13398.0298500757	1621.81240282336	964.134761763354	11958.7143843005	0	0	0	1917.9395082221	0	46564.2656547351	0	0	0	18631.9042710768	0	0	11752.1140782083	38964.817728979	0	0	3725.69218652839	2999.147776771	0	134596.656080599	0	0	389.097243140211	0	0	0	0	0	0	0	0	0	0	0	1232.71515968315	0	3646.4954025264
SRR1564241	272330.477136775	106898.569338398	56538.4144659585	382575.047756112	0	0	456600.739106101	392939.978942431	2390562.79154251	123098.152808229	70592.9542432232	0	53726.1721131851	114641.409790103	100800.373584104	0	80113.87912438	0	0	10731.8904494329	12092.9757162556	0	32555.9586248105	535453.61276269	129092.932770191	265715.20242082	0	32409.1749195649	218250.68973368	0	67867.4477162768	389303.746244302	0	5087.38978407993	0	186879.008730737	0	167870.518901434	9991.29993660288	12082.9677363525	42106.9074456767	120222.526582736	25173.4054496178	0	115592.167880898	0	0	43081.0174895792	0	53919.6597246452	15492.3528900113	1057.50987642842	2288.49140451071	730836.068417767	633038.088804595	3466.09703977643	352514.412120476	47878.175856469	0	13604.1806816249	0	7088.98576470154	5374.28520796903	325429.482509365	0	9067.2297922159	125369.964246235	122330.874348991	5260.8614357338	16636.5985922666	20793.2462453575	81781.875774898	91919.9594167465	7522.66489383623	0	4176.6636128971	178996.056560389	56948.7416419859	0	31244.9132575034	1654.65267731387	3839.72828949246	0	124405.862182235	13223.8774453068	1741.3885031408	7979.69597607816	0	0	3329.32131443395	150.119698546621	1724.70853663562	396456.115881723	58183.0591633692	13821.0202461922	9864.53219116351	0	8750.31042861748	0	1124.22974244914	2672.13063412985	48058.3194947249	76.7278459238285	0	7973.02398947609	0	0	9047.21383240969	0	2775.54642646197	0	13560.8127687114	3572.84882540958	71833.9437512086	0	0	0	4200.01556600435	2158.38766577031	17433.9009912142	120.095758837297
SRR1803838	819783.993677883	209024.726663878	0	87422.0881533931	0	0	1948396.36731893	0	5636358.21584314	43961.421454076	5464906.24916537	0	283402.961124761	0	192378.669412941	309434.131682631	0	0	793688.20960327	49001.2757600366	0	1575802.52301993	0	0	141972.049663742	581.521650687759	0	90458.9234403181	0	246355.185962195	0	3061.06535570362	0	0	1531582.64749889	0	0	0	4789.47692858113	0	3206.44576837556	84756.7805877409	8278.60683270768	0	0	0	0	0	5508.30230234794	0	3521.4366624981	0	0	502483.166331781	132586.936356809	0	0	0	14748.035196609	10653.153573016	0	0	0	0	0	0	0	0	0	0	0	0	0	0	9683.95082186977	3149.90894122536	0	0	0	44413.7160712776	10378.5461268579	0	0	8795.51496665236	0	0	0	0	0	5080.23775392501	0	0	0	0	0	0	14521.8878880082	0	0	0	0	0	0	0	0	0	0	0	0	0	0	0	0	0	0	0	0	0	0	0	0
SRR527891	65632.092012963	0	34609.6867042954	0	0	0	1472604.27545021	70785.6512010479	8615778.35449385	224457.712677127	3399328.06053283	0	643487.547249497	0	0	0	0	0	654944.11142497	40634.8036962475	0	747783.964445616	36062.2830440742	9170.30384938629	423779.193039821	53682.9082092172	0	198538.341466465	68170.977789446	1538337.41764333	0	0	0	0	370235.228828322	3940.95702618254	0	0	0	0	279087.966325331	0	46836.7585034771	0	0	0	111205.723264458	0	0	0	0	0	0	1078912.77355259	726639.214247445	0	41241.1047771986	41329.5236848374	0	52975.5569481076	496876.367111995	0	310501.941082113	18934.2775072039	0	45371.5308911784	11923.9212587061	23418.3792517385	7730.33878212728	0	0	50992.4471624965	45662.0501591342	0	20487.9240271413	6896.67479581944	4837.77737508946	0	0	0	0	0	0	3562.01885058806	0	0	0	0	0	5633.54754383786	0	0	0	0	0	0	27902.4809962731	0	110801.522543824	0	0	0	19237.4280476795	0	0	0	0	0	0	0	0	0	0	0	0	0	0	0	0	11911.2899861863	0
SRR527905	757440.167442364	201085.400176091	5702.14577445997	0	0	0	6976498.29902779	384550.656202274	3416222.31536642	873229.686141759	548947.114827741	1307065.37528112	0	1294119.96325262	353738.520747129	331536.111704592	0	8568.62986648579	1314113.43294108	44445.9146311961	0	0	0	111258.624489418	241565.498106491	319196.873731391	0	450212.662769073	220719.275085988	537347.61468474	3339.09437243151	53857.0236931877	12729.655161362	2784.29099978135	0	7191.89557139095	0	2024.00489652002	0	0	783382.362182025	0	195444.899220814	1993.18248692835	94306.2992139965	0	49675.4501252503	0	0	0	8414.51781852741	9534.39870035829	0	192537.318582666	371338.116623976	565.077509180717	499076.45610841	676212.844031769	75915.5948242968	108042.819755353	295330.054570904	0	0	490117.409053763	10510.4416707613	43171.9217014068	62836.6190208958	12493.3500211591	7643.95757873552	0	28931.9684700527	236418.155704682	240681.922364863	52315.9032136039	34788.2262924711	0	0	34880.6935212461	0	42740.4079671234	0	0	0	31613.5181045285	76264.9154663357	0	0	22459.2624558009	0	2034.27903305058	0	2558.25999610907	0	23764.0777951818	441.787870814015	0	18986.6043084721	6215.85260098789	0	0	7407.65243853268	62887.9897035486	91984.3443580903	8116.56785914122	0	0	22613.3745037593	0	0	0	22387.343500087	0	0	2126.74626182561	0	0	1643.86184488936	0	0	0	1705.50666407271
SRR1565914	904854.3132679	0	30506.6535147992	15103.2106141658	26425.5298919687	0	0	457508.206431202	1289238.14755437	0	0	2605242.76674975	14640.1404774108	3375918.69138075	707459.217939697	0	0	19866.2177350753	0	401125.600769154	12146.6858948834	0	29193.7733468563	0	112882.251028989	58952.3904868973	0	0	300369.680903762	0	0	28033.5536635578	2712.26794385121	0	0	37432.3508348396	18548.2488843108	0	17342.231055619	0	0	0	34277.3674855192	0	122016.436693554	0	0	32745.6739562524	29086.9110076051	14233.045851692	0	53380.2827973718	3897.93104125708	563897.298179977	0	0	37320.3998127669	0	0	752860.446072981	0	0	0	28369.4067297758	0	0	8548.98714009387	2289.907269668	313203.338979546	0	2900.54920824613	0	0	22990.6689874667	0	0	0	8864.4854750259	0	44999.222190387	0	0	0	0	47833.6185219538	0	0	0	0	503.77959932696	0	12563.9578862451	0	0	0	0	0	11474.9797624474	75597.4719959729	0	3165.16071496332	0	0	0	0	0	6091.15333731688	0	0	0	0	1292.52543665705	0	0	0	0	1541.87089490979	0	0	7358.23535986651	0
SRR1031094	156327.044715372	0	8206.53680474599	572270.701166859	0	0	206279.877439913	187687.601911255	390967.240089217	46910.3906085223	59939.5626463518	76571.3237723798	0	2401.72605879897	163551.406007254	593237.846392636	3433.77767192504	11843.6555008185	304198.172124684	226.360762730254	37986.4052846143	408492.934396875	13274.7159160454	197582.252878735	136322.891886973	667802.616285221	3606.42571129557	0	1798509.15573071	68736.9394080548	105204.041946208	0	0	8559.5061296813	0	468785.466368162	0	27220.8408740873	14475.5789454449	0	0	0	406.682048295033	0	20034.845813176	0	0	50977.2110914726	10857.643364858	0	344521.080875447	17951.5594714383	6111.74059371686	115658.839885868	153123.464429274	1826.23259423052	131669.068070163	3867.31608189993	4899.36769502601	468.068017849	185811.493216762	0	0	960371.983802525	280.073486089975	40184.7903192658	39735.9054169024	0	0	33651.0211848654	31038.2808557247	0	84751.004215446	24704.0161223747	209778.877704489	0	292933.846711532	13842.5361344196	0	0	0	0	0	6637.3579580227	30213.4068898432	0	15542.1601664451	0	0	0	0	0	0	6272.87876379602	24730.8724840545	0	0	0	0	2716.32915276305	0	0	8033.88876537546	48679.073856296	0	0	0	0	2697.14603727743	11782.2695312646	0	0	0	0	0	0	1446.40690761535	0	1630.56481627725	0	0
SRR1031247	380898.315628713	930810.822584441	1385.13515265542	0	0	0	2137873.00001448	107431.082439954	4708988.57307652	342723.99082153	273744.26021929	0	693661.833098307	8922015.65339324	0	745078.049964876	0	0	1303356.77324264	104466.893213272	0	0	29475.6760485073	0	220250.340623738	0	0	0	8975.67578920711	2319270.29960623	8490.87848577771	0	0	0	0	16621.621831865	415.540545796625	0	26802.3652038823	12992.5677319078	0	0	283121.625202767	0	0	0	0	0	106461.487833095	0	0	6233.10818694938	0	499230.411720066	416150.005263794	0	0	6385.47305374148	2105.40543203624	0	0	0	0	10707.0947300264	0	0	0	0	0	0	0	0	0	31331.7571530656	0	0	0	0	4404.72978544423	0	0	0	0	0	0	0	0	0	0	77387.5009788582	0	0	0	0	2908.78382057638	0	28145.9463019581	0	180829.394179165	0	0	0	0	0	0	0	1579.05407402718	0	0	0	0	0	0	0	0	0	0	0	0	484.797303429396	0
SRR549436	517039.637467038	2609831.21524988	57967.1416527387	265904.380818633	3822.59684405886	9041.9117657546	1615722.13563803	232510.121326042	4228700.9787088	421548.227843337	0	0	222445.731733117	0	898691.181465914	0	0	11741.7878584116	1151711.00508989	46579.545459948	0	0	50702.8710767038	788577.670627526	158991.960694063	119776.928734383	0	0	14909.4642641526	0	0	65124.4864429258	0	26771.543631643	2708102.69530562	0	0	1991.49276141528	39101.4233122174	4497.5658672231	0	0	203693.622040059	0	68118.4084466642	0	3735.71964305752	0	170018.682359618	0	30206.5345020036	1222.96367563421	0	696340.814610568	0	0	10973.2587726305	66093.5013771715	0	15945.3078145532	0	32759.3876391198	17235.1001063423	120.291509078775	0	0	0	0	0	24399.1277581449	7932.55673758368	220534.433311088	0	0	0	0	180490.726511087	97128.7107194955	0	9409.46915460642	6281.88991855826	9990.87811515383	0	14247.8609642194	0	12650.6570381179	0	0	0	33908.8398369836	0	868.772010013377	0	0	0	0	13405.820400668	146167.549253943	0	8072.89683150892	2165.24716341795	4150.05706321775	0	34450.1516278381	0	0	0	568.043237316439	0	0	0	0	0	0	0	19213.2271445266	0	0	10191.3639636185	0	0
SRR1179033	410535.203616704	768522.720381897	3505.27966555572	0	1050095.14043798	55596.0986056007	972325.194060376	601442.974345712	4926178.2553788	468132.068593206	1360899.2297949	0	0	2140567.95180997	0	1173969.36070883	0	27089.1163367329	0	78045.6425310699	0	0	5836.881420622	0	0	0	24048.5816155992	0	51342.500809196	402973.251978651	0	0	39660.8609349957	0	0	0	0	0	19361.7470065977	8050.32768134371	0	0	93130.160642394	0	0	0	116611.595885139	34737.715337305	163503.573074023	0	0	0	0	67427.4021059708	0	0	2693.94527105631	31374.2222649628	0	7877.032956305	0	0	0	0	0	66072.5524374863	0	0	0	23914.672055342	0	0	0	0	0	0	73492.7174823257	0	209174.610154679	0	0	0	0	0	0	0	0	0	0	0	0	0	0	0	0	0	0	0	0	0	0	0	0	0	0	0	0	0	0	0	0	0	0	0	0	0	2087.41373342083	0	4671.08054308886	29814.5697396144	0
SRR1565915	124349.319350909	0	40156.3326943641	304854.840900659	0	16616.1760767385	563145.826587515	141750.511620249	2083766.95135243	119615.120820964	255071.730686493	0	85311.9790363502	0	39116.5305445143	628983.895161778	1366.89223010053	11912.9650280802	1952383.47374939	88724.0450313871	0	0	33445.8214690091	65311.2813923855	240834.704561895	238579.504534903	0	0	820755.087686059	428766.892460075	20930.3220825722	66299.4377400904	0	3463.71179718171	51928.132529915	27017.6406287126	0	4114.4489042069	4613.69165827384	2478.99850295311	154827.228723327	71601.740093629	54706.6766853083	0	82560.9793087675	0	0	0	6903.32222002915	9953.867600052	29300.3850835152	3876.87821434056	1990.08490931514	73939.5734040528	318382.598009135	2967.91209659109	225089.621014666	35993.6810414886	129692.938346164	34647.447132246	570372.795834319	0	2582.29010724282	87508.6471542448	0	1315.24642795568	15497.1836969333	7195.98176551667	0	2819.86079710916	3560.11729451877	105849.793022622	568523.876117533	0	110656.295675569	10459.9964610716	0	5037.18723586167	0	593382.72221659	3064.31759392815	0	2392.92216604502	0	44394.7315237186	0	0	389.065042824585	0	3315.66049769979	0	1167.19512847376	188996.091422364	234.127636390016	0	0	0	970.941080323302	0	7826.06055168392	2819.86079710916	3752.9282891929	12319.2453382864	11062.5308194283	0	0	0	0	0	0	2654.59423024562	333.976187203405	0	0	781.573139125495	0	0	0	3966.39760472498	1153.42291456846	1604.46291996687
SRR1804298	67644.0466512103	123909.951948987	435.672375955172	1158.41569730716	15415.7097678092	8022.78859753109	454590.351256822	1149241.2476228	142915.737186876	61559.8312614178	122201.035497566	58278.7792207941	0	46044.4909890297	1540.05118942293	77235.593532704	0	0	106101.421418664	567029.285958276	655720.698864933	392409.095831251	71384.4122044689	732035.976719747	21011.9045504271	364360.575813362	0	147338.318398607	199613.937555368	152363.748595671	5579.30825641817	42190.9857102324	0	515.039049094292	93193.3607915272	10679.0391687617	0	1045.27597176842	39399.6429294034	410.342586655452	11513.2335630324	11477.7718580128	10322.7334659456	0	30804.4010936986	0	217049.275856675	0	4376.98759099149	439.049681195134	13190.0656146738	18124.3085702591	12521.3591771612	61142.7340642824	29694.9563223709	0	103291.503459015	185245.192411947	994.616393168977	4756.93443048728	26359.8673979079	905.117804309969	156401.317010047	1840709.03380012	5597.88343523796	0	91261.5421942686	121349.954577095	50394.4601381015	15662.2530503264	1507.96678964329	263877.301661376	226681.350401048	1041.89866652845	5984.58488521368	0	250560.587100203	15366.7388418297	23652.9572480779	10082.9447939083	44919.8483441222	0	1217.51853900651	21697.4975141395	74277.0741424968	320.843997796444	0	59028.5409840658	577.5191960336	1614.35190470211	518.416354334255	8404.42408964686	0	15375.1821049296	11258.2470174152	758.205026371597	215330.227489534	29569.9960284923	0	0	1104.37881346776	1680.20935688138	429279.137135923	60006.270851035	10349.7519078653	0	0	5266.90752172163	0	2831.87044370862	0	5239.88907980193	0	7734.02899951429	770.025594711466	6582.36791268705	3890.65563643688	5305.7465319812	12089.064106446	1752.82141954057	0
SRR1568840	303300.241841708	0	19228.1718752137	12898.0674071166	0	0	1962040.81666187	87907.8871405918	1524672.79861281	37458.8727433333	4470910.58512051	249083.856179195	0	39116.2091858896	227868.415143693	0	10665.266922006	0	272846.684709736	264513.96537355	298911.369410494	0	31650.5223404854	2670.15315745186	0	40558.7057192256	0	13373.7843489615	21813.9236397576	0	0	0	0	0	338603.042638938	0	0	2133.0533844012	13734.4084822955	24568.4781901174	0	0	25588.9677589136	0	98787.993971818	0	0	0	3199.5800766018	0	0	0	15506.8377333627	137060.189228628	36400.0189050334	0	33139.0559972258	221507.619259993	38625.1465362433	0	0	0	0	125512.544108039	0	0	22235.9306042974	0	0	3092.16012199166	0	21399.5895291185	616314.316721733	0	26985.4271688454	0	109437.915186023	682.883997164412	82613.6179490924	0	7787.94670923459	9046.29474895328	0	6222.68451348695	0	0	0	0	0	0	0	0	0	0	3659.95131064522	10649.9212142045	0	34328.348351838	0	0	0	0	0	0	0	0	2800.59167376416	0	0	0	0	0	0	0	0	0	0	0	0	0	0
SRR1568845	0	625270.663629367	14098.3039814329	35862.4096131476	0	0	2437277.55150716	121697.623990671	3935772.4977601	0	1887346.96687291	0	0	6811391.22785978	556.193810588264	0	0	0	390726.151938255	0	0	0	39380.9400236081	24956.1744576995	67420.3627791339	8475.91002657332	0	0	0	1049247.53250496	0	20929.8149158323	0	0	501674.725980818	0	2720.51320396433	0	0	0	0	0	27664.5964918684	0	108868.892837755	0	0	0	44821.9664315368	0	45245.1573743757	18971.045408978	0	297273.500589631	194268.825102644	0	0	0	0	0	0	0	0	0	0	0	13179.3750769828	0	0	0	5924.67319974455	186832.755678475	0	1946.67833705892	0	9358.5654216373	39574.3987403345	0	0	77044.9339362699	0	0	0	10543.5000615862	0	0	0	0	0	24798.9892503593	0	0	182999.854853334	0	0	0	0	36878.067875961	37857.4526293881	0	0	0	0	0	0	0	0	0	0	0	761.743697110013	0	0	0	0	0	0	0	0	0	0
SRR1565838	101228.973898601	40664.2745023823	34836.1576780978	272614.992817796	0	0	881060.543201784	275724.079180848	1182982.74596314	1306850.10996932	1307137.91820756	411936.901827169	0	2015074.23220922	215193.462339157	548251.972137073	0	0	2131140.478179	137492.811916371	0	0	19854.9814877994	322492.917894242	0	32571.5612772388	0	0	236040.624858771	427974.637207835	2294.89200488393	15534.0709637523	0	0	0	5672.85185365698	0	6343.14209270724	14087.4558715647	0	590688.53947491	0	73262.3444331428	0	130589.201149204	0	1295.13707206321	7630.70526376423	0	12080.3721049171	359.760297795336	9656.72378292743	0	442005.288821853	0	0	0	4957.11820856942	0	61852.262567276	248189.162072744	0	0	162653.311059026	0	0	8656.96885010671	94446.5455475334	0	0	12084.1590554202	122447.25756752	378551.146191762	9126.5507124922	0	101929.559741676	0	2650.86535217616	0	0	0	0	11379.7862618419	64071.4155620977	48953.9091536874	0	0	2499.38733205181	0	9690.80633745541	0	1760.93198394559	0	0	0	0	11872.0898272461	0	95859.078085193	6021.25129994299	5563.03028906682	24933.2821124683	12341.6716896316	0	5964.44704239636	0	4926.82260454455	0	0	0	0	0	0	11357.0645588233	0	416.564555341968	0	0	0	0	0
SRR527876	443633.912171312	1168307.33074119	72080.9297154365	12744.7287726545	1221.08351160647	47172.9405089876	1738622.04964692	182655.06346342	2934316.53914843	2649508.06069888	1457688.2647645	0	0	0	0	179245.544567376	0	0	0	158492.410945874	3816.5467332462	214810.26260239	16793.8628414448	169704.17773426	72672.9702059124	117440.746222342	0	116721.839912478	89355.825455393	0	8262.136487623	16476.6982929756	1289.80249710813	20219.2399649123	0	0	0	41902.7229285909	0	0	429488.373309585	0	43996.0089484877	0	220001.18904567	0	120876.695497425	14013.3869665314	0	7342.35929706228	95.1493645407639	7548.51625356727	10260.273142979	610171.730496688	570108.561949218	798.197446980853	77705.3143749572	141862.416454471	0	10889.3161641097	322070.02681887	0	0	502911.966280208	0	55234.2061159135	26123.7866422475	0	0	2611.32144906319	0	38250.0445453871	280479.182362941	2849.1948604151	0	13093.6097759707	396.455685586516	22650.8348365096	0	38202.4698631167	4429.73152695334	0	110246.397047898	0	0	0	0	121.579743579865	0	7934.39978753815	0	0	14938.4502328999	20383.1083149548	0	0	16397.4071558583	17671.351425543	86617.6381869421	0	6544.16185008143	22428.8196525812	177596.288915336	0	19442.1868211628	0	1289.80249710813	13294.4806566679	0	0	17655.4931981195	0	0	3679.10876224287	0	0	0	655.473400169707	0	9070.9060862195	0
SRR1568833	419212.775818714	137923.369621294	23154.0881824318	112857.976989841	0	10248.2324266581	1596940.37440624	364130.801887866	9923401.68482203	325285.814323944	1818597.08179419	1669387.91447392	0	1637514.63742404	180718.386379861	930950.889869584	0	0	718632.269932567	702850.356053504	280597.69601587	693748.906296259	0	62235.7134400428	348785.757597151	610525.249716009	0	7281.15980579617	572608.610027325	0	0	0	0	0	36951.8860144156	33420.5235086044	0	1019.36237281146	0	0	357523.149364106	0	29798.1465052208	0	95437.8021544733	0	0	0	0	0	0	0	0	353573.120169462	644983.338496939	0	158820.298263929	4678.14517522404	31108.7552702641	275409.86965424	0	0	15672.6964819763	367662.164393678	0	0	16400.8124625559	9083.24685773072	0	0	0	3203.71031455031	33638.9583027783	0	0	0	140599.195849924	5260.63795968773	0	0	0	0	46999.8865464143	61434.7858614052	3731.59440047054	0	0	0	0	0	0	0	34731.1322736477	18803.5951984686	0	16637.4501562442	1838.49285096353	0	0	0	0	0	11995.7107800492	0	6989.91341356432	0	0	0	0	0	0	0	0	0	0	0	0	0	0	0	0
SRR527907	133847.6159774	780546.618757265	27804.5843652825	120869.888238373	0	0	0	146284.135261628	0	478529.750627314	202028.606105893	0	79456.1662701322	0	391203.511410318	0	0	0	2642371.3543216	160141.326739703	58157.3585385756	2750849.82398031	7092.08579309113	13575.3120745337	0	101645.712916878	0	0	254413.074459949	1941337.27771517	0	14195.4467623239	26045.6568871868	0	6086678.33654115	21670.8885442308	0	631.409863931802	6550.87733829244	0	0	0	7870.07294686424	0	34287.8106467251	0	218050.631403163	0	0	0	12628.197278636	0	0	263985.699004201	1441193.01442434	15446.9913140459	509694.337482805	360625.233714192	0	0	855842.245031132	0	0	0	0	2356.51181360262	207835.321818837	0	2277.58558061114	13541.4865461088	0	53782.5901956195	687605.341821732	0	39045.9349784969	29304.1827921206	226755.067384508	317283.45662573	2942.82097296786	9268.19478842751	924.564443614424	0	442516.838030918	57469.5727939356	3269.8010810754	0	0	0	0	0	0	0	21456.6601975396	0	0	0	31322.439321474	8478.93245851276	0	0	0	1183.89349487213	1183.89349487213	4532.620808939	0	0	0	0	0	0	0	0	0	2097.18276234491	0	642.685040073441	0	0	0	5017.45338302949	0
SRR549433	0	925661.063378112	17942.456334362	60105.6575768259	0	0	1113381.26327562	3266570.29199626	3184569.18157568	230505.573881516	2269233.67187791	956191.519725688	0	0	16968.3474965945	110790.740006468	0	0	262217.529980707	2681470.24744795	93476.7409867951	0	656618.486959886	223542.266834765	65007.6246313976	195657.615782028	0	23007.8222907528	2335686.74833309	0	10972.8647144644	1778.53420056898	0	1602.56615245615	83609.9611461827	515.334998044722	54524.9566223904	0	13411.2790954565	0	0	1809.95706630341	8848.67899081669	1558.57414042794	0	0	178381.324201237	0	0	0	8974.37045375443	0	1835.09535889096	0	0	0	110998.130920316	51583.7763896473	14844.1617729468	0	0	110853.585737937	7503.78033738291	6975.87619304441	0	0	16427.8742059622	12958.7898288807	131.976036084624	172580.66318666	0	88015.4469221504	224472.383660505	0	10796.8966663516	0	0	20984.1897374552	0	0	333.082376785003	0	4279.79431302995	0	36990.997542576	0	0	47655.918172843	0	0	0	30938.953602124	641183.575311131	0	0	125.691462937737	48472.9126819383	11180.2556283117	0	0	0	0	0	0	0	0	0	0	0	3959.28108253872	0	34508.5911495557	0	15070.4064062347	0	0	0	0	0	14900.7229312687	0
SRR1568831	588522.413398695	3040305.13758447	66683.5526908588	0	0	0	2386931.66027336	122657.755377832	0	0	703929.542181305	0	0	0	595796.838549482	748996.073568025	0	0	0	11486.7694856488	0	3899440.92630357	4093.35155704058	0	0	626.695296523655	0	0	13826.9607827941	499690.338329431	0	0	0	8337.42729932103	0	0	0	0	1872.15303771624	0	0	0	18777.0603401455	0	0	8694.40563278387	32643.6853822132	22616.5606378347	40346.4845331558	7504.4778545744	0	0	0	0	0	0	0	15342.1354870475	0	0	0	0	0	0	0	0	0	11685.090782017	0	2340.19129714529	0	0	0	0	0	0	0	0	0	55601.3586498013	0	0	0	0	0	0	0	0	0	713.956666925683	0	0	0	0	0	0	14509.1860423008	10947.3355595271	0	0	0	8107.37459553387	0	0	0	0	0	0	0	0	0	2427.45266754732	0	0	0	0	0	0	0	0	0
SRR527892	98885.192468708	1333564.43438167	10195.4356385551	0	37592.7177980212	169777.430727817	1024628.56916153	439348.09058613	1734302.80610858	1180850.82860217	0	0	746369.814523225	519858.253166897	0	0	0	47806.3141698121	0	299125.437126187	0	0	26874.2530422762	136822.964198209	206302.297411576	62832.5048490792	0	88330.1743120848	356495.19341795	675452.151237586	5277.50907831158	61205.3031511551	0	10151.8498787893	273540.59614365	36274.2485651051	0	13489.7926475218	85362.7105013618	250.618118653475	834347.670610536	0	23634.3782330168	1053.32252767402	78352.6674723588	1402.0086058006	4224.18655063755	12639.8703320883	17539.6361590961	23449.1387540121	47548.4317578643	0	3207.18548943505	129130.077599541	0	14386.9328693683	1409.2728990949	15411.1982238651	0	79311.5541872069	708370.296300723	0	0	471202.016681651	3029.21030372461	0	6250.92437974826	33916.9853911036	0	0	23957.6392846133	43164.4307547521	0	9454.47772253616	266868.342752832	23307.4850347732	0	0	0	80630.023420123	1881.45196322464	3806.4896862151	0	8807.95561934314	0	2735.00642530531	0	0	0	15044.3514125028	0	0	0	0	1122.33331396991	11888.0159761279	33255.934701322	11303.2403659364	68934.5112162942	6588.71401793338	2034.00212240501	0	11622.8692708858	0	0	0	72.6429329430362	0	0	0	0	0	0	102506.442675918	0	0	0	0	4787.16928094608	0	0
SRR527903	26760.542647854	44305.7296651542	0	0	0	76261.3478766771	30715.8842701928	178574.819006162	331935.811043654	0	44087.3003516817	0	0	7615.50849674202	0	0	2680.1867112565	0	0	44630.4218878835	105672.559760994	99485.6970442609	43207.6796028332	0	47546.7483974886	449438.974701912	0	0	2314801.69777676	248194.735054285	82648.9294220065	0	0	0	79915.6112561216	0	0	0	0	5289.53148300841	11476.3941997415	0	22504.1227826206	0	10142.2043390719	0	0	0	0	5856.26699904503	0	30715.8842701928	2998.97543902709	118949.519923143	27457.1550529823	0	253401.617607872	9498.72338857203	0	0	79496.4631140528	2550.30982216477	47706.1427613739	127739.82391667	0	31760.8028778853	5531.57477631572	0	0	49630.6821179149	35692.5305203894	1682.4960632337	248861.82998462	17574.7044920938	1375.51432538054	32640.4236267338	0	21541.8531043501	0	0	9923.77502559949	0	0	0	0	0	0	0	0	9392.46047931516	0	0	0	4327.26180473791	1257.44442620624	0	0	0	0	92596.3184274408	0	0	63344.5009070092	403255.933639887	0	0	0	0	5679.16215028359	0	0	0	0	0	0	0	0	0	0	0	0
SRR1031082	360477.643949177	203198.917326977	14956.5461597135	0	0	0	2450067.48990613	325332.525084971	3196650.72288776	1147693.74886841	1897801.86102816	0	0	203592.874411591	827164.735604602	743535.24922173	0	0	1474429.31409683	101488.874218685	169595.069162223	0	3186.2143159094	286330.773708231	0	90160.8801540958	0	3794.42876233029	681227.826102591	438363.650730052	0	40425.5261035881	1548.18222725316	0	596554.699021883	9655.40433693153	0	0	6966.82002263921	1506.71306045173	153712.378277278	0	40349.4992977854	0	133033.087098968	0	84230.7893014922	0	0	6814.76641103399	15454.1761613306	0	0	130323.768201275	0	0	133993.789463201	128651.178473617	0	0	0	0	0	45705.9333429694	0	0	104274.21992218	17154.412000189	0	8245.45266568312	0	0	127096.084718564	5556.8683513908	0	6925.35085583779	0	13684.8250444699	24418.4277182384	22344.9693781672	0	0	0	30459.1030156458	18557.4521436372	2978.86848190228	0	8224.7180822824	539.099168418511	10878.7447575735	0	0	0	0	0	2557.26528608781	94031.3357222287	1306.27875424485	50336.6569691284	0	0	22725.1034071803	0	0	0	0	0	0	0	0	0	0	0	0	0	0	0	0	0	0	3593.9944561234
SRR527878	853958.608617799	330899.040316527	19642.6352818685	21651.5411629687	0	30464.2723121572	341836.416780295	279932.3540738	1570104.62037165	6340.8675341722	732762.887560479	727306.599982182	0	736383.878407894	455103.986644302	869657.836058989	0	0	689344.065801063	0	0	0	26214.9816829988	36094.1690406725	497249.674635449	310280.886952479	0	184100.103153169	136564.264402856	699925.956862002	0	0	10962.1777709418	0	54124.7193562261	0	0	0	19667.4365890426	0	150064.442607945	0	6274.73071504133	0	21858.2187227527	0	0	0	0	0	0	380.286710002505	7440.39215222292	804017.0430716	839259.700565963	7680.13812157233	111581.08097617	185646.051300353	9647.70849071572	36697.6675152417	0	0	0	322673.273437125	7795.87755505135	0	252559.978056011	4646.11154394365	0	0	0	69997.555947635	0	0	7614.00130244146	51694.1912531666	378616.75531945	22759.3328834108	0	0	223.211764566688	2761.21219871384	0	0	0	7605.7342000501	0	0	0	16079.5141511929	0	0	26744.0762360457	0	5786.97167395116	0	0	2637.20566284346	279403.259520754	0	0	27405.4444273544	35159.986470449	4290.62614111522	0	0	0	942.449672614904	0	0	0	2513.19912697308	0	7671.87101918097	0	0	2447.06230784221	0	702.703703265498	2910.0200417583	487.759041090169
SRR527869	118701.754594276	32101.0618034958	0	0	3707.12313111398	10301.2094085822	1441431.17321523	476980.442336716	3731334.25386409	169723.907246179	2918596.71696643	694659.103891796	0	1176601.51413631	464596.026566844	187004.678125066	0	0	1931985.26329972	84673.3168265945	22201.7307874459	0	0	37440.3033042817	111984.644319094	97082.3373960092	0	184552.399770634	283996.797922752	390412.555945327	0	11974.3357774921	17707.2540709626	0	51858.7158363577	0	0	16796.8764878793	0	0	208640.498523028	452154.199598039	0	0	0	0	26720.812303472	0	0	0	0	0	0	449775.735642236	1307302.20930762	0	229087.086943088	15377.9997142449	0	12384.4157698719	0	0	16189.9580991571	576826.718881366	0	72452.9330536746	46117.5959430396	62775.0452335097	7283.0206646664	0	0	1459.88477287232	221861.477477355	11170.5789924275	0	23202.3259688528	0	5396.65269971902	0	15722.466907844	0	0	0	13819.6957432014	0	0	0	0	0	7758.71345582705	0	0	0	37391.0937051961	0	1271.24797637758	72969.6338440732	1533.6991715007	0	0	1984.78716311855	0	66506.7731641665	0	0	0	14754.6781258275	0	0	0	0	1615.71516997667	0	0	0	0	0	0	0	0	0
SRR1803881	220352.815617325	0	28761.2159249891	378631.815229084	0	0	1176825.79455734	112825.361550009	111288.165666773	188677.750576854	0	220336.761352226	0	595629.289440703	73259.6252133443	1735474.08434233	0	0	223728.224854405	424807.895220293	0	455487.595824621	261820.98236823	83867.4808775567	115598.735845874	391876.583935819	437.478723949736	0	208825.853276191	0	3812.88796102981	0	0	0	0	18566.7575870778	0	0	491405.000417522	0	54945.7223015769	47223.6207889229	43976.6456726354	349.180265904835	0	0	0	0	25823.2854118587	9640.58619199326	4302.54304655153	0	23370.9964179753	0	101916.488415189	3082.41889902199	36146.1778705626	42082.2423909448	8548.89616525631	172157.911789908	124292.120397022	0	63314.0079844687	42282.9207046832	0	0	1673.65713657835	4318.5973116506	0	4635.66904735729	7272.58208988001	0	178342.817419326	0	0	220.746145112252	145632.252279965	57971.9512727522	0	0	20525.3779291647	1224.13771380431	0	0	28889.6500457816	9235.21599824167	0	4543.35702303763	6951.49678789856	10892.818869721	7657.88445225776	13842.7900816756	0	0	0	8171.6209354281	0	13874.8986118737	0	6714.69637768723	730.469062007816	0	0	0	10090.1056147673	13710.3423946082	0	0	0	0	0	666.252001611525	0	3230.92085118842	0	0	0	0	16836.9105226527	0	0
SRR1031351	431528.730455366	1463928.13034078	1145.46418540332	0	27889.5627750373	48445.66462396	1407327.25874465	315525.580287945	0	1751912.76738837	4175092.44881843	0	5332372.34630813	0	137717.166899414	0	0	0	972075.769686726	0	0	2872301.24768949	334886.415160794	612337.761981746	121581.062722428	98460.1171540158	0	0	114185.348307977	1689484.96928389	0	220514.306387806	0	0	0	0	0	0	452084.832304288	0	176550.89292412	0	703290.108442303	0	290923.001697108	0	21813.6223133328	0	980019.314798544	0	0	159393.831538405	9761.34697126307	0	108370.872497288	0	0	0	0	6798.08092641535	0	0	0	0	0	6872.78511241992	0	0	0	0	0	185751.958500349	0	7134.24976343589	0	0	93044.0636686848	0	0	0	0	0	0	0	0	0	0	560.281395034232	0	33243.3627720311	0	3847.26557923506	0	0	0	0	9649.29069225622	0	194616.855239557	0	0	0	0	0	0	0	0	0	0	0	0	0	0	0	0	0	0	0	2066.81581279295	0	0
SRR1568871	102970.840577608	763813.971730644	30310.7792974773	136739.219178795	0	0	3663881.69720427	861181.987159176	5336829.76322582	322225.54094966	200666.949370726	0	0	0	292772.85199033	778451.983381382	0	0	802377.561045003	195732.929926383	5060.20919995354	0	6044.48929371009	69063.6532452512	240934.100385818	121836.209041275	0	0	118164.08715303	406368.869990284	0	0	0	0	1089610.68276406	4050.69115507503	0	0	35005.0382061624	0	70754.5959704227	0	25906.7568266948	0	60583.7016682717	0	12000.6457584933	0	0	0	0	18398.4663679109	0	244568.365347381	171946.160993933	5867.82363585635	2965.45925683063	0	0	482789.385987588	0	0	291208.099020768	0	0	0	76306.9452172546	124221.195422301	0	3722.59779048951	0	21010.594309034	0	10322.3220088828	0	0	143805.845492944	16770.6185205443	153017.69765246	0	0	0	90604.2445278465	58160.8583605633	0	0	0	17729.6606631789	0	8681.85518595521	7104.48324083253	5476.63539346593	0	0	37478.3574161148	0	122189.540356983	0	0	0	0	0	0	0	35875.7475198701	0	0	0	0	0	0	0	0	0	0	2309.2725276596	0	0	5489.25436902691	0	0
SRR1569009	0	0	25988.9034536979	0	0	0	2217907.67825462	221813.317850151	4747287.57252157	52597.9325863343	2166561.27203851	0	1239462.10701302	0	134375.597119814	0	0	0	831644.910518331	164006.329560733	255503.054735031	0	51955.256882707	56048.0863637015	422767.862863277	56386.3367340316	0	0	124825.66166416	652428.589305087	0	1059.85116036772	0	0	0	11218.6372826158	0	326.975357985786	11162.2622208941	0	92173.2259149587	0	4081.55446865016	0	37647.2662177428	6359.10696220633	0	0	0	0	10474.4864678895	0	11229.9122949601	0	642608.053553169	0	129313.116577206	266575.116857171	0	51075.8059198487	0	0	31006.283946928	190852.1339526	0	4690.40513524438	22053.9241455241	0	4453.6298760133	0	1431.92656773086	42123.4461184448	11771.1128874883	5254.15575246126	0	19201.3460224067	56453.9868080977	0	7272.38296209766	0	0	0	0	22020.0991084911	93086.5019148501	0	0	0	0	0	0	12402.5135787712	54774.0099687914	248.050271575424	0	0	6280.18187579597	32753.9108603003	140858.729217808	0	0	0	0	890.72597520266	0	0	0	0	0	0	0	0	0	0	0	0	0	0	0	0	0
SRR1803877	23205.3744582701	0	0	448988.648190185	1579.27187654716	30283.1583657275	325342.40922743	72262.0239009626	60843.3094427866	932245.842413614	96182.6183452083	0	0	0	74056.2751952597	15255.2702210969	7739.25903899548	0	43975.6935885657	669015.94803761	0	0	20633.8898844158	275715.237483786	20303.1523186468	2474892.66777142	0	0	870054.777390319	10496.7834935948	5771.37052266971	72853.2172997748	0	1083.1655278936	17508.4198878984	9707.14755532126	0	0	5498.51203091025	2509.47128027257	49304.7026170193	0	0	0	0	0	508.509007369895	0	0	10790.3130832149	1504.85592424912	0	4361.60164857919	2993.17497020979	28923.0001265023	0	31068.660084429	0	0	668205.641001475	5130.5664889922	0	0	221519.753112957	0	5378.61966331898	4374.00430729552	11588.2174606327	4832.90267980006	3807.61622591605	22080.8667346554	62893.8823505546	0	0	36612.6485306325	0	28199.5117013826	26926.1720731718	0	0	11290.5536514405	4799.82892322316	0	145230.999348757	16660.9048756153	0	0	10277.6698562728	0	0	5903.66554897732	0	0	0	0	4961.06348653557	0	13072.4022870212	0	31229.8946477414	0	773.099059985126	0	2803.00086989259	0	0	82.6843914422594	0	0	1521.39280253757	1186.52101719642	0	0	6800.79119612584	0	17173.5481025573	0	1922.41210103253	5585.33064192462	22308.2488111216	0
SRR1568843	93200.492418323	46124.4235778709	6236.31363563838	0	0	789.663090226938	1115631.96431831	594332.838139264	8049582.56851487	711769.913096091	161253.25257865	1483614.96436406	0	339028.686737432	402890.158188093	378511.841248779	0	0	1280165.35588713	21806.8499531901	0	0	24601.0424263008	72932.4731024982	1136750.39003899	269943.290228347	0	0	619642.552569615	2502644.81064461	13323.0336761365	0	0	0	0	688.424232505536	0	0	0	0	191564.166580437	0	12330.8928704668	0	0	0	0	0	0	0	202943.414188323	0	3239.64344708487	0	730256.128516019	0	776117.331063814	244795.557970351	294422.846025382	0	794664.289798375	0	125434.944716817	504452.980254203	0	19296.1262816993	0	30128.6840578893	0	0	0	7147.463355131	399832.744684906	0	407587.641186366	0	0	6155.32254946126	0	0	0	0	0	0	132136.957097974	0	0	7127.21558358672	0	971.893034125462	0	0	102959.918302666	0	0	0	0	0	0	0	0	0	41325.7017218764	0	8585.05513477491	0	0	0	0	0	0	0	0	24256.830310048	0	0	0	0	0	4778.47408445019	0
SRR1568983	110443.589973292	592168.89897889	0	1236861.72644234	4044.24010748589	19965.2359736645	2335492.34986907	154295.4390375	1218217.26761771	524512.345484544	2647963.65073075	0	0	3533355.31537619	0	748890.882080881	0	0	916772.920163024	40063.5735204868	71864.6109226417	0	7934.90147671283	36172.9121512599	100890.992453585	61656.7441196963	0	0	184826.892203381	283414.203583081	17600.1234044766	0	0	0	453845.648720322	706.462195991206	0	0	30255.0114370147	6010.04795720055	0	1474.355887286	36858.8971821499	0	0	0	0	6665.31724043877	21685.3178421649	1156.95982821748	0	0	0	204966.184080405	575090.943284494	0	0	0	0	0	479861.886981389	0	2702.98579335766	0	0	0	57858.2299934247	0	0	1586.98029534257	0	21286.0131226916	0	0	0	0	218911.133514319	0	0	870.279516800762	0	0	0	0	0	0	0	0	0	19801.418652855	0	0	0	32036.5248008186	0	9040.66839217732	1382.20864433062	36131.9578210575	0	0	0	0	0	0	911.23384700315	0	0	0	0	0	0	0	0	0	0	0	0	0	0	0	0
SRR549558	419504.913648917	0	0	195043.538449646	2467.43472737322	4634.1294879752	1771549.78426153	103912.493518712	96407.6643479206	266858.875514772	270262.705138683	0	87952.7702821015	54290.3990014557	452019.005056436	280446.854013437	0	2323.8997432324	0	43730.3251682379	35159.2361152572	561283.302983828	48050.0446909523	27141.7820011055	145517.133921817	156726.532683291	0	0	867477.599152431	772061.009695006	0	0	0	0	101458.728789829	13410.2685182999	0	0	112367.387584531	0	59669.5434071143	59409.8134358118	174060.090768107	0	0	0	0	0	44037.900134254	0	15679.4882675739	5064.73444039767	0	36594.5859566655	409724.029729606	0	23669.6023847465	1804.43980062751	229403.079653262	0	0	0	0	99948.1939567276	0	0	0	0	0	0	4784.49947136082	0	299735.221882266	8550.58405524627	0	0	172693.090919147	1537.87483008026	24961.4172420139	269586.040213448	0	2651.97970698286	0	12781.4485877782	81480.0259972748	0	0	0	0	7901.25912699016	0	0	77980.5063839366	457.944949401679	0	2344.4047409668	0	0	0	14934.4733498906	38077.7807927874	0	0	8092.63910584459	0	0	0	0	0	0	0	0	0	0	0	0	0	0	0	0	0
SRR1568863	46762.9204414053	576644.548637961	1146.88237504292	0	0	0	1099864.59185151	55920.4027003687	0	0	582770.04300888	0	236916.897060591	0	0	0	0	0	0	153102.205790213	0	1174482.25319482	0	0	0	0	0	0	7913.92780633067	718444.909720854	0	0	0	0	76603.8331192463	0	0	0	6789.01635801271	0	0	74841.7647959045	98104.5820122924	0	25692.8017121685	0	0	0	3176.99600442925	0	0	0	0	545155.816455748	0	0	0	0	0	17440.5216342734	0	0	0	0	0	0	0	0	0	0	1344.62071556757	5514.70260796501	0	7738.16039253099	0	0	0	509.725500019077	0	6815.38147008266	0	0	0	0	0	0	0	0	0	17444.9158196184	0	0	0	0	0	0	0	0	0	0	0	0	0	0	0	0	0	0	0	0	0	0	0	0	0	0	0	0	0	8234.70333651509	0
SRR549571	136841.93333007	6496.36587610835	31321.5231181423	84897.990187771	0	30943.7489861983	797811.744899225	289462.682635444	1495877.62703195	38843.2759238129	619461.878821808	125549.185171602	0	212707.074184395	0	0	8304.28493612604	0	821119.059646841	18585.1380983162	0	0	4553.52748325351	111477.098756688	43524.9767732617	334478.518036557	0	0	276537.410549646	0	35321.8813367635	121063.117354767	0	2570.21329054754	64619.6144623487	4513.05168340237	0	1288.4796285947	23395.0123139603	0	0	0	0	0	0	0	0	0	1996.80612598969	0	88871.3645398248	0	6671.76100879663	0	150205.693247589	0	2448.78589099411	15650.6426091084	84344.8209231388	1816405.48605315	0	0	0	7548.73667223805	0	1308.71752852027	38681.3727244084	0	0	8924.91386717689	0	61631.1512400061	649724.285177179	0	0	0	313991.017345237	10516.9619946552	18315.2994326419	157450.861420944	141881.170411538	66137.4569567666	6320.97074342006	0	0	0	0	2232.91495845469	0	0	0	3757.50341951438	8290.79300284232	876.975663441417	0	19509.3355282506	0	28717.5799943855	0	0	0	0	0	0	0	0	0	5457.48701326236	0	0	0	0	0	0	4533.28958332794	0	0	0	5302.32978049965	0	0
SRR1031252	319632.849580447	92738.3362374919	14758.9867044627	275884.154611269	2576.45105421703	7696.9158292347	784371.793246779	493844.499550392	1208656.74823808	125291.517273238	400920.807121949	0	242849.047479051	509071.510637005	127108.007944556	156134.787447462	0	11950.8404115571	571675.56413066	162066.18555789	4865.60001246023	0	7335.47125688051	60541.9658693265	143892.011035157	152237.67353272	579.238096721456	0	916980.246157802	142525.009126894	6760.86706493283	29378.9562657122	0	0	1245255.32814133	63187.9254951501	0	34606.0008505266	3206.66210344998	3683.95429514846	249568.209401019	0	15333.5908964104	0	18966.5722390473	0	4874.86782200777	0	0	1343.83238439378	320564.264439975	12692.2651753605	0	807578.388353827	53980.3567096659	15417.0011823383	229118.787634365	9100.98897568751	3215.92991299752	1380.90362258395	92641.0242372427	0	9198.30097593671	260990.784668367	14374.3726082396	70398.2813231388	25078.6926356521	49086.953268563	193196.757828087	6682.09068377871	8670.03583172675	6793.30439834923	178966.036267835	5430.93639486037	4652.44039286673	2094.52495774478	72196.2363753622	251630.297025348	0	0	0	3387.38438962707	102682.695882006	44476.2180186602	4267.82629664369	0	0	0	732.15695425592	5083.39353682749	0	0	208113.297294858	21274.2568163856	7335.47125688051	6987.92839884764	2312.31848211205	30681.0835071421	0	13188.0929861541	3419.82172304347	82715.2002118239	95166.5023389483	16413.2907086992	0	0	4907.30515542417	9550.47773874336	3493.96419942382	0	197121.675171472	0	14388.274322561	102251.742738045	0	0	6654.28725513608	8090.79773500529	620.9432396854	0	0
SRR527872	41941.9729179926	0	7789.48870095187	0	4405.17550045888	25552.4927203584	125535.127674594	208212.599883347	843987.079169378	0	725214.390851528	0	0	0	231649.123472867	133943.320799767	0	0	905368.745096418	217418.921715766	0	644151.737189994	0	3687.47836836165	415292.970670367	14601.4244116334	0	0	543426.656926692	57205.4110635433	0	16389.4801976342	0	0	0	0	0	903.308459363759	0	0	0	21060.6986005085	17144.2995951848	0	11421.2836711336	0	5116.6855883139	0	0	0	10264.3063978389	22768.3228113605	0	0	550232.405593132	0	262448.229710625	191656.069491172	29734.9346280974	0	637667.71482415	0	43167.0076779517	32271.6227674066	0	0	0	11501.7152462824	43606.2878191492	0	0	0	0	11489.341157798	0	0	0	507.337627861837	0	231735.742092258	0	0	0	0	0	1744.74647630534	0	0	0	31720.9758298493	0	3761.72289926826	184949.313532609	36237.5181266681	9181.57365545081	0	71887.2670503255	2815.10513020898	0	4287.62165985675	0	0	0	0	0	0	2889.34966111559	0	0	0	0	0	0	0	129.927929086568	0	2344.88976780044	0	0	0	0
SRR1803820	1087409.58565903	0	0	0	0	0	1085698.04072162	18826.9943115499	5752454.32211376	14560.1851013779	513439.374957364	3261529.6752421	0	0	0	0	0	0	380662.057840825	224501.662001875	0	0	9063.95628827499	0	217824.226119289	9112.16882172326	0	37702.2011565481	48646.4462493057	263047.582493768	0	53660.5497279259	78875.7047213717	0	280066.606801008	0	0	0	0	0	119904.570685851	0	36617.419153962	42402.9231677545	18802.8880448258	0	0	0	0	0	0	0	0	485861.805824953	171781.25667619	0	0	113468.197470506	0	0	0	0	33893.4110141347	0	0	0	0	3278.45227448244	0	0	0	83046.0888646472	0	0	0	0	0	10365.6946913783	68919.8165643037	34544.2802156863	0	0	66894.8901594763	0	0	0	0	0	0	6315.84188172353	0	0	0	0	0	0	181327.338298948	0	0	0	0	0	0	0	0	0	0	0	0	0	0	0	0	0	0	0	0	0	0	2965.07080706868	0
SRR1568971	1310151.64097205	278554.812608378	17307.0647322985	1216775.58026221	6101.93744711869	21466.2328576888	414507.620707074	565236.420830182	1705341.02025461	2888446.4927649	1996017.61891264	0	116114.670658512	1421053.66999972	0	0	0	0	777271.906380508	569340.863059186	0	0	4897.96772661096	143915.426022963	386255.376697432	76712.0252600773	0	0	387336.21315107	864422.896376352	10014.8390387688	100257.842180461	0	0	0	44574.2426069791	0	1901.72489943833	6142.98186940872	0	0	0	5144.23426035118	2079.58406269516	71458.3392069527	0	0	0	0	0	36461.1284676487	23176.4171197737	0	304234.939487844	290567.146865262	0	235690.754263483	58064.1760663043	2147.99143317855	15487.4286774403	600247.313043583	0	0	205947.229577304	0	0	115663.182013321	2667.88744885234	0	0	0	0	66957.1342291454	0	0	0	23874.1722987043	7100.68505617623	5198.96015673789	0	0	0	32767.1304615454	0	0	0	0	18469.9900305162	0	5390.5007940914	0	0	0	0	3078.3316717527	7853.16613149356	87752.974856097	7264.86274533637	0	0	0	0	1723.86573618151	738.799601220648	0	0	0	0	0	0	0	0	0	16581.9466051745	0	0	0	0	0	0	0
SRR539795	33672.8821762222	9642.68898682727	638866.410016143	0	0	0	99092.6597072236	15675.7470434004	0	1159660.8994621	0	0	46070.6251592859	0	195162.412946355	0	0	0	34310.6261568325	0	62524.4198590308	31950.9734285745	39374.313362878	17193.5777172529	3418.30773607104	68965.6340631945	9999.82561596902	0	347404.655997638	53940.3858800166	0	88978.0401747448	0	0	0	0	0	0	0	0	1293064.18532616	0	85381.1641241029	0	764935.640103181	0	0	0	0	0	0	0	0	0	576367.499916337	0	313502.185988396	0	33519.8236208758	0	6096.83245463417	0	118607.625513898	175723.976417354	0	0	318.871990305135	0	0	0	0	12614.5759364711	664133.826527922	0	6479.47884300034	5535.61775169714	179933.086689381	6607.02763912239	65968.2373543263	0	4043.29683706911	0	2869.84791274621	0	0	0	0	0	0	2346.89784864579	0	0	0	0	0	0	0	6938.65450903973	0	9910.54145868359	0	0	0	26925.5508613656	0	0	0	0	0	0	0	0	0	0	0	0	0	1645.3794699745	0	0	0
SRR1568883	0	0	0	1228234.1085513	59734.6870775364	22173.2165982715	367032.194525464	583454.841444582	1789972.91312129	0	145767.598714691	1189498.51741805	0	490034.321090759	0	839641.73387522	29051.6933499377	0	921975.645929907	8426.65354320439	30849.2408998444	25300.7415261439	2857.37327297313	908530.405874535	0	810049.737215483	0	0	375115.963275912	300647.6205581	0	0	0	2296.28906664386	0	74696.9325796502	0	0	488.351068471771	6753.79137248194	0	0	31088.2212099476	0	191163.467186035	0	0	0	0	23929.2023551168	5548.49937370054	0	0	679649.611485255	0	3875.6372029781	61220.5211794824	0	0	363.665689287489	411627.998480376	0	623.42689592141	288044.006812222	0	17715.7142924334	2732.68789378885	0	6119.97402829517	75029.4269241416	4602.96858155307	0	15803.8718116077	1683.25261898781	0	0	0	100870.471760084	0	48003.8709859485	6390.12568319445	0	40065.5685112159	96049.3037649585	80297.3841946776	0	1288.41558490425	54497.9011517965	0	4769.21575379878	0	0	0	0	0	0	0	841.626309493903	0	0	0	0	2826.20192817706	226729.971598351	0	0	0	4426.33096104201	0	0	0	0	0	0	0	0	0	0	3096.35358307633	0	0
SRR1568849	93431.8971962241	0	13123.9147632038	218271.211162079	7510.38111680562	29372.7641411173	561098.01978803	58291.5818790602	0	40526.8757619749	163177.519569668	0	0	690164.709633448	6180.9666503662	436299.23675103	255.34485178562	26920.6429453982	325791.659228253	416467.453262347	132621.252305989	504204.754954463	0	0	57104.0256636128	118066.595754208	0	2492.65212457391	46266.0552878231	0	0	0	0	10169.2100496845	0	14193.9312849721	0	0	82152.1396959165	0	9942.23684809725	0	84020.6155161255	0	0	0	0	2938.49234197738	27139.5099612145	37555.9586769136	514.742796456727	3899.07535583757	16945.9813542171	19519.6953365007	244871.659769524	13618.3920952331	9030.29094886289	12090.3760774048	0	0	0	0	0	269174.004710899	0	0	11604.0049311465	6813.24914050203	17071.6272336672	0	24427.9908208243	0	0	0	0	0	0	41171.3175307671	0	0	7729.24813262187	3201.94337953397	30450.8868486566	0	0	0	0	31634.3899712185	0	29186.3218683849	0	6424.15222349537	0	0	23353.9212061705	2261.62583010121	11235.1734785673	38390.8958113237	0	0	729.556719387486	0	0	0	0	0	0	1398.31704549268	0	0	0	0	0	0	0	0	0	0	31529.0095561959	0	0
SRR1803873	55140.0750740081	406686.632671321	28449.7737266651	0	4423.53225309782	0	497821.337607053	1546953.96125693	842379.708296663	0	161781.994200375	14393.8757359228	582663.692169277	0	195251.731495162	31799.7296127189	2167.03377792208	217816.71624692	106294.00085927	1689.88872590254	2475.18995735136	0	129485.238491803	191971.359262528	207876.194329846	85140.5702197366	0	0	74693.0816848921	31421.9897798701	43887.4042638806	6242.64776392231	4612.40216952222	0	0	8787.42137469319	67744.6568648576	0	0	0	8041.88223091266	497.026095853687	0	3767.45780657095	0	0	18757.7648575182	0	0	0	10049.8676581616	0	30408.0565443286	434420.688819957	6153.18306666865	0	2773.40561486357	6014.01575982962	0	0	17783.5937096449	4284.36494625878	0	0	377.739832848802	7574.67770081019	76154.338406702	70856.0402249016	0	0	0	593319.93166438	173760.323110449	0	0	0	0	21372.1221217085	0	0	495902.816877058	0	0	0	0	0	0	0	0	0	0	23568.9774653818	116244.46329826	15964.4781988204	6560.74446526867	4254.54338050756	166712.493071244	88212.1914921124	0	0	0	0	0	0	16123.5265494936	7008.06795153699	0	2892.69187786846	0	0	0	11282.4923758787	606.371836941498	0	2097.45012450256	0	0	0	2306.20108476111	0	0
SRR1803290	0	0	0	0	0	0	0	0	0	0	0	0	0	0	0	0	0	0	0	0	0	0	0	0	0	0	0	0	0	0	0	0	692.269490242798	0	0	0	0	0	0	0	0	0	0	0	0	0	0	0	0	0	0	0	0	0	0	0	0	0	0	0	0	0	0	0	0	0	0	0	0	0	0	0	0	0	0	0	0	0	0	0	0	0	0	0	0	0	0	0	0	0	0	0	0	0	0	0	0	0	0	0	0	0	0	0	0	0	0	0	0	0	0	0	0	0	0	0	0	0	0	0	0
SRR1803285	111508.981287601	0	0	0	0	0	0	0	0	0	602402.753959237	0	0	0	0	0	0	0	0	0	0	0	0	0	0	0	0	0	0	0	0	0	0	0	0	0	0	0	0	0	0	0	0	0	0	0	0	0	0	0	0	0	0	496796.121029694	0	0	0	0	0	0	0	0	0	0	0	0	0	0	0	0	0	0	0	0	0	0	0	0	0	0	0	0	0	0	0	0	0	0	0	0	0	0	0	0	0	0	0	0	0	0	0	0	0	0	0	0	0	0	0	0	0	0	0	0	0	0	0	0	0	0	0
SRR1803287	0	0	0	0	0	0	0	0	3740825.16760671	0	1677421.99137058	0	0	0	0	0	0	0	0	0	0	0	0	0	0	0	0	0	0	0	0	0	0	0	0	0	0	0	0	0	0	0	0	0	0	0	0	0	0	0	0	0	0	0	0	0	0	0	0	0	0	0	0	0	0	0	0	0	0	0	0	0	0	0	0	0	0	0	0	0	0	0	0	0	0	0	0	0	0	0	0	0	0	0	0	0	0	0	0	0	0	0	0	0	0	0	0	0	0	0	0	0	0	0	0	0	0	0	0	0	0
SRR063801	0	0	0	0	0	0	0	0	0	0	414025.523339184	0	0	0	0	0	0	0	0	0	0	0	0	0	0	0	0	0	0	0	0	0	0	0	0	0	0	0	0	0	0	0	0	0	0	0	0	0	0	0	0	0	0	0	0	0	0	0	0	0	0	0	0	0	0	0	0	0	0	0	0	0	0	0	0	0	0	0	0	0	0	0	0	0	0	0	0	0	0	0	0	0	0	0	0	0	0	0	0	0	0	0	0	0	0	0	0	0	0	0	0	0	0	0	0	0	0	0	0	0	0
