feature	X1934	X1867	X4837	X9226	X17248	X17244	X1836	X15342	X1814	X2303	X1871	X1812	X1855	X1830	X2301	X1877	X4868	X10068	X2318	X4933	X4198	X1815	X4608	X15286	X1790	X14861	X14809	X4938	X15106	X1949	X4581	X15300	X9712	X4532	X1844	X4874	X4584	X5090	X15271	X4826	X2290	X9283	X15078	X8071	X4285	X4041	X4951	X4540	X15132	X4820	X4303	X15452	X4575	X1861	X2295	X4811	X15249	X4914	X2325	X4262	X1965	X4749	X4910	X13976	X4716	X15346	X4993	X5082	X5087	X4577	X5089	X4925	X15254	X15154	X2328	X14027	X5792	X5062	X4557	X5825	X14853	X15120	X9262	X4644	X15234	X15126	X4670	X5075	X4046	X15143	X14797	X4705	X5111	X4936	X5190	X5045	X4940	X4721	X9260	X15265	X15124	X4652	X5121	X15236	X6754	X4552	X15350	X14993	X5043	X3813	X4643	X4959	X4768	X4871	X14837	X4166	X4714	X6747	X4121	X5051	X79840
GBM-01-2020-108	19169093	0	0	0	1800327	0	0	3074404	0	0	0	0	0	0	0	0	0	21137	0	0	0	0	3982	0	0	94721	5340	0	0	0	0	0	0	0	0	0	45078	0	10764	0	0	0	0	0	0	0	0	0	29463	0	0	0	0	0	0	0	0	0	0	0	0	0	0	0	0	0	0	0	0	0	472383	0	0	0	0	0	0	0	0	0	0	0	0	0	0	0	0	0	0	0	0	0	0	0	0	0	0	0	0	0	0	0	0	0	0	0	0	0	0	0	0	0	0	0	0	0	0	0	0	0	0
GBM-BM-291	1087510	14253980	0	0	0	0	2372	0	17895	0	3140	0	0	57894	0	0	0	0	0	0	0	0	0	0	0	0	0	0	0	52889	0	0	0	0	0	0	0	0	0	0	0	0	0	0	0	0	0	0	0	0	0	0	0	123098	0	0	0	0	0	0	0	0	0	0	0	0	0	0	0	0	0	0	0	0	0	0	0	0	0	0	0	0	0	0	0	0	0	0	0	0	0	0	0	0	0	0	0	0	0	0	0	0	0	0	0	0	0	0	0	0	0	0	0	0	0	0	0	0	0	0	0
GBM-BM-318	224649	40589	88623	490340	310783	0	784823	3647195	975804	155632	53006	52973	1215	458804	171815	100590	65237	20273	497146	75463	5656	0	135842	228405	62538	66874	5063	0	193351	78328	14414	466406	0	19263	0	564749	0	12459	4624	19318	5474	0	106619	0	0	0	394637	1212	104838	53618	23033	173365	16548	125139	20034	763	15798	9261	0	11975	3215	29957	470259	53761	255682	99753	52700	9950	2801	20006	17702	669	128707	6309	30491	2450	0	131065	9899	48389	6464	115242	199673	0	620	2599	0	7720	38220	6379	89288	182165	0	5944	157899	0	142522	100644	0	714	12709	6376	437	0	17837	2289	30782	56151	1386	6336	13122	27474	11125	0	2995	0	2542	0	102	7523	0
GBM-BM-392	744455	2501	8336	0	291688	712295	6721818	0	333418	483805	33718	15512	1398	3163539	1176228	58082	0	1740704	100419	0	0	0	9331	0	58131	972846	576593	0	1536768	739140	0	0	0	0	239645	0	127	14514	618834	1466	195709	1959796	995486	35822	233553	156376	0	0	653846	334339	835630	326016	0	98682	468647	0	345636	698051	677149	0	0	0	0	476888	0	0	7986	0	0	0	0	0	0	307086	107863	27813	4128	127671	0	0	74821	12155	12515	0	0	0	0	0	206003	133893	2768	0	0	0	0	0	0	59533	0	0	55486	0	0	0	4030	0	0	0	0	0	7100	0	0	0	4752	0	0	0	0	0	5513
GBM-BM-322	0	0	123587	0	7430281	0	0	0	0	0	0	0	0	0	0	0	0	114380	0	0	0	0	0	0	0	0	0	0	0	0	0	0	0	0	0	0	15715	0	0	0	0	0	0	0	0	0	0	0	57643	0	0	0	0	0	0	0	0	0	0	0	0	0	0	0	0	0	0	0	0	0	0	0	0	0	0	0	0	0	0	9840	0	0	0	0	0	0	0	0	0	0	0	0	0	0	0	0	0	0	0	0	0	0	0	0	0	0	0	0	0	0	31254	0	0	0	0	0	0	0	0	0	0
GBM-BM-308	0	0	9501621	8269595	189653	7167807	8251	0	0	0	0	0	0	0	0	0	345149	1005764	0	2541	0	0	442957	139174	0	272108	1766194	0	0	29104	0	0	0	0	0	185622	1112965	0	93445	0	0	0	1322	21829	0	618811	646	0	2400	525071	2511	0	0	38978	0	0	257244	0	0	0	0	0	0	3051	0	0	38381	0	0	0	288482	0	0	0	0	0	0	344653	0	113526	1121	84854	0	0	0	0	0	0	0	0	0	0	0	0	0	0	0	44968	1513	0	0	0	0	0	0	0	0	0	0	0	0	0	0	0	0	0	0	14988	8402	0	0
BM-02-2020-43	0	0	66348	49851	0	0	6140777	7585783	0	0	95385	0	18587	0	2158651	328866	0	168004	0	83187	0	2239593	54418	0	0	759729	128953	0	1553583	0	0	0	0	0	0	493392	13316	0	144143	17239	0	0	823223	3889	0	17448	0	37311	889840	63826	3519	0	0	0	0	0	787473	17750	0	37049	0	0	0	48722	39922	0	0	0	0	0	41117	22007	0	127440	0	0	0	18246	0	14855	25121	200854	0	2352	0	77291	0	0	40673	102577	0	45863	0	171177	0	0	0	0	0	0	0	0	0	0	0	0	0	0	0	5791	43592	0	0	0	1030	0	0	762	0	0	0
GBM-BM-279	0	0	1233927	204910	46177	392	838731	306927	6327608	629975	5502089	0	4318802	0	164385	0	28588	100974	0	1829773	7655	0	113911	0	88290	203491	25877	0	152605	0	140646	0	0	173281	1205653	202368	51601	0	96444	468139	23521	0	77949	24291	220285	12322	55375	255752	124916	155944	3890	44725	39812	0	79011	29991	6103	965	0	77598	0	0	43254	10634	0	0	4556	5722	0	145158	102928	0	0	60969	0	0	281708	221411	0	0	25872	23746	226789	0	3952	4505	0	0	2179	20960	42604	50644	0	9104	0	0	18899	155761	0	0	15424	0	0	0	83004	0	0	0	34836	365	0	14439	0	0	340	7800	0	6978	12242	11613	0
01-2020-90	582412	56116	3943006	0	1693165	6292534	122752	774102	1309022	17730	238545	11900	0	51860	0	0	1037911	6278	360825	2352307	0	0	0	1977756	95825	155903	5084	616	226702	1358278	1476585	1469107	0	1356130	0	1134218	0	0	14399	0	11646	37586	0	27936	0	0	4621	270621	0	106515	23344	122026	773158	16829	141494	308352	4587	0	18422	0	350458	16017	0	125605	0	166964	13078	0	0	259319	0	1423	0	0	8197	0	210426	100482	0	252247	26645	0	1332	0	0	0	34839	226	0	0	40804	106990	0	0	0	0	0	5172	0	457	0	0	12605	0	0	58764	0	149	35885	9767	0	6890	0	0	0	0	0	0	0	0	0
02-2020-20	0	569972	610838	0	0	0	1587893	350209	4319602	0	0	0	0	1850038	0	326205	0	0	0	44335	0	0	278100	607816	0	190345	102879	0	37722	0	90338	0	0	0	0	18655	452802	0	111481	0	0	0	272633	0	0	931676	95822	36448	261890	94227	9390	0	5052	0	0	0	41472	0	0	0	0	0	0	7785	0	0	0	0	0	0	229797	1222	0	16644	0	0	0	31986	35574	12486	107	43242	0	0	0	14527	0	0	0	0	0	20189	0	611	0	0	1438	640	0	0	14589	0	0	0	184	0	12348	0	0	0	3993	0	0	0	0	19167	2596	14270	0	0	0
02-2020-29	2384104	65094	883682	2079069	0	0	0	0	1962176	5657367	3171771	0	342401	0	0	522646	0	161185	0	194501	0	0	159228	252571	236223	221720	104215	0	94626	1201739	4019	156911	5133	168009	0	128610	0	2813	168288	108168	0	0	69104	59500	660472	435394	12423	0	63531	70348	7200	119825	0	560604	0	176052	56054	8152	0	310133	0	0	1850	10156	11968	0	14839	39379	0	205218	35699	45262	0	0	0	0	0	31662	0	109690	76936	0	0	352	0	12436	0	0	2302	8967	0	88045	0	5118	3638	1184	9747	70224	0	0	19416	0	0	0	0	0	0	0	47473	6426	0	0	0	0	2424	16016	0	0	12151	0	0
GBM-BM-396	654963	12814	96434	0	0	0	5578924	209830	720577	191871	427486	0	125	2976294	154915	266673	0	189993	1102961	17710	0	54750	31431	850539	37565	1512231	4619	3744	739465	1482523	33660	100103	0	21273	0	216444	0	6355	290730	44913	1003746	0	356459	193	209617	0	0	6249	274521	25473	609368	173706	5693	50889	479534	81037	33154	2747	16456	2294	107695	4583	0	107870	1931	0	160556	47390	0	0	75180	43104	0	172251	0	184096	777	98980	1176	34185	45156	168142	58816	12657	4529	50764	6626	0	616	182862	90084	8994	0	12281	0	5502	335	78417	115527	0	28240	40860	5341	0	0	416	8823	24792	0	9793	3065	2871	0	2023	7971	185	0	0	2781	0	3114
GBM-BM-428	139207	0	49373	265218	128411	0	3699328	275320	183253	2838757	117702	0	116886	146383	667102	23278	14166	222024	383898	3220	369372	0	946	211015	91401	2778770	550501	0	2634826	336244	4015	243450	0	18866	0	338351	0	1746	849657	29584	0	135894	162472	0	106376	145633	2083	0	23664	13304	50196	251760	0	254703	526078	29007	201799	13822	0	0	35349	0	0	91239	159	13351	3215	2109	0	0	24495	12855	238443	39006	241521	0	0	78187	0	38937	108497	0	2827	0	0	0	14325	264	0	19854	59252	0	0	7029	505	0	0	0	0	28339	9104	0	0	0	0	0	14494	0	368	23377	84	0	580	0	0	584	0	0	2347	0	1924
01-2020-64	357882	0	195483	632983	171465	0	3937753	897809	5219543	189719	535488	0	0	0	204233	610370	255763	16735	542614	768505	189521	0	58770	817235	85256	597293	8794	0	326383	433705	0	290756	0	416798	1203594	998927	0	321626	30971	67058	57408	0	10161	127420	258471	0	9219	48757	0	666469	126871	69005	54003	480076	135171	106949	597472	46050	0	201335	0	42168	5141	182174	5536	150121	5879	404079	182850	93316	5615	132880	0	42456	52600	17614	0	412530	275981	0	2359	0	58624	231828	220667	0	211676	209845	1030	165	25570	22348	0	13641	2201	147937	11827	28117	0	45936	4245	102442	0	0	99627	0	119	4915	1930	9136	0	14419	0	0	864	21606	3923	10522	11828	0	0
01-2020-12	933445	0	1566	0	0	0	25662	8191	58922	0	0	4645692	0	3136017	0	0	807770	0	271402	162733	0	0	79974	11460	0	415067	0	0	413641	613989	0	3115	0	0	0	110372	22931	2833	926561	0	0	0	120453	0	0	0	3931	0	54703	15564	215500	162910	13501	720422	0	23473	76950	0	0	0	393139	0	15823	16096	0	0	0	0	0	7320	12609	0	49219	16849	0	0	0	231501	0	0	11702	0	236833	0	172858	94	0	0	0	112974	0	2946	0	0	0	0	0	40211	0	113771	19000	0	0	100635	0	653	0	0	0	0	0	4229	0	0	802	0	0	0	0	0	0
GBM-BM-Kit-259	1373474	7505	649531	48082	187800	785023	3012368	419734	1720068	4535889	2670577	0	39980	351200	0	846501	0	8052	842008	379326	2270785	0	261719	203596	191986	1579231	1438	53140	2222791	1379179	288157	106943	0	529418	0	423637	442	1102651	94934	418991	817208	90172	0	0	0	0	165693	72953	0	689971	292001	207633	60817	343578	149473	784133	42595	165924	0	664387	161155	2587	106631	906650	5601	39988	33739	305635	386886	156680	59656	322312	108370	100036	264672	79490	0	562200	3438	0	22380	53467	25077	17705	0	25831	89546	8893	19573	258	18213	186680	181541	151210	3887	0	21243	115362	0	66195	0	67349	102328	0	17636	24578	4260	37911	20377	24948	3667	66403	0	33090	4308	0	0	2857	0	0	86
01-2020-22	1172730	371068	491931	37204	957063	281708	1911841	4741781	630183	2793269	922311	564045	0	2266963	181600	0	0	4371	1062055	39620	56351	928778	2832	134878	0	514685	12507	0	29269	952805	107364	37262	472	75642	0	24266	154404	27228	412315	79011	0	353658	382200	47	0	75077	918097	3799	290959	247727	11069	56511	40269	551395	0	102100	4756	17984	0	0	643925	42096	72654	89974	27077	303623	14250	22507	0	3043	2613	193356	0	49966	302331	0	109119	93009	0	21308	28152	44102	38763	0	0	0	0	5297	6630	196705	38114	34291	0	26811	0	0	0	20668	0	0	0	0	0	0	0	0	18059	6209	11909	60341	1899	0	0	28033	4809	0	0	0	0	0	0
01-2020-29	830402	0	615549	0	98873	18807	1282582	1933705	3005441	3704417	1566261	0	1963801	1210727	1149291	0	118587	296228	1493771	480953	0	0	485431	1409460	1969668	457076	39435	0	737578	0	103699	95678	8010	90578	0	188155	7233	166002	66603	181605	0	0	96427	104028	964536	449	78397	19582	263869	254588	492796	163422	28460	0	359310	199025	722123	8634	20274	590646	0	0	17422	172436	38695	96134	91665	13215	0	88634	34286	15734	42037	21860	154938	0	0	53876	0	85656	20874	124682	187695	871	0	218771	57216	31899	7291	7446	0	20110	5696	7451	0	279	0	113808	0	0	0	4009	1584	0	6066	4110	13193	10372	0	12046	16862	0	407	0	4379	14685	3910	2048	2907	0	0
GBM-BM-260	205137	20013	1026965	123457	0	0	1145957	1107629	2954802	229787	533722	1088734	0	1263631	8533	0	276124	0	156771	247830	360027	0	146216	452192	84642	703112	14834	1634059	234283	408865	269083	52512	26873	125233	0	41119	0	16125	3942	73160	35596	0	57704	3452	258745	0	680431	0	16190	348489	18260	33617	23692	293940	68774	195359	34225	21859	0	0	3098	604273	459939	387587	38228	0	46320	315217	0	22662	393819	83593	31058	11278	12937	301963	125616	127432	54395	0	67457	18699	83649	17955	425	21371	4437	0	0	4663	9591	82033	0	97312	28693	0	61754	172478	65396	0	2093	0	0	8395	0	36913	0	300	3995	0	20161	38029	34818	0	174	0	21068	0	290	0	4248
GBM-BM-430	564501	0	115342	1438009	220190	0	2046148	1553977	1943176	0	375645	0	198131	1004842	2937188	0	0	2580975	2403921	810741	0	274536	260511	0	137278	976194	204161	0	318515	238334	0	0	0	66015	0	472402	36353	0	167420	0	0	0	649549	8723	69702	94810	101233	9126	708249	189616	303425	776005	0	0	0	0	132462	0	0	0	0	0	10465	7957	436051	428628	411457	0	1522	88596	142011	0	0	129470	0	12678	0	37666	0	77438	94829	237574	0	0	0	137680	0	2585	61230	230992	0	0	0	26676	0	0	43903	126652	0	0	103504	3360	0	0	0	10219	57320	0	0	5399	31356	0	0	0	29499	12941	0	0	385	0	577
GBM-BM-444	193835	15465	71366	0	0	0	1666579	329702	814190	155176	64213	0	0	86949	776711	2773294	3199	1003717	1658782	8703	0	0	686097	1805535	135319	1710761	215644	0	1682028	211208	27233	175749	0	0	0	184966	121	23681	1068321	324924	230086	0	114620	0	0	35282	0	202106	28086	877164	688985	228524	0	113851	716538	80520	227459	1981	69226	0	0	1095	18467	164925	369	0	284812	1816	0	379971	232	36186	321934	23920	0	0	220561	266347	0	0	246391	0	0	1771	0	83414	0	0	0	10998	195304	76657	0	0	32269	0	0	108574	0	0	4222	0	14266	0	0	12507	0	0	0	3499	1434	0	13656	0	0	0	0	0	8099	0	59
01-2020-10	0	0	17299	0	324684	0	36197	0	346752	0	47513	26122	0	0	0	112411	2763781	671687	0	0	0	0	2049307	0	0	91915	492350	0	106917	0	0	0	0	0	0	0	71656	0	67261	1009554	0	0	107	2319	0	0	0	905718	30475	0	0	632943	0	140036	0	0	0	0	0	0	0	0	0	0	0	0	0	0	0	228706	54174	0	0	1169	0	0	0	630	0	118703	0	1175	5857	0	0	0	0	0	0	0	0	0	0	0	0	0	0	0	0	0	0	0	0	0	0	0	0	0	0	0	0	0	0	0	0	0	0	0	0	0	0
SRR628279	0	42362846	46761	845544	0	0	720683	156627	42054637	0	0	0	0	0	0	8687383	0	136339	0	57130	0	0	9982	0	0	0	0	0	122	0	0	13545	27334	3234	0	35317	24152	97201	1481	0	0	0	23332	20541	0	0	274854	4471	3627	3524	20242	0	6877	0	0	0	7931	540181	0	1834333	0	0	5186	408277	7096	0	0	29130	218770	0	9017	85199	0	0	0	0	133767	158714	0	107257	13385	0	0	0	0	0	2483	0	307	2924	0	0	48912	72153	0	19129	22966	25288	0	0	0	599974	0	22671	0	353	0	1284	0	0	0	12619	0	0	5031	56271	6590	53136	206	0	1106
SRR628278	516669	130293	67865	56747	8941	29546	432586	681933	14639640	226135	114166	0	0	2823346	144235	1286655	36956	106780	2503086	170596	0	0	80837	16097	387230	155087	0	193216	803840	3346775	39689	521649	6537	2544	19344	84602	0	5085	55544	15951	0	1806129	61007	0	0	0	0	975	19826	6388	11528	54210	14877	1033709	235919	6786	14465	190960	26369	58031	962685	2525	20595	38725	26958	0	311299	223495	0	44118	0	0	0	12635	3561	26825	0	101757	0	0	0	5345	24995	0	0	0	0	0	0	147675	0	32084	0	68852	0	95984	161	46341	0	0	9463	20662	0	0	0	0	0	3816	458	1492	0	3920	25580	0	5408	0	0	9648	0	0	84
SRR628266	0	0	31327	96620	2061	0	2767352	983816	7607753	901540	28465196	0	3191794	3592465	376389	0	3346	148551	1629343	75665	1756	0	61897	314667	585064	264568	0	0	1330398	0	10459	10438	2419	10242	0	26024	23049	1938	4441	6871	609364	614367	58581	1945	334564	0	741539	20836	2615	7995	7085	13849	38697	589959	611270	9496	28386	0	84321	48658	0	2255	822627	17125	29391	0	1000682	107963	0	27455	0	892270	927787	4615	0	69323	46427	380353	0	0	12569	0	23865	0	0	148	3220	22066	0	13868	2285	20308	0	28808	19759	47128	180921	67720	16664	1829	2653	0	0	8381	0	0	5387	15019	1256	110	0	33972	32922	0	532	36143	2215	4079	0	0	141
SRR059346	12880	0	0	8849	0	1088	120716	1172	160443	12003	39597	0	331	0	0	25697	0	25298664	15356	9522	0	0	86	711	1540	4378	0	191	9000	0	0	5403	0	0	0	1374	0	0	0	0	2931	0	0	0	2309	0	0	864	0	0	1446	0	0	517	10093	0	6653	1228	204	23534	9904	0	0	9640	0	0	0	2641	0	0	4030	0	1675	0	0	0	1608	0	0	0	0	0	956	5264	0	0	0	3459	0	0	0	0	0	1520	0	0	9313	0	0	0	0	0	9258	0	0	0	0	0	0	0	0	0	0	301	0	0	0	0	0	0	0
SRR059900	176494	72548	13640	0	4675	0	610605	4092	22442310	140631	6686583	2015880	10444	1931226	1485	0	0	3233	0	0	0	0	2420	0	13936	0	0	0	0	0	0	0	0	45	0	0	698224	0	3938	1285	0	0	36726	0	1326	0	0	2557	45933	0	9657	2114	0	509902	13587	0	0	0	9710	0	0	5723	0	0	0	0	0	0	0	0	1441	0	0	273	0	0	68768	963	0	0	0	1017	42868	0	0	3729	0	0	0	10869	0	1615	0	0	0	0	0	28323	0	0	1744	0	0	0	0	0	0	0	0	0	0	0	0	0	5377	0	0	0	0	0	0
SRR514324	2711604	0	108936	0	0	0	0	263327	0	15354225	0	0	0	0	0	0	26101	38268	0	534638	0	18923356	282246	0	0	11853	13481	0	3016	0	47664	0	506	5709	11630078	44503	24849	0	30841	0	0	0	166232	2328	0	0	0	0	174786	6530	6298	63368	0	0	0	8479	7905	0	0	72479	0	21162	0	0	18574	0	0	0	0	0	59156	104230	0	26646	0	0	0	22109	0	63985	35987	0	0	0	0	0	0	2505	30065	118210	0	0	0	7752	0	0	149235	0	0	0	2461	0	0	0	0	0	0	0	33060	0	3201	0	0	0	15372	0	0	2229	2546	0	0
SRR513830	1203866	137302	194836	968496	0	0	2751844	503778	17652454	255471	1666597	0	497738	92068	31340	678809	28635	31376	536303	58231	0	0	82881	2929	545212	286674	13243	109509	221821	0	14947	489946	8509	5549	1498245	125773	0	0	28365	17908	380782	333209	38841	1707	0	0	234530	14677	3606	24732	28968	68753	42627	2405236	952	80441	14540	3869894	63463	0	0	872	68272	9717	30375	0	137020	1505757	0	1144	7759	0	457420	22665	32541	16971	353501	431883	0	0	3745	11037	13543	361513	26106	39055	0	0	13877	32605	8521	32737	0	100059	6524	68412	29853	306777	0	0	8177	495299	0	0	224385	4924	0	21089	3030	2309	1213	5234	12182	72716	2858	0	111983	0	8344	0	2097
SRR513789	2191427	0	206395	0	6069	0	7809125	655507	17346592	398499	0	0	1181424	0	1741226	9527861	35337	65735	2557195	800223	2756	0	162666	44658	0	547636	15092	10755	332694	0	32422	0	0	159062	5382449	71112	5303	21164	134194	26781	0	0	630690	384	0	2918	2274	20091	42744	50129	32372	255146	55735	0	782261	32734	33850	947897	74261	23412	0	0	10303	33411	7050	209223	521639	110047	11565	31781	8158	15366	590977	66782	25877	30912	0	87700	0	0	108793	9305	167516	180835	228	293	20546	205433	12581	65723	0	8034	0	28166	44524	0	16309	60989	0	0	32045	23537	0	0	44870	3751	0	12244	241511	657	0	14297	10959	138837	6312	23715	31488	7234	0	0	1404
SRR1804683	220276	2348563	48243	0	2933	2521	224201	225495	2674998	9865	518261	1002037	4084	98150	0	848703	14644	0	2870250	301047	28425	45871	40059	26758	663372	186129	0	2979	299511	1582030	54450	86550	23379	13134	0	17142	0	32238	4665	7548	47726	304276	36903	5601	283	0	60975	3685	9973	20426	19845	1959	14880	26831	791501	13119	4952	324996	6337	38804	621116	14982	6855	181927	5966	100157	38963	188278	0	18257	15628	399448	564974	12303	57912	0	0	56155	54168	0	4298	4719	1117	0	0	0	12135	128241	0	6993	44	9597	164325	8989	6467	30329	89254	89723	0	9722	1060	0	34264	0	1879	8953	722	4629	3851	436	0	3438	8387	32232	1235	0	7302	0	4658	0	0
SRR1804065	87610	0	2979	0	4510	0	551425	90594	345831	160087	2655585	0	24632	0	0	0	0	0	1153	0	0	999162	3289	34071	38324	8484	2064	748669	14815	257116	7806	20688	225	0	18808	413	0	0	4968	0	52747	80429	226437	163	48168	0	15284	1656	20802	0	5327	10354	0	0	0	0	6360	0	132	0	0	0	0	4389	0	0	0	0	0	0	0	0	0	57194	15570	0	101658	2393	0	0	0	0	1986	0	0	0	0	0	0	77051	0	0	0	7528	0	0	0	0	501	0	0	0	0	0	2678	0	3742	0	10943	0	0	0	0	0	6116	0	0	247	170	0	0
SRR513158	0	4243658	28783	150063	0	0	14719602	1749483	14670049	1260874	0	0	0	0	3741692	0	43828	4443	7930462	2019663	121853	0	0	0	0	1353473	8418	450283	97046	0	42393	0	10362	54	0	215899	1000	43286	49432	5067	1214319	0	713279	0	0	5591	126172	2341	64562	18833	47638	0	35631	0	635486	10573	88117	4123109	0	151891	0	13484	598	40684	0	0	989733	202634	61741	0	89258	2559	0	19913	339109	110215	350915	81164	158560	0	15388	110840	0	144326	0	5851	9781	0	14941	201964	2885	80478	683117	41562	0	0	933	709302	515801	0	24192	0	0	652382	625	0	18359	3638	0	1995	8553	0	0	0	10051	36281	9358	449	1055	0	5769
SRR514242	572103	185724	271947	184581	0	0	14530975	840777	9000085	575653	3320251	0	0	3262035	801379	0	40080	5004	3169956	2951676	1582366	0	111879	320611	553978	2330051	763	1826	1464538	3732229	25349	281415	22968	29672	747479	57331	1028	17927	26735	6545	0	0	86757	2225	0	2226	939926	180300	7877	25465	40025	23372	32486	2906573	3725028	49749	1377956	822054	0	121592	0	104337	0	1207704	17199	0	845916	872641	0	6299	719273	293842	362355	43205	0	0	602911	150817	27373	27955	24276	0	0	819042	80934	10611	2212	0	5081	21342	5118	91432	24047	11998	46232	103015	142757	124682	0	515	0	22817	0	50737	27090	10345	108397	17103	2101	6556	189301	8524	10055	128166	12365	4625	82656	0	17641	0	8487
SRR059896	156983	13506728	39785	0	26503	0	875828	95632	11020460	0	0	0	281280	626551	0	0	0	21528	8596	105089	0	0	12758	74868	0	2101	3306	0	0	0	19698	8491	173	2117	0	2843	14881	0	9737	7176	232648	227418	8018	0	56456	1643	261963	6115	13700	0	181	5393	5557	0	0	54	0	5202	0	0	0	0	0	0	0	0	0	0	0	5388	35086	3544	0	240	0	0	43112	1437	0	25276	6273	0	0	0	0	0	0	0	0	1026	0	708	0	0	0	0	0	2837	0	0	0	0	0	0	0	0	0	0	0	0	0	0	0	0	1681	0	2479	8802	4189	0	0
SRR1804717	73249	67545	3176	1736	0	0	172865	112766	1223080	28134	22852	0	0	125444	3559	348811	736	6655	692494	84585	5024	0	12456	31478	69900	131839	0	7971	57408	545477	5288	77291	94	0	3062	14724	0	5862	5756	901	14686	149861	23635	0	0	0	3689	805	0	261	0	2812	3184	69760	289449	579	101166	154880	6401	26935	6945	1310	136494	92753	6069	18743	0	37863	299	2175	1015	0	201055	1000	9347	9730	375137	24073	1622	0	0	0	95	0	0	1612	86	62683	0	6232	0	2374	39558	385	4065	7977	12067	0	0	0	2376	4716	0	6986	2834	0	0	0	0	0	0	165	3768	7774	0	0	0	0	1115	1172	0
SRR061143	2034771	5682	28896	0	533	0	1643745	958	12432209	410741	9421500	0	524055	0	0	0	6950	0	489673	78419	298314	0	14938	197037	0	158939	0	0	10403	0	0	6920	0	948	1680889	0	1913	795	11163	2810	0	0	96110	0	255396	0	201418	1169	19597	11883	2239	0	2679	0	0	301	38787	23985	37874	0	0	0	0	29315	5128	15799	132768	28894	0	7304	28538	0	124813	24033	0	25399	14837	13369	0	0	5234	349	0	29955	0	27522	251	56415	1626	22478	0	0	0	4793	0	10955	6424	7122	300431	586	1370	0	0	0	16410	2991	3826	2430	0	0	386	3927	0	7980	0	0	0	715	497	9151	0
SRR060035	351037	0	45991	1347995	0	0	2450641	0	11266754	0	4798959	0	0	9127593	0	0	0	41498	0	79034	0	0	181759	0	0	8121	4387	0	18336	0	22105	0	1546	60556	0	28162	7027	0	119646	11668	0	0	190571	0	0	0	0	19592	43751	7555	9076	0	6227	2753294	0	6417	102181	5352	97	0	0	0	0	773	0	0	0	0	0	19372	7396	3279	0	3085	0	0	270886	33885	0	17400	1657	1391	0	0	0	0	0	0	0	9429	0	1342	0	44608	0	34943	0	11278	0	0	1645	0	0	0	176	1396	632	0	0	0	0	154	0	461	0	0	0	0	31827	0	0
SRR1804676	258	0	30161	130506	919	0	1281	1412911	10423158	387065	665	569	11333	738	68206	835285	70574	6961	814905	163032	2225	1190	273455	660357	132271	855073	741	2343	1577472	1144	59803	293428	39	9932	0	100100	1629	95600	139763	12114	0	0	27325	0	437099	0	32948	8764	395	133824	79183	0	44079	880916	0	5942	244396	421727	50086	1624250	0	417	5488	1294191	6271	0	96022	80299	0	29439	65760	45848	10058	41071	0	4148	0	187763	0	739230	110074	0	147632	103926	0	0	0	63512	1762	3184	4867	58475	0	2190	21702	0	25116	125372	0	211331	13826	0	0	95342	28792	7695	0	8754	788	24257	0	40577	9964	50226	2602	210647	0	0	52846	29174	151
SRR514839	0	0	22329	632243	0	0	1517208	1588772	10025565	143048	2037186	0	0	1507866	2805638	4458625	35819	29678	4461450	594423	408334	0	238991	68861	0	4688273	8552	2629	2693699	2781685	37921	1132024	0	2551	2309238	203476	0	28842	93385	33304	1404300	0	205758	0	1674194	12442	0	7811	5521	83371	158973	468346	0	0	4147166	93356	2007642	361551	373449	188355	0	0	0	9822932	0	53197	72621	564578	212354	105874	39019	3998	458165	45970	0	302041	0	159463	0	298867	5665	37294	33256	16946	393315	3901	0	0	25540	112047	14237	4288	0	3885	0	0	2521	72881	0	0	34406	12713	375920	308734	0	0	2732	24436	0	1726	49	9423	0	1993	5809	189407	0	5742	18124	0	1653
SRR059854	2375440	68292	16956	0	8137	52123	3707505	393293	9518842	44779	163120	0	75571	0	11874	0	22632	17563	1964715	372186	2372	0	32924	52566	470575	383324	0	31975	125696	0	13073	924	38	2072	1670621	7364	0	6529	5944	2316	246855	0	36695	0	232143	2032	4038	1593	669	19751	15134	32673	4691	25122	591231	13466	208157	5407	62400	152373	0	0	109021	1496103	261	0	46331	27012	3374	24663	678	43341	17295	11231	174	606	171377	10167	25614	20957	52	0	91128	24268	84	0	8080	15607	2092	7131	1688	0	95647	671	0	0	4076	9309	0	0	8817	12050	19601	834	7603	1049	1686	1054	3681	613	1506	0	3223	0	0	11322	0	2722	3238	1889	287
SRR060370	2482779	0	608	25525	0	0	0	227516	5220252	0	2039620	0	22015	0	840713	1305679	135	0	810155	13797	0	0	0	6181	60995	527441	0	0	112562	4202082	0	29710	1223	0	9138988	4898	0	39945	13176	0	119994	0	47910	619	0	0	115813	2278	0	3468	27929	0	1881	0	891826	1262	3434226	7858	9896	141955	0	0	2604	419904	10806	611	53575	1067	0	0	75545	0	456616	1663	50566	914	0	30844	0	3893	0	0	524684	146346	0	2278	0	64481	0	34998	0	0	0	24842	17388	5858	0	8297	0	4833	7382	107	17931	6897	0	0	0	2897	0	3526	269	4923	0	0	0	0	726	0	0	0	3237
SRR060358	252608	0	76893	380	0	0	0	1569	6484736	37272	8803068	0	75071	0	1493	2058972	0	77049	53397	237999	0	1318262	92756	2491	165236	9512	0	0	5300	0	2021	0	0	10717	595439	1625	27691	17742	0	175	4709	0	0	0	0	0	4684	1022	0	1512	4126	0	21793	0	0	5211	1387	453702	0	50559	0	1470	140898	29074	624	0	3424	241326	160248	2773	2723	29095	10517	0	0	1250	0	61919	12189	0	0	0	9407	10152	398	0	0	296108	0	323	0	0	0	17793	8711	0	6184	41157	8006	0	0	4602	47394	0	4856	0	206	0	4939	0	4145	995	365	569	0	416	0	5239	3601	38875	0
SRR1803906	0	0	35844	0	18793	0	0	0	8335022	0	0	0	234747	0	0	0	0	57249	0	30658	0	0	39045	0	0	981	8616	3153	2601	1112307	0	0	0	5086	0	102201	7030	0	31583	30204	0	0	0	0	0	1320	1583	34054	289141	686	1360	0	0	0	0	0	0	12638	0	11309	0	0	0	0	46253	0	0	0	0	0	18022	96896	0	0	0	0	0	4568	886	13978	0	0	0	0	0	0	13557	9602	0	0	0	0	0	1599	0	0	6964	3440	0	0	0	0	0	0	0	0	6637	5760	0	0	0	0	0	14919	4811	0	0	727	4387	0	0
SRR1804055	215583	0	1046	0	5141	0	822530	533182	8091348	34056	358431	0	31696	721413	31425	197073	1340	0	281393	117155	44430	0	27428	96238	100237	232031	0	17490	155933	154688	504	71798	241	0	0	10271	18941	0	7694	1687	54518	86185	35166	0	17631	0	90478	0	38295	4145	4366	13767	134	131076	42407	0	11887	54691	1563	26293	145448	12999	6785	20010	10052	0	58100	0	28016	1711	43614	195261	88703	2450	8896	0	117600	30763	0	0	13854	6351	360	2538	0	1989	1250	0	3457	4787	0	20686	0	1195	0	44978	297784	38109	4927	0	2187	0	0	29514	6974	0	0	0	0	1333	0	1719	0	0	1453	25011	0	26679	5354	0	92
SRR059344	202037	200198	53866	0	0	0	0	22983	0	618182	616760	0	473357	7963384	324776	0	0	0	504863	10700	0	0	32091	0	0	24595	0	0	86536	0	7705	1364	0	0	6089220	0	25562	11968	5482	558	60319	0	55813	0	0	0	85286	15283	803	1636	8064	0	3101	2887245	0	0	21002	1310	0	20845	0	14709	0	12764	608	0	31778	49433	0	0	0	0	0	0	0	0	15139	16515	0	0	14274	1652	0	0	0	3518	0	0	8159	41504	0	0	0	14769	0	2414	68377	3873	0	0	12189	0	0	0	0	2412	0	0	0	11823	5416	0	0	0	5703	13977	0	1552	3795	0	3147
SRR061164	0	7814771	5896	38545	0	0	2181307	4852	5430337	0	191640	0	0	0	48876	0	13998	2123	0	32419	74636	0	5127	6671	67588	64665	0	130878	25341	1279298	5152	0	1330	2764	0	26117	3102	2258	243	6902	0	0	1665	0	48663	0	0	809	0	11919	1542	0	3977	1062325	45126	5110	8311	282585	2302	183210	0	0	164	199771	115	626	19508	0	0	1983	2291	37926	0	0	0	8421	0	6927	0	15201	1519	0	0	18993	283	0	0	47622	0	4154	0	95	0	15403	0	0	148432	5768	61496	0	945	15241	0	0	0	0	718	0	0	460	9634	0	0	25905	0	2773	0	1699	0	0	0
SRR061494	4325149	3476520	10740	5349	1920	0	0	20902	0	243530	4677081	0	7083156	0	19255	0	0	20316	180125	0	0	0	0	0	53158	5740	3787	0	10433	0	8279	0	0	3978	0	13485	113686	0	912	9308	0	0	19980	0	0	1918	65851	9491	46609	604	6603	27855	2986	1608901	163543	898	0	20344	0	0	227080	48285	0	0	10158	0	0	48618	0	5907	11337	34534	0	15310	0	0	24591	78144	0	0	0	1550	190693	0	0	0	3569	30036	3489	8023	477	0	0	1613	19413	0	17496	13021	0	0	0	0	0	0	23305	146	7586	15806	13191	0	0	0	0	0	4378	1651	0	3555	0	0	0
SRR1803879	583200	261133	6323	0	0	0	101985	69720	383903	225036	56901	0	310597	172780	625310	155292	0	0	542029	7303	0	0	6875	4786	357796	21893	0	5445	75684	1030434	2303	98166	0	0	0	0	0	0	1415	0	1586	125901	7322	0	16048	1095	0	0	0	1411	461	10116	3575	155887	37839	0	8225	6691	5129	0	73771	2611	14671	3083	935	1974	10219	2115	0	0	326	1544	182196	0	7193	686	0	4566	0	0	0	4367	0	2004	1281	1101	0	10999	0	2011	0	1393	4057	0	14381	1684	90166	2049	0	0	470	1562	5298	59	1780	1280	0	0	1298	0	0	0	65	1259	0	0	0	0	0	0	173
SRR1804615	613467	2022	32111	0	8347	0	544960	119700	315805	1224365	6715054	0	0	1433088	12549	0	105	536	3005085	173886	4163	820615	120359	12974	0	45801	0	11061	456167	1939	17093	149880	2076	368	0	1365	3338	1740	88275	6903	281038	0	58586	0	0	0	0	1273	89538	2873	47536	4851	7559	4353080	0	1413	407	122793	0	265	3103193	520	4520	1390	16152	0	42338	0	0	3238	0	5135	0	17342	261937	0	0	13283	3089	1146512	16646	0	170337	0	658	0	773	0	0	24747	728	8706	0	7269	0	5188	6737	23752	0	0	7612	0	0	0	2173	0	6023	0	3035	0	0	7499	3972	21692	13634	0	0	1960	1318	0	0
SRR1804256	0	0	1001	143341	0	0	4434840	294035	6705857	0	3964156	0	0	0	0	0	231	0	1983821	39625	0	0	10882	71181	0	150547	2899	0	208501	0	3517	168207	7551	0	0	1893	606	35137	16809	4295	0	68323	61773	0	0	6307	380	2032	10223	2970	5681	2901	13512	0	534281	11111	1383	621981	0	195086	0	1752	0	138849	7011	91060	49364	105812	29177	0	3309	46057	637158	18595	0	80541	137696	19201	0	0	1259	866	0	64883	0	4230	0	0	0	28740	0	0	46159	2220	2292	59446	670	24731	1498	4085	2433	27778	38353	0	34968	0	1732	1244	0	205	15253	421	3184	38011	484	609	4716	3747	382	0	3917
SRR1804338	1487437	312463	8151	329189	0	0	599910	87429	877742	2642488	818499	0	894906	0	206138	6625500	0	64526	36	639970	131639	0	337698	0	679098	218516	45211	240	363908	0	10035	0	629	8477	223751	0	1242	0	587806	0	0	0	119813	0	318415	230945	0	13208	311034	18329	28608	22922	0	0	142982	26871	28428	6041	0	0	0	0	0	10723	9790	0	0	186307	0	890	15995	0	0	0	0	0	33698	29786	56595	7617	13297	0	0	35254	109584	241	0	0	4836	5579	1123	0	0	0	0	9322	0	6227	0	30121	8738	0	0	0	0	193	271	0	0	0	2297	0	628	0	0	19055	0	14139	30222	0	0
SRR1804611	741354	374681	1016	0	0	0	5400	56575	6506834	171943	262090	0	126	6498104	98783	2453389	0	334	767155	80539	255	2342	43410	3694	62346	48842	0	0	27231	174981	0	17757	1183	0	0	504	0	0	3198	0	24153	0	12297	128	165	0	0	0	14266	0	3016	0	9745	3385	466729	19217	0	33767	0	172783	971	6735	0	0	16533	0	38405	14370	0	0	1006	0	87938	40	7323	2695	46724	18727	0	59	0	5830	0	0	0	0	0	0	722	5206	0	848	0	0	11123	0	317	53141	715245	0	0	0	0	0	851	0	0	0	3707	0	0	0	571	91462	63	414	192	0	969	4567	0
SRR1804174	118378	530354	10995	0	36361	0	1990305	595506	6258658	8236	254785	0	40135	2451805	38402	773100	0	0	627268	367336	0	0	47957	0	165830	82979	788	5320	174325	910314	13679	225072	1820	384	5210	44541	4369	73666	2998	6253	62243	107290	94155	0	0	0	51795	12244	32448	3593	2120	6952	5118	10709	404654	2661	128697	79027	5708	57678	125146	21866	23152	26567	15838	0	297823	30859	17459	27223	22636	4126	253085	3344	27979	13516	0	99223	45943	0	2911	0	1481	7155	0	0	708	0	1202	24062	0	6992	0	4845	15861	0	262487	57088	0	0	5498	0	0	16995	20176	378	5915	638	0	431	0	368	14609	0	0	0	0	7058	313	0	23
SRR061184	0	86704	44955	118521	0	0	350261	1612817	2944	477885	27703	0	5995	108	51816	45803	0	0	349104	525411	23968	741167	180664	70922	70407	672375	0	111641	2898869	125432	10466	694357	0	344	74136	19337	1111	2668	35386	635	0	0	26751	1643	110377	27113	10699	837	0	2495	3390	2743	1925	14726	233269	767	25548	46177	0	6028529	295833	0	321354	81021	0	68653	586302	165324	0	0	70083	50942	44804	2089	0	1795	69220	36241	0	0	4701	0	0	9416	70446	2090	9473	0	3394	30258	0	5365	378	950	5091	10780	81723	7181	44404	176653	4064	0	0	16658	3761	815	0	0	0	58370	0	2042	5938	0	0	2922	0	7792	8211	0	1166
SRR1804638	383756	4762295	39634	0	18065	56	2269039	318299	5984325	1622419	1120	5427	811256	0	0	9906	0	6115	33176	153474	41485	454	99765	209983	328498	69499	20753	0	66663	376355	0	345	11518	4158	0	17289	0	0	145940	19092	0	712	104219	6798	0	8655	12223	21124	92663	18207	3636	11158	0	0	6220	1888	5653	12100	0	0	7611	0	0	0	1731	639	108054	80464	0	3653	5779	3650	5249	3810	0	579	0	27446	86503	169925	1950	15289	0	0	0	0	0	0	25294	2729	0	0	1045	0	0	0	0	20852	0	0	30503	0	0	0	20337	0	11276	944	0	4032	0	0	0	0	2030	68135	4868	1099	37501	0	0
SRR628277	0	0	494981	22261	5249	81664	390	1959390	2349416	0	1654896	0	475009	0	1254924	0	76504	84255	1752979	15927	411	4718829	287250	351842	689313	1383816	0	430560	711955	5902437	133216	48853	521	130502	0	753441	59219	477184	17714	28513	0	0	60806	571	318970	47827	612813	189647	12817	396393	125609	88141	54939	0	1163349	104269	237591	701746	0	346121	0	35104	24121	2749997	56746	0	498542	230914	72261	340831	64839	1175360	398447	69093	0	44856	0	744621	417588	479392	7694	40658	31236	426149	0	1159	4754	709427	0	30716	16254	180918	0	37524	39615	161489	621945	124746	252935	9480	8103	0	745669	63156	77404	61009	0	15549	104215	2582	577	57506	46811	0	6788	15324	0	0	15709	0	2108
SRR1804539	325362	120422	19603	0	9722	0	1217265	226288	2474677	0	581317	0	169279	5858491	0	0	0	4538	0	146007	3300	0	3073	51902	0	44464	3429	0	27869	0	17271	0	0	5626	0	27092	5509	11847	55081	12325	0	0	53858	0	0	4271	1704	3115	9653	5628	4901	11558	3859	15052	0	4152	25839	2154	0	338242	0	0	1127	0	1226	0	48072	0	0	8069	5407	29733	0	3338	0	0	0	87	3697	49234	2510	0	0	2413	0	0	17479	33454	0	19064	0	1355	0	0	2146	0	30174	14656	51329	0	2613	0	0	0	4848	0	0	2329	0	0	0	0	1039	0	1189	463	0	11187	2216	0	0
SRR062404	1319824	0	69292	0	2411	0	1027263	125716	5746417	84785	385539	341260	0	29130	30228	1634478	27485	495	341794	60158	1112	0	99456	18335	135980	157766	0	2484	257091	1709640	24878	10057	0	12806	3163	19016	18572	8751	88247	2329	0	147129	49728	0	0	0	49984	93522	31747	4679	4275	98023	17090	0	302696	21597	2478	40162	118830	73386	473640	11720	33572	76170	3266	0	114351	3790	0	9396	950	527	297958	6768	0	4578	1160	16162	12271	0	50737	2136	0	0	0	0	0	34429	2215	10381	0	8542	0	5986	13420	12602	88899	21015	0	0	7568	3640	0	0	15916	2986	0	1273	0	0	0	7740	6352	0	0	0	0	1368	7927	0	2324
SRR1804779	128059	0	25076	0	0	0	148904	672483	5356029	0	5718510	956709	0	0	0	0	1473	0	0	41243	257	0	107	3654	0	2581	2143	0	417757	144944	1786	67885	3458	3505	0	5263	0	5627	13661	0	0	0	4277	0	0	0	47222	89	1919	2844	618	0	0	0	0	0	0	191143	0	312303	0	0	0	0	0	59767	35562	0	0	1746	19886	0	0	0	0	0	90751	32751	0	0	0	0	0	0	0	1417	1299	0	8988	14474	0	2384	0	55209	13325	0	49891	0	0	0	0	23768	0	0	12822	0	0	10753	9134	2080	0	987	0	24097	0	0	20940	0	3742	0	0
SRR062376	270522	324803	2909	302512	0	0	5715013	238346	1409379	857599	1689451	0	0	0	54134	0	10200	0	1827639	846522	81	1444663	68666	43024	158849	611342	0	0	273683	215225	6356	51563	0	0	1888927	10152	0	5610	8560	5355	0	0	13758	0	0	0	0	0	1114	10806	5807	15229	10817	823329	0	7154	177548	50890	29977	690121	0	2369	39203	686724	960	28102	20452	0	13374	10388	5168	0	25905	0	0	8711	0	4665	0	0	0	113	0	8953	31411	6817	938	34774	0	6428	0	607	0	33671	2511	23547	87616	7196	63914	3349	1094	12894	0	8893	0	0	260	0	0	0	13242	17948	3067	18309	0	1281	0	0	0	3566	0
SRR1804552	1530970	0	28204	0	9389	0	0	116948	0	0	5495081	0	560136	0	0	0	0	0	0	0	0	0	3208	0	0	0	782	0	0	0	1836	0	6210	2541	0	7327	12437	0	16937	0	0	0	51886	0	0	541	0	0	141047	0	585	0	0	1274028	0	0	0	0	0	0	0	0	0	0	0	0	0	0	0	0	0	70223	0	2442	0	0	0	0	0	0	0	0	0	0	0	0	0	0	0	34207	0	0	0	0	0	0	0	0	116964	0	2436	0	0	0	0	0	0	0	0	0	693	0	0	0	21510	0	28899	0	0	0	0
SRR060364	965421	272757	28911	347262	116874	442086	2444962	308801	5391748	130434	659935	0	0	4544863	12710	1745443	10214	0	1350938	306168	0	1481849	11614	132344	146073	149570	0	880	167251	577031	3675	27836	3242	24713	85555	84980	0	49322	2454	13275	336949	683045	90747	0	19184	0	1003	22291	0	7040	10318	53878	10008	282439	703019	14217	20804	305712	2348	239789	472460	5220	5920	356125	11402	1307	53318	17217	90697	5337	56511	0	166772	3567	40823	0	629	158432	0	0	2502	0	8610	12274	7206	0	2810	36299	0	11404	4980	5082	0	23888	11146	7467	17806	17187	0	2308	3068	12581	154998	0	11836	1401	7536	7515	23	0	0	101	5629	19178	551	0	1422	1215	1077	0	186
SRR060352	518475	346973	31243	1563	0	0	1068141	178732	483618	12704	0	3658945	1579	11384	121543	89235	1744	0	1099389	82878	55736	450748	14240	27752	412016	538624	0	1842	302870	121113	3986	1110	8698	5971	113611	4789	0	22746	3068	375	47478	262065	15954	735	2512	0	55548	970	0	2445	20614	0	12026	438386	568610	12259	389156	2405976	7799	6131	121543	5949	23248	438774	6764	5171	6812	21319	157086	3688	81971	0	193790	230	0	0	712	111220	2804	0	1254	0	63540	82065	0	0	0	8480	0	3019	0	5128	42400	324	7111	10695	35713	14451	57110	1197	1053	9593	63936	1164	7716	1158	0	1407	0	0	3848	1163	2497	2907	3018	0	6819	0	939	0	2716
SRR060356	228793	2415884	39096	0	20865	0	3394218	102551	0	111101	2258396	3047027	300	3032343	0	1109580	3076	0	4139388	69121	0	5378670	18132	120451	727090	107857	365	0	37409	960807	10294	58841	2287	4480	490814	17020	8753	3189	133062	3687	0	0	6277	0	0	1520	21009	33380	74416	4223	13521	0	10161	485812	632062	3835	38252	57241	2424	37727	246884	860	5906	55981	0	982	48420	393	0	9868	273	26311	78	358	172361	18	0	5851	0	183998	8059	6226	108572	0	0	22722	3985	1271	0	6277	8443	131	0	823	0	18588	230654	54809	0	0	0	1541	4918	0	15595	370	32283	0	0	154	0	7002	0	8166	7058	0	0	0	11067	0	5530
SRR512768	183641	0	86003	0	0	0	565709	2435722	1979631	1644571	526384	0	0	1989	0	0	0	0	16097	640512	2055220	0	267691	150561	52968	2680744	297	11475	6446233	1908254	27797	515484	0	8722	736199	219879	0	65669	41987	42626	244070	0	499395	0	56375	0	232029	82918	10852	19214	36468	21418	66082	986596	3788441	39808	3557949	123767	0	0	0	44476	0	1068573	8955	0	286424	239668	0	182223	7668	0	0	109157	0	13128	0	280089	0	0	2321	0	20172	0	0	7162	16257	214775	18638	158234	4619	81512	0	113394	13336	0	62964	165735	0	0	32876	0	0	193268	0	2643	18512	0	0	1644	9910	12728	25052	0	1558	0	537	0	0	0	6416
SRR1804173	427730	0	5434	0	0	0	5122124	216583	4650658	0	421250	0	0	0	1400487	167	0	0	1307810	159295	490	0	24433	38033	0	527670	0	92404	370240	0	1551	23667	455	0	0	6491	0	8003	6715	0	297678	0	1940	0	16994	0	6265	0	0	10152	249764	0	8384	297479	0	25912	403609	200845	0	38606	0	0	119886	711135	1403	10492	43806	110710	76851	0	24458	58005	275945	1687	0	2081	0	352015	0	0	0	398	9737	34737	0	3489	817	13184	0	15709	0	3247	38885	45042	2916	10400	76756	8397	0	0	809	20864	21557	46865	0	0	0	229	11368	469	1349	6592	1240	37920	328	7003	773	1129	2820	0	816
SRR061236	573983	463029	14169	3008	0	0	1169148	58227	4628973	47096	5080796	0	798492	3354365	66129	1297993	0	0	370135	32233	71237	1336413	21088	0	135833	150476	0	0	146585	0	0	8352	890	3074	0	18674	0	0	12050	0	57787	66885	12494	42	730694	47645	56536	8467	0	5641	6250	0	24692	2295384	142860	0	36629	320540	4966	0	306106	1555	0	0	361	0	159924	55612	0	5400	2484	0	144508	0	30519	29033	62261	16887	0	0	0	248	25176	0	537	0	0	7447	0	5757	0	12203	0	16300	6964	0	0	16746	0	251	990	0	19287	0	0	0	0	0	0	0	0	23208	5047	0	1344	2709	0	0	0	10793	0
SRR1804305	133037	79147	30102	0	6440	16086	987532	565381	5003095	948582	1711885	2010233	0	3243259	65057	564678	0	14962	1101940	389162	0	1368	19734	137792	170256	21603	0	1204	164096	442416	5984	58384	0	1264	178504	4717	0	60798	5675	198	0	0	10063	0	79781	0	0	0	4799	946	4647	11029	15571	127659	0	9183	6561	123932	1392	143523	0	3115	18693	138	3516	9164	46565	2557	2098	7224	9618	0	246287	490	0	0	78146	8389	0	0	103	3150	289108	0	0	0	0	14649	4829	8847	0	4440	0	5330	16152	6170	32791	9174	0	1190	1076	10943	0	0	0	0	1196	2564	995	185	0	519	842	3835	4541	5667	0	0	547	709	0
SRR1804121	87369	19677	19675	736303	0	0	1384610	345452	3422228	154681	862646	0	128	4975039	162659	2605922	0	17811	286727	17267	0	259171	26087	40734	77987	174529	0	0	154351	387186	21964	20783	1117	8521	0	86186	1991	7761	79862	1798	343386	0	23968	0	147494	4754	14003	6928	19832	25926	23856	3783	3498	119088	0	989	17463	23904	0	39515	672829	0	0	115462	0	0	8947	3689	0	24319	3736	3271	10519	11800	0	437	78472	20482	0	0	2435	44512	1381	0	0	6266	0	0	0	9173	940	2297	0	11120	0	8100	174	148	61499	27941	2360	2800	0	0	10454	0	887	0	0	386	0	453	1020	3270	0	996	0	11985	8078	0	92
SRR1804286	0	0	2737	0	0	0	0	106642	4959844	0	0	864860	0	0	1736623	0	4003	0	0	27192	0	0	6541	12842	0	59210	0	0	2678	0	0	0	0	0	0	5204	0	0	12169	0	0	0	36156	0	0	0	10736	718	3137	485	269	0	2736	3017795	0	1196	4621	1726	0	24264	0	0	0	12229	0	0	9445	0	0	1725	0	2912	0	0	0	0	0	0	0	38006	4762	1430	0	6746	0	6987	0	0	869	8215	0	0	0	746	0	3280	25039	0	0	0	501	0	0	0	0	0	0	0	0	0	1226	1775	0	0	0	0	0	1462	0	1132	0
SRR061499	525510	1116363	19486	0	0	0	4944524	416974	334881	73357	0	2166823	0	103900	507405	361416	3460	4386	1208905	221723	3536	1663753	54671	29033	0	299685	0	617	399549	236371	1596	17997	0	0	1542598	17239	0	1264	23683	1623	103522	0	136731	0	102471	0	45185	1489	5156	9488	11818	19615	4032	192588	358370	3781	214092	134544	9460	272797	0	904	1557	316083	10404	0	58084	76267	10999	3843	3358	56973	237435	13526	93944	5812	0	32502	96936	0	975	4097	51778	0	69926	1552	0	31792	233	6675	0	66012	253131	7932	2778	6158	62872	26463	0	2953	15196	0	0	23770	6704	2513	21004	314	703	0	890	0	4995	0	2450	3172	1630	583	636	0	3889
SRR1804168	0	4938232	14106	0	0	0	2781028	176254	2803	0	3194333	0	0	1298923	0	799489	0	6548	154	34225	445198	1599909	3614	49423	244091	73334	2641	0	46679	0	1950	0	0	1580	0	9040	238	0	13482	547	0	0	93213	0	0	2309	136606	4518	4308	1842	5094	2512	0	2032670	0	0	4877	107949	45483	0	588	0	0	19428	5672	0	9328	63518	0	3840	14328	0	58711	79	0	0	18191	3125	0	0	0	112	0	0	0	0	0	0	0	14785	88	0	0	28504	0	0	0	10138	25284	0	1293	0	0	0	3648	0	2206	2580	0	0	0	3827	2233	0	0	0	0	0	0	0	0
SRR061903	615487	77045	29996	38885	0	0	1560525	91151	4911045	0	410874	0	268903	4870736	1006133	214637	144	0	1358599	182095	0	29086	14036	692431	222873	434363	87	0	443206	0	2785	2622	687	2211	0	2455	0	29165	2799	0	123020	0	17058	0	233140	0	53202	812	0	9092	4069	4258	2416	646767	545166	137962	169537	8950	3312	159689	774850	55	20462	45543	0	0	1000	41137	0	387	117	24694	445039	2623	0	16529	216426	54188	0	0	667	0	738	11963	23744	0	0	0	0	8070	756	8460	0	26002	10747	3713	81312	23635	724252	4530	2554	6595	72974	0	3665	0	17409	0	9349	640	0	0	183	16556	0	15522	0	1157	2853	0	0
SRR1804492	87512	120907	5118	2137	1393	5560	427213	150665	1639215	55895	19084	0	0	1518077	0	64685	0	0	1041296	249782	186795	2257	3779	26766	138659	1028425	0	4219	741892	91684	1585	18199	16128	1874	0	3129	0	2228	2650	0	126176	108080	3483	601	0	0	208072	0	1327	6085	322683	4056	5279	0	563297	16424	155291	140631	225007	57338	202786	632	4668	477336	2020	25022	3008	210081	0	3362	1231030	124709	332238	0	0	0	5589	62261	0	0	1568	0	9514	1e+05	57085	0	85	10274	2214	245	0	4321	0	1316	2364	39519	34788	18527	0	7945	976	0	0	6478	8349	212	5526	0	427	515	0	0	7184	1151	0	1254	0	0	0	0	0
SRR061919	111329	3169185	38830	0	0	0	4856604	1429394	3629488	12148	463747	2664135	0	2985540	20129	100574	3431	0	881795	510529	0	9634	9300	117848	218265	101675	0	85897	82922	0	8547	111502	0	12420	2320	13091	0	5569	9220	381	102667	0	17036	0	230660	0	45059	11211	0	2882	3288	1012	722	1199370	531244	6529	580	20903	985	321028	380437	3182	23834	249843	475	0	44566	31127	6939	9017	966	11789	43132	1248	13795	381	26032	21070	6531	13213	309	5004	27282	35259	0	0	0	31289	624	10850	383	3018	28413	11506	1546	0	213822	9829	0	4355	670	11272	0	0	3975	0	1131	2231	88	1701	0	1630	899	10893	88	0	0	0	422	41122	196
SRR059422	255466	143770	9744	0	3500	0	4581573	22289	1417238	472320	2180048	0	100848	762069	25954	1573193	518	3681	1803458	8980	0	1803798	836	29793	107451	2504	0	0	24917	550485	1170	34948	0	2576	348365	1978	0	673	3078	2720	59434	0	23691	0	0	0	0	4718	0	1657	368	271	3399	166529	276099	2088	5336	150381	6858	0	0	809	0	28797	0	17836	326	32382	3048	1222	4601	0	17113	1932	18134	27345	0	5933	0	57022	613	29	11139	19194	0	11406	0	0	0	8057	45	0	0	5804	673	5554	1439	7900	0	0	222	0	0	4947	778	351	0	2058	55	290	42	0	1021	64405	1059	0	0	128	626	0	0
SRR1804455	609671	0	31744	0	635	6239	763344	393925	4619547	0	1116687	0	0	258934	0	371065	15787	0	0	186446	0	0	12998	105658	0	417588	0	3901	138864	411814	4792	27664	0	135	0	6571	0	13267	13036	3827	0	0	92721	598	0	0	10467	0	1013	6352	3442	11147	5631	0	0	1376	666939	140587	580080	127438	858245	8144	202359	32881	2095	22530	86163	34290	591	2245	1889	0	78451	12393	0	36126	8981	20163	1101	0	2388	693	0	0	0	2850	971	14484	0	21690	0	8545	139363	12755	0	1198	3694	24487	352857	2147	4807	16671	3799	0	2086	0	3851	1044	0	117	0	1762	1861	0	1869	0	1133	0	0	2241	3395
SRR1804156	0	98345	73382	96988	1783	0	1270291	374253	0	451252	508512	0	20705	4588052	116501	0	5132	626	516446	283783	4028	3112159	36947	38026	257299	130932	2563	0	260883	397805	28703	15655	363	5954	0	13272	3132	37118	3545	1237	206184	0	30957	0	0	4265	1287	3877	8025	20906	108489	0	4223	1224532	0	10478	62360	51110	2030	137613	0	540	24436	269578	1253	10591	42753	109353	687	13138	0	30650	0	3903	157541	111857	0	12652	0	6389	5107	2195	6465	913	0	22004	4463	0	2754	54884	4055	13561	0	3085	8837	44363	1497	6446	127483	4287	5468	0	46807	0	60184	0	1980	8055	334	4573	0	23036	0	16565	520	3347	0	851	8493	0	388
SRR1804314	405672	0	25322	0	1012	380	614973	146876	0	591891	4258372	0	40798	0	19332	0	861	3104	0	49625	0	4179024	14616	6024	0	20441	0	0	30033	646068	2303	2114	0	429	0	6456	0	692	27600	7949	22622	0	50653	0	0	0	2438	1184	16841	266	0	14139	2917	1228958	0	53	132	27634	0	0	0	16910	636	0	3752	0	463	0	0	4005	5530	45147	94370	352	25390	0	63024	5478	0	0	2050	0	8261	0	0	0	2786	9355	1755	4916	0	14651	0	5562	0	0	25517	7697	156662	1762	1466	0	0	0	4538	0	2302	0	0	0	0	2100	0	8346	743	0	0	985	220	4432	0
SRR1804489	0	0	2792	7852	0	0	1896605	249309	4194929	18566	1379006	0	0	849768	0	1141819	0	0	562813	190242	161816	34543	17485	45035	71497	73484	985	0	67703	274114	2234	32840	0	0	0	2641	2975	0	65353	0	147541	0	40105	2197	23738	1034	21526	0	176	3177	86252	0	4280	352956	141045	0	10787	33287	0	820564	0	834	0	48639	413	0	4678	0	0	0	6686	4570	0	14126	0	0	83000	2400	3320	0	0	0	0	6737	0	7068	0	0	0	35952	0	0	11852	7242	0	8404	38072	11800	0	0	2261	0	0	0	2013	1376	0	791	0	2655	0	0	0	0	0	0	0	0	1348	0	232
SRR060362	0	348347	105751	82474	117	0	202423	342448	718323	0	339130	0	0	235601	0	509156	8926	3855	0	4190	0	0	0	30027	0	864954	1152	1336199	148971	2129927	0	0	0	5148	0	0	0	1971	857	46577	0	0	31376	0	219093	0	8159	9472	3139	1753	28996	57407	23987	346950	0	686	549511	148538	0	376620	0	14947	13368	41730	9879	0	37620	167045	0	153	111234	11715	0	10153	0	0	0	28612	0	1084101	12936	0	0	0	0	0	11323	0	0	11693	0	118702	1180	0	5730	8725	5243	55497	0	0	4813	0	442154	7390	1012	3559	26575	8334	0	807	0	0	442	209	0	53486	8998	0	0	0	0
SRR1804293	244462	1441644	15747	447	0	699	1241707	77161	4034175	26824	399	451142	0	0	0	946726	2501	176	750340	122493	0	0	17870	2992	137210	12137	0	0	50085	72132	0	0	911	2073	0	18245	0	3850	9485	4372	13644	191254	26635	0	0	0	18977	1018	6869	5268	1143	2439	2812	326301	147923	4601	1441	8867	7746	5402	206850	10633	0	8097	0	2277	2407	4097	0	6894	1961	2590	33391	3130	17318	0	0	4154	0	0	487	0	18487	0	0	0	0	35583	0	6541	0	13624	300	265	0	0	18981	3869	0	371	1795	0	0	0	1494	1241	0	0	0	0	0	3917	1571	6837	1043	3970	0	0	1654	963	0
SRR1804299	105033	0	42276	0	3464	6393	1049444	394947	4010848	146462	320239	0	20274	145911	60520	22889	31830	0	172483	83373	34379	0	34716	40974	154578	192685	0	649	377074	560970	38364	2083	0	15329	390148	78501	1087	37410	10091	8055	0	29299	14822	0	239773	0	135536	6223	801	16798	7227	4528	10872	62275	223718	6289	46668	263456	0	164205	0	1214	217092	292470	9876	63330	31045	91859	23118	11793	10905	222294	36671	271	0	2334	0	145466	648	0	437	0	7767	27755	138340	0	3910	15179	0	3405	0	14163	9052	7262	0	8689	126761	12952	0	9937	4678	3503	44165	8309	5465	674	0	0	71	660	310	3596	6453	4290	925	145	6572	0	0	4706	282
SRR1804107	17419	0	400	0	39949	0	2048	6768	3925750	0	1892705	0	594659	2862	0	0	0	0	0	120127	0	0	29199	21448	0	4064	4416	0	0	19770	0	0	0	0	0	713	16878	28	68378	1971	0	0	31999	482	0	0	24671	1026	26952	0	418	18861	0	0	0	0	20657	0	0	0	0	0	0	0	15532	0	4339	0	0	0	22695	12082	0	0	0	0	0	18196	0	28343	378	0	1868	0	0	0	0	6994	3626	23224	0	0	0	0	0	1758	0	12962	73096	0	1342	0	0	0	1337	0	0	2742	0	0	0	0	0	0	4439	233	0	1209	1313	0	0
SRR1804618	501278	372749	26883	296573	0	0	3860636	455383	675964	34518	1036221	909722	37556	1078850	417196	111335	0	0	0	422970	25514	637699	3381	224817	132693	177277	1032	987	637076	226650	3895	31072	20923	1161	949044	15616	67	36684	10022	9560	203157	0	31549	0	0	0	473409	18587	5747	12583	49562	7159	20599	38351	576296	0	81660	145466	0	335979	0	0	1138	17549	6868	19063	114132	42986	27365	1034	625	327404	142458	13419	0	0	30529	191423	55535	577	207	2174	37638	119224	35988	760	0	53341	3141	0	3316	2347	0	8193	0	0	1020	74350	115199	2985	4063	0	123464	0	0	422	0	18829	37	1167	44740	0	6143	4084	0	0	39179	925	1421	0	1217
SRR1804756	509833	0	9408	0	0	0	751422	147992	1225822	0	3799260	0	0	0	0	680849	0	10709	0	43420	0	0	174448	0	36822	5238	59	0	10198	0	3773	0	566	0	0	1217	26086	0	53956	1049	0	0	0	0	0	17622	53057	0	66377	0	46	0	1798	664255	27769	0	0	5714	9821	0	0	0	0	0	2849	0	0	0	0	3223	0	7081	0	0	0	0	0	14563	0	0	0	0	2797	0	0	117	0	0	3648	9131	0	0	0	873	21015	0	29073	4553	46142	0	0	0	0	0	0	0	0	0	173	0	0	0	0	0	0	0	0	0	10655	0	0
SRR061205	444204	0	35302	251983	684	6416	164253	797230	868268	51700	161932	0	0	248779	5204	223972	9350	10736	1221545	185737	0	0	48062	201046	316489	121710	0	919363	396373	532579	4451	40333	0	6989	0	19841	0	12486	5979	0	115978	78496	6253	224	357043	0	24408	0	4580	934	13776	21825	21960	52467	235755	22070	181219	218634	9120	149311	494428	3425	12959	594818	8614	51839	282976	47599	23765	6701	71994	206891	708201	0	5957	2813	0	52745	146016	506025	271635	0	1229	108331	185	0	2618	124015	1322	810	532	42320	0	7213	55284	197584	140682	35304	0	279	115	31727	8160	5134	24731	2103	1395	2761	0	0	3137	8657	1558	4533	0	0	2155	2408	0	8306	4878
SRR1804586	0	16823	76941	0	0	0	1473430	1005091	3762930	0	1669580	0	0	53	0	1861156	0	28109	0	914286	0	0	35926	40262	218997	120143	10512	0	80819	0	0	180225	14085	54009	0	143334	68978	0	41521	66180	128113	0	49552	656	140670	407	43944	99833	58611	12161	76375	0	10574	0	638696	0	0	0	0	35853	0	0	0	787	0	0	0	65125	0	0	17416	0	0	0	0	0	0	11447	0	49421	10237	1946	156320	46053	0	21776	0	132337	12768	16194	0	0	0	73962	0	0	0	38635	0	0	0	1219	0	0	0	470	0	11704	0	0	0	0	0	0	5594	0	13335	3466	4263	0	0
SRR1803320	204514	0	24133	913	0	79	445151	153078	3732364	47368	126977	51566	2903	0	96514	205881	842	0	371456	58571	2861	0	3587	12199	75687	38415	0	10290	103453	168916	326	0	0	131	1209360	28204	0	15437	1789	0	63156	0	15330	0	0	0	60011	0	163	47	5618	8598	3194	102991	201714	5054	40212	83550	1619	0	113007	1630	34704	183308	0	6737	57764	5211	150840	4017	1740	3746	115872	9732	17514	6628	31691	8473	1387	3845	0	3583	22977	0	55687	0	0	0	118	6908	0	840	14455	2272	3700	2206	43679	15623	13133	0	1305	5422	7458	1904	1200	0	0	0	3944	0	0	0	2251	3952	0	0	232	0	311	820	230
SRR059338	1966557	172615	34835	0	0	970	1584495	8865	658267	207146	357506	263199	0	888545	10914	0	5639	0	855125	12292	0	3654695	719	19135	128101	55159	0	0	47283	1108456	575	0	0	0	2267872	31083	0	5366	141	0	42909	331635	3217	0	0	0	7255	428	0	0	0	7774	966	614764	155306	6118	2088	40424	10388	43211	268807	2476	3103	19965	475	365	13596	5215	0	18988	0	19644	15158	0	9351	962	61271	6818	0	0	0	0	0	0	0	0	1290	8557	239	4157	384	4930	0	0	16981	6859	1555	2158	0	0	550	248	0	0	9727	0	0	1062	0	0	3635	254	610	0	21	0	781	0	558	0	59
SRR059424	225089	72548	15307	210493	3785	5100	1681742	139532	2233424	1830978	26401	2151800	0	811352	23577	65252	0	0	1420977	0	0	0	23331	640	93890	168809	0	115161	380309	0	6417	20881	26218	6700	145946	3854	0	62427	12343	4155	147753	55493	20168	2120	0	112	31825	159	1268	4402	10525	1258	4332	271949	236399	1456	177112	192348	6954	64842	469467	1043	36492	432642	227	3034	73456	8903	10371	3374	3243	101042	87970	22300	16557	7066	105696	33580	10813	0	3418	5333	637	61507	7064	0	0	0	2120	7403	526	11952	0	18833	11147	61428	23524	32845	0	0	637	20749	0	2726	4037	0	0	6243	0	220	0	0	0	0	6116	0	1001	559	1737	0	323
SRR1804557	96707	281215	4105	161445	20	3989	1320637	249474	3559805	0	163039	0	17546	1093281	155989	229135	3932	0	468618	418712	2059	0	0	69227	83968	158026	0	1324	173587	654872	2689	29390	0	347	131351	65239	856	8952	3693	2579	304356	0	22536	347	84389	0	0	5036	0	3301	3452	9002	8657	31938	0	2616	139099	119639	95	19810	461960	0	135786	424620	5156	9441	75477	34208	31984	101	4070	58687	82122	4099	0	811	21640	51271	41872	0	2002	0	0	83392	22506	904	2943	8846	568	3637	221	3327	8325	52858	6716	0	0	5394	0	2412	279	48213	16580	0	3662	0	402	3640	8306	66	24990	3141	8914	0	86	0	0	0	0	0	0
SRR1804541	0	0	10712	0	56419	0	1020642	406661	3394051	0	2420825	0	0	0	0	722724	3415	0	0	323077	162	0	36896	173952	0	34066	0	417	92334	516710	2266	74725	907	3447	42545	16560	0	3562	28149	9068	0	0	46884	559	142055	0	30282	6608	5124	9690	779	0	3759	940590	0	5381	1701	130995	0	0	0	2973	4822	54287	0	301704	115923	59766	0	733	20192	9661	0	28077	27522	0	0	8865	0	113935	3628	0	0	86207	0	8291	0	0	0	0	1995	18249	0	1644	12502	0	177004	12895	0	0	16259	2252	0	0	0	0	1204	4104	0	299	0	3934	3192	0	0	37	0	7257	2413	0	0
SRR1803864	154497	60952	32231	0	0	0	540060	129709	345398	283054	439348	300113	0	0	0	0	2513	6631	36601	2186492	0	0	414911	14135	17968	253858	31353	1422	123918	74752	70142	1470400	315	8621	0	40986	20557	725	355090	49533	0	0	163399	1579	0	1766	280	10504	37999	322253	64045	7235	86374	179778	67728	28051	109200	40983	485	0	0	0	2020	1805447	0	0	0	112692	4476	0	2498	9704	0	3643	0	0	63737	246166	5592	207	100839	22818	20962	12444	0	11645	11945	1677	7246	6431	0	0	0	153455	0	88468	8670	12588	0	0	91	0	523202	0	11147	4879	172	5264	0	13392	0	4851	0	0	0	106957	0	32671	29282	0	0
SRR1803862	0	0	21855	0	2577	2847	2051757	310475	2700281	107353	3276432	0	100800	826101	266636	232037	0	5627	277090	76471	7034	0	7987	47490	77211	199326	0	0	111231	227867	421	26097	1397	916	0	16805	0	34813	1143	1155	126344	0	29477	0	0	0	37190	6135	0	1888	6107	0	9994	367535	944133	16948	93030	121986	0	106003	473080	0	2088	49076	4009	8983	52666	77761	1316	3455	2349	0	157334	17977	14138	3493	48036	19581	0	0	0	0	3601	131264	0	607	0	0	0	8497	0	659	0	61984	0	0	0	11789	10170	808	2709	11176	0	31612	2343	0	906	3754	2366	0	75162	0	0	3688	0	0	8875	0	0	2641	0
SRR061484	326111	0	398365	0	52759	26701	1535612	1227091	3027747	52054	455929	0	0	0	0	483576	206362	1227	180147	3221338	11220	125705	250324	67765	203603	126474	0	1241	216533	580516	81930	33651	2417	68727	0	406406	45267	66099	12584	204162	49041	348793	36981	1517	220124	596	285815	198831	6984	48021	99379	49891	33651	6029	123606	56439	22232	15751	0	17085	0	58057	2353	125	36299	6374	27212	2741	0	78965	5810	110652	203350	8297	512	12264	96780	68431	11490	0	1643	0	539	0	2804	191	26054	0	3545	9900	1884	61245	0	3753	40323	0	11761	41179	7395	1639	2353	358	0	0	12999	7827	0	13935	0	670	0	67361	35009	0	5169	0	0	1989	0	33341	324
SRR1031109	23537	7971	890	0	0	3587	49171	53574	56098	20880	674	0	0	639	18863	10587	0	0	59782	17710	0	1817	1407	13270	29443	8289	0	0	44645	37696	1575	1862	0	0	0	0	0	2661	594	0	10349	37063	14777	0	3921	0	19468	0	0	1406	0	0	1023	40068	20647	270	7986	28178	9669	17674	27467	0	4342	87760	0	0	240	41446	6418	0	0	13990	26458	1204	2326	37	0	2505	0	0	0	0	473	0	0	316	0	5555	0	2345	0	690	0	198	0	0	2288	0	0	1811	266	0	25873	0	387	0	0	0	1292	256	0	802	0	0	0	0	0	0	0	0	127
SRR1804171	308129	31045	17301	0	599	2470	79067	682365	2862956	401215	216737	290638	0	438373	336366	284888	15917	171	885970	295864	40607	0	9235	23996	175597	34848	0	1052	180040	1142181	2518	24870	0	0	144936	14762	0	1030	9385	5103	120041	0	104067	0	0	0	3228	349	7986	3051	15016	54670	5378	5070	382405	3223	100220	57455	485353	0	296872	0	216615	997	0	8234	260673	14091	11736	2024	418	18815	187187	3975	47385	0	1544	3041	0	0	1657	1813	21753	0	0	0	2206	12616	2341	12175	1267	2116	0	2230	781	1586	19654	23644	77320	623	5345	0	0	22863	2932	331	0	1183	0	13	0	0	585	499	4342	0	0	0	2452	0	2730
SRR1804184	187055	0	11225	548575	0	0	1994417	151077	768	0	1296907	0	0	0	791124	405806	0	0	1345614	254104	140855	2946919	0	0	86495	56972	275	0	36212	0	0	0	0	107	1176389	0	5227	0	26480	0	0	0	57993	0	0	48525	0	0	8263	13256	13726	0	1884	0	130096	0	15914	269969	23636	0	0	0	0	145383	0	0	142521	0	0	0	8850	71293	0	1520	0	11003	78323	29081	61710	0	0	493	0	22718	0	56729	0	0	1253	18880	349	0	81356	82878	0	0	0	15547	0	8964	399	0	0	43797	0	0	0	1841	0	0	0	0	0	265	0	0	5043	0	1207	11703	0
SRR527881	156798	182316	740	0	682	0	112935	2679	2902776	1144	0	0	0	0	0	19634	0	0	0	7054	0	0	375	0	0	0	0	0	4669	0	0	632	709	0	0	0	0	0	0	0	0	0	0	0	0	0	0	0	0	0	0	0	0	33981	0	0	0	0	0	0	0	0	0	0	0	0	0	0	0	537	0	0	0	0	0	0	0	0	0	0	0	0	14823	0	0	0	0	1725	0	0	0	0	0	0	0	0	0	0	0	0	0	0	0	0	0	0	0	0	0	0	0	0	0	0	0	0	0	0	0	0	0
SRR1804119	369063	392751	10338	865684	0	0	0	365158	0	0	313753	1410297	5993	0	158161	0	0	0	269819	279433	0	2860623	22077	0	52262	29478	3053	198689	31933	0	8204	162034	16345	713	0	2748	14672	3321	14085	353	0	0	143467	9186	47945	682	34022	957	51873	3209	2697	15741	37746	1046884	97128	3425	0	72948	10997	1653193	0	16793	4581	28302	5948	0	99998	125647	0	3792	0	0	0	54823	0	0	112193	10576	0	0	4602	1075	0	15033	0	0	317	0	6441	29046	2290	0	0	97336	0	6290	3751	45765	46408	0	3262	0	58256	0	0	0	3436	2239	0	0	0	0	0	4565	716	1541	0	2611	4345	0	0
SRR1803355	245920	69557	75866	0	2601	0	961101	134211	2760092	211617	131600	0	0	148876	78920	760071	28769	0	306275	1467478	0	86731	253562	136573	0	215691	0	9651	86824	510092	29301	228811	0	11143	67724	17510	4170	15206	34256	21573	0	131881	112868	0	0	0	11829	2758	21565	19538	12373	35570	36302	402867	0	9768	56673	34563	0	0	0	0	6955	1017	21519	0	4922	0	0	28489	470	98101	131275	14597	0	0	0	48486	0	0	992	4355	2240	138	0	0	0	73461	4647	5792	0	9957	0	7644	0	0	161719	10590	0	0	4222	2142	0	0	0	3065	0	5137	0	1580	0	18420	9068	0	1563	0	2236	5511	2748	884	0
SRR1804769	269246	1090750	915	0	5206	1121	301826	17038	1125	0	1922133	0	0	0	182666	0	1018	322	805357	17540	0	2295205	7366	5081	54278	1723	0	16157	108552	2741622	7385	19555	4565	0	270046	0	2672	0	3965	0	151228	242391	93186	1628	707	0	23102	0	10496	0	2479	454	7695	861089	565776	0	328	398	60809	0	0	12832	9201	27510	0	0	878	0	0	38302	0	16312	273795	0	0	0	0	1184	0	0	1105	1863	2844	0	0	0	0	0	0	10753	0	0	0	793	0	3747	18830	0	26557	31756	1329	0	8591	0	0	310	0	0	0	0	0	11700	0	476	539	0	0	0	638	319	0
SRR1803344	314346	0	77493	0	41405	1560	0	42652	0	2094475	0	0	273757	0	709455	0	598	1686	0	77796	243	0	12262	269572	0	98616	0	1317	59169	0	455	874	0	2978	0	1232	12329	0	39145	0	0	0	2070	0	277011	161	0	0	13880	4531	7532	0	11465	0	102091	3129	2053	4057	0	20597	0	0	39203	2296	0	0	5043	0	0	19279	1101	3339	115105	0	0	0	0	2229	1101	980836	1726	2703	0	9889	0	0	0	0	1053	0	1067	0	0	12803	0	31323	600	15335	0	709	0	0	1084	1736	604	369	0	0	186	0	0	12849	0	1463	0	4176	0	13212	4058	0	0
SRR061181	0	0	46088	1253730	7297	16591	820898	752000	0	885415	1361624	0	779490	0	0	768538	52900	78501	1385415	2016068	8156	2667596	67836	530804	143568	498845	0	0	1058958	447372	66567	89541	295	5447	0	99276	0	107606	65193	0	206523	0	84262	0	312648	0	2668	5669	13701	32832	2505	46314	10564	491189	200407	53564	99958	43379	10135	150911	0	7820	0	153199	4155	79409	13313	1460	13171	42617	18447	0	174999	7832	0	2193	0	20653	0	30213	29475	0	90017	157904	101195	0	0	24126	4109	15626	5720	15331	0	962	4996	24402	368962	20001	0	13578	9114	31093	27259	25501	5796	2585	0	760	1405	2581	0	10724	15020	0	1600	7579	1828	3450	6795	9125	642
SRR1804623	0	1346496	43768	0	0	0	2252747	40186	2587992	155525	0	0	0	0	0	0	0	1589	0	176933	0	0	152922	3683	0	12559	3001	0	0	0	9979	24695	5047	2680	0	17482	95708	0	362	58271	7422	0	14911	348	0	26152	0	0	17706	357	8504	0	2079	350610	0	13232	0	111030	0	0	0	23513	0	0	21655	0	0	0	0	4856	117989	0	0	0	0	0	0	11801	0	16192	0	1002	69991	0	0	0	0	0	0	4749	0	6800	0	0	0	0	0	4637	0	0	0	0	0	0	0	0	1091	910	0	0	0	0	15348	0	0	0	0	287	989	0	0
SRR1803917	633181	6196	6257	0	1715	22273	717577	178398	923292	269931	2577115	0	0	514093	41641	423828	0	0	477673	208479	0	726265	2095	14321	42459	151682	0	0	78535	479574	0	7530	439	585	1466	19965	0	7448	1924	0	139097	0	17007	584	97497	0	0	8464	4612	0	6290	0	4008	0	52088	1389	24349	2031	0	328407	188020	6677	2393	57797	0	54085	59444	0	303	14292	345	0	69470	4367	87015	0	9059	19197	0	6812	1245	1184	0	50314	2378	0	0	0	0	4812	0	2778	0	3035	0	13303	0	3129	0	0	979	25781	5484	5075	2257	1442	0	0	0	0	2854	17301	392	825	0	0	1702	0	0	0	399
SRR1803333	218591	0	43435	55700	506	12065	607242	663510	2549310	200195	93195	960315	0	585330	148050	157321	4476	163	514502	24411	2226	0	14741	120187	240376	154167	0	1960	209599	446617	1829	47328	3146	11869	434	397	0	27368	4536	7355	52683	0	1895	950	150786	0	1639	1991	0	4949	5713	1843	15344	119371	188025	19499	95483	8798	701	2313	146583	10044	129825	450250	1660	17289	30946	109191	0	18814	18171	0	70947	0	17233	7086	26230	59467	0	0	17730	0	85592	62187	14883	210	2529	0	0	3726	1174	7059	277545	32371	11842	12774	13727	8403	9456	649	0	0	0	3025	5722	518	0	436	606	3576	16285	296	1182	14520	0	4679	1142	0	0	3383	773
SRR1031102	38007	0	15213	33	0	0	69771	64315	484759	0	38643	0	0	118911	23311	0	0	0	229272	3179	0	0	3458	25189	16771	4792	0	594	19126	81789	2150	7211	0	1526	11880	2733	0	0	0	0	27134	0	10906	0	0	0	1716	0	0	0	213	1687	0	14373	35707	1265	0	4901	0	17132	0	0	0	4494	72	4451	6558	3813	1833	0	1409	62308	0	3570	2461	0	0	1967	2578	47933	0	2906	9369	3547	0	0	0	4345	0	2595	0	0	4138	370	1282	2247	18321	1942	9481	9929	44	6713	8442	0	0	0	720	3061	0	0	0	0	0	5277	0	0	0	0	0	0	0
SRR1803883	336207	0	1073	0	2527	0	149797	22226	2439637	18996	0	0	90247	0	0	526674	0	967	0	39986	0	11967	0	0	19882	398	40	0	436	0	0	13456	207	0	0	0	0	0	1703	0	0	0	15012	0	7820	0	0	0	3843	0	26	0	0	0	167914	0	153	0	0	9253	139596	0	4002	46477	0	0	140	7272	321	0	1450	61702	0	0	0	5300	0	0	0	0	1010	0	0	401	0	0	0	13229	0	3452	0	0	0	1505	0	0	10578	1047	0	0	0	0	0	0	0	0	0	0	0	78	0	0	0	0	0	0	0	85	0	24614	0
SRR1803339	15897	93786	53958	1062	0	0	22455	106034	2414757	28067	0	0	0	69109	10626	0	0	0	163098	3143	0	0	763	50520	7752	82217	0	14687	115773	141222	0	5363	11350	779	0	0	0	7928	4184	0	0	244116	32066	0	117898	0	3804	0	1489	0	8919	0	0	20095	83481	1480	15949	6552	0	111001	0	1447	0	65085	0	427	62881	5583	5135	0	194	29237	112008	1323	10011	476	5262	9504	0	47245	1366	197	0	2247	10428	1683	0	773	0	13855	0	0	5670	2202	377	2820	0	426	0	0	525	0	1026	0	0	487	0	0	394	0	0	1240	0	0	2441	0	0	0	0	0	0
SRR1803892	0	262216	5384	473027	0	6316	2349096	249866	902039	0	1180289	0	107586	0	0	0	0	0	0	7294	66483	0	2592	0	0	11588	0	204	3767	170175	0	0	400	0	348948	494	362	7978	20866	443	0	0	131917	827	140489	132	4287	34	146356	2815	12023	0	0	5063	0	0	2955	68	0	0	0	0	0	2651	0	0	0	36747	0	0	0	28075	0	41890	0	0	17655	6336	0	6901	3852	0	0	7136	0	0	0	0	158	0	0	0	0	3863	0	0	4708	20237	0	5655	2377	0	126647	0	0	0	573	0	1809	399	51	0	0	0	1172	589	402	208	0	0	0
SRR1803365	159240	48606	47762	132465	8606	7768	789070	220956	2299876	713692	2313307	0	85033	0	0	1519164	5728	9277	498409	325639	3351	0	14799	236319	161671	73314	1096	2643	174815	0	15256	8120	2943	7606	0	16984	0	31745	17124	1444	37721	0	25456	0	97862	0	81884	28146	4016	6341	2673	0	9037	0	207518	7599	1479	190584	17687	0	0	213	1849	8858	24321	123966	37464	39388	54357	22290	0	0	94678	1878	0	0	42976	318253	0	0	11154	0	0	205188	1145	626	0	0	0	2432	2512	6898	0	22087	10935	26164	60321	4787	120443	0	3662	63196	0	0	0	0	3813	5523	243	0	42	2431	659	101268	125	0	6481	1652	2443	3612	0
SRR062375	107657	467855	11629	41079	394	3126	2264483	402322	607436	185267	215477	660912	0	53859	324271	187331	1059	0	617457	38119	38865	17321	19009	271510	141379	466396	0	68879	1881728	610824	178	5754	1623	0	0	0	0	0	3758	0	287259	32363	0	0	22610	220	2493	0	0	3902	16960	182	4748	398561	374954	8627	245837	27398	31719	0	0	0	1482337	587728	956	52205	76419	79294	3006	844	20027	5606	158109	17623	0	0	2179	76131	4062	0	80	0	8317	14186	8082	0	0	19823	0	4246	1285	0	146013	25531	703	7991	120243	10602	0	1369	0	67152	621596	3615	6377	0	0	0	94	3010	2500	1239	0	2111	0	0	0	2779	0	0	81
SRR1804323	585953	0	67350	0	0	0	0	0	705268	1038157	2164853	0	0	1510944	0	0	56455	0	277551	0	0	2261604	112977	161330	0	184178	13151	0	52147	0	0	18352	0	18815	302947	0	109166	0	595190	43987	0	0	706084	0	0	10104	0	40982	238929	13154	1712	0	10520	0	0	659	40471	0	0	0	445257	0	0	110234	0	0	0	0	0	0	41789	0	0	38579	0	11896	120079	382437	0	0	11792	0	0	0	0	16823	0	0	6747	71145	0	0	0	50779	0	0	0	31172	0	0	18947	0	0	0	0	0	0	2494	0	285	0	0	0	0	1594	19	0	14831	12829	0	0
SRR1804148	237442	2425	192612	70048	16894	389566	401002	532418	2228327	107623	1516235	959842	12796	0	104008	1388091	3090	0	1281195	0	0	645175	33763	42604	67001	979330	0	976	434995	0	0	9595	272	0	0	0	0	7031	18615	0	85341	24310	1292	123	0	0	0	0	0	327	18784	0	9577	643921	827586	27408	217002	9134	7190	125968	1304580	0	90543	185669	0	18263	7965	29217	14953	3845	1030	4655	177826	0	2978	0	0	36640	0	0	0	0	1606	749	118180	0	0	7181	0	2063	0	7090	444	2763	0	1832	2745	5550	0	114	0	2217	41606	55517	727	1673	0	0	5877	0	4287	0	0	0	0	0	891	7061	0	4572	1186
SRR1804086	0	0	42654	71790	0	0	1099262	334667	473076	344611	277806	1104932	0	2194476	0	0	21710	0	0	165677	85611	0	645538	81952	58569	218197	5532	0	38755	137576	40778	122052	0	9846	0	16218	14205	0	124906	32315	41977	0	98634	0	0	9911	11048	3427	75775	17183	913	88928	20676	17599	0	24629	49351	1706	296	0	339179	0	0	7176	0	0	7534	43691	0	0	0	0	256617	12597	0	2014	59586	12042	18050	0	4605	7117	361	9368	0	239	0	0	0	5252	12627	284	0	1171	19064	0	3656	10060	97997	0	4011	0	0	0	0	0	557	0	1442	3042	0	34386	2013	0	0	0	0	587	6754	0	0
SRR527904	1879	0	3735	0	0	11875	81044	15643	1132263	0	2176461	0	32626	0	0	0	0	0	0	8663	0	0	1087	524	0	706	0	0	0	0	1662	5820	235	0	0	0	0	475	0	0	0	0	4867	0	7102	0	4155	4238	293	0	0	0	0	57070	0	0	0	449	0	1105	0	0	0	0	0	1594	0	2842	13500	0	0	4191	0	0	0	0	0	0	0	0	4133	0	135	0	0	1310	0	1251	0	2931	0	0	0	0	0	0	10771	619	0	0	1163	0	0	0	0	0	0	173	0	0	0	0	0	2024	431	0	0	0	0	0	0
SRR1803903	156698	0	4899	0	0	1199	754728	6926	1401718	0	1944564	1203498	0	0	39392	0	0	1476	166323	10608	0	0	17065	0	34783	2668	282	0	7634	83316	510	0	0	0	0	0	2208	0	988	1761	0	55707	62335	0	0	0	0	0	14096	1552	753	11591	0	191155	46621	208	0	0	0	0	180123	0	0	0	0	0	0	0	0	0	1367	3408	0	5086	0	684	14103	0	0	0	0	0	0	0	0	0	0	0	221	3430	0	0	0	0	0	0	0	569	0	0	1969	0	0	0	0	0	0	0	0	0	0	0	0	0	0	0	0	0	100	0	0
SRR1565470	0	0	0	0	0	0	360359	13963	820750	239738	1905505	0	0	33057	0	0	857	1922	158397	8651	0	0	8102	4777	0	10391	0	7539	13349	112360	2358	2271	0	55	0	0	0	0	0	0	0	0	5902	0	0	0	2400	0	0	519	0	0	0	244445	0	56	0	24012	2350	13409	0	329	7835	834	0	1142	933	3966	0	0	999	0	5524	0	0	0	0	0	0	25862	0	0	0	7505	0	2588	0	0	0	1004	0	0	17808	761	0	0	0	1144	0	0	0	2532	0	0	2119	0	0	0	0	0	0	0	0	0	0	0	0	0	0	0	0
SRR1804648	646704	697468	19909	46491	6768	48080	1720416	30303	0	604121	6838	0	1071837	0	0	1900963	17568	1990	1459601	7543	1875	1745354	24961	34477	13696	255631	304	665	644389	0	3526	23367	0	14805	194668	2685	0	0	34361	4542	151893	0	52373	659	115271	0	0	1060	22013	6087	15123	6985	2341	127813	429041	4256	482983	7112	63349	247221	0	0	1621	1406850	0	4410	2315	10407	0	1412	680	8390	160975	6769	0	0	0	9552	15593	0	0	0	2083	4956	29223	0	452	5413	0	12986	3047	0	29028	688	64	2207	30726	1581	0	10681	457	0	19755	0	0	0	0	453	141	4114	1221	0	0	0	0	1922	0	0	1685	0	127
SRR1564310	114455	0	3258	0	0	0	0	2040	553211	0	1890643	0	104080	0	0	0	0	1196	0	0	0	0	0	0	0	0	0	0	0	0	0	0	0	0	0	0	10848	0	0	1293	0	0	9648	0	0	0	0	0	16118	0	0	0	0	0	0	0	868	0	0	0	0	0	0	0	0	0	0	0	0	0	2274	0	0	1810	0	0	33079	0	0	0	0	0	17685	0	0	0	0	0	0	0	0	0	0	0	0	0	0	1194	0	0	0	0	0	0	0	0	0	0	0	0	1343	0	0	0	0	0	0	0	0	0	0
SRR1565849	18488	34872	4661	0	0	0	122486	39536	0	259375	355806	0	17040	0	58897	0	0	0	267203	0	511	1874428	0	11749	19694	23637	0	12315	20950	399199	0	3252	0	0	67367	5919	0	1673	862	0	0	0	7604	0	0	0	0	0	0	327	292	0	1157	61982	198841	1825	9894	3314	0	0	0	0	8650	18517	0	185	11505	13439	0	820	0	2015	19053	0	0	62588	25613	2157	1619	13241	2974	2309	0	5139	513	0	0	0	0	1952	0	0	0	0	0	0	3653	9680	2136	0	68	0	0	0	0	0	0	528	0	0	0	998	0	472	0	0	0	0	2799	0	279
SRR1179027	99704	0	2600	4964	0	0	732787	135775	1848051	0	923030	0	21340	737746	71785	0	0	0	380067	156532	0	0	3058	39358	41212	35331	0	0	93068	742749	0	215849	3308	0	0	3136	0	0	7452	0	182726	0	14815	0	15573	0	23571	0	5429	2320	2158	944	1288	328810	56425	0	918	223762	0	647302	0	923	5767	384388	37	49824	16394	18816	4561	0	2821	24494	0	2820	0	11426	1069	4454	1326	31790	0	0	0	50997	0	2322	0	21921	0	12115	0	0	5621	2441	21	7020	10784	10355	0	0	1525	2158	6151	0	0	0	1212	0	0	0	362	0	0	15007	1462	0	0	0	0	0	538
SRR1804697	142294	657343	11012	0	599	2327	1454299	364577	684355	634254	1837465	7859	17886	1681323	235208	409681	1027	168	856994	719068	578	1174550	21468	68276	214852	113805	0	1320	425115	1141047	1989	28393	1266	0	0	1929	0	1304	11576	615	90250	201816	7319	0	94509	112	122204	67	231	7463	16918	1434	6293	92222	399834	7540	29612	152234	1788	41044	10366	2465	691	556868	5793	14447	97147	40955	13339	1692	13004	134274	147775	6865	36653	66361	40710	182162	808	44210	1051	924	11331	7962	0	0	0	35645	0	9202	0	4338	1903	12477	1722	9704	37384	16228	1611	4772	760	0	50709	23494	0	0	563	256	0	0	0	500	2460	36696	0	2027	5180	1088	0	21906	0
SRR1803918	27130	0	7618	0	174430	0	1824657	638263	39151	1769039	266700	0	25007	0	299743	0	2281	0	0	87967	62079	17477	58726	64122	0	705787	0	0	119644	54832	15658	191472	0	4983	0	1535	0	243	58793	32746	0	0	0	4246	0	8724	3591	1716	715	5595	853	63074	5115	0	29397	8820	386289	10732	0	15705	0	790	0	541094	0	101751	749205	10200	6683	14417	11914	40715	0	0	0	0	0	33161	0	313872	48336	11024	0	164095	0	0	0	4032	2913	229	1851	729	0	4687	834	1316	3298	22267	0	0	0	0	0	0	38938	0	77	797	0	5639	0	2625	2397	5588	1879	9529	0	3893	20218	80393	0
SRR1804607	59217	38080	45606	105912	0	0	1410752	1339107	818	87306	351157	0	115023	0	493291	0	16180	1153	317146	1079610	751	1796651	356819	486283	76715	185020	305	14145	328362	421589	4305	91722	1000	1102	0	16662	2009	31207	103272	0	0	0	43733	63	0	1110	150308	3271	24526	4993	46132	30986	47693	313748	282668	1235	31554	446045	0	470165	0	55202	18907	81110	13448	16451	56978	372085	45031	12040	8859	24479	741528	8442	0	544	0	121137	0	297187	5922	0	0	48342	86042	3115	8398	57887	12153	5119	4647	37584	542827	42169	48855	0	23960	122933	0	69164	5252	3484	0	6934	0	7375	10613	39981	2379	2239	0	67191	6488	2126	3419	11580	0	2177	17247	1420	981
SRR1803920	103494	194113	0	0	0	0	349048	3401	3579	48708	235378	0	94575	0	6913	0	0	0	205726	2280	0	1784031	861	147	32165	620	0	1300	5752	0	0	1184	614	0	114594	0	0	0	0	0	0	0	3178	0	0	0	51386	0	0	0	0	0	0	74243	35181	0	0	9192	1215	1553	0	0	0	0	373	0	1215	0	0	0	6944	0	16077	0	0	0	0	0	3797	1513	0	0	608	0	0	0	0	0	0	385	0	0	0	0	1009	4595	32059	3523	9614	0	0	0	0	0	0	0	0	0	0	0	0	0	0	0	0	686	0	0	0	0	0
SRR1565741	22371	745072	1153	0	1236	0	437661	48891	1750868	208418	303641	0	26671	0	40664	0	0	0	177158	39157	0	0	700	262	0	4590	0	0	1228	0	0	815	1539	212	0	2337	0	12933	10496	868	2058	0	14826	0	0	0	0	934	2402	0	0	881	0	277301	18870	0	0	42573	3289	3377	0	0	2457	0	71	1654	0	16199	0	2225	0	0	16361	0	0	380	897	2367	0	0	0	0	0	0	0	0	0	0	0	2396	0	0	0	8348	21	1600	15018	7585	0	0	0	0	0	0	2115	0	0	0	0	0	0	0	0	1413	0	0	0	0	0	0	106
SRR1804288	0	143626	13736	176800	11895	0	952399	158396	0	712627	78234	0	188567	0	0	0	1568	3343	257896	536953	36888	1719522	51363	62858	123435	549623	4844	0	86601	791109	30959	28544	0	6145	0	409193	0	0	36494	8161	0	0	74074	5864	0	0	10645	28726	4548	20939	14904	0	19758	167565	0	20715	35190	102969	0	71404	0	3307	16866	23225	28620	0	23762	76131	0	0	9549	0	0	7205	0	2059	0	42191	0	352794	25196	0	0	0	80367	19846	0	0	3768	50855	0	10609	0	2306	0	0	5368	26965	0	14311	6689	0	14923	0	0	0	0	203	0	1814	0	0	0	0	0	3209	0	494	945	5401	356
SRR1804472	63631	367863	13025	0	2052	12793	222512	222616	968902	41749	143119	436910	0	151157	99720	186560	1602	0	538614	84180	3684	0	14485	17434	143205	151808	0	0	444070	400996	12201	77505	1853	645	8786	5841	0	603	14961	3110	0	9539	1817	465	0	0	0	729	0	2727	3861	0	3392	96873	358339	4289	69008	65612	101599	0	452980	0	275159	32927	0	6843	45735	10899	0	7974	35376	3193	530333	0	79105	0	0	34292	1421	0	1528	1072	0	6552	4140	0	791	0	0	0	0	0	1015	172698	0	10914	1871	5584	0	8491	0	0	26188	4074	1296	0	0	0	563	0	83	1097	0	5252	0	0	0	0	0	17189	81
SRR1804204	310735	0	833	0	0	0	170488	172056	1424400	0	417952	0	275226	1681373	0	295666	0	0	0	65061	0	0	21394	15583	154256	2956	0	215	12492	356386	2008	2219	15716	0	0	0	1852	744	0	0	0	85182	12512	0	0	0	103843	129	2649	12334	3452	1735	2606	101745	0	25665	1210	3229	0	1068	399956	38584	0	0	13366	0	3383	0	0	0	6104	17496	55467	0	0	0	0	5007	3285	166514	0	4826	0	0	0	0	0	0	308	607	0	0	0	0	5330	3942	62407	14941	0	0	572	0	0	0	0	6319	0	0	0	0	0	0	3524	0	390	0	0	0	0	0	0
SRR527871	19295	9777	634	0	0	0	264617	2229	461339	0	270642	77949	303	199031	0	59788	0	0	312895	7709	0	0	592	0	58374	447	0	0	0	33870	233	2761	0	0	0	0	1932	0	7657	0	0	47228	3353	0	0	0	0	0	3062	0	1655	1657	0	0	83442	0	0	1470	0	0	0	0	0	504	0	0	0	0	0	201	0	1748	0	0	0	0	1235	76	0	0	0	1436	0	0	0	0	0	2597	0	21185	0	0	0	0	0	0	1428	0	0	0	0	0	0	0	0	0	2906	0	0	0	0	388	0	0	1003	0	0	0	0	0	0
SRR1804125	19501	344217	12022	0	395	155	36856	58953	48753	0	35336	155435	0	0	0	276523	2825	0	971071	24044	9478	10994	6421	7489	189885	53500	0	0	78332	377984	15006	23068	7877	3003	0	2664	0	2822	0	853	14933	57138	5477	1554	0	0	21114	261	0	6485	4166	0	2167	0	182338	2190	1042	81803	0	12925	213179	671	1391	7931	1254	28939	13370	3569	0	4975	3717	138047	159277	586	11961	0	0	13533	18116	0	1387	628	0	0	0	0	2715	1962	0	0	0	2593	56107	2961	0	7350	17609	13058	0	1400	0	0	10406	0	332	0	0	843	633	0	0	668	1627	10899	0	0	1905	0	0	0	0
SRR527897	22934	0	0	27366	0	0	0	28	0	311698	1619155	0	381505	0	0	383234	0	0	0	2837	0	0	292	916	0	4403	0	0	9330	0	0	73691	0	0	0	424	0	0	735	0	0	0	2051	0	0	0	0	97	0	0	0	0	842	0	0	0	0	4616	0	2918	0	0	118	0	0	0	0	0	0	0	1954	0	69177	0	0	0	4727	0	557	0	0	0	0	0	0	0	0	0	0	2190	0	0	0	0	6358	0	0	564	0	0	0	0	0	0	0	0	39	0	0	0	0	0	0	0	0	18	0	0	0	0	84
SRR1804393	177713	40026	11496	0	1473	4817	1278808	1223193	1609373	119318	117131	1489	0	1749	0	415459	0	0	295859	1179086	93193	87711	698435	333916	91936	392541	0	1896	456501	592080	2350	26606	0	0	1040	10106	86652	6906	69959	1595	39222	82250	18011	4619	125871	23	153207	5043	11965	422	354695	38634	1917	28397	42081	749	18104	70500	0	47181	0	10703	5929	12630	9484	3130	93684	0	540	15272	9041	38411	1087670	3631	1958	8254	278041	50597	818	657	45981	0	1019	64084	39627	447	1432	0	3547	5135	0	55830	75	15167	43607	0	48365	33878	5321	8360	2827	2299	63974	1481	0	0	0	1198	0	1308	0	2746	16025	0	1508	0	0	14093	0	31741	973
SRR1804688	78528	10006	31173	0	6994	17563	834889	1238205	700848	34535	63094	0	242469	201265	550	0	15553	4039	589603	666953	224215	1544478	105638	404759	25148	491791	0	0	291904	149532	49155	35786	0	5252	11034	177673	0	35316	5795	3116	172070	0	38276	0	146666	2093	8147	8081	6216	1120	12693	11275	12923	102003	180009	39638	22420	0	1770	6794	77729	5789	6957	1661273	4096	82303	7580	123131	62797	9937	3778	459019	1470	14870	13693	0	195774	383672	0	18675	265	3310	3982	297501	164601	1585	9662	118413	0	8039	5399	17261	341455	67328	3350	9710	117551	20992	0	2836	1419	100496	9161	53021	28634	802	8633	0	9471	490	0	7245	19106	8058	449	0	5903	548	0	0	747
SRR1564390	108803	35023	0	27266	0	0	1516562	20878	426078	7431	5424	194923	13032	0	8467	59593	308	0	161442	2357	0	0	158	7419	38257	83962	0	0	27623	23513	0	30396	0	0	128044	43	0	135	0	0	37468	0	0	0	3514	0	0	549	0	3351	12573	0	0	32687	62174	0	29665	0	0	0	33138	0	26479	73150	0	7457	13292	11276	8329	0	14730	1317	1421	0	0	0	0	35345	697	0	413	0	8696	0	0	0	0	0	0	0	0	0	11984	4875	0	2346	4594	2383	0	0	0	0	4079	0	1730	0	0	0	2935	0	1711	0	972	1505	0	0	0	0	0	0	105
SRR527906	1019	78282	1774	0	0	0	1435478	667	1465408	0	20221	0	9499	267249	0	0	0	0	18543	0	0	0	6088	0	2004	419	0	0	0	187378	0	0	0	0	0	0	635	0	0	0	11769	0	910	0	0	0	4918	0	1266	0	0	0	0	183247	32616	0	728	1027	0	0	0	0	0	0	0	0	0	0	0	0	0	0	0	0	0	0	2059	0	0	0	0	0	1532	695	0	0	0	0	0	3125	0	0	0	0	0	0	567	0	0	0	0	0	0	0	0	0	1782	0	0	0	0	0	0	0	1484	0	0	0	0	104	0
SRR1564226	5736	125689	4251	0	6178	0	23174	4050	859075	0	425336	460708	912	670067	7784	88117	0	0	2525	10172	0	0	0	0	0	9523	0	0	20766	46153	0	41729	0	0	0	0	0	0	602	0	0	0	3353	0	0	0	0	0	0	0	0	0	1150	104821	125860	0	0	0	19	7848	0	0	0	0	0	582	10562	0	0	0	0	0	174911	0	0	0	2951	0	0	0	1097	0	0	0	0	925	0	0	0	1367	0	0	0	0	0	1198	0	0	0	0	0	0	0	0	0	0	0	0	0	0	0	0	0	256	0	0	0	0	0	0	0
SRR1804482	70795	0	8507	0	2282	27579	379301	401653	659905	1180982	43274	0	319870	122713	105379	1444126	0	75913	676397	10531	643	280960	180814	296348	222423	1702802	419	18184	1671581	323470	13383	15924	0	3932	0	10679	1258	16770	190912	2957	0	0	35680	0	393210	10085	0	0	19658	62589	794003	17801	11291	0	104911	13045	682769	5242	78759	26213	373684	0	31368	636318	677	19489	13060	88468	6350	18631	57741	7024	27188	3256	92271	13231	77305	56795	1116	35771	23005	9341	0	12762	534384	472	127	0	1066	7097	8733	96	34222	5825	17256	72385	33014	32116	17205	12819	1583	5681	39994	5802	7069	0	0	0	0	8709	0	3752	1987	7210	66	0	0	22961	0	13517	2454
SRR1803358	0	0	28849	0	0	0	685214	225411	1423372	0	1047925	0	62556	0	0	429889	3414	27804	332362	444171	0	193825	271918	19522	136536	107374	3385	2768	22323	632791	29581	21513	0	7370	0	18847	24132	1133	150246	10327	0	0	41124	0	0	0	80112	13435	21104	1525	1014	0	9274	88465	186153	4725	642	11149	0	0	318435	1477	0	0	943	15356	7540	20174	0	14479	11595	31420	0	7871	0	0	0	9492	0	34367	766	3459	14804	0	0	0	0	83871	3565	14520	0	842	0	7283	6961	0	96101	8192	50224	3347	1705	0	0	0	0	0	922	2035	90	791	0	5001	0	118186	270	74	0	5220	7817	88230	0
SRR1564431	20619	0	6719	0	0	0	31702	19711	804470	443	80981	556933	0	101864	35483	0	329	0	6849	535	0	1740	4956	1305	8399	1231	0	0	9792	0	208	30	0	443	0	995	1022	437	1447	1439	3239	223628	877	0	0	0	0	185	0	0	0	1732	801	11387	24692	503	449	6120	3181	983	15391	0	1050	1670	0	314	9639	1731	0	154	0	1080	47272	0	798	457	0	417	0	0	0	172	0	0	0	0	0	11931	0	1305	0	252	0	0	6320	0	21997	222	0	0	0	184	929	0	0	120	1043	0	348	0	0	2989	0	186	0	0	0	0	0	0	0
SRR527884	0	110088	1633	1244	0	0	26925	19645	403	0	258975	33783	0	48016	2012	0	0	0	0	2780	0	1383392	930	382	0	12449	0	0	7838	0	0	61	247	0	0	0	0	0	0	0	0	0	0	0	0	0	0	0	0	0	5491	1455	0	20998	0	0	742	0	0	367230	0	0	0	1751	0	1158	0	10694	9681	0	1277	213	61158	0	0	789	0	42306	2451	2426	0	0	0	2806	0	0	0	0	0	0	0	0	12142	16100	0	0	0	339	0	10615	0	0	0	0	0	0	0	0	0	0	0	0	0	5636	0	0	1221	0	0	0	0
SRR1803779	169478	1156402	13746	157484	976	46950	845974	289294	1378407	245899	7804	167214	0	193314	243041	174899	1303	35771	546903	166449	0	241	127777	158004	56671	77205	0	0	145227	71164	14308	44474	2487	830	20699	5908	0	2014	9039	4027	220277	214678	124355	0	12936	175	0	1209	13108	3195	5457	10613	6471	36388	115661	2036	36600	184755	3337	96116	0	8593	6701	13559	657	18815	11049	50250	40012	3812	1077	637	359947	9515	71405	746	1353	7673	0	0	8024	955	16328	2158	50123	0	1568	14949	0	23318	0	12620	26523	100605	1125	1241	26738	14565	87260	11573	3314	15003	1194	921	318	0	1880	1361	0	423	1070	1646	211	13084	756	1491	1501	0	1459	0	1177
SRR527942	153479	0	6347	0	767	5310	174520	42599	1370975	148825	0	285390	0	254154	0	0	0	0	0	5187	0	0	2497	0	49275	669	1128	0	5656	0	2381	0	0	44	0	7662	1979	1534	2466	1198	0	0	14481	0	0	460	475	0	8168	84	1321	7973	1279	0	0	0	677	6431	0	0	0	0	0	0	16696	0	1876	0	0	0	0	17812	0	0	0	0	0	203	0	12357	0	0	0	861	0	0	0	28956	0	2973	0	0	0	7884	0	0	8833	2754	0	0	0	3746	0	0	664	0	0	520	0	0	0	505	0	0	873	0	0	0	0	0	0
SRR527893	25713	194962	1042	0	75	1087	0	10158	670416	0	0	0	0	0	0	113197	0	0	4245	24393	0	36877	423	0	0	0	0	0	774	15545	0	3731	5644	0	0	255	0	0	0	0	547	116801	0	0	0	0	0	0	0	0	0	0	99	13192	0	0	0	0	0	0	0	0	0	0	370	0	0	0	0	0	0	13722	0	0	0	0	0	0	0	49387	0	0	0	0	0	0	0	16110	0	0	0	0	0	0	0	0	1642	2399	0	0	0	0	0	0	0	0	0	0	0	0	0	0	0	0	0	0	0	0	0	0	0
SRR1564218	0	0	6417	23895	0	0	0	25375	381	0	1342416	0	567781	0	0	0	1277	0	470155	134253	4366	0	8341	0	124773	39429	0	0	28392	0	2608	1582	0	421	0	20542	0	2967	2061	3104	0	0	3500	0	0	0	1990	7852	226	176	0	17035	536	0	929757	7889	5124	37632	0	9627	0	0	0	10428	0	0	8785	4932	4724	2503	354	2352	0	4104	0	4706	12891	3344	66	0	404	412	13460	5522	20026	0	0	0	0	4542	0	280	0	1460	753	1190	2670	0	0	1089	651	0	0	0	685	0	0	0	489	0	2173	0	0	5752	0	1419	0	0	0	0	0
SRR527890	39742	0	7838	2283	0	1768	111215	25372	2235	52643	67175	0	28191	0	18242	37917	599	0	101788	453	0	473663	918	3218	47415	42244	0	0	52881	105358	0	31795	2824	84	46251	533	0	358	0	0	32057	0	2049	0	2545	0	0	0	0	0	3650	4889	0	39638	64054	0	54703	27833	1400	4789	72250	0	37932	53234	4763	123	3643	3068	1224	1796	8140	20540	1230	0	9174	0	11561	9548	0	12691	340	0	9684	8064	0	0	0	0	0	0	0	17725	12133	6688	0	20	4130	3667	6462	3323	0	0	3649	2186	0	0	0	0	0	0	382	0	32	1251	0	0	3887	0	83	0	0
SRR527948	101344	34679	5366	25722	0	0	733016	7645	1338081	0	292150	0	0	0	10581	262090	0	0	113112	4990	0	0	558	0	51195	0	0	0	364	0	0	0	0	633	6626	424	0	0	0	1127	0	0	6702	0	0	155	0	0	1833	0	0	0	0	244218	44690	0	22	1702	0	0	0	0	0	1763	0	0	0	0	0	0	978	0	0	0	0	687	0	0	0	4061	0	0	26205	0	0	0	0	0	0	343	0	0	0	0	0	0	0	0	0	0	0	0	0	0	0	0	1614	0	0	0	0	0	0	0	0	0	0	0	0	0	0
SRR527889	0	76250	5794	0	252	475	200275	8221	1336885	0	917435	0	1241	146690	0	0	0	0	114517	3664	0	1365	755	2507	0	2584	0	0	812	144932	0	0	805	0	0	862	0	0	0	0	0	32626	1717	0	0	0	5689	0	1812	0	0	0	0	67893	30390	0	687	0	0	10500	0	1335	0	0	0	0	0	860	0	0	0	4301	12478	0	0	0	18468	0	0	0	0	140	0	0	0	0	0	2780	0	0	0	0	0	1335	505	0	0	978	0	0	0	0	0	0	0	0	0	0	0	0	0	0	0	0	801	0	0	0	0	0	0
SRR1031071	0	0	363	0	0	0	349479	0	1308651	0	0	0	0	502963	0	0	0	14187	0	0	0	0	0	0	0	0	0	0	0	184359	0	0	0	0	0	0	8085	0	0	1664	0	0	1589	0	0	0	4302	0	2673	0	0	0	0	0	0	0	171	0	0	0	0	0	0	0	0	0	0	0	0	961	709	527	0	0	0	0	0	0	0	5415	0	0	0	0	0	0	0	0	0	1384	0	0	0	0	0	0	0	0	0	0	0	0	0	0	0	0	0	0	0	0	0	0	0	0	0	0	0	0	0	0	0
SRR527883	8132	129958	260	0	0	0	152215	1093	193843	33780	103097	0	14668	1274302	85841	0	0	0	29604	2390	0	0	0	2299	0	434	0	0	2816	91161	0	0	0	0	0	0	0	0	0	0	0	0	6426	0	1341	0	0	0	0	0	85	0	0	53539	0	0	0	0	0	2063	0	0	0	3656	0	0	0	0	0	0	0	0	3779	775	0	816	0	0	0	7740	0	0	878	0	0	0	0	0	0	994	0	0	0	0	0	0	0	0	0	474	0	0	0	0	0	0	0	0	0	0	0	0	0	0	0	55	0	0	0	0	0
SRR1803776	396605	88911	12314	66589	0	0	1217088	387757	0	0	184119	0	91633	231357	83894	15936	0	0	250213	106964	13762	0	2749	0	105060	79861	265	21362	22773	377076	6910	0	0	1349	0	12175	0	5442	19684	4112	0	36259	54334	0	0	11205	7439	6665	8936	10437	14655	14744	2911	309812	0	0	10256	89619	1477	62798	0	3752	2607	97845	0	0	8526	1786	18837	0	2536	55394	40355	18494	0	3816	0	44664	0	75636	205	1310	522	0	28518	2049	0	11869	2289	20159	558	0	141248	1861	0	0	34192	6011	0	21823	1545	14707	0	0	436	0	2780	314	4981	857	0	7224	0	0	1494	2061	0	519	948	0	484
SRR527919	0	0	0	0	0	0	0	0	0	0	1171486	0	7555	0	0	0	0	0	0	1299	0	55679	1512	0	0	339	0	0	0	0	0	0	0	0	0	0	12821	0	542	0	0	20862	0	0	0	0	0	0	4249	0	0	0	0	439483	0	0	0	0	0	0	0	0	0	0	0	0	0	0	0	0	1039	0	0	0	0	0	0	1015	0	9096	0	0	0	0	0	0	0	0	0	0	0	0	0	0	0	0	0	0	0	0	0	0	0	0	0	0	0	0	0	0	0	0	0	0	0	0	0	766	0	0	0
SRR549739	5281	83810	160	0	203	1064	47374	8647	663376	1251	75683	0	0	72158	2398	0	0	0	28302	17339	0	24260	181	0	3209	87	0	0	28629	163020	0	0	10541	0	1523	0	0	23807	0	0	5062	5266	0	0	0	0	0	0	0	2106	3996	0	2552	78792	12511	3651	3373	8116	0	0	8458	0	2481	11903	0	0	0	58473	1457	0	110	313	127338	0	1063	0	0	1440	0	104631	0	0	0	0	0	0	0	0	0	0	0	0	0	3032	0	702	10778	8590	0	13621	0	0	3929	593	0	0	0	0	0	0	903	0	0	0	0	0	0	0	0	0	0
SRR1565763	91759	834766	0	0	161127	0	528431	17391	501476	51264	473781	0	0	1146084	0	0	0	0	88462	6100	0	0	0	0	34408	2306	0	0	0	82450	0	0	0	0	0	0	514	0	1492	0	0	22631	32084	0	0	0	0	0	94308	0	46	0	0	108549	43934	0	3073	61	0	0	93823	1430	0	0	0	0	0	0	0	0	0	0	0	0	0	0	0	0	0	32385	0	0	0	0	0	1504	0	0	0	5716	0	0	0	1175	0	0	0	1042	0	0	331	0	0	0	0	0	0	0	0	0	0	0	0	0	0	0	0	22	0	0	0
SRR1031228	109524	66255	3885	0	0	0	560839	91678	99435	57812	1128293	0	12570	0	88041	0	0	17535	258299	10064	441	1033949	4869	13689	56630	5371	578	0	20889	0	213	54483	0	0	543598	0	0	0	8083	1331	18515	0	8150	0	0	202	357	761	8229	340	0	16843	445	94496	0	3985	1680	58352	0	0	47653	0	0	7291	9016	0	241	3867	0	0	0	7957	37939	0	9294	7455	26275	2087	0	0	358	0	0	0	1881	0	0	9314	3825	66	0	0	0	0	0	0	5395	1051	0	0	67	0	0	1193	1512	0	276	876	0	0	0	24	378	0	0	0	0	0	0	189	0
SRR1564435	25709	134629	3752	19167	0	598	310011	17248	479212	35483	0	0	36669	1115809	8705	0	0	0	222819	0	0	0	0	4105	21818	11308	0	972	6440	645071	0	0	0	135	5839	2266	0	0	505	0	0	30414	13889	0	2264	0	0	157	3261	0	249	1590	0	125962	65250	0	260	11508	967	16672	356746	635	0	0	0	0	24	0	0	715	0	13504	0	7225	0	2906	15847	0	0	0	0	0	0	496	0	0	0	0	0	8183	89	685	0	466	0	1547	3102	811	0	0	67	0	0	0	0	0	1474	0	0	0	0	0	0	0	277	0	0	0	0	0	94
SRR1804002	0	484297	5614	0	0	5477	247215	110731	1115698	72763	0	177607	0	0	0	0	140	0	0	190683	1510	0	2061	12727	80376	96291	0	0	132919	144208	716	28520	0	0	274441	5932	0	0	4318	0	0	0	3537	782	51839	0	1803	2647	0	0	531	0	1127	74143	81670	985	23647	4049	24290	656476	0	667	246	0	0	1390	17326	9672	19727	2046	37	13024	179495	234	0	3504	0	10510	0	154536	0	0	5094	0	2600	0	0	0	0	69	0	2235	0	660	2138	115	13295	5349	12104	0	0	0	138793	4648	5503	0	0	582	0	0	1577	0	0	0	0	0	0	0	0	0	0
SRR1804396	0	387327	250891	0	16127	0	53492	831821	0	0	0	0	0	0	10875	82615	0	0	13719	146141	0	336781	43716	157332	0	283362	22727	3008	32286	26558	52582	0	0	28675	7289	25971	33749	62699	92272	0	0	0	10661	0	0	12499	104628	61946	13487	0	0	0	42321	16987	0	112	49832	193	0	1312	0	0	3818	35407	1472	0	1115137	75895	0	74071	7569	677042	0	7254	0	0	848264	142464	0	0	45646	54025	0	0	0	0	0	0	10453	9310	13402	5512	0	20868	0	30542	0	2040	0	0	373	7225	0	0	0	0	2098	78466	0	0	925	14701	0	23196	1227	0	0	9075	37291	0	1154
SRR527873	156434	118311	131	0	0	0	50001	2893	1091988	0	908113	0	12673	0	0	0	0	0	109653	367	0	0	0	0	2439	834	0	0	3980	0	0	0	0	0	0	0	0	0	0	0	713	0	10291	0	0	0	0	0	0	0	439	0	0	12596	31418	0	95	0	3592	0	25699	0	0	0	0	0	0	0	0	0	0	0	0	0	0	0	219	0	0	0	0	905	0	0	0	0	0	0	0	4599	0	0	0	0	0	0	0	0	0	0	0	0	0	0	0	0	941	0	0	0	0	0	0	0	0	0	0	0	0	0	0
SRR527887	11681	0	1048	4497	0	0	9975	21792	201690	0	41736	80239	0	0	0	13502	0	0	78604	3596	0	0	0	226	21937	24017	0	1887	16940	215617	0	14210	0	0	16257	0	0	295	685	0	39505	0	6719	0	0	0	1740	0	0	0	545	0	0	0	51428	0	15222	7880	662	131838	35583	0	15737	107692	0	0	0	0	0	0	1255	964	21383	17233	347	0	0	0	405	0	0	0	0	0	0	0	0	0	0	0	0	0	0	0	0	170	1333	0	1708	0	0	0	5817	151	0	0	2212	0	0	0	0	0	0	0	0	0	0	0	0	0	0
SRR1804009	0	654830	0	0	0	0	125919	5246	986697	0	0	0	24354	0	0	0	0	0	175249	5938	554	0	641	1139	15833	0	0	0	0	0	0	0	0	0	0	0	0	0	1074	0	0	0	5623	0	8811	0	0	0	0	0	0	0	0	133861	41600	0	0	7966	0	0	0	0	0	526	0	0	0	0	0	0	1422	3363	0	0	0	1110	0	0	1330	14182	0	0	0	0	0	0	0	0	0	0	0	0	0	0	0	0	6025	435	0	0	0	0	0	0	0	0	0	0	0	0	0	0	0	0	0	40	0	0	0	0	0
SRR1804133	0	48482	24263	15949	8555	0	680643	332752	703461	13754	1031151	0	0	0	149461	174041	2650	0	678419	15205	143	0	36388	161956	54586	51732	0	58246	155513	372273	0	162308	0	0	644679	8011	1993	6733	3179	3174	52880	101823	40861	0	16744	0	26323	888	0	2997	8398	11420	2339	182904	292215	1564	23199	175491	496	33311	0	266	15174	116719	6401	15153	40956	38683	3574	246	19249	44896	63114	275	3056	145	0	157179	0	0	133	576	646	26633	2199	604	124	0	562	5693	0	2409	8031	18922	1616	0	17289	9412	0	0	0	20519	16966	6187	0	0	4161	8467	0	0	18219	648	2281	5650	0	682	3498	0	0	0	1393
SRR1568839	0	2006	0	0	0	0	24484	0	1025919	0	337532	0	0	0	0	11051	0	0	16790	1377	0	0	0	0	404	0	0	0	2881	34698	0	0	0	0	0	0	0	0	0	0	0	13189	0	0	0	0	814	0	0	0	0	0	0	42264	11190	0	0	696	0	0	0	0	0	0	0	0	0	554	21	0	0	0	0	0	0	0	4164	0	0	0	0	0	0	0	0	0	0	6777	0	0	0	0	0	0	0	0	10144	0	4663	0	0	0	0	0	0	0	0	0	0	0	0	0	0	0	0	0	0	0	0	0	0
SRR1564432	0	304834	5071	174282	5088	0	106682	148426	1025236	95612	428204	0	64402	178022	21948	0	1123	0	207671	118940	0	0	4017	16425	99128	25967	0	0	55704	120277	2312	0	0	233	85556	6106	0	13435	1800	0	0	28932	4614	0	0	0	0	695	0	2473	5989	0	392	243984	21520	257	47520	3125	0	35816	0	0	19390	15935	0	3041	52268	0	0	1098	0	0	27837	0	0	7063	0	4629	0	20769	704	0	0	3328	0	1075	0	0	0	1308	0	0	0	39481	1661	0	8524	876	0	53	91	0	6066	0	1886	0	0	2052	867	13	0	0	0	14628	0	0	1989	0	3088	4322	0
SRR527867	0	464663	0	0	0	0	219806	0	1005138	0	0	0	0	0	0	0	0	3140	0	0	0	0	437	0	0	5939	659	0	0	0	0	0	0	0	0	0	878	0	2192	0	0	0	2064	0	0	0	0	0	5461	0	0	0	0	152597	0	0	0	0	0	0	0	0	0	0	0	0	0	0	0	0	0	0	0	0	0	0	0	0	0	15978	0	0	0	0	0	0	0	0	0	3832	0	0	0	0	0	0	0	0	0	0	0	0	0	0	0	0	0	0	0	0	0	0	0	0	12730	0	0	0	0	0	0
SRR1031166	113939	0	9009	18787	0	2246	268014	112432	975532	56482	294258	0	43937	179177	82829	0	0	840	122322	22353	0	3051	9191	22165	12518	12556	0	6714	20011	76767	2996	0	0	0	91382	11373	0	2841	10194	1675	0	30777	49538	0	0	0	9257	503	893	420	151	13074	10433	134562	81105	0	3446	119308	0	11554	18983	0	1059	20476	457	0	9813	7378	1224	0	5701	74284	113227	234	17777	533	0	6635	2171	28102	0	1513	835	6543	0	1048	0	7507	2014	5869	0	1362	13925	6277	3107	2762	75410	181	0	0	2133	7242	5696	0	5002	0	0	865	0	0	0	789	0	2639	0	4350	0	0	550	0	0
SRR1804203	271072	0	1968	2790	0	1004	189157	379326	950918	25644	303361	336490	41574	375959	12845	38267	0	0	240467	374351	108679	5755	48584	75152	44537	44950	0	16791	75504	55788	3289	41748	0	0	397726	0	375	0	10694	0	5686	0	6288	0	0	714	72862	2024	10534	6780	2321	25323	2679	25974	16515	6020	7676	27295	0	5900	2674	2218	250918	6127	6519	0	41494	132499	5359	8219	23841	69204	90746	9685	7713	144	0	55688	0	168617	844	1688	47368	39888	394	375	2511	0	0	1827	1167	6566	122027	3574	0	0	103534	47037	87647	0	179	5114	54373	0	4468	193	0	2370	0	22	7940	463	3155	29649	463	0	17925	0	5226	0	83
SRR527898	82152	7505	0	0	0	0	274180	4629	930859	25856	417680	0	0	23751	0	19416	0	0	92065	10182	0	32903	0	5157	6000	5103	0	4153	9557	76922	0	5383	0	0	238163	0	0	0	0	0	23530	18380	0	0	3310	0	4438	0	0	0	0	0	0	116626	48874	0	3499	3438	376	6143	30959	0	0	5468	0	1290	781	1887	165	0	0	0	11887	0	4156	0	7268	0	0	0	0	281	0	0	0	0	0	71	0	778	0	0	0	0	250	0	831	20	0	0	0	0	0	0	0	0	0	0	0	0	0	0	0	1187	0	0	0	0	0	0	0
SRR1804296	0	0	2064	72810	791	13213	136969	285222	926842	57929	738157	0	42203	171249	153609	0	4132	0	90	709703	0	0	9087	536626	0	57627	0	0	164195	0	0	19827	2613	0	0	2953	0	6385	22190	0	40442	24312	3389	0	75190	2328	84767	0	0	3652	80240	0	3605	88791	0	0	5706	168055	0	315391	0	1644	0	66361	3531	61508	50216	185633	113012	586	5883	0	89129	559	0	0	35106	8885	0	0	9286	0	0	57160	0	0	0	69957	0	380	0	3236	0	119252	62	8762	3623	7764	0	9839	0	10044	299812	0	2579	144	0	1569	0	26	10529	651	2423	37137	0	2146	1339	15509	2113	0	0
SRR1565464	22246	909345	4956	0	4879	1843	217170	37146	88871	25292	653604	0	2018	305870	0	471672	0	0	613517	9836	0	79812	1326	7762	210389	46253	0	0	32661	324439	320	13803	1712	0	3976	4947	0	0	2568	271	59094	0	1299	0	0	0	16397	97	0	0	476	0	2380	156050	200693	0	6585	4531	0	1351	0	0	606	1064	72	0	0	0	3096	394	2984	4555	112165	0	14845	0	9234	1411	0	4215	1055	0	18718	0	444	0	1111	3531	0	2149	0	0	0	278	0	0	14148	284	0	0	0	0	0	0	429	0	0	0	0	0	0	0	0	3234	0	0	0	0	17	3258	1210
SRR1031075	21493	9112	1079	191	0	772	307696	171706	879745	325722	82667	0	0	317967	15509	0	0	0	153460	12371	71150	17741	1952	58892	36780	8409	0	0	77572	37145	0	4522	0	0	21780	2373	0	3671	0	0	62606	0	11857	0	0	0	1634	0	0	1812	22253	372	0	58638	29707	1922	6503	12180	39	1799	20690	0	23752	1497	0	403	7090	9518	0	573	3851	12369	57044	0	5276	0	9545	2333	0	0	0	0	19654	11068	0	25	0	0	119	309	0	32	0	3303	0	0	1172	3019	0	0	1210	7577	18706	0	0	0	0	0	2635	0	0	0	0	107	0	0	0	0	0	1001	95
SRR1804550	144468	124379	3457	17270	0	0	359385	78102	860199	76354	589532	36923	0	495027	33274	360368	690	0	275175	518384	138456	6334	8945	6703	44887	37121	0	0	94232	180728	3688	15805	1701	135	181196	2724	2029	681	8446	1223	3803	15970	27478	107	11222	0	5384	387	810	2041	16740	0	795	107167	87850	161	19377	20673	3173	2238	49967	426	426	3881	486	19182	16986	25659	0	1990	776	39810	88218	1847	3805	1736	8943	3696	3982	0	1276	0	0	3029	2077	0	165	0	0	1854	0	2936	13248	630	0	1207	4442	3442	0	406	90	905	56043	0	0	0	541	0	747	0	0	706	63	3397	229	0	0	0	0	3408	0
SRR1565462	20798	964	1411	23929	0	1167	817459	69452	763421	513530	840727	0	14722	0	40430	0	0	0	0	7922	0	0	10603	15174	73882	13291	0	1527	28386	198906	0	95728	0	0	0	0	0	3174	7331	0	0	0	9510	0	0	0	0	153	5551	0	1698	613	0	329678	0	0	25010	17637	0	0	58559	0	29013	64286	0	15889	51879	4862	1198	452	767	1007	0	0	0	0	11009	0	0	0	1402	0	3180	11759	0	308	0	0	0	93	1114	0	0	0	0	990	5081	424	29032	0	68	180	0	0	0	0	0	0	0	0	0	0	0	0	1822	0	0	0	1313	494	0
SRR1031133	68532	195190	5980	11486	6193	106224	372530	57264	832067	0	0	0	28790	0	209349	144291	0	4023	269550	0	1045	85065	6306	31991	0	3103	0	0	5479	0	0	0	0	441	196033	15274	2185	4313	5749	141	178279	91256	46918	0	75996	0	0	397	5505	0	464	7140	289	145366	0	2885	545	6623	3913	39441	0	0	0	0	2262	9243	0	1851	0	0	5878	88989	52729	9253	18408	289	1118	0	0	26058	1719	740	1902	7354	58931	346	0	10146	0	2302	0	0	0	8781	0	0	0	1317	18991	0	378	0	0	0	0	0	1772	0	78	222	0	0	0	0	527	0	985	0	0	0	0
SRR1564319	0	26085	11397	1245	0	797	539346	42479	753771	0	182540	0	11287	827598	0	12977	307	0	208262	57198	71628	413123	3024	14910	43742	7329	83	6170	22433	87854	1507	4488	0	0	0	2400	0	507	3298	0	27960	0	7275	0	0	0	0	161	0	476	1294	0	225	177220	109745	2039	1176	37450	0	0	0	649	0	3309	262	0	5471	0	0	1790	0	2399	59800	0	0	2523	9409	816	0	5604	6130	1290	1859	2166	1551	513	886	0	0	1428	0	0	0	9681	0	0	0	0	6565	0	0	2217	0	499	2940	0	0	93	0	0	1406	2283	179	8978	0	0	2147	413	0	511	0
SRR1565848	0	0	2183	0	0	0	727178	11719	380359	19160	778891	666656	0	0	44647	149928	0	0	195185	9445	0	0	0	2278	16464	12826	0	0	7075	0	0	19779	0	138	223635	917	0	440	369	0	34985	42245	4985	0	6048	112	22417	463	0	0	101	0	0	0	50433	0	47773	26962	1283	35604	0	0	1717	20744	0	562	10950	1025	182	0	0	0	0	0	5088	0	0	1302	0	14080	0	298	0	4263	0	0	0	1495	0	1105	0	0	0	8445	551	0	15962	482	0	0	0	1421	2759	0	133	0	876	0	0	0	0	0	0	234	1524	0	0	0	0	0	0
SRR1031154	31716	0	10817	0	379	0	311808	129498	395511	17873	80139	0	0	769565	40528	72950	2435	0	74492	28243	0	21545	7981	3114	48909	8843	0	0	42433	95269	2117	16646	497	520	29492	3698	0	7304	3407	7229	11129	68069	20646	0	0	0	39222	20020	0	3432	177	3179	1447	25542	95865	796	0	138634	0	79633	82637	1831	8344	4163	1923	8810	8419	18566	15116	3539	5522	0	0	1368	1182	164	8896	35682	2770	0	0	0	0	26557	0	0	0	12212	0	3870	0	2588	0	10876	5771	0	16771	6750	0	118	0	3252	0	0	0	0	889	4615	0	0	0	2116	1533	10635	0	0	6113	0	423	0	0
SRR1564316	138982	22515	3300	0	0	7208	242304	7407	766940	13570	21884	15832	0	18286	61782	0	0	0	230856	5069	0	68302	209	1374	14286	148048	0	772	150550	344836	241	15680	0	0	20096	0	0	1837	274	0	16134	37916	2685	0	0	0	0	0	0	0	6331	0	5864	60838	240679	1187	87639	15093	17936	0	676508	0	2613	68671	0	743	2838	10137	0	0	13622	965	168423	0	30051	1060	6142	3686	0	0	366	0	1362	0	0	822	0	0	0	1400	0	0	2386	0	201	917	0	3805	0	4528	0	394	19	602	0	0	0	735	0	0	0	0	0	0	250	0	785	0	0	0	23
SRR1804137	0	0	6818	492	0	0	388262	545218	1464	15327	173350	0	0	0	109252	355874	0	0	125775	761676	169666	261148	32266	118274	0	240961	0	9616	318263	46029	3874	2157	2226	0	0	926	0	0	11059	0	21160	0	2304	462	9103	11597	18147	522	0	1445	5143	0	53461	0	42308	20245	153137	9579	886	0	0	1945	111115	42989	0	38644	11525	3650	0	378	32762	181057	27648	0	15382	0	0	22731	4543	350160	641	0	11708	20570	29870	0	0	0	501	0	1447	7059	0	2866	980	0	49367	5057	0	0	0	0	0	2279	0	2980	176	0	36124	2548	16	2767	2413	1134	0	0	0	0	1472	0	0
SRR1803887	80205	7364	16541	221940	60	3232	727679	275288	411208	12566	51204	143587	0	357492	56796	20495	0	0	431287	4832	0	0	759	639	38820	27142	0	0	66482	68831	5638	249713	0	0	88240	11608	0	1885	15038	0	0	15527	33535	0	0	0	630	0	2178	0	1889	5146	0	4765	155122	0	2086	98864	659	23986	79726	0	0	382	1138	8252	96529	1969	0	0	0	7026	0	6807	11970	0	29634	2342	5142	0	3891	471	280	3473	0	0	0	557	0	13523	0	0	0	5411	0	0	3413	11316	0	0	1082	871	0	39089	0	0	113	0	0	0	0	0	0	0	0	0	0	0	358	0	1059
SRR1564241	81634	32044	16948	114681	0	0	136871	117788	716597	36900	21161	0	16105	34365	30216	0	24015	0	0	3217	3625	0	9759	160508	38697	79651	0	9715	65423	0	20344	116698	0	1525	0	56019	0	50321	2995	3622	12622	36038	7546	0	34650	0	0	12914	0	16163	4644	317	686	219076	189760	1039	105670	14352	0	4078	0	2125	1611	97551	0	2718	37581	36670	1577	4987	6233	24515	27554	2255	0	1252	53656	17071	0	9366	496	1151	0	37292	3964	522	2392	0	0	998	45	517	118842	17441	4143	2957	0	2623	0	337	801	14406	23	0	2390	0	0	2712	0	832	0	4065	1071	21533	0	0	0	1259	647	5226	36
SRR1803838	101500	25880	0	10824	0	0	241237	0	697855	5443	676627	0	35089	0	23819	38312	0	0	98269	6067	0	195105	0	0	17578	72	0	11200	0	30502	0	379	0	0	189630	0	0	0	593	0	397	10494	1025	0	0	0	0	0	682	0	436	0	0	62214	16416	0	0	0	1826	1319	0	0	0	0	0	0	0	0	0	0	0	0	0	0	1199	390	0	0	0	5499	1285	0	0	1089	0	0	0	0	0	629	0	0	0	0	0	0	1798	0	0	0	0	0	0	0	0	0	0	0	0	0	0	0	0	0	0	0	0	0	0	0	0
SRR527891	5196	0	2740	0	0	0	116584	5604	682099	17770	269120	0	50944	0	0	0	0	0	51851	3217	0	59201	2855	726	33550	4250	0	15718	5397	121788	0	0	0	0	29311	312	0	0	0	0	22095	0	3708	0	0	0	8804	0	0	0	0	0	0	85416	57527	0	3265	3272	0	4194	39337	0	24582	1499	0	3592	944	1854	612	0	0	4037	3615	0	1622	546	383	0	0	0	0	0	0	282	0	0	0	0	0	446	0	0	0	0	0	0	2209	0	8772	0	0	0	1523	0	0	0	0	0	0	0	0	0	0	0	0	0	0	0	0	943	0
SRR527905	73723	19572	555	0	0	0	679035	37429	332507	84993	53430	127219	0	125959	34430	32269	0	834	127905	4326	0	0	0	10829	23512	31068	0	43820	21483	52301	325	5242	1239	271	0	700	0	197	0	0	76248	0	19023	194	9179	0	4835	0	0	0	819	928	0	18740	36143	55	48576	65817	7389	10516	28745	0	0	47704	1023	4202	6116	1216	744	0	2816	23011	23426	5092	3386	0	0	3395	0	4160	0	0	0	3077	7423	0	0	2186	0	198	0	249	0	2313	43	0	1848	605	0	0	721	6121	8953	790	0	0	2201	0	0	0	2179	0	0	207	0	0	160	0	0	0	166
SRR1565914	177817	0	5995	2968	5193	0	0	89907	253354	0	0	511968	2877	663417	139026	0	0	3904	0	78827	2387	0	5737	0	22183	11585	0	0	59027	0	0	5509	533	0	0	7356	3645	0	3408	0	0	0	6736	0	23978	0	0	6435	5716	2797	0	10490	766	110814	0	0	7334	0	0	147948	0	0	0	5575	0	0	1680	450	61549	0	570	0	0	4518	0	0	0	1742	0	8843	0	0	0	0	9400	0	0	0	0	99	0	2469	0	0	0	0	0	2255	14856	0	622	0	0	0	0	0	1197	0	0	0	0	254	0	0	0	0	303	0	0	1446	0
SRR1031094	40746	0	2139	149160	0	0	53766	48920	101904	12227	15623	19958	0	626	42629	154625	895	3087	79288	59	9901	106472	3460	51499	35532	174060	940	0	468774	17916	27421	0	0	2231	0	122187	0	7095	3773	0	0	0	106	0	5222	0	0	13287	2830	0	89798	4679	1593	30146	39911	476	34319	1008	1277	122	48431	0	0	250317	73	10474	10357	0	0	8771	8090	0	22090	6439	54678	0	76352	3608	0	0	0	0	0	1730	7875	0	4051	0	0	0	0	0	0	1635	6446	0	0	0	0	708	0	0	2094	12688	0	0	0	0	703	3071	0	0	0	0	0	0	377	0	425	0	0
SRR1031247	27499	67200	100	0	0	0	154344	7756	339966	24743	19763	0	50079	644126	0	53791	0	0	94096	7542	0	0	2128	0	15901	0	0	0	648	167440	613	0	0	0	0	1200	30	0	1935	938	0	0	20440	0	0	0	0	0	7686	0	0	450	0	36042	30044	0	0	461	152	0	0	0	0	773	0	0	0	0	0	0	0	0	0	2262	0	0	0	0	318	0	0	0	0	0	0	0	0	0	0	5587	0	0	0	0	210	0	2032	0	13055	0	0	0	0	0	0	0	114	0	0	0	0	0	0	0	0	0	0	0	0	35	0
SRR549436	77368	390526	8674	39789	572	1353	241771	34792	632768	63079	0	0	33286	0	134477	0	0	1757	172338	6970	0	0	7587	118000	23791	17923	0	0	2231	0	0	9745	0	4006	405231	0	0	298	5851	673	0	0	30480	0	10193	0	559	0	25441	0	4520	183	0	104198	0	0	1642	9890	0	2386	0	4902	2579	18	0	0	0	0	0	3651	1187	33000	0	0	0	0	27008	14534	0	1408	940	1495	0	2132	0	1893	0	0	0	5074	0	130	0	0	0	0	2006	21872	0	1208	324	621	0	5155	0	0	0	85	0	0	0	0	0	0	0	2875	0	0	1525	0	0
SRR1179033	52118	97565	445	0	133311	7058	123438	76354	625385	59430	172768	0	0	271748	0	149037	0	3439	0	9908	0	0	741	0	0	0	3053	0	6518	51158	0	0	5035	0	0	0	0	0	2458	1022	0	0	11823	0	0	0	14804	4410	20757	0	0	0	0	8560	0	0	342	3983	0	1000	0	0	0	0	0	8388	0	0	0	3036	0	0	0	0	0	0	9330	0	26555	0	0	0	0	0	0	0	0	0	0	0	0	0	0	0	0	0	0	0	0	0	0	0	0	0	0	0	0	0	0	0	0	0	0	0	0	0	265	0	593	3785	0
SRR1565915	36116	0	11663	88542	0	4826	163560	41170	605209	34741	74083	0	24778	0	11361	182682	397	3460	567050	25769	0	0	9714	18969	69948	69293	0	0	238380	124531	6079	19256	0	1006	15082	7847	0	1195	1340	720	44968	20796	15889	0	23979	0	0	0	2005	2891	8510	1126	578	21475	92471	862	65375	10454	37668	10063	165659	0	750	25416	0	382	4501	2090	0	819	1034	30743	165122	0	32139	3038	0	1463	0	172342	890	0	695	0	12894	0	0	113	0	963	0	339	54892	68	0	0	0	282	0	2273	819	1090	3578	3213	0	0	0	0	0	0	771	97	0	0	227	0	0	0	1152	335	466
SRR1804298	40058	73378	258	686	9129	4751	269203	680567	84633	36455	72366	34512	0	27267	912	45738	0	0	62832	335788	388310	232380	42273	433503	12443	215770	0	87252	118209	90228	3304	24985	0	305	55188	6324	0	619	23332	243	6818	6797	6113	0	18242	0	128534	0	2592	260	7811	10733	7415	36208	17585	0	61168	109700	589	2817	15610	536	92619	1090046	3315	0	54044	71862	29843	9275	893	156265	134238	617	3544	0	148379	9100	14007	5971	26601	0	721	12849	43986	190	0	34956	342	956	307	4977	0	9105	6667	449	127516	17511	0	0	654	995	254214	35535	6129	0	0	3119	0	1677	0	3103	0	4580	456	3898	2304	3142	7159	1038	0
SRR1568840	39529	0	2506	1681	0	0	255712	11457	198710	4882	582692	32463	0	5098	29698	0	1390	0	35560	34474	38957	0	4125	348	0	5286	0	1743	2843	0	0	0	0	0	44130	0	0	278	1790	3202	0	0	3335	0	12875	0	0	0	417	0	0	0	2021	17863	4744	0	4319	28869	5034	0	0	0	0	16358	0	0	2898	0	0	403	0	2789	80324	0	3517	0	14263	89	10767	0	1015	1179	0	811	0	0	0	0	0	0	0	0	0	0	477	1388	0	4474	0	0	0	0	0	0	0	0	365	0	0	0	0	0	0	0	0	0	0	0	0	0	0
SRR1568845	0	51713	1166	2966	0	0	201575	10065	325508	0	156093	0	0	563336	46	0	0	0	32315	0	0	0	3257	2064	5576	701	0	0	0	86778	0	1731	0	0	41491	0	225	0	0	0	0	0	2288	0	9004	0	0	0	3707	0	3742	1569	0	24586	16067	0	0	0	0	0	0	0	0	0	0	0	1090	0	0	0	490	15452	0	161	0	774	3273	0	0	6372	0	0	0	872	0	0	0	0	0	2051	0	0	15135	0	0	0	0	3050	3131	0	0	0	0	0	0	0	0	0	0	0	63	0	0	0	0	0	0	0	0	0	0
SRR1565838	26731	10738	9199	71988	0	0	232657	72809	312384	345093	345169	108778	0	532110	56825	144774	0	0	562759	36307	0	0	5243	85159	0	8601	0	0	62330	113013	606	4102	0	0	0	1498	0	1675	3720	0	155980	0	19346	0	34484	0	342	2015	0	3190	95	2550	0	116718	0	0	0	1309	0	16333	65538	0	0	42951	0	0	2286	24940	0	0	3191	32334	99962	2410	0	26916	0	700	0	0	0	0	3005	16919	12927	0	0	660	0	2559	0	465	0	0	0	0	3135	0	25313	1590	1469	6584	3259	0	1575	0	1301	0	0	0	0	0	0	2999	0	110	0	0	0	0	0
SRR527876	83925	221016	13636	2411	231	8924	328906	34554	555103	501224	275760	0	0	0	0	33909	0	0	0	29983	722	40637	3177	32104	13748	22217	0	22081	16904	0	1563	3117	244	3825	0	0	0	7927	0	0	81249	0	8323	0	41619	0	22867	2651	0	1389	18	1428	1941	115430	107851	151	14700	26837	0	2060	60928	0	0	95139	0	10449	4942	0	0	494	0	7236	53060	539	0	2477	75	4285	0	7227	838	0	20856	0	0	0	0	23	0	1501	0	0	2826	3856	0	0	3102	3343	16386	0	1238	4243	33597	0	3678	0	244	2515	0	0	3340	0	0	696	0	0	0	124	0	1716	0
SRR1568833	23030	7577	1272	6200	0	563	87730	20004	545155	17870	99907	91710	0	89959	9928	51143	0	0	39479	38612	15415	38112	0	3419	19161	33540	0	400	31457	0	0	0	0	0	2030	1836	0	56	0	0	19641	0	1637	0	5243	0	0	0	0	0	0	0	0	19424	35433	0	8725	257	1709	15130	0	0	861	20198	0	0	901	499	0	0	0	176	1848	0	0	0	7724	289	0	0	0	0	2582	3375	205	0	0	0	0	0	0	0	1908	1033	0	914	101	0	0	0	0	0	659	0	384	0	0	0	0	0	0	0	0	0	0	0	0	0	0	0	0
SRR527907	11871	69227	2466	10720	0	0	0	12974	0	42441	17918	0	7047	0	34696	0	0	0	234353	14203	5158	243974	629	1204	0	9015	0	0	22564	172178	0	1259	2310	0	539830	1922	0	56	581	0	0	0	698	0	3041	0	19339	0	0	0	1120	0	0	23413	127820	1370	45205	31984	0	0	75905	0	0	0	0	209	18433	0	202	1201	0	4770	60984	0	3463	2599	20111	28140	261	822	82	0	39247	5097	290	0	0	0	0	0	0	0	1903	0	0	0	2778	752	0	0	0	105	105	402	0	0	0	0	0	0	0	0	0	186	0	57	0	0	0	445	0
SRR549433	0	147291	2855	9564	0	0	177161	519776	506728	36678	361080	152149	0	0	2700	17629	0	0	41724	426675	14874	0	104481	35570	10344	31133	0	3661	371654	0	1746	283	0	255	13304	82	8676	0	2134	0	0	288	1408	248	0	0	28384	0	0	0	1428	0	292	0	0	0	17662	8208	2362	0	0	17639	1194	1110	0	0	2614	2062	21	27461	0	14005	35718	0	1718	0	0	3339	0	0	53	0	681	0	5886	0	0	7583	0	0	0	4923	102025	0	0	20	7713	1779	0	0	0	0	0	0	0	0	0	0	0	630	0	5491	0	2398	0	0	0	0	0	2371	0
SRR1568831	74188	383255	8406	0	0	0	300892	15462	0	0	88736	0	0	0	75105	94417	0	0	0	1448	0	491556	516	0	0	79	0	0	1743	62990	0	0	0	1051	0	0	0	0	236	0	0	0	2367	0	0	1096	4115	2851	5086	946	0	0	0	0	0	0	0	1934	0	0	0	0	0	0	0	0	0	1473	0	295	0	0	0	0	0	0	0	0	0	7009	0	0	0	0	0	0	0	0	0	90	0	0	0	0	0	0	1829	1380	0	0	0	1022	0	0	0	0	0	0	0	0	0	306	0	0	0	0	0	0	0	0	0
SRR527892	27225	367156	2807	0	10350	46743	282100	120961	477487	325111	0	0	205490	143127	0	0	0	13162	0	82355	0	0	7399	37670	56799	17299	0	24319	98150	185965	1453	16851	0	2795	75311	9987	0	3714	23502	69	229712	0	6507	290	21572	386	1163	3480	4829	6456	13091	0	883	35552	0	3961	388	4243	0	21836	195028	0	0	129731	834	0	1721	9338	0	0	6596	11884	0	2603	73474	6417	0	0	0	22199	518	1048	0	2425	0	753	0	0	0	4142	0	0	0	0	309	3273	9156	3112	18979	1814	560	0	3200	0	0	0	20	0	0	0	0	0	0	28222	0	0	0	0	1318	0	0
SRR527903	4533	7505	0	0	0	12918	5203	30249	56227	0	7468	0	0	1290	0	0	454	0	0	7560	17900	16852	7319	0	8054	76131	0	0	392107	42042	14000	0	0	0	13537	0	0	0	0	896	1944	0	3812	0	1718	0	0	0	0	992	0	5203	508	20149	4651	0	42924	1609	0	0	13466	432	8081	21638	0	5380	937	0	0	8407	6046	285	42155	2977	233	5529	0	3649	0	0	1681	0	0	0	0	0	0	0	0	1591	0	0	0	733	213	0	0	0	0	15685	0	0	10730	68308	0	0	0	0	962	0	0	0	0	0	0	0	0	0	0	0	0
SRR1031082	52156	29400	2164	0	0	0	354490	47071	462510	166055	274585	0	0	29457	119679	107579	0	0	213329	14684	24538	0	461	41428	0	13045	0	549	98564	63425	0	5849	224	0	86313	1397	0	0	1008	218	22240	0	5838	0	19248	0	12187	0	0	986	2236	0	0	18856	0	0	19387	18614	0	0	0	0	0	6613	0	0	15087	2482	0	1193	0	0	18389	804	0	1002	0	1980	3533	3233	0	0	0	4407	2685	431	0	1190	78	1574	0	0	0	0	0	370	13605	189	7283	0	0	3288	0	0	0	0	0	0	0	0	0	0	0	0	0	0	0	0	0	0	520
SRR527878	103296	40026	2376	2619	0	3685	41349	33861	189922	767	88636	87976	0	89074	55050	105195	0	0	83384	0	0	0	3171	4366	60148	37532	0	22269	16519	84664	0	0	1326	0	6547	0	0	0	2379	0	18152	0	759	0	2644	0	0	0	0	0	0	46	900	97255	101518	929	13497	22456	1167	4439	0	0	0	39031	943	0	30550	562	0	0	0	8467	0	0	921	6253	45798	2753	0	0	27	334	0	0	0	920	0	0	0	1945	0	0	3235	0	700	0	0	319	33797	0	0	3315	4253	519	0	0	0	114	0	0	0	304	0	928	0	0	296	0	85	352	59
SRR527869	14473	3914	0	0	452	1256	175750	58157	454952	20694	355857	84698	0	143460	56647	22801	0	0	235562	10324	2707	0	0	4565	13654	11837	0	22502	34627	47602	0	1460	2159	0	6323	0	0	2048	0	0	25439	55130	0	0	0	0	3258	0	0	0	0	0	0	54840	159396	0	27932	1875	0	1510	0	0	1974	70331	0	8834	5623	7654	888	0	0	178	27051	1362	0	2829	0	658	0	1917	0	0	0	1685	0	0	0	0	0	946	0	0	0	4559	0	155	8897	187	0	0	242	0	8109	0	0	0	1799	0	0	0	0	197	0	0	0	0	0	0	0	0	0
SRR1803881	54902	0	7166	94338	0	0	293212	28111	27728	47010	0	54898	0	148404	18253	432402	0	0	55743	105843	0	113487	65234	20896	28802	97638	109	0	52030	0	950	0	0	0	0	4626	0	0	122436	0	13690	11766	10957	87	0	0	0	0	6434	2402	1072	0	5823	0	25393	768	9006	10485	2130	42894	30968	0	15775	10535	0	0	417	1076	0	1155	1812	0	44435	0	0	55	36285	14444	0	0	5114	305	0	0	7198	2301	0	1132	1732	2714	1908	3449	0	0	0	2036	0	3457	0	1673	182	0	0	0	2514	3416	0	0	0	0	0	166	0	805	0	0	0	0	4195	0	0
SRR1031351	34659	117578	92	0	2240	3891	113032	25342	0	140708	335330	0	428279	0	11061	0	0	0	78074	0	0	230694	26897	49181	9765	7908	0	0	9171	135694	0	17711	0	0	0	0	0	0	36310	0	14180	0	56486	0	23366	0	1752	0	78712	0	0	12802	784	0	8704	0	0	0	0	546	0	0	0	0	0	552	0	0	0	0	0	14919	0	573	0	0	7473	0	0	0	0	0	0	0	0	0	0	45	0	2670	0	309	0	0	0	0	775	0	15631	0	0	0	0	0	0	0	0	0	0	0	0	0	0	0	0	0	0	0	166	0	0
SRR1568871	8160	60529	2402	10836	0	0	290347	68245	422921	25535	15902	0	0	0	23201	61689	0	0	63585	15511	401	0	479	5473	19093	9655	0	0	9364	32203	0	0	0	0	86347	321	0	0	2774	0	5607	0	2053	0	4801	0	951	0	0	0	0	1458	0	19381	13626	465	235	0	0	38259	0	0	23077	0	0	0	6047	9844	0	295	0	1665	0	818	0	0	11396	1329	12126	0	0	0	7180	4609	0	0	0	1405	0	688	563	434	0	0	2970	0	9683	0	0	0	0	0	0	0	2843	0	0	0	0	0	0	0	0	0	0	183	0	0	435	0	0
SRR1569009	0	0	2305	0	0	0	196710	19673	421045	4665	192156	0	109930	0	11918	0	0	0	73760	14546	22661	0	4608	4971	37496	5001	0	0	11071	57865	0	94	0	0	0	995	0	29	990	0	8175	0	362	0	3339	564	0	0	0	0	929	0	996	0	56994	0	11469	23643	0	4530	0	0	2750	16927	0	416	1956	0	395	0	127	3736	1044	466	0	1703	5007	0	645	0	0	0	0	1953	8256	0	0	0	0	0	0	1100	4858	22	0	0	557	2905	12493	0	0	0	0	79	0	0	0	0	0	0	0	0	0	0	0	0	0	0	0	0	0
SRR1803877	5613	0	0	108603	382	7325	78695	17479	14717	225495	23265	0	0	0	17913	3690	1872	0	10637	161824	0	0	4991	66691	4911	598636	0	0	210452	2539	1396	17622	0	262	4235	2348	0	0	1330	607	11926	0	0	0	0	0	123	0	0	2610	364	0	1055	724	6996	0	7515	0	0	161628	1241	0	0	53582	0	1301	1058	2803	1169	921	5341	15213	0	0	8856	0	6821	6513	0	0	2731	1161	0	35129	4030	0	0	2486	0	0	1428	0	0	0	0	1200	0	3162	0	7554	0	187	0	678	0	0	20	0	0	368	287	0	0	1645	0	4154	0	465	1351	5396	0
SRR1568843	4603	2278	308	0	0	39	55099	29353	397554	35153	7964	73273	0	16744	19898	18694	0	0	63225	1077	0	0	1215	3602	56142	13332	0	0	30603	123601	658	0	0	0	0	34	0	0	0	0	9461	0	609	0	0	0	0	0	0	0	10023	0	160	0	36066	0	38331	12090	14541	0	39247	0	6195	24914	0	953	0	1488	0	0	0	353	19747	0	20130	0	0	304	0	0	0	0	0	0	6526	0	0	352	0	48	0	0	5085	0	0	0	0	0	0	0	0	0	2041	0	424	0	0	0	0	0	0	0	0	1198	0	0	0	0	0	236	0
SRR1568983	10787	57837	0	120804	395	1950	228107	15070	118983	51229	258626	0	0	345102	0	73144	0	0	89541	3913	7019	0	775	3533	9854	6022	0	0	18052	27681	1719	0	0	0	44327	69	0	0	2955	587	0	144	3600	0	0	0	0	651	2118	113	0	0	0	20019	56169	0	0	0	0	0	46868	0	264	0	0	0	5651	0	0	155	0	2079	0	0	0	0	21381	0	0	85	0	0	0	0	0	0	0	0	0	1934	0	0	0	3129	0	883	135	3529	0	0	0	0	0	0	89	0	0	0	0	0	0	0	0	0	0	0	0	0	0	0	0
SRR549558	61376	0	0	28536	361	678	259188	15203	14105	39043	39541	0	12868	7943	66133	41031	0	340	0	6398	5144	82119	7030	3971	21290	22930	0	0	126917	112957	0	0	0	0	14844	1962	0	0	16440	0	8730	8692	25466	0	0	0	0	0	6443	0	2294	741	0	5354	59945	0	3463	264	33563	0	0	0	0	14623	0	0	0	0	0	0	700	0	43853	1251	0	0	25266	225	3652	39442	0	388	0	1870	11921	0	0	0	0	1156	0	0	11409	67	0	343	0	0	0	2185	5571	0	0	1184	0	0	0	0	0	0	0	0	0	0	0	0	0	0	0	0	0
SRR1568863	10642	131229	261	0	0	0	250300	12726	0	0	132623	0	53916	0	0	0	0	0	0	34842	0	267281	0	0	0	0	0	0	1801	163499	0	0	0	0	17433	0	0	0	1545	0	0	17032	22326	0	5847	0	0	0	723	0	0	0	0	124063	0	0	0	0	0	3969	0	0	0	0	0	0	0	0	0	0	306	1255	0	1761	0	0	0	116	0	1551	0	0	0	0	0	0	0	0	0	3970	0	0	0	0	0	0	0	0	0	0	0	0	0	0	0	0	0	0	0	0	0	0	0	0	0	0	0	0	0	1874	0
SRR549571	20285	963	4643	12585	0	4587	118265	42909	221744	5758	91827	18611	0	31531	0	0	1231	0	121720	2755	0	0	675	16525	6452	49582	0	0	40993	0	5236	17946	0	381	9579	669	0	191	3468	0	0	0	0	0	0	0	0	0	296	0	13174	0	989	0	22266	0	363	2320	12503	269258	0	0	0	1119	0	194	5734	0	0	1323	0	9136	96313	0	0	0	46545	1559	2715	23340	21032	9804	937	0	0	0	0	331	0	0	0	557	1229	130	0	2892	0	4257	0	0	0	0	0	0	0	0	0	809	0	0	0	0	0	0	672	0	0	0	786	0	0
SRR1031252	68977	20013	3185	59536	556	1661	169268	106572	260829	27038	86519	0	52407	109858	27430	33694	0	2579	123368	34974	1050	0	1583	13065	31052	32853	125	0	197885	30757	1459	6340	0	0	268727	13636	0	7468	692	795	53857	0	3309	0	4093	0	1052	0	0	290	69178	2739	0	174276	11649	3327	49444	1964	694	298	19992	0	1985	56322	3102	15192	5412	10593	41692	1442	1871	1466	38621	1172	1004	452	15580	54302	0	0	0	731	22159	9598	921	0	0	0	158	1097	0	0	44911	4591	1583	1508	499	6621	0	2846	738	17850	20537	3542	0	0	1059	2061	754	0	42539	0	3105	22066	0	0	1436	1746	134	0	0
SRR527872	6779	0	1259	0	712	4130	20290	33653	136412	0	117215	0	0	0	37441	21649	0	0	146333	35141	0	104113	0	596	67123	2360	0	0	87833	9246	0	2649	0	0	0	0	0	146	0	0	0	3404	2771	0	1846	0	827	0	0	0	1659	3680	0	0	88933	0	42419	30977	4806	0	103065	0	6977	5216	0	0	0	1859	7048	0	0	0	0	1857	0	0	0	82	0	37455	0	0	0	0	0	282	0	0	0	5127	0	608	29893	5857	1484	0	11619	455	0	693	0	0	0	0	0	0	467	0	0	0	0	0	0	0	21	0	379	0	0	0	0
SRR1803820	45109	0	0	0	0	0	45038	781	238629	604	21299	135298	0	0	0	0	0	0	15791	9313	0	0	376	0	9036	378	0	1564	2018	10912	0	2226	3272	0	11618	0	0	0	0	0	4974	0	1519	1759	780	0	0	0	0	0	0	0	0	20155	7126	0	0	4707	0	0	0	0	1406	0	0	0	0	136	0	0	0	3445	0	0	0	0	0	430	2859	1433	0	0	2775	0	0	0	0	0	0	262	0	0	0	0	0	0	7522	0	0	0	0	0	0	0	0	0	0	0	0	0	0	0	0	0	0	0	0	0	0	123	0
SRR1568971	95761	20360	1265	88936	446	1569	30297	41314	124646	211121	145892	0	8487	103867	0	0	0	0	56812	41614	0	0	358	10519	28232	5607	0	0	28311	63182	732	7328	0	0	0	3258	0	139	449	0	0	0	376	152	5223	0	0	0	0	0	2665	1694	0	22237	21238	0	17227	4244	157	1132	43873	0	0	15053	0	0	8454	195	0	0	0	0	4894	0	0	0	1745	519	380	0	0	0	2395	0	0	0	0	1350	0	394	0	0	0	0	225	574	6414	531	0	0	0	0	126	54	0	0	0	0	0	0	0	0	0	1212	0	0	0	0	0	0	0
SRR539795	2640	756	50088	0	0	0	7769	1229	0	90919	0	0	3612	0	15301	0	0	0	2690	0	4902	2505	3087	1348	268	5407	784	0	27237	4229	0	6976	0	0	0	0	0	0	0	0	101378	0	6694	0	59972	0	0	0	0	0	0	0	0	0	45188	0	24579	0	2628	0	478	0	9299	13777	0	0	25	0	0	0	0	989	52069	0	508	434	14107	518	5172	0	317	0	225	0	0	0	0	0	0	184	0	0	0	0	0	0	0	544	0	777	0	0	0	2111	0	0	0	0	0	0	0	0	0	0	0	0	0	129	0	0	0
SRR1568883	0	0	0	118208	5749	2134	35324	56153	172271	0	14029	114480	0	47162	0	80809	2796	0	88733	811	2969	2435	275	87439	0	77961	0	0	36102	28935	0	0	0	221	0	7189	0	0	47	650	0	0	2992	0	18398	0	0	0	0	2303	534	0	0	65411	0	373	5892	0	0	35	39616	0	60	27722	0	1705	263	0	589	7221	443	0	1521	162	0	0	0	9708	0	4620	615	0	3856	9244	7728	0	124	5245	0	459	0	0	0	0	0	0	0	81	0	0	0	0	272	21821	0	0	0	426	0	0	0	0	0	0	0	0	0	0	298	0	0
SRR1568849	23052	0	3238	53853	1853	7247	138437	14382	0	9999	40260	0	0	170281	1525	107646	63	6642	80381	102753	32721	124400	0	0	14089	29130	0	615	11415	0	0	0	0	2509	0	3502	0	0	20269	0	2453	0	20730	0	0	0	0	725	6696	9266	127	962	4181	4816	60416	3360	2228	2983	0	0	0	0	0	66412	0	0	2863	1681	4212	0	6027	0	0	0	0	0	0	10158	0	0	1907	790	7513	0	0	0	0	7805	0	7201	0	1585	0	0	5762	558	2772	9472	0	0	180	0	0	0	0	0	0	345	0	0	0	0	0	0	0	0	0	0	7779	0	0
SRR1803873	5547	40912	2862	0	445	0	50080	155621	84742	0	16275	1448	58615	0	19642	3199	218	21912	10693	170	249	0	13026	19312	20912	8565	0	0	7514	3161	4415	628	464	0	0	884	6815	0	0	0	809	50	0	379	0	0	1887	0	0	0	1011	0	3059	43702	619	0	279	605	0	0	1789	431	0	0	38	762	7661	7128	0	0	0	59687	17480	0	0	0	0	2150	0	0	49887	0	0	0	0	0	0	0	0	0	0	2371	11694	1606	660	428	16771	8874	0	0	0	0	0	0	1622	705	0	291	0	0	0	1135	61	0	211	0	0	0	232	0	0
SRR1803290	0	0	0	0	0	0	0	0	0	0	0	0	0	0	0	0	0	0	0	0	0	0	0	0	0	0	0	0	0	0	0	0	2500	0	0	0	0	0	0	0	0	0	0	0	0	0	0	0	0	0	0	0	0	0	0	0	0	0	0	0	0	0	0	0	0	0	0	0	0	0	0	0	0	0	0	0	0	0	0	0	0	0	0	0	0	0	0	0	0	0	0	0	0	0	0	0	0	0	0	0	0	0	0	0	0	0	0	0	0	0	0	0	0	0	0	0	0	0	0	0	0
SRR1803285	1228	0	0	0	0	0	0	0	0	0	6634	0	0	0	0	0	0	0	0	0	0	0	0	0	0	0	0	0	0	0	0	0	0	0	0	0	0	0	0	0	0	0	0	0	0	0	0	0	0	0	0	0	0	5471	0	0	0	0	0	0	0	0	0	0	0	0	0	0	0	0	0	0	0	0	0	0	0	0	0	0	0	0	0	0	0	0	0	0	0	0	0	0	0	0	0	0	0	0	0	0	0	0	0	0	0	0	0	0	0	0	0	0	0	0	0	0	0	0	0	0	0
SRR1803287	0	0	0	0	0	0	0	0	5156	0	2312	0	0	0	0	0	0	0	0	0	0	0	0	0	0	0	0	0	0	0	0	0	0	0	0	0	0	0	0	0	0	0	0	0	0	0	0	0	0	0	0	0	0	0	0	0	0	0	0	0	0	0	0	0	0	0	0	0	0	0	0	0	0	0	0	0	0	0	0	0	0	0	0	0	0	0	0	0	0	0	0	0	0	0	0	0	0	0	0	0	0	0	0	0	0	0	0	0	0	0	0	0	0	0	0	0	0	0	0	0	0
SRR063801	0	0	0	0	0	0	0	0	0	0	4029	0	0	0	0	0	0	0	0	0	0	0	0	0	0	0	0	0	0	0	0	0	0	0	0	0	0	0	0	0	0	0	0	0	0	0	0	0	0	0	0	0	0	0	0	0	0	0	0	0	0	0	0	0	0	0	0	0	0	0	0	0	0	0	0	0	0	0	0	0	0	0	0	0	0	0	0	0	0	0	0	0	0	0	0	0	0	0	0	0	0	0	0	0	0	0	0	0	0	0	0	0	0	0	0	0	0	0	0	0	0
