feature	X1524	X1525	X1522	X1521	X1520	X1568	X1552	X1547	X1545	X1543	X1540	X1542	X1541	X1564	X1561	X1699	X1531	X1526	X1536	X1457	X1458	X1528	X1411	X1485	X1464	X1466	X1469	X1468	X2016	X2037	X2036	X2043	X2041	X2047	X2048	X2053	X1343	X1341	X2524	X2492	X2502	X2497	X2483	X2480	X2479	X9712	X9649	X9733	X9738	X9418	X9416	X13165	X12664	X9269	X9434	X9430	X9422	X9467	X9450	X9463	X9447	X19337	X19351	X19322	X19317	X19300	X3607	X5989	X6001	X6055	X6050	X6070	X6067	X8000	X8007	X8095	X8163	X8130	X8047	X8053	X8031	X8028	X8026	X8025	X8071	X8059	X8249	X8255	X8245	X8235	X8236	X6833	X7295	X7285	X7298	X4303	X4482	X4481	X4494	X4479	X5266	X5265	X7281	X5286	X5285	X5273	X7282	X4498	X3936	X3934	X3920	X3922	X3931	X6653	X6649	X749	X748	X6936	X6956	X6952	X6939	X5870	X5868	X5825	X5842	X5884	X5880	X5882	X5878	X5898	X17525	X19880	X19882	X19831	X19850	X19849	X19893	X19827	X19800	X14348	X14386	X969	X985	X962	X14784	X17008	X17007	X15903	X16955	X15897	X15899	X17130	X15888	X15887	X15878	X15876	X15873	X15874	X15875	X15872	X15877	X17148	X17167	X17168	X17169	X17153	X17154	X17151	X17132	X17137	X15892	X15894	X17248	X17234	X17300	X15494	X16971	X16988	X16987
GBM-BM-460-SL-PreOp	0	17655.590062494	0	0	1163.13815322206	8619.82028209478	5445.35452871655	0	2417.50282826546	0	22427.6059777673	0	0	0	0	0	0	0	0	0	0	0	0	0	0	592.972391838698	0	1846.25103686042	2085.17764163059	778.683525546423	0	3202.70253394198	0	1170.74036337384	7415.41298804878	0	0	0	535.412800689521	11122.0334520515	802.57618602344	4978.36161939303	105.344912103212	17834.7850160716	582.112091621872	506855.641269377	2937.71120865143	61565.9558991648	0	7339.390886531	0	29984.2028686348	3982.47208951009	0	6064.39164107563	0	8050.7405507331	14183.5520831747	0	0	40942.2457874123	1440.07580875112	6193.62921365586	0	915.52330827843	4648.20849280152	5664.73259309643	0	38170.6971720783	0	0	865.56592728103	0	21180.8435128757	606587.950220533	222472.163911658	111527.681016651	630697.816701887	499966.952841844	146155.748258001	45639.3256311895	3072.37893134007	4488.56207961418	77021.2491377298	236530.82254234	0	330682.023212069	58353.4790950277	8979.29621927172	1102.32047200784	18623.2428118132	6037.24089053356	6727.95598432369	2596.69778184309	30150.3654619523	3937.9448586211	1416.18314827411	912.265218213382	0	0	248.700874965315	1836.47676666527	1298.89190593239	0	1173.99845343889	2370.80353733311	5768.99147517796	2577.1492414528	0	273.679565464015	0	10959.1289487991	949.19023895059	4437.5186685951	0	535.412800689521	1189.20287374244	202660.804256125	0	421274.303500745	88223.6488113858	0	12920.4991679579	14831.9120061192	0	2482.66462956642	115.119182298355	0	995.889529882942	0	0	9233.42724434545	7228.61582431937	0	0	0	590.800331795333	2283.9211355985	0	24562.7410003953	0	38812.5409148927	3389.49969767139	417.035528326118	402.917138044244	11930.0397881833	5008.77046000014	0	433.325978651357	19107.6122014836	6346.7594467131	8555.74451081551	45814.1764646804	43825.6554949796	152289.645820464	0	70066.3128788745	158430.059563057	2240.4799347312	95080.8423682898	253053.683292219	17777.2254249224	90055.7814579644	0	1776.74511547273	49553.3778293336	57884.3141256608	10015.3688599569	13003.0374496057	36051.8525997755	15466.1535387819	15584.5308111453	0	0	0	7855.25514683023	1751198.43127269	900869.505195867	46699.2909323517
01-2020-123-SL	786.525379110333	189.931313770347	0	0	4903.25747451301	1052.19617383205	929.847781525994	0	675.829214642953	0	0	0	0	0	0	568.628718527174	1275.91894833454	0	3080.84904054477	0	0	3169.40597211867	649.029090614008	285.479582047454	0	0	0	0	5009.29274784492	704.959784239632	227.218442854096	8107.6201301477	0	245.862007395971	3415.26797951465	1660.4424670107	3389.63307826957	2060.11388187714	5762.0266662231	7203.40724986678	1326.02352804083	11561.34046153	18911.565782164	0	5075.71044652535	196779.328071134	0	41817.5152674246	218169.322714584	2735.94309652009	1983.20917814191	426536.791371277	9544.33982265591	0	438.123766734052	179070.272201921	3200.86698728309	19751.6914093322	187606.694316532	0	565128.389284437	0	0	0	195.757427689683	4755.27418096188	0	0	551.150376769167	0	7159.12878407983	1202.50991295091	2492.41153469185	0	186152.496282266	538186.108075861	9016.49390156408	353173.199676217	182570.601444658	14088.7086797378	23602.7527100132	68693.3787773207	47536.4286906447	0	2046.13120847073	391761.882609545	132690.909735657	72663.2928019561	3122.79706076399	2470.27230179838	5745.71354724897	152.644184686598	453.271662924325	0	4631.76056587196	3673.94743753316	0	849.44740943916	0	0	0	403.167083218037	1405.25867734379	0	0	0	688.646665265491	0	0	0	548.819931201432	0	1853.86944913265	745835.799497692	36456.3252388518	188.76609098648	929.847781525994	230.714111205698	89089.4383861314	29813.3901480252	64918.0569575911	2197.61017037346	0	1814.25187448117	157.305075822067	406.662751569639	0	0	0	3786.97404756827	3036.57057475782	0	8207.82928956027	6277.05513669239	938.004341013064	0	0	0	7994.59352011258	44212.0480882716	11222.2606314246	0	1089.48330291579	0	0	33392.9545400651	0	0	0	30186.2614388626	0	186.435645418746	36452.8295705002	6109.26305581552	290638.023311634	2453.95918282424	3170.57119490254	0	9225.0687798763	0	75402.7315668278	23163.4637204953	7995.75874289645	509654.462990089	0	113168.767214746	15181.6876510052	193953.662820256	11183.808279557	10893.6678063741	2916.5526280195	0	0	0	0	534.837257795026	4238751.89488368	230054.595110029	5765630.70029361
GBM-BM-456-SL-PreOp	0	1193.63862991957	24416.2767447121	2239.23708284131	0	51930.0095004557	770116.388448636	532.116440397796	451596.042308885	218501.08977284	0	168088.75089811	0	338496.452820521	2592.25596645152	2655.40597202402	0	0	53435.2571742658	1916.24033302786	0	0	1605.66653513031	2456.63874136959	0	0	38736.8345657679	225092.501010219	1083.90255466244	0	309.538551904554	315406.326192832	0	0	133240.300282019	0	0	478.283648762221	4018.82494479425	78004.7503259407	0	166.674604871683	0	1094.25501459235	0	256089.83653238	4336.64546464274	3150.25355667411	0	2352.07889607742	0	4490.89711759852	0	7310.90720250824	0	0	426.52134911263	12022.311716614	12865.0019549094	0	2268.22397064508	0	7872.0105307098	32869.0602774903	0	0	0	282137.660962047	19276.2803895077	99319.4300756493	36959.317195801	788.857446659767	52400.011181274	0	381502.641861388	78196.2708346442	137934.105614244	24335.5275572587	19324.9369511783	17032.9023226944	0	0	0	4684.48811828799	51777.8283394859	147422.135140014	5061.31765973701	47846.999304096	11085.4140929564	6905.09077325544	1399.65258252494	37383.7680529276	2800.34041104287	73495.2187804683	176077.744226028	131940.031314822	3178.20519848489	0	64049.6343404109	31626.7650859001	79832.9947495642	0	0	60194.3782625094	326.102487792423	12681.7634141498	0	12000.5715507612	106.630337278157	98587.5111586041	0	102104.241796797	4999.2029001575	4203.09873154679	108928.583382599	16443.8473526821	0	137199.08095922	227901.123389205	54864.9318905875	22121.1363782492	0	115523.100357957	8656.7269933976	0	0	17877.6630529757	0	0	2125.36002361221	0	1525.95259366994	3083.99781312263	2477.34366122943	221633.744147633	0	0	7581.1064066791	0	2332.40922221057	0	111348.988514214	1469.01406405539	0	2780.67073717603	11368.0362490432	16172.6129025182	81.7844334463538	0	3099.52650301751	7326.43589240311	249701.333509627	34401.2243471182	8304.74335578038	107547.565227948	1071.47960274653	11600.9665974663	0	395.463969322875	2269.25921663807	26088.1990233939	2534.28219084398	152448.254435989	1075390.76210806	0	22195.6740897446	0	1587.03210725646	31045.9920838317	2205.07396507258	33203.4447332266	1188.46239995461	0	0	0	0	197510.442018937	17185.0834836642	6978.59323875786
GBM-BM-292-SL	0	0	271246.597219677	0	1092.96237705659	6442.03159774505	975961.560396039	0	540749.728985336	455.645173276941	0	10096.7161145918	0	519903.962307916	0	0	0	282.763724895337	6070.26322887359	2617.39582655709	0	0	0	0	0	0	0	86229.3839456409	0	0	0	0	0	0	14354.6543294989	0	0	773.937500911718	4102.27165651265	28696.1227858161	0	1867.26615222335	0	0	0	0	0	0	0	0	0	0	0	0	0	0	0	0	9957.16562341933	0	0	0	156588.104420149	8849.55227616091	1775.33131420686	670.64816098881	0	142100.492536068	688.961873741098	184063.435113897	0	2351.11444313881	265391.703252771	181.305756247657	0	0	5887.49237560575	4245.11861598051	0	0	0	332.210749326516	0	0	159.695575199957	119497.341982938	0	6605.02364124042	0	0	0	16312.3902227185	0	7257.35808947694	119197.729642311	9388.70797958829	45027.9255440521	5100.00272725734	69563.9053410583	0	180709.828034698	63654.0702358947	0	15938.0579340617	7556.23788159429	41833.2814915428	5.12783957064082	40435.2126600331	0	91081.0527279772	0	127468.934869755	0	0	0	0	0	185021.242290842	33589.1805589726	653694.790819761	3609.63278347609	0	89967.9452668931	282.031176385245	0	0	34872.2392743979	5817.53399289201	0	0	0	0	0	0	113373.968987083	0	0	0	0	429.639701168691	0	41621.2086978713	306.937825728357	0	96.3301290770382	3021.03005561753	0	0	0	0	0	340400.275395084	1144.24077276299	156.765381159591	678.339920344771	0	0	145.777153508218	385.320516308153	57.5050580421863	10377.2821939568	0	634648.163283126	40614.6870450055	0	31353.0762319181	0	0	45149.5285967273	11378.676007252	46.5168303908131	1985.93901085818	0	28054.0440167209	0	0	667650.572485515	11690.3753982959	0
GBM-BM-339-SL	0	0	216489.027950679	0	0	0	0	0	874103.772607581	93045.909151449	0	103730.146931134	0	0	0	0	0	0	0	0	0	0	0	0	0	0	0	0	0	0	0	0	0	0	0	0	0	0	0	0	0	0	0	0	0	175449.657304148	0	0	0	0	0	0	0	0	0	0	0	0	60310.1735839385	0	0	0	45886.361898646	0	0	0	0	0	0	0	169.032585480675	0	0	0	368339.414844156	57960.2216418	4441.8208701794	0	0	0	0	0	0	0	17923.9832166139	0	0	50454.7758425009	0	0	0	0	0	315.575857013277	0	911.17994576707	73435.5901195999	0	0	0	0	64245.8035248512	0	0	0	0	0	0	0	0	0	47893.8958993816	0	0	0	0	0	214931.09886347	0	220565.216103767	0	0	67421.5122928411	0	0	0	11639.6708916081	0	0	0	0	0	0	0	0	0	0	0	0	0	0	49123.0094528178	0	0	41271.6997688496	0	0	0	665.611146688923	0	0	745200.103289411	0	0	0	0	0	0	0	0	0	0	0	0	0	174555.525709277	236244.43933058	0	0	35715.7510310652	0	0	13254.0046291226	0	56264.0920930711	0	723148.424136151	0	0
GBM-BM-384-SL-PreOp	0	3444.22406153306	148943.454802628	0	17069.1101073937	37936.8666480295	1191285.17283714	0	0	266573.076444899	535.923087024565	0	0	243963.502847535	1164.07105745906	33.7800445048	264.610348620933	68.3643757835238	34156.182619405	0	75.3348611575301	0	635.386551399809	58373.5254778422	0	1401.60375135789	204.825031759263	117327.746006457	126.541119097346	0	294.637054847422	1353.61464051377	0	0	5423.03762097694	0	0	0	1790.3423587544	7245.55145068829	91.1525010446984	358.711901170019	90.3482142707746	137.801133932279	546.378815085574	120990.736070498	0	1488.46672294166	0	4285.50802705736	99.9996555578603	1709.91368136202	0	0	0	0	8672.35618762913	1305.08933848703	0	891.685936690196	0	127.881597053886	49297.6854252946	0	98.3910820100126	434.582953510165	0	38949.4636963996	7088.44743418184	147843.726687083	35475.7491198227	0	4165.1331065601	5860.56962599149	222627.919500067	29032.0715827364	56893.3697182311	21509.577386227	21124.0559259262	9298.89558451577	4528.67072837366	2450.66180014585	0	3879.34320622584	137539.740730754	322.787091934755	1085.78714479714	16204.7699210169	548.523579816038	2847.44327528159	0	14519.2529384639	835.653958106838	6544.21338382673	39772.2490661237	53004.9112619008	40681.8974074315	368.363342457105	4988.18657187546	180743.613365619	37085.3950500355	2557.0957498951	271.58083399494	21030.7586601511	16687.6100809625	12702.1010205787	0	15305.8454033614	56.3000741746666	66565.1862702562	0	61032.229456843	208.310274446267	1345.03558159192	0	3070.23071165849	0	368508.382172002	54331.1801521012	462539.157484983	36436.0675278877	0	118711.655448789	284.181326786413	0	1207.23444765964	194294.505028279	873.991627663873	681.767088696082	1924.12205881706	0	525.199263372247	353.886180526476	460.320130275727	46761.7692271129	346.111408378546	436.191527058012	6753.86413622953	0	483.644446719517	0	141333.02525217	484.448733493441	0	3348.51393543612	4197.84076869967	7647.42674205888	1310.18315472188	0	158.980685645606	686.592809339625	171759.462005299	568.898844755441	6198.6381666308	30597.7498359748	356.299040848247	15674.7449370011	3084.70787358912	2140.20710541126	0	5333.49369348009	4404.54246959809	330280.899902995	39589.675968443	637818.446508563	77858.9811496943	213.404090681117	842.088252298228	24218.1471452111	4075.85727465456	576.673616903371	0	0	0	30880.054493622	18.7666913915555	385561.406543917	13423.0100656058	2331.62735760512
GBM-BM-284-SL	1368.6801233473	2702.01874116216	117991.150370611	0	21524.262014913	25627.7320936434	1420775.10893419	0	0	0	3616.07858879669	653.817852350179	0	282204.813254275	641.287682206858	0	47.2291028478999	688.195498640827	7409.82856449738	4409.01345837912	630.042657719263	308.756243787971	19045.858617847	523.054281880143	21616.7925021252	0	21055.8264234011	206541.862773456	2308.76417051026	0	0	4881.30448685811	27116.573335801	0	13697.4036851328	17.670752766221	371.407094504573	340.563598767169	4353.10962235507	35457.4899278713	14295.6389878728	1333.98119064272	3036.15661165071	0	11340.1252661189	22421.2936826091	0	0	0	26000.1030473898	0	0	778.47698095552	14996.364656657	157.109056412402	0	2168.04072120836	168979.946834335	215368.564423391	0	9039.07196954296	473.576174134724	66723.7985860089	356.306633049802	4843.39269001422	701.689528025941	402.571876655908	37794.5273028075	22878.1629632194	4067.80728678408	0	2105.38987049175	17571.7965507302	0	462397.013361985	84967.4050282694	78186.3339758356	20330.0404143303	32826.154197774	17040.3888220878	11057.0719354454	11687.7571659925	4106.36165645584	0	111865.824889011	46151.5082155743	10141.7269421552	48572.7226309605	10.2811652458013	10654.8213452034	0	17061.9150118212	8486.13805116721	2320.97305423965	52713.1406472931	52424.6254475828	29750.8006436237	1300.24611717994	8073.2850092655	0	27763.3228870447	36.6266511881673	120.803691638166	7248.54278470387	4451.74455143198	8510.23453221205	53.0122582986631	8477.784604405	198.87629022347	124744.912077861	238.073232723087	87012.3930529421	0	2169.32586686408	4067.48600037015	17157.0157903449	231.968790858393	206150.857207702	39214.6132523838	390201.707146726	41373.979240416	134.940293851142	50299.6371058412	639.681250137202	26.6667723562972	1382.49543914635	20460.8039848004	556.146782515066	198.555003809538	1015.58635443681	0	309.398816615834	346.989327045795	6158.73926864893	155511.941648749	0	6668.62080755789	27578.9044854481	150.040755305913	4660.25943407339	1110.04456013261	71903.5781514091	538.154743334914	0	811.890768004374	21186.2687074572	22063.7019039036	425.38321204503	28.2732044259537	6309.42259678271	0	157346.808358711	15309.297623826	0	195615.554408481	1765.79013096638	3510.37535861329	172.852090695035	7227.98045421227	3950.85903211309	17219.3453546476	3393.4271039423	93999.4086967059	566454.935819637	559222.45735563	30253.6138814261	63587.0793267977	10359.5591308006	41182.492537713	12065.5899887757	5843.55729658233	153.574905859157	0	592.452147289302	0	496.708795937777	186755.438971498	28460.8356916895	0
01-2020-116-SL	0	24194.5747036057	0	360.2065999325	134.728437571652	1612.5528020234	2360061.77548604	0	478.181242158454	0	11710.2048718366	247951.982667489	0	0	5624.38871251192	0	2375.54856505872	0	0	10542.3257212803	0	1133.67348505888	4700.83574408034	16517.1479864397	264673.666572108	0	0	0	1679.56798340619	0	0	0	0	0	0	244.326182124758	418.146808836371	608.721230893682	50924.5571028602	117691.921929496	18526.9053531173	0	1514.8223291735	0	3979.0263946032	159681.121514651	0	0	0	0	14.6595709274855	0	1396.84768694754	0	4077.45494225917	18342.6136043147	0	0	2465612.08231354	121321.212846258	0	0	73817.92036795	0	0	397.90263946032	50.9594608431638	0	857.235861854865	0	0	0	665.963364991483	139.614961214147	12006.8866644167	452674.286819436	18989.7289495422	258.985753052243	4067.68189497418	0	0	7044.2728680598	4471.16913288307	0	14201.6338547031	0	247.816556155111	473106.936393126	0	0	0	0	0	2322.49487979734	36187.4998719009	0	490294.9342682	0	10331.5071298469	0	0	94.2400988195494	117.276567419884	331.5855328836	0	27509.7319576356	0	95.6362484316909	462.125521618828	5045.68469827928	1874.33085429993	691.094058010029	496.331187116294	1774.50615703181	0	2535.40769564891	0	18632.314648834	583.590537875136	1142087.38069645	112907.317208687	1591.61055784128	1442.92062414821	1729.13129463721	72.5997798313566	0	162.651429814482	0	0	118.672717032025	0	104.01314610454	1633.49504620552	1107.84471723426	5216.71302576661	0	0	0	862.82046030343	109.597744553106	1189.51946954454	452.352474333837	1025.47189011791	0	1230.70588310271	120.068866644167	0	1121.80621335567	0	0	0	6806.92743399575	0	0	7974.10850974602	0	0	0	320.416335986468	0	16607.8977112289	0	11437.2576226629	19712.2363738255	0	83033.9039576959	0	12541.6119658669	199113.971159974	74277.2535903446	0	0	54363.2735975647	580.798238650853	11976.8694477556	0	4509111.59281743	34348.7708327106	490.048513861657
GBM-BM-463-SL-PreOp	260.545076417545	0	2709.02147778242	0	0	0	0	0	0	0	0	0	0	0	461.752764831094	0	0	0	0	417.519439228115	769.767751651835	0	0	0	0	0	393.24505322648	0	0	0	0	0	31373.2953301126	0	0	0	0	3013.26044900291	18001.8846588122	35361.8466655812	0	0	0	0	79110.7634101272	210555.484747378	0	0	0	0	0	0	0	0	0	0	1129.02866447603	0	76608.8833595587	0	0	396.481638026698	27148.4733042281	0	0	0	0	72580.9535756875	52707.2440407492	0	0	0	101598.554602041	0	2159.88092334544	442253.42027138	235692.960029071	597661.815469445	8088.22541574465	402723.391813919	115583.837523783	44702.6303990102	0	0	7033.0987708736	1532278.00131998	112521.488871977	92932.5987994579	0	0	0	0	19270.0864696976	21835.0799238703	968469.244568415	78810.839885307	0	0	51998.9714003015	0	75460.4351862814	0	0	0	30564.6885608582	8519.7700557737	10468.1941055049	6303.24889842445	0	0	0	9045.71508580912	0	2619.47596497639	0	0	16114.4162894851	65531.1324500127	543391.840400991	0	150720.741545749	0	0	0	0	0	3109.81856220941	0	0	771.386044051944	0	0	0	0	0	26531.9038997866	0	0	0	0	0	3178.86570461406	0	0	0	53612.4089232102	29797.0785324065	0	4167.64236108064	110686.884721053	0	0	0	0	250697.767162882	0	5460.11855796767	0	22745.6391143316	0	26671.077046196	0	52636.0391751444	0	0	97844.6556645887	0	0	0	61809.5993605621	0	0	0	0	0	0	2080461.60551769	202202.938239616	0
GBM-BM-357-SL	0	23446.3860092057	95544.7126495144	51752.2365818181	0	87156.3006760879	219359.201243878	0	1223683.20428441	928386.911598829	10799.0459227847	0	0	233404.963665358	2856.26170408099	0	0	224.935914288696	70402.8191354345	0	0	0	13795.3620640643	0	0	0	0	22603.9373490867	0	0	91.2475878718294	0	0	0	1793.12120352781	0	0	0	2563.42060812023	87107.4938267611	18845.8099509237	24762.0489041018	0	65299.3203253938	2839.28540866297	114560.285554618	0	0	0	0	16984.7835657238	127451.659887673	0	0	27514.3307987475	0	28575.3492623734	0	508974.80107521	0	0	0	26236.8645685418	0	0	3318.86575422189	0	0	0	0	0	0	0	0	99181.8839428241	7335.88165750964	4273.78237148522	0	35164.2739214904	22141.3332989458	0	0	0	0	0	0	0	73753.5154435652	0	0	0	0	0	0	0	120.956104853355	129251.147201983	891.255509445776	0	0	0	61350.2096037782	0	0	0	10330.075761862	0	42988.2240722679	0	51453.0293750755	0	15270.1777285043	137.93240027137	282.230911324496	0	90888.9636311239	0	137673.511766245	19940.7810053856	378055.732848407	58687.0532600771	0	55387.2858382005	0	0	0	11021.8598001461	0	0	0	0	0	0	1742.19231727377	11251.0397882893	0	0	0	0	2179.33192428765	0	50190.4174033607	0	0	2359.70506310405	0	0	0	0	0	0	116601.685078635	0	5313.58046583863	27159.9506318964	0	1046.16420513516	1077.99475904394	0	8804.33121116792	0	0	303676.216511303	0	187919.102129715	59752.3157975575	0	428.651459304873	7607.50238419787	31395.5363386911	16112.6263886233	1956.5180469262	14909.4314508715	78.5153663083184	7458.95979929024	7586.28201492535	1790682.9830984	32486.2633192985	526.265157958458
GBM-BM-434-SL-PreOp	967.326036759058	4138.09306471793	150206.680117049	8806.95918207313	3568.84681743683	35758.3480585173	508348.414608175	44.492810132316	926851.450826515	200492.977573417	25368.7534477964	255057.127862802	1325.36229711793	244365.505588006	4062.45528749299	3967.45005173987	1574.5220338589	695.658172539387	9121.02607712477	3338.53109439896	1527.6737220137	214.088933460203	30194.1295678523	25962.8633242691	5228.16691295967	41067.3871969527	397.818067065413	29341.9613926122	0	4412.63987547557	5140.48990475775	50631.5093185128	4535.38768695826	0	11320.5412321364	0	347.567363857151	41.8755860068856	4343.80688097675	13412.2267531804	3037.28859756192	1378.75366927671	551.972568053261	1414.87136220765	11914.3893861966	78385.862556639	2470.39785199371	4091.76819769781	1261.50202845743	3251.11580860958	716.857687955373	64375.6000907978	217.753047235805	9052.19308262595	2172.81946893228	259.628633242691	1904.03055125058	129277.262230807	128470.110310524	14658.5488817103	22004.5735569682	645.669191743668	58891.468658371	183.205688780125	1536.57228404016	502.507032082627	246.280790202996	175743.197631285	21781.8477838941	139014.644589471	2917.41973261721	4044.65816344006	23030.7871365495	3760.16590100579	440329.376812366	60865.9025385957	164999.754318806	43677.5448172444	27635.2695404191	15806.9868279491	6089.23365022625	8042.99145986001	3026.29625623511	1152.36378242698	103200.026212257	14790.7187000445	9115.52990646137	20671.6213098865	11466.5823383355	3210.02538984033	2940.71302733354	46961.6376498344	7838.5862556639	13395.9999636027	54615.971327068	24795.3196419146	29144.0992487297	1122.26570498453	7393.65815434074	124657.861649423	23793.9696915249	1681.04305576391	3657.57071528892	12039.2309769796	1813.73631892323	27149.7744651517	306.215222675351	21877.8999092974	4603.95895904453	58260.1941993172	50.5124256208058	73509.7122885497	850.336118352321	2318.59885271875	3767.75585096953	8724.77834453462	0	349626.072354214	29062.7035784288	89922.8482239485	50376.8534111085	1009.72506759103	113806.588702976	5909.43035280919	230.577445450414	466.127616739145	37450.1217331954	307.00038991298	67.524382436103	12993.4708931115	0	3026.8197010602	1630.53063014311	587.043371334028	30250.3998865491	368.24343444805	692.517503588871	24339.3991992646	527.108938861673	3032.83931654869	2449.98350381535	48524.6438975414	4236.23896942157	413.521411817995	1805.09947930931	27603.8628509139	59092.9949160292	0	240.261174714506	1420.36753287105	2018.40324553189	92683.2345090399	11657.3779770793	3989.69645680603	11854.4549537242	1183.24702710706	4100.40503731173	13619.772626327	2737.61643520015	2556.50452572037	14307.5791264901	1401.00007434287	62990.041638795	36260.8550905999	30867.0178905005	28415.987497035	0	5558.46059758898	10512.6041446161	3713.05586674804	3392.96935620791	2438.46771766346	57715.5498588152	0	9391.64705169427	2406.01413850812	512882.755405483	43083.9583855968	38291.0358446962
GBM-BM-272-SL	455.845500622507	16147.2694859684	129341.852983331	0	545.134825486709	14403.7779320411	331684.778200375	0	25388.7146094133	480.909170759827	4229.49433567274	0	991.581449807721	207213.109620601	5791.2742811045	0	910.907761553222	0	111926.518436353	0	2833.76120490074	0	2976.31082880675	0	0	0	0	52109.7199345636	699.433044769585	0	130.801028529139	117575.243093552	0	3657.72936066513	48990.076242159	0	0	0	1730.95971885866	88967.4133508762	1582.92741711011	10041.1328487638	9847.67264489137	7873.12538188563	190844.183301856	397798.040584474	0	0	0	4386.14227403099	5768.56033004255	68737.8985912918	770.707856722589	0	2543.96251893798	932.838472923377	2011.35952851993	1061.28978237714	542242.321304924	1452.12638858098	5290.78411804989	625.025274049417	233380.364483655	6275.31641063149	934.40495230696	5134.13617969164	631.291191583747	250250.564205147	3838.65772946891	9638.54764718311	254.552899832156	0	138926.357091781	26.6301495209025	97807.839752124	46412.434416474	2331.70456246255	0	36058.0056909937	833.367032065889	0	2440.57487962153	0	0	125731.118004174	59185.5073102057	2764.83611202311	150688.26754341	0	4700.22139043928	0	3477.58423155315	0	0	29120.0685011068	1318.97564097646	725.279954598696	1665.1675847482	21525.7764494989	0	64284.3977037668	0	194.24344356423	0	19714.1430423857	217122.658201144	653.221902953902	75353.1410281607	307.02995918217	17890.7610398957	222.440072468715	4007.05426320403	1620.52292231609	1274.33097854436	0	16575.7015973782	0	97565.8186873605	0	532155.760554036	7434.51115448253	0	20300.0063318456	2464.07207037527	0	2294.10905725657	48722.9915072582	1243.7846305645	0	84.5898867134549	370.472374217261	252.203180756782	3887.21859035997	0	20131.6097981105	0	0	0	1414.530883375	4566.28740314298	0	36614.1058721655	1384.76777508693	42.2949433567274	5517.92362866935	899.159166176354	2504.01729465662	0	378.304771135173	5461.53037086038	1774.82114159897	343690.276196151	0	0	9498.34774235247	0	807.520122236778	0	494.224245520278	4496.57907057356	15270.824270854	546.701304870292	290480.10449462	0	14128.0775605305	70317.6930496347	151541.215567771	714.314598913619	21343.2816013115	128296.22799479	123.751871303017	0	0	0	0	0	4536491.39878786	30767.2215729438	34468.0291166575
GBM-BM-404-SL	0	41976.4305586463	270439.065031656	588.877624842261	7896.13274661803	47157.9568218276	352236.355518825	1359.79005601245	124640.127145879	3322646.50450357	69155.3213416954	110458.3225895	0	0	42074.9084046925	0	5459.05473840259	3614.83325789996	45997.1119093429	0	0	3198.04318220924	27913.9930883844	7432.59056219827	7429.60638504536	0	0	772013.592539617	7888.17494087691	0	0	48815.1698674141	0	490.399778796005	0	0	0	0	1217.54427839008	795.780574111164	2207.29636744084	0	0	0	3965.97143622651	8033.4048956522	0	197.950417810152	0	2943.39339849367	0	4397.68239768182	0	0	0	0	2913.5516269645	14643.3572893631	10087.5135025766	0	11837.2360399036	0	16534.3308785947	0	0	1103.1508208616	0	0	4686.15285579712	0	0	0	0	435.689864325862	891226.496170057	10323.2634976571	55422.138083972	11408.5092556012	10068.6137139415	24924.8423068793	3194.06427933869	4179.83746551889	2267.97463621682	0	408464.221434084	1294.13815864828	9457.85212331119	46886.3967009121	0	571.967287642399	0	262.607589456684	0	0	2240.12231612293	1205.60756977841	8743.63905804642	0	0	0	0	152385.016862264	1571.66663386955	0	1232.46516415467	9060.95656197324	941.010528886452	118376.339301906	1615.43456544566	0	4103.24358526069	15899.6958707411	4000.78683634388	4512.0758552103	0	0	452.600201525725	897996.599404308	0	342873.997064407	58290.9270536428	1722.86494295067	635518.324290917	3228.87967945605	1260.31748424856	102.456748916812	2043.16662403041	92.5094917404228	826.617071357972	1461.25207921163	1855.16346339665	0	801.748928416998	2756.38496357754	0	723.16559672352	0	0	1707.94405718609	2970.25099286992	5925.58109997526	597351.693230828	12321.6674643937	4997.50200541811	5259.11486915716	52302.6782334563	2993.12968437562	393.911384185026	0	3226.89022802077	0	310001.296273592	33873.3948627593	0	217604.208539263	246.691977974461	0	0	6215.04628380819	0	4977.60749106533	0	0	0	0	115.388183246119	2304000.61753255	20419.7295316925	0	931864.025912761	0	0	258802.763586715	2324.67400212224	27688.1903504803	25391.368668452	837790.82534421	106501.303684732	11283.1738151787
GBM-BM-323-SL	13925.8508174889	10540.3142183938	0	0	34289.922805219	10049.5115753297	2470617.29217767	32745.8592311209	31646.3688517607	0	1238.94921514453	0	113.262148399407	28089.7832938583	13015.1306854611	370.606077415745	0	19410.9748614031	22553.8068567852	72752.8238126909	0	0	38963.7200310067	192.622701359535	0	2751.4226662196	0	145447.090324169	2938.65193194107	0	30952.156636061	577899.694201628	0	371.376568221183	28980.4706649448	2762.98002830117	0	3323.1268438547	19379.3847383801	48120.2327628336	24078.6081607473	23899.8542938857	299.720923315436	0	31697.2212449196	1125987.55815924	0	0	0	34000.9887531797	1436.96535214213	47224.9224469145	153.32767028219	0	24705.787676374	0	6572.28657038733	636655.78204273	0	8705.0051198401	0	0	903.0152239735	1735.14529384669	0	2326.11174161774	1712.80106048899	19893.3021056073	4629.10875907234	252.72098418371	923.81847572033	6258.69681257401	16597.9129307484	0	0	0	4726.19060055755	4850.23962023309	4861.79698231466	1426.178480866	228.835769215128	0	771.261296243578	0	1840.70253419172	267373.407830727	14389.6862823627	173054.546373823	0	2891.65199280934	0	115.573620815721	305.884849758942	5186.17361140412	28203.0454422577	4453.43685543245	715.015467446594	6588.46687730153	9316.77481935799	0	443.03221312693	0	0	0	839.064487122134	4024.2734768034	1079.45761841883	993.9331390152	31.5901230229637	0	3785.42132711758	712.703995030279	1346.04743710043	3334.68420593627	902.244733168062	5158.43594240835	11075.8053281733	675.720436369249	718837.872332372	19551.9746787982	88107.9350742676	0	3202.15978740091	888.375898670175	89.3769334308242	1728.21087659775	0	0	2395.45591410718	1507.85050624244	608.68773629613	895.310315919119	3378.60218184624	3342.38911399065	409.90110849309	0	41.6065034936596	0	0	5972.07423295102	0	11249.1657593968	231.91773243688	0	0	5307.91115866335	4364.83041280706	0	409.130617687652	15340.4719362734	83.9834977927572	59934.1682826166	5547.53379915461	0	9132.62751685827	206.491535857422	2219.78401046728	3441.78242789217	1382.26050495602	1290.57209910888	18842.3526469897	1778.29277895123	3201.38929659547	3010.30757684681	0	78440.5869384353	0	10739.8713370022	15465.2914467543	87342.0672136621	17980.1734357044	2145.81689314522	0	0	0	0	1566395.47960285	9410.77469762144	976.982341295561
GBM-BM-362-SL	0	4495.13328291329	46083.4550047073	0	91181.94409583	26562.6863308949	136408.949655757	0	500661.901833724	1524844.95923866	3231.55151329472	0	0	38533.357722887	1621.66200712695	0	0	0	1116.42550762884	122.630218324784	0	345.326694802593	203.075641545843	0	0	0	0	6965.39640084775	0	0	0	4174.33263177566	1653.05534301809	0	0	0	0	1062.46821156593	524.857334430077	0	1022.2454999554	286.464190006696	7701.17771079645	0	2610.55208769801	47664.8943002238	0	0	0	0	0	0	0	0	0	0	9347.36576158836	0	84084.1070591915	0	0	0	24272.9348943345	0	0	0	0	10667.8479525096	3574.91612460411	231187.392794616	0	0	32256.6526281513	9420.94389258323	477952.747483467	8556.64611383015	37825.0455818431	8730.29050297804	0	5637.06587595368	36715.4873664404	0	0	0	224783.152272823	0	552.326503334828	46871.2315272257	0	0	0	11239.7952907764	0	7895.42397662291	100994.323645306	80023.5752700212	149871.785544325	0	0	0	26297.8050593133	144148.387994671	297.255649219277	0	3049.07774842744	17229.0551537589	0	0	0	1721.72826527997	0	20069.1710101609	0	0	0	0	0	525919.802641643	0	528648.079738932	7738.45729716719	0	187523.18673702	136.36480277716	0	157.947721202322	35286.1095416467	18858.5654948586	0	856.449444780293	0	140.288969763553	1079.1459212581	0	102098.976651976	0	0	0	140.288969763553	0	0	215023.748977663	348.269820042387	19985.7824617	0	9741.74454372086	10199.8910393823	1562.79950233105	167.758138668305	0	0	722308.663642672	0	0	54560.636737063	0	0	0	0	730.876101215714	5376.10877135854	0	2970569.88265591	0	0	5482.06127999116	455027.763948958	0	22121.5103440445	134049.544255188	368.871696720951	4590.29433233332	97499.8529439229	1280.25947931075	4069.36116488964	0	741596.92542254	54027.9310686602	0
GBM-BM-452-SL-PreOp	476.430035351234	25053.6176455019	85918.0007571608	18624.4887414925	422.006379627591	32300.8857675208	236535.914067881	0	549065.095347516	35149.6518777763	13806.656923334	217754.39969676	11116.7008248621	266721.414790799	34867.7194973063	0	1638.95500925134	27682.904750708	190772.757132917	115.98484006678	7502.43477016578	0	0	10786.5901262105	12094.5422457328	0	416970.853186538	47575.1970132382	12952.830062227	0	2077.91301935023	589518.823180654	0	1935.16244696035	4411.88487792482	2684.60295200724	0	1421.26038635677	9100.34898985503	7900.35199070258	725.351345956092	1516.72483164251	3354.63845116225	1271.37228534739	1759.40080470531	399749.781009854	27.6579234005398	18933.1868542857	14283.9791497627	5155.97223650708	450.556494105568	53697.4121866093	0	0	1855.75744106848	0	0	7445.33454120983	2572615.12796737	14173.3474561605	30408.5484922774	0	22211.0968727883	0	581.708582488773	231.077489056123	0	90029.2172419894	40762.4259459311	25694.2108391015	48657.424790169	314.051259257742	32810.3268727371	0	5019.46700165926	416357.917916339	63232.2582311761	14911.1894772007	24974.21263961	2740.81098988575	8350.01629373071	3161.92517843591	3885.49214223712	5203.25836361123	55688.7826714482	69529.3428557248	1418.58381312446	66242.5109264477	0	0	744.979549659701	51298.3103793818	22113.8480453477	24270.2738795124	160747.850803937	134645.01645137	3384.9729477951	0	29229.9640789834	33677.5366000057	18154.3040436834	3081.6279814666	507.656723061521	0	3285.93973819962	44358.8481790787	862.748771881355	8763.99295366137	1987.80172052912	83414.5125938732	2908.54291244386	27198.4449956599	12391.6418745193	19631.7724679186	6859.16500333387	16752.6718610302	3920.28759425716	70360.8649398958	303585.857919409	35598.423989727	14714.9074401646	0	17088.1357061464	2893.37566412744	1132.19047726726	0	24008.8618938234	105.278547137539	0	9588.37750921295	750.332696124322	1200.88919022989	3672.25847472974	580.816391411336	87393.6847992412	637.916620367289	937.692822386043	0	2021.70498147172	1699.62400251704	797.61882322847	35215.6740175067	4957.90581731612	0	1779.92119948635	7929.794296258	16982.8571590089	0	0	1083.11996800824	4420.80678869918	50340.9893532922	12121.3079780559	4814.2630538488	8861.24178110198	0	9585.70093598064	0	5238.05381563127	1047.43232491077	11020.344188499	4092.48047220245	181216.498502492	0	109782.327696439	114543.951476719	32743.4125419294	0	28361.8621606374	1092.0418787826	615.61184343137	818.139218009516	0	0	0	0	1032663.88600595	40214.6206243849	51432.1390409974
GBM-BM-281-SL	204.14347880817	1873.10595467848	397265.597403726	0	3561.7664855215	10584.4215386739	558541.930215965	0	1261229.45143623	1250011.70758464	0	0	0	272917.745468524	1547.1926814935	0	0	0	1464.22208630539	410.674600643337	0	0	0	0	0	0	0	64994.030837862	1401.54645684674	0	0	2891.43570569233	0	324.122540914727	0	0	0	2759.51842845079	500.211214155692	376.053776751893	2022.93055462248	930.583869771747	0	2022.93055462248	1357.97197160406	20605.3593229767	0	0	320.541076374232	0	0	104930.941928913	0	0	0	1197.40297803857	518.118536858163	27385.668608889	28996.7307413547	0	0	0	77785.8283549939	0	0	283.532609455792	0	3916.33147503043	2005.62014267676	20549.2497118423	0	0	13717.6061008496	0	946659.870272512	49032.0402916361	0	6917.00184920783	6180.41397537952	0	226.229176807885	0	97.2964533500929	0	103057.835974235	0	0	17730.0402077166	0	6909.24200937009	0	26141.706591824	0	0	3221.52735417455	274621.328768286	72226.2015666334	466.784211777746	0	512.149429290673	0	78849.5233235207	0	1899.96693873218	2447.33410267105	19475.4072604508	0	43005.0323807411	0	9125.57164917926	0	5520.23067841509	312.781236536495	274.578948104557	0	5377.56900755207	0	783063.942259547	0	1719467.6919096	13052.6475178312	0	856321.605613843	672.121512099415	0	0	33495.0502042154	0	0	0	0	0	0	2120.22700797258	206743.025153812	0	0	1599.72082808742	0	0	0	692458.858492611	1010.56991117612	1423.0352440897	1196.20915652507	0	813.589361448936	0	81.1798629178689	0	0	194710.498119265	2758.3246069373	0	20261.5387270893	0	0	0	0	481.110069939723	0	0	493064.401665136	0	0	22625.3053238155	148668.383808185	0	12610.3366470801	30145.7839480966	209.515675618912	0	20792.1923898392	0	174432.842801744	0	119641.210618236	24909.682789894	796.278949503214
GBM-BM-346-SL	1305.14203230325	1501.96248669239	204646.270665149	42101.9515269425	28533.5103087982	276731.657170217	1106130.53400715	0	655097.787912556	877188.897529735	8180.00916194692	57952.9224922563	0	399708.350419128	4559.60391671215	0	0	0	132500.872806185	0	3875.1387544335	0	94296.7216638184	14507.6398896216	0	0	7051.96357261215	19914.9566376047	3578.43926348868	0	246.34031284952	6443.03717747645	0	352.514246667115	151816.135564638	524.574771826065	516.181575476847	2188.10628824088	1530.49935427973	2656.44664452719	5493.76667038001	3565.01014932993	0	0	10008.8866464413	100533.286211104	0	0	0	497.296883691109	0	2000.09869001842	0	23740.9951933953	1015.1570984378	0	0	0	30153.3972041971	0	0	0	74474.92950569	1168.75259162847	0	1238.83578114443	0	861.561605247128	923.671258231334	94043.6667938895	78.4763858651792	0	11244.7848088635	0	33636.9933489396	7154.3605680726	0	278.234458976545	0	0	0	0	0	0	27593.8919775034	342.442411048055	0	51050.7774744777	0	0	0	11622.4786445783	0	0	2504.94945042382	37069.3909959519	42427.6075452921	0	25593.793287485	51120.0213443587	202360.38363944	59568.6127894806	3621.66422468715	130684.585116214	10439.4576191561	48606.6786975857	854.007728532833	42095.6566296806	29.7958470397205	92060.774156387	185.489639317696	41709.1499377991	907.724185167822	428.053013810069	0	78146.1135888376	0	213296.298822652	30269.6429736338	357581.638962955	1760.89259406573	430.151312897373	63585.1769023984	22723.3201360527	86.0302625794746	0	180148.209161055	0	409.16832202433	14234.8610082721	0	0	992.075808477453	0	70125.1554977083	0	0	531.289328905438	0	2307.70933621722	1979.11569914538	102271.517175027	80.5746849524835	4075.73614717979	5523.98217723719	0	0	0	525.414091460986	1234.63918296983	0	143851.411889048	1825.93986577217	0	2293.86056224101	0	195.141815119296	731.467061834264	0	3040.85503732133	1222.88870808092	0	95608.9979130185	16525.7839517909	294506.348738772	124632.251228794	0	0	50219.8510359052	20694.2649186295	8379.76723505828	0	27350.9089431935	0	3034.97979987688	0	333117.569904075	2577.13093902709	0
GBM-BM-451-SL-PreOp	389.623394066047	7410.72362565865	194294.825553737	0	2147.06521502523	1142.86902546572	0	0	1035977.088268	761420.237493581	8740.32823129354	0	0	68781.7266094836	6128.78780736652	0	0	0	0	0	189.887235530672	0	3411.2729719089	0	0	0	0	0	0	0	0	0	0	1781.86715001085	0	0	0	0	0	245.435161277196	0	664.605324357352	0	0	1789.35233149442	0	0	0	0	577.14688807559	0	0	0	0	0	0	1638.46683106237	0	0	0	0	0	35361.9671130055	0	0	839.128240000687	508.20442704267	0	6343.49432886904	0	0	0	0	92875.7378912686	244324.202762266	0	11997.9580043291	0	32958.829899858	11648.5182161222	629.937115380798	27.5769844131681	0	1778.71549464934	855446.723548719	0	3200.50601960825	11803.7372426763	0	0	0	21378.8601878485	0	0	0	0	42741.1741850491	0	0	0	0	126348.681571972	2037.54519121294	0	6918.6714323437	44606.5602021398	1199.20486505263	6143.36421341348	461.323553540284	0	0	31913.2682336787	0	0	0	0	0	395546.536361075	0	239902.824246995	19061.9995402222	0	116727.465667138	1414.69930039552	0	109.126066892108	13772.3399728564	0	0	413.260809277334	0	141.036577427346	2569.38703346689	396.714618629433	21607.7491584778	0	84.3067809202568	4534.8381082854	1764.53304552257	2537.08256601147	0	81592.0237832405	1138.53549934366	20475.5169698571	399.47231707075	1179.50701904322	532.629756094333	211.948823061206	0	0	0	480591.198592844	644.513521427758	292.70999169977	208412.271788678	0	1081.41174591638	0	0	7513.94033874794	5663.13072770417	585.813940319729	0	0	0	98029.0883642493	503154.687239698	3021.25562092266	9573.9410744116	38790.1802324825	0	0	0	568.085878911263	0	5126.16744548777	1149095.5145893	491640.50833336	149.703629671484
GBM-BM-316-SL	0	3180.46607300547	382331.737765092	0	8996.90755193592	1467.98954359937	2622986.63444321	0	0	2066424.28898491	13851.4155190242	0	0	0	39.5022640823103	0	0	0	0	0	0	0	0	0	0	0	0	41472.0391426309	0	0	0	0	0	0	0	0	0	0	991.827117093683	0	0	0	0	0	0	60496.1159989198	470.82428271078	0	0	0	0	27581.1213595244	0	0	0	0	5301.84441710143	0	0	0	0	0	45400.9129756823	0	0	0	0	0	0	0	0	0	0	34474.8002562671	1536.31778417418	30794.6839240583	23512.3881590465	1266.20770815189	3396.1270823197	2348.78326975899	0	518.867576864941	0	0	713067.112866132	0	3677.98107469078	113905.312295721	0	24364.3559087136	0	2865.51558910597	0	0	448.404078772171	0	176501.454063557	0	0	0	0	0	184.699775303775	0	0	4994.3673345148	0	0	0	0	0	2436.32882799546	0	0	0	0	0	1021427.12443644	0	361881.308886804	179702.205082983	0	159504.804220574	0	0	0	31923.1675223016	3858.41033495863	0	0	0	0	0	0	0	0	0	0	0	652.321171737611	0	116866.914473136	1482.93634622511	0	0	0	0	1115.67205313552	0	0	0	0	0	0	8855.98055575038	0	0	0	403.563670894954	7904.72333149799	0	0	0	0	0	0	0	7454.18399520785	0	36486.212838188	0	0	0	7923.94064915965	0	4068.73320047796	1254946.36000216	8262.37896575674	0
GBM-BM-310-SL	0	18271.4464543215	116785.356316072	0	3531.18831949538	24885.2564067506	2918276.73880751	0	10239.2992230767	570547.515551351	25663.8764223448	0	0	397151.004451712	19380.1197989483	0	1996.88635750605	13170.2747318603	5353.49048365215	10814.0252902338	0	0	1567.43472861037	0	0	0	0	127632.514372927	429.451628895686	0	0	0	0	0	466.407407049914	326.230317499393	0	3527.36530796219	2639.15229508298	0	0	18799.0220459025	43536.4553400362	0	48099.8567734945	0	0	0	0	0	0	0	0	0	0	0	0	0	0	0	0	0	37002.9286298042	0	0	1859.257942311	0	0	5192.92399925792	0	0	0	0	0	15443.6922569342	0	0	0	0	0	0	34943.5997505893	0	0	601465.484157485	0	1795.54108342439	23043.8391849278	1465.48775439181	0	0	0	0	0	0	0	0	0	0	0	0	935.363488455291	20.3893948437121	0	2409.77160309122	0	0	0	0	34949.971436478	0	11021.7422502041	0	3951.71958814695	0	101360.779116804	0	587479.633631876	0	775798.633082756	74755.1675201148	3744.00262817663	141353.302765567	109.592997284952	485.522464715894	0	0	0	0	0	0	0	0	0	0	0	0	0	813.027119393019	2521.91327473164	3517.17061054033	136501.901129941	4058.76391107643	1835.04553593409	13761.5671823279	0	0	0	58.6195101756722	267.610807323721	0	1270.51416619881	0	6640.57103316148	8033.42156842256	0	0	0	0	0	0	0	175.858530527017	0	0	228.106354814029	4982.65836493214	0	25843.5579644051	124580.476832259	0	0	0	958.301557654468	260284.64288894	2613.66555152834	858354.018467769	54908.6403141166	0
GBM-BM-440-SL-PreOp	0	20764.0872047683	4983.38092914439	0	0	0	1640.7032840489	0	0	1105391.50011509	1279.88471950703	0	0	0	13632.8146319831	0	0	0	0	0	0	0	0	0	0	0	0	0	5395.25872451766	0	0	0	0	0	0	0	0	0	0	0	953.105642186086	0	0	0	0	175082.102520862	0	0	0	0	0	0	0	0	0	0	28324.2573165372	0	0	0	0	0	41082.2571269424	0	0	636.538411031421	0	0	8254.57565107592	0	0	0	0	0	1753084.65110881	2413.39964396405	17789.0360216589	206231.637276736	37617.0373278515	21182.7728975858	0	10456.9304742702	9633.17488352365	5231.86918585719	1516792.74266727	0	0	116023.592192545	0	0	0	1010.97277046167	0	0	139374.680426105	0	0	0	0	0	0	6457.29072581073	0	0	0	0	0	0	0	0	0	0	490.168615981415	11553.0019627842	0	0	1017.78066790586	491264.687469929	0	309078.543966059	42964.6407702599	0	31877.9797824025	0	0	0	0	0	0	442.513333872111	0	0	0	0	0	0	0	0	0	0	0	34846.2230680677	2781.02610595011	0	336.990923487223	0	3975.81210740481	4091.54636395598	0	0	0	0	0	0	220660.975909689	0	0	0	2593.80892623499	0	0	0	0	0	0	0	0	0	0	14351.0478123448	0	238.276410546521	0	6406.23149497933	0	2107.04425897567	8047761.93856771	450281.144855928	10354.8120126074
01-2020-117-SL	0	21855.7949435316	2855.69027307652	0	11326.6512155896	1618.53122172579	925547.314789398	0	0	0	0	0	0	924.290729273604	2599.05645333352	0	0	0	10148.7940030639	4001.85167519567	0	472.369819606643	0	0	0	0	0	0	0	0	610.399961699493	0	0	0	825.113516066149	0	0	0	20867.090147948	12580.1693948921	215538.667882722	9118.16894210399	0	0	29025.1827683839	1052237.5138752	29301.2430525696	0	0	3469.15757126697	1301.57311766073	342268.742342904	0	0	3113.34653831651	0	16941.9218850261	0	4537.61311561533	0	0	0	46295.309657942	0	0	8261.35961563133	0	0	98.1547677104713	0	0	0	0	0	539745.910521402	25832.0854813027	234.140018809353	244611.905589464	253609.425962924	0	0	0	0	2053.07055794402	790068.174211523	0	4345.39336218232	120203.804852933	0	0	0	0	0	0	0	0	8076.29698067721	0	7471.00924646264	0	0	0	0	0	0	415.112871775535	0	0	0	0	0	0	282.194957167605	545.985895389496	0	1992.74627362196	0	125648.327124373	372236.619859507	101322.303860128	2544.86684199336	0	338.429459501729	85.8854217466623	0	0	377.282388387124	0	822.046179575197	0	0	0	0	0	0	0	0	0	0	0	0	568.479696323146	1246.36106082359	0	0	423.292435751407	0	0	3591.85103090506	4450.70524837168	0	19919.2831722438	4229.85702102312	0	15129.1260188734	0	3270.80314485206	11165.1048270661	0	0	631.871317136159	0	0	0	0	6652.0304033784	0	0	0	0	26308.5450828972	0	0	0	99225.2681458136	0	3020973.69989148	678314.881391163	0
GBM-BM-396-SL	894.72595746131	823.396814785154	73080.2970648093	189786.742459959	8651.41118418448	130791.31811876	788114.739990689	557.707726293433	746599.264076852	1038822.7936441	10550.011048974	5862.39383363895	0	484704.50300024	795.15238916171	0	292.497356880075	3587.04205417742	684040.733635394	539.516401315621	194.838664893929	67.0206709708846	15528.2107448756	1807.64323990043	0	0	627.600711734498	11406.9181992446	369.092409418229	604.622195973052	1360.51962070896	153949.832253671	463.400067855831	656.802575514669	103729.807337952	0	407.389935687306	134.041341941769	5061.97553461524	12272.9210120041	3510.92572071763	746.801762247	6692.01399644283	6563.71728344142	9677.30616911738	225962.107054651	756.854862892633	292.497356880075	763.078210911358	7278.92358651643	2112.58729281796	7193.71159056774	0	11122.5590666967	5475.11009924291	339.411826559694	237.444662868277	32384.3882131314	438220.401772069	37365.4602235033	0	494.995527027819	43791.306412376	58521.0137345414	2064.71538498161	318.348187111702	0	6468.45218684709	1983.81186073818	36725.4128157313	141.222128117221	666.855676160302	46377.3468736954	0	2319.39393467097	35888.1331476736	24025.9531049054	0	6450.73958094764	413.134564627667	0	0	0	0	50027.1011271385	180873.47193991	0	54721.8991286489	0	5384.63219343222	174.2537445243	11421.7584906738	0	7103.71240383541	2710.50742169392	61760.9844569053	10739.1050849275	251.327516140817	48995.9402323436	0	70398.9915068956	6311.91104822224	1077.59664539615	48660.8368774891	5958.13764931164	51121.4529402773	497.867841498	75095.7043847195	455.261843523652	120359.071963063	460.52775338565	28257.35103856	4.78719078363462	116.807455120685	274.306031902263	83322.4917463956	737.227380679731	385804.971162976	275813.51828003	179916.99122134	4007.35740498054	0	55889.4949607774	4959.52965184546	145.530599822492	563.931074312158	18140.1020364267	23038.83436532	368.613690339865	8363.70101808804	143.137004430675	605.579634129779	2455.82887200456	70.3717045194289	78252.8567065265	0	361.911623242777	0	1870.35543916604	5348.24954347659	564.409793390521	69429.5853732096	613.239139383594	176.168620837754	1441.90186403075	798.02470363189	2172.90589669175	0	320.263063425156	8020.9381579798	161.328329408487	135218.990874543	117.764893277412	3746.93422635081	6916.53324419529	0	0	0	0	196.274822129019	18252.6010198421	1010.0972553469	950207.583767322	473939.068366002	0	8861.09014050767	0	681.217248511206	21419.3277232164	1876.57878718477	425.581260665117	149.3603524494	1935.46123382348	0	0	0	696138.443464717	14978.162523836	21994.2693363309
GBM-BM-318-SL	1184.81178831191	8168.61494027909	79922.622549857	1319.49994913187	25883.8083123031	47473.1364200003	1486756.74330088	0	0	264844.287041794	6303.70194431032	6251.15876069374	2493.21106484873	340536.813288096	5656.90275443861	2932.05765477313	0	0	344447.950265753	24253.4895305098	13396.291687709	0	723.763853197405	0	0	0	9565.07955273666	53363.8933437747	452.16739703846	3028.26348393025	2594.59720788354	51005.3704397459	117.667129507554	0	7222.83763518064	0	169.470268284464	0	1654.74026150245	23432.0397584759	7996.92453747562	7488.51373262223	2389.60478729491	172.430447643144	1819.77026074889	292515.3036419	11374.4891857302	9844.0764572923	3353.14316854544	127.287712423265	108.046546591842	26722.2791156494	0	12481.5962658767	2636.77976374474	0	8548.25794302988	158107.619816168	273682.642561974	12132.2951015524	29142.9657862104	286.397352952347	30865.0501281229	390.743675345838	0	1961.85886996556	486.949504502957	25413.1397942729	3205.87424545108	3100.04783337825	0	94.7257394777789	769.646633256954	0	205739.865876698	11919.9022325671	10835.7365424503	30506.8684257225	12369.1094502469	4449.8896209366	2872.11402275984	15192.3805135885	0	596.476140774139	88995.572284213	492.869863220319	9156.57480123874	20875.1848374155	656.419772787421	374.462688873095	7649.10346283065	8882.01816572112	2178.69200798892	1121.16793210027	21504.2229511352	3945.17904028156	20659.0917442318	2169.0714250732	10199.297980334	0	19372.1537680455	663.820221184123	0	1861.95281661009	9752.31089717321	24770.7808734392	349.30116432431	14478.9772881464	0	17999.3705904573	0	10574.5007140467	821.449772033864	169.470268284464	7864.45651117466	88368.0142601727	0	247075.070396474	235.334259015107	350349.807862122	109772.331157952	0	75415.0094314261	643.839010513029	0	1198.87264026564	5981.7824390538	0	408.504751497922	2577.57617657112	0	76.2246184860252	78.4447530050357	627.558024040285	2606.43792531826	598.69627529315	95.4657843174491	2035.86335393258	0	0	0	25562.6288518862	549.85331587492	0	2490.25088549005	4286.3397113695	1745.76577678188	917.655601190983	0	6216.37665322924	13379.2706563966	3097.08765401957	7705.34687064558	828.110175590895	30268.5739873487	2152.05039376079	3922.23765025178	631.998293078306	3868.95442179553	39836.6137194441	4118.34953276437	3345.00267530907	44518.8774200371	0	0	36376.1640491464	22230.2069388516	18063.014446669	28236.4108576145	7281.30117751458	47587.8433701492	0	0	0	23539.3462602281	167.990178605124	190628.150250633	7131.07207506154	4277.45917329345
01-2020-120-SL	0	8520.29499673184	308754.154666267	0	657.578249168108	19683.6029992402	2789840.63325334	1663.70119263777	1444930.83581045	0	5087.05920225543	16704.7453082662	0	226010.773128777	3325.99127315286	0	0	2197.10157501018	21567.4376830158	673.10048251757	428.978085294216	0	1216.37864974873	5832.12640302959	0	33242.9793860564	0	316372.749016607	753.533873510235	0	1481.66772881226	26183.1854362967	0	0	3640.66927651013	0	0	0	5434.1927844343	1378.65654385674	5353.75939344163	965.200691911987	0	0	7387.17196222113	56994.8186349783	3973.69173746221	0	0	213.07793052443	0	14301.621363345	0	0	897.467310023426	0	3832.58052519438	1895.12358075702	17763.079400275	26370.8633486129	1337.73429229907	0	74856.6758838408	87.4889516060573	0	0	0	26025.1408785567	8380.59489658668	0	0	0	743.656088651487	0	1123489.37204918	214491.864871354	287426.606044106	261315.387326066	42368.6414834173	28072.664568563	4442.18096219142	14346.7769512707	1377.24543173406	1964.26807476825	467844.346489146	102987.196049434	10991.1523235416	92631.0441810972	11808.1862425724	0	0	20163.3811209508	596.900427892939	38267.949654914	32478.1566155648	6293.56006714541	192947.004982301	0	2778.47976955366	0	29066.0875029285	3651.95817349155	33.8666909442802	9882.01819511644	13167.0872167116	39060.9946678592	0	46535.6555816864	0	24299.3507525211	419.100300435468	109235.600528653	372.533600387083	2847.6242635649	0	3045.17996073986	0	535740.006271814	28658.2760994745	778945.180615427	24958.3401138119	0	121038.142322735	666.044921904178	0	0	8216.90589035599	0	0	794.456125067907	0	0	231.422388119248	2438.40174798818	158953.313946979	0	296.333545762452	1899.35691712505	0	1128.88969814267	582.789306666156	324537.443758424	397.933618595293	0	1632.65672593884	26655.9079973939	6801.56043130961	0	1649.59007141098	965.200691911987	3375.3801974466	382038.851645444	2987.32436371005	1773.76793820668	296861.301696334	0	5981.7042880335	0	167.922342598723	0	0	0	381996.518281764	165602.47426904	398651.874665736	61528.7218851438	159111.358504719	4394.20315002036	74080.5642163677	17266.3679330922	221.5446032605	1078.08966172625	6646.338097815	0	32696.8789945799	678.744931008283	1298536.41975531	402717.288691172	85919.794925639
GBM-BM-455-SL-PreOp	0	2988.57957784808	59357.1656264714	0	298.653050031784	15431.6028802015	823705.09049358	0	0	1000560.97212818	20961.0385955412	0	661.339772883419	19289.5036002518	414.938199872633	0	62.4968646721743	0	1142.8729924887	0	0	0	25.6134691279403	0	0	0	0	80211.1399210579	151.631737237407	0	0	0	0	0	618.821414131038	0	0	0	1387.22548796925	1892.83536855479	0	711.029902991623	0	0	1966.0898902607	237638.180683352	0	0	0	7671.23400381812	0	0	0	0	0	0	10302.7618220227	0	1400.03222253322	0	0	0	22834.9199969413	0	1019.92834067458	2634.60143449994	0	5089.9085851043	4176.53227600195	0	15161.1246462104	30.7361629535284	0	20969.7471750447	661332.08884268	29233.1645851008	43242.7076593191	54130.9933856065	6802.93740038095	42552.1685316298	7899.19387905679	2530.6107498405	0	0	560908.335894	0	0	11701.7695057908	0	0	0	2060.85972603408	0	1829.82623450006	46319.9098403498	3323.09148465898	62488.6683620534	0	0	0	2764.20558828732	40703.9005993576	673.63423806483	0	6279.9103607884	61942.5892002457	115.260611075731	19203.9546133645	93.7452970082615	0	0	27406.4119668961	0	350.904527052782	0	0	0	281369.08106425	555.812280076305	508718.331198908	141275.187130215	557.349088223981	111846.335640977	932.330276257027	0	2502.94820318233	29192.1830344961	178.782014513023	0	2729.88353965588	0	0	352.953604583017	1126.99264162937	7196.36028618611	0	0	0	199.272789815376	8542.09195416809	247.426111775903	52570.6208463324	4211.36659401595	807.848816295237	0	2395.37163284498	9630.152122723	0	0	0	0	197825.116540264	1217.15205295972	10619.8565698266	69512.9061356998	7554.94885397727	4210.34205525083	21581.3968178199	12562.8943378722	0	19954.4292588132	1164.90057593873	598349.080526458	0	102529.69238038	1662.31414640333	0	9445.22287561927	6002.77262482409	43464.520301967	61667.5005418116	0	0	168.536626861847	0	7688.13889344256	755237.2138983	79565.1682296512	4312.79593176259
GBM-BM-394-SL	0	9934.70759472967	0	0	0	69887.6043627046	31213.5621776343	6152.49637837409	0	0	224.296812436077	0	0	236458.573525461	68.6318406123696	0	1150.32932852472	0	369349.212905964	5395.55680292462	796.726149717508	0	791.255495755652	56.198536153607	8041.86132392765	2228.04815901026	6424.03974775346	6652.8125497947	2935.25451662468	18228.2190009027	824.079419526786	719103.537984918	239.714109964943	327.741905532982	28539.904386822	595.803949663904	1437.28999543296	3321.68161920302	14508.1743068409	50874.0978521865	9498.54727431628	580.386652135038	530.156102121637	6969.61314740397	67550.1431244572	394954.36010834	16340.8433840625	0	6449.40368884934	14287.8561518316	2857.17336462365	106254.025240229	1539.74042417316	4215.38754369887	34277.6257284518	2465.7729402618	3215.74986521436	188866.868050387	960820.404632078	0	16295.5861558326	84.5464703195857	15426.2495080759	12356.7153032966	2333.97991299892	158.648964893811	1454.69662167522	22972.7679823665	613.210575906172	0	0	882.764616572145	0	0	0	65341.988252581	134669.596582463	23797.84206625	12943.5672737502	414.77503674432	0	162.627622320615	617.189233332976	0	0	551270.339753508	16899.3474203501	71250.294531385	0	9681.56551594927	44991.1555144784	4854.95672505762	6780.12958745242	36470.3633027992	413519.272993986	239671.339397605	0	0	47665.8079696474	0	200030.98079	0	0	6567.27141511841	0	0	0	72858.6667961705	295.91264611855	32370.3568244776	1815.26245097934	0	414.77503674432	1118.00273693193	4325.79528729269	185290.552355869	4255.17411796691	193.462217378346	894012.778449898	0	27750.1408876014	0	0	518.220129841225	931.005837872144	0	888.235270534	0	0	0	0	0	291.436656513395	55.203871796906	22863.3549031294	636.585188288645	0	1938.60083121027	243.195435213397	2811.91613639375	0	1659.10014697728	459.037600617515	0	1093.13612801441	44.2625638731949	0	0	2093.76847085562	11771.8526615564	444.614967445351	660.95446502782	0	0	0	0	380.956448616486	0	0	0	1509.90049347213	0	16011.1121498161	11624.1450045863	0	13785.0533195193	0	77.5838198226786	4758.47428245762	16088.6959696388	2558.77405761334	0	0	0	0	0	572888.872214226	5634.77358071121	11015.4104182853
GBM-BM-304-SL	926.519606217455	4914.41960713727	72293.4692474438	45794.1356109377	19973.1689539502	11398.1863534733	890568.026800157	167.097748631412	89530.7243170856	1078318.55836316	3913.08011347291	0	1304.98353688636	122525.047683045	5188.75919444257	0	0	0	1984.59751452904	2155.4362575328	3728.52439110389	0	274.339587305303	0	0	0	0	77981.0276915323	0	205.13119141692	2482.14976605093	15371.7458759658	0	0	17380.659853915	0	33.6689493511054	0	10701.114402093	8100.49981425112	7455.17828502161	1786.94831185681	4418.11435373949	1726.46890283724	4110.10581708308	111048.923946814	11802.8372447486	2236.49113560028	826.759756288254	11228.5946085936	618.511069561046	109288.162595564	1652.27251445239	0	190.16721392754	2046.32392167274	3159.89324650744	26849.7401093824	411901.561867989	126108.920291751	13302.975988059	402.156895027092	49295.0828443906	0	6209.42715903071	1832.46374338701	0	31681.8578403281	9345.62744117997	304598.620286016	17541.5226119259	0	1559.99465326788	46624.0128625362	402540.970449319	14455.8257538033	65715.5541427371	34752.5907209613	75542.5228598254	26696.9828391783	7764.43381980213	3865.07068569448	0	112.229831170351	292094.346596452	22644.8624348666	15445.3187652886	24619.4839644027	388.439915661827	12789.2127609236	9663.6119628293	14732.0358382948	767.527345392791	16783.347752464	46677.0102828111	23540.2070879812	57227.8614109482	5472.45126767874	0	1636.0615388389	0	48195.8539979832	521.868714942133	1305.60703594842	9257.0905743678	11820.9187175483	164.603752383182	9853.77917675683	44.8919324681405	4976.76951334302	0	28286.2819483629	42.3979362199104	321.725516021673	0	0	0	348126.336806374	3969.81852812014	260048.988802945	61427.7510929676	604.170591133724	47590.4364087254	596.065103326976	0	3285.84005704306	83846.9068673694	662.156003905072	2026.99545074895	8633.59151231029	0	308.632035718466	1051.21941862896	4306.5080216312	93191.9108094873	2212.17467218003	1593.66360261899	49563.1874410753	0	7543.71515183377	0	46415.764175809	4153.75075142711	16.8344746755527	293.044559167028	27382.2083083795	35296.9054021375	21999.5409056371	4107.61182083485	215.730675471897	28187.7690965578	166971.801820876	52237.998417302	21773.2107461102	69207.7723893212	3490.97124845998	10579.5320849918	8552.53663424282	974.529033995883	0	52697.5172260384	5236.14512315894	64473.5440111185	0	546942.729722776	34397.1962555885	0	32165.0696134226	17891.3055857401	2349.96796489474	1497.02124800007	8112.34629643022	0	4800.31927878074	10267.782553963	2433.51683921045	1091670.16727806	33219.4065273619	76142.3289575248
GBM-BM-385-SL-PreOp	1067.74834044369	4113.94944681859	140583.608731156	0	12266.7077112901	24897.096067742	970713.234751773	4887.14652093299	279050.505938715	484417.359511316	52829.122147484	4902.17464676612	1426.16914156378	49401.2066449476	19318.6557584851	72349.154792133	2680.26624233825	24338.8011930413	915.212863237451	239.69860703838	11748.2373700472	1910.07479339048	12087.1216075843	1426.16914156378	0	0	0	140153.804332328	59804.42675293	0	0	6781.44178219868	8439.79546788427	0	4972.80683818181	17763.9961410481	0	5114.07122101321	2847.82984537762	2175.32121434517	497.430965076513	2330.86231671804	621.413003199813	0	1614.02071447787	33550.2909224566	69.8807851240418	39251.9618635451	2991.34844708398	949.026146361987	0	0	0	7243.55665156734	1429.92617302206	0	2453.34154225803	123282.478865768	4216.89210877551	0	1664.36493601885	395.991115702904	21377.5089976235	0	0	5298.16576246902	0	25163.0938949883	75024.1611904296	20809.4458411313	0	0	4975.06105705678	109.705318581829	70381.9731205766	114207.745081434	29969.8399427141	94718.5200947429	19502.7502999409	34702.9481738575	28006.415302616	19610.9528059394	1091.04193548504	108.953912290173	598211.831132339	0	13949.8578046004	76443.5676753685	2532.9906091736	0	0	51565.256764918	15274.5870967906	8252.69530126184	139195.761310466	38864.9876233421	18332.0592975403	4156.02819915135	282.528765662793	0	0	72934.5002933333	1601.24680751971	0	2067.11870834666	41887.8951346756	1922.09729405698	28474.5414223179	1928.10854439023	7290.8952479417	8574.29719409076	42090.0234271312	11115.5532724726	10971.2832644746	0	0	4150.76835510975	299458.700820102	0	503765.320115176	108158.9244336	9116.81253666666	96215.3214277224	10743.6071581027	1497.55273927113	10323.5710410668	27812.5524793686	241.201419621693	2158.79027592873	22634.6117235646	3972.68506398719	2517.21107704882	39141.5051386716	12918.9283724479	63396.1488270474	2625.41358304733	58.6096907491964	8229.40170622049	5311.69107571883	24637.1094908288	2934.2415689181	181949.27649313	3745.00895761532	1595.98696347812	1452.46836177175	28143.1712476974	111650.709470927	1219.53241135828	0	543.266748867551	0	311743.442282392	0	7229.27993202587	168831.976859685	48167.3975140479	1662.86212343553	115.71656891508	32160.1892828924	2955.28094508448	436319.091376101	22535.426093066	351989.514669799	0	596926.926373607	31268.2700146963	9739.72835244978	28943.4189483115	9082.24784725046	233730.938270045	690.542382032198	130.744694748207	19005.3193348644	702.5648826987	51900.3839709967	2884.64875366878	1801932.39989529	229831.89102264	0
GBM-BM-287-SL	6769.10241923963	61779.573132308	136128.474441035	11117.3166048462	29616.3437426116	47520.141720277	1258215.38441604	0	168478.527581712	306393.558450725	133559.865101975	233331.568654565	3920.69192754932	393371.74532572	51503.3978807127	688.206561750678	2196.69973245671	37495.0923479063	7780.55751757017	9479.35022997241	13803.2338805676	6236.43749202603	15198.7638530065	19181.1510657632	0	41933.6770921266	0	67127.9460964184	14474.0614887387	2931.82946887221	6766.49557620269	20947.7216971258	887.19558023667	2009.87598147641	24005.5485794498	241.56745475592	3338.49698263397	565.684939014762	15661.0440182228	257750.736329209	6199.07274182997	47077.8473516771	20273.4182982387	133.817942562632	16505.6611621896	97641.0438437354	0	8105.54394950799	0	9750.46190581359	0	13055.0699289674	0	8705.1178480029	9289.0506882762	2286.20134339146	5344.0282257155	0	0	0	0	426.653310378261	30688.6251784706	1349.47574545303	616.952852074472	4476.81844209532	6679.60080830488	3105.61900466783	19510.4822360959	33788.1615493856	1113.99092444996	515.285973634031	934.118754901489	3713.01343227355	82478.7757932461	81462.9759565206	144025.470947588	24339.2244881774	65818.4419441984	10910.5070572494	3479.26650662843	1898.65067856721	29573.7653063417	4234.38203966042	167231.587662378	0	21338.7481526659	169055.508840553	460.542269858409	0	18585.0529579842	20188.2614256989	456.197531463518	965.400871344702	9488.90865444117	19536.5506664653	16848.026547707	25251.6195511044	5368.35876072688	15818.3235481179	22353.6790417124	24452.1876864446	1173.94831429945	7230.51363677701	6833.40454748401	30355.818217422	7678.02169145075	22497.9243564227	1290.38730328252	20247.3498678694	1994.23492325481	19546.978038613	10519.4806017092	12129.6406508557	0	37186.615921869	5088.55760809593	146936.445672165	0	284506.504312624	95446.0820066367	8029.94550143689	50024.4489310919	10192.7562744135	643.021282443816	33971.50950965	19913.6739591418	2538.19617029512	3007.42791694331	26136.2082883042	2656.37305463614	6876.85193143292	23545.0063095914	2571.21618209628	23153.1109063723	558.733357582937	2047.24073167247	731.653945699585	9175.21854233007	115148.601679787	4944.31229338556	48091.0403453656	8445.30249198844	8558.2656902556	2639.86304873556	2591.20197871278	23041.0166557841	48193.576171485	0	1717.90956133976	0	30243.7239668338	26757.5058787735	1590.17425252998	51600.7200207583	281.539047988914	918.477696679883	33001.7638999104	11870.6942425202	6214.71380005158	212462.052248547	2943.12578869892	12115.7374879921	17848.1853262108	43.4473839489065	92714.1105039295	0	4012.800381521	4803.5427693911	15329.1060048532	296.311158531542	5697.68993105959	45036.6892537575	0	4232.64414430247	9401.14493886438	444816.054764262	35175.8709927137	2783.23941576695
GBM-BM-458-SL-PreOp	0	3700.68784009446	169108.50612519	0	0	18836.0701671766	589921.019450021	0	0	184280.248922317	1721.06224877755	317324.55549957	0	194345.365704291	3880.47016420385	4136.34013859175	0	406.025248831325	63965.4735708613	680.748800279385	2664.41444382347	0	1126.50122934462	86.8611228843132	0	0	4214.44781498385	237567.19111471	7018.24406064493	0	468.646058352574	33013.2867743798	0	0	2650.27426102835	486.152951337009	0	318.490783909148	2394.40428664045	2767.43577561649	3759.9419394264	711.049191983215	0	0	2667.78115401278	172984.262895129	6637.8058092524	26641.4510700832	0	2846.21679404645	0	56922.9891968533	0	690.175588809465	474.032794655477	0	7323.26800379682	77403.360620491	181917.491711456	7828.94787423186	4492.53807662122	0	100333.350377874	0	447.099113140961	529.920183798097	0	27116.1572067766	13155.7567357652	47642.315888989	643.041646159063	249.13655400927	59.9274413697975	5850.66896699068	973969.057507539	126454.981394727	97029.9343401186	61675.4373000896	26770.059399315	61858.5863343883	5215.03408324811	399.965170490558	1360.15091648304	3688.56768341293	529453.557765858	4029.27875457155	10920.2611700604	90213.6928908325	1776.94963792017	192.575822828787	0	10411.8879314739	1005.97300456716	13748.9710711224	94484.7014369969	20345.0296740273	15090.2684105453	181.129008185118	1379.67783558107	73501.3435110755	0	30864.6523315593	0	49819.9040394376	20328.1961230807	27582.7832390156	0	30457.9537406901	0	24408.6488725299	261.256710690802	25449.6356630659	1552.05339727397	1069.94049816414	0	5068.245518994	0	276392.766359922	95543.1951205173	116272.029756127	45452.6075818589	0	33112.2680539456	193.24916486665	0	4167.98721437131	64462.3999948041	61.9474674833862	770.30329131515	42.4205483853623	0	0	919.111881682849	163.622115200683	0	26.2603394766528	0	519.146711192291	113.794804398829	2434.80480891222	0	24314.3809872291	0	0	0	19017.8725173996	9468.535736428	835.61746898785	0	0	1190.4687229416	0	12321.4859508531	1849.67057800937	46983.7873759591	2768.10911765435	10858.313702577	16479.3730346564	8630.89824132656	44223.0850207212	12116.1166293049	2833.42329532705	89837.2946916672	0	390672.377026013	47614.0355233988	2904.79755134052	557.527207350475	16195.8960367162	19274.4158338253	14036.4881212899	47.8072846882654	0	0	0	169.008851503586	1057890.36905454	81974.6797155422	25562.083783389
GBM-BM-436-SL-PreOp	0	33067.9851744885	355895.818717699	0	0	31018.2167068634	110166.448526443	2152.11732438357	380619.580733921	965507.009786267	18097.1387631908	694907.797846871	0	129527.130448524	0	0	10523.3233630688	5158.38238062365	0	0	0	0	17312.7743427605	32.56554533222	4385.18329002151	0	0	295642.116299874	0	0	0	0	0	2499.1729932098	0	0	0	0	964.87058598606	297.742128751725	877.408835665241	0	0	0	4375.87884849802	216495.745368598	7642.66826739585	0	0	0	0	4267.01688267317	0	0	0	0	19896.6177538341	0	0	0	0	0	46627.3478066726	0	0	0	0	1198.4120682257	14048.7762563197	9149.05735004912	32105.9059209595	0	0	0	1308022.11114903	24470.6812067824	18665.6401402761	108183.672037787	9606.83587300489	1560.35484348951	0	3671.53262516972	0	651.3109066444	426305.319058416	0	5442.16784709013	54230.0069755174	0	0	167.479947422846	12452.1340908886	1842.2794216513	2109.31689337551	0	14492.5981169902	24748.8840083348	0	0	0	0	27812.8366020206	3637.1061915328	0	2993.23883810719	36323.6092635582	52.104872531552	14994.1075151064	0	31528.1001023507	307.977014427566	48356.1130417373	0	10545.6540227252	0	0	5332.37543711293	499681.075356822	0	578023.542540467	48096.5191232319	0	211887.255482013	6287.01113742315	0	0	21929.6382267169	0	0	835.53884880953	0	0	0	416.838980252416	27463.9200448896	0	0	0	0	0	0	138319.827688223	14727.0700433822	8300.4922831067	1208.64695390154	0	0	0	0	0	0	214495.290441048	0	0	50818.9987130055	0	0	113.514186586595	9280.24997553034	0	649.450018339701	0	0	0	0	231061.848573624	447445.010199788	0	17375.1141009679	144234.661164707	0	0	10815.4828269064	1322.16114048813	8345.15360241946	4816.90937671151	1412053.21093489	160461.607181676	0
GBM-BM-405-SL	1263.25327941441	1494.57628252796	98265.5195460328	0	6619.77530186643	40591.4449860667	768538.686365609	0	830290.444076205	9521.15637283316	1389.57860735585	27535.640313885	0	192682.218061538	0	903.964359684858	0	0	24542.3862771427	1422.39038084714	5133.40196271129	0	1306.72887929036	2000.69788863101	20964.2623779182	0	0	182016.751088196	0	5233.4778718597	4011.2393093094	31812.6549884738	0	0	1147.59177785764	0	4884.03248417754	0	5064.49723837959	207737.900328013	44829.9058268032	3407.50267706978	1258.33151339072	7216.1292850705	8728.75204301867	224617.917200604	0	178.824165527495	3647.84891789343	15793.126875692	12619.4080847476	75820.6258893204	541.394262606176	0	4621.53829624727	17048.1772117336	6291.65756695359	345595.746357303	48378.4991298855	67460.1860037414	55428.1086644878	2222.99765403445	26314.222045672	211.635939018778	18794.5838558071	3152.39113817505	0	3961.20135473519	2840.67929000786	7863.34151718607	198.511229622265	436.396587434069	23011.7170437743	1509.34158059904	589010.708296727	80188.6932353475	126376.186190353	4482.9085532466	14804.6721992671	47114.4255561338	5923.34540951394	386.358632859862	418.350112013863	0	92863.061040693	91777.8116324688	7965.87830934633	105788.438913247	0	175381.390193922	0	1797.26489298505	0	234.604180462676	215746.433942898	169837.020768232	16835.7209783775	992.556148111323	16645.4126921281	39141.9848920893	81183.7102664707	160616.092122844	0	9993.64591110764	2560.95892099467	53182.9630633467	258.392716243857	22649.1469466957	0	42519.1366786796	0	45225.2876973732	0	0	3613.39655572759	43980.080893379	0	200893.364377732	3012.9411008371	728584.610079611	114104.582904613	0	113391.747125514	417.529817676581	628.345462358077	1582.34777661714	8841.9526615636	702.992247050747	0	7303.0804848224	0	1208.29355881651	188.66769757488	2257.4500162003	38344.6587962511	0	0	6294.93874430272	3362.38648851927	6755.94416185525	0	84277.0402123614	1132.00618544928	16.4058867456417	1546.25482577673	2657.75365279396	53463.5037266972	3770.89306848575	0	4862.7048314082	3652.77068391713	14878.4986896225	8243.95808968495	7181.67692290465	29647.0779380491	5901.19746240732	4400.0588251811	3306.60647358409	191.128580586726	2650.37100375842	7097.1866061646	1191.06737773359	210974.781782929	17441.918493629	0	242951.495638859	1054.89851774476	24831.129883866	12995.9231855601	23465.3398122913	7641.8620461199	0	21860.8440885676	410.147168641043	7321.12696024261	26502.0694489096	1035542.03226792	120318.312509524	24097.7867463358
GBM-BM-428-SL	0	11088.1513928152	424715.080616939	0	97320.7628746862	63784.803175437	225957.397095385	0	0	1363139.83542086	271689.876404063	36630.8991750753	45974.9348560622	8070.3060772173	20641.1234210871	191.059440565438	183.238293875625	0	0	0	2236.84795328659	0	5517.26033632826	0	0	0	0	6537.3613260139	272.62282747349	0	0	0	0	0	720.662802132792	1132.94896335295	0	164.244080486078	0	0	0	772.058908951565	0	0	0	0	0	0	0	0	0	0	0	0	0	0	1182.11045683177	0	0	0	0	0	1197.7527502114	0	0	2864.7743018116	1356.41029734761	0	5014.47233484026	989.933709596362	0	0	0	823.455015770338	112198.818492051	0	13969.6852946764	35382.8676247151	0	2275.95368673566	3607.78323734385	16340.6100483598	0	0	20556.2081141692	0	500.553388148048	795.522349021005	0	0	0	1094.96053657385	0	0	0	4851.34556102416	11175.3013130732	2072.60387280051	0	0	0	82987.9529122684	3930.68486496614	0	0	0	8640.13247890369	17600.9319720897	615.6359751553	0	0	1897.1867256147	1383.22565742697	2449.13622058152	0	0	1861.43291217555	477845.24738751	0	31962.7919079268	246195.172808611	9282.58381413835	99112.9227733234	10249.0540836653	299.43818755285	12830.0324913036	23518.1880962684	3301.64120977116	1861.43291217555	24871.2464736061	0	0	86.0326135879457	2931.81270200999	0	0	395.526561170556	0	808.930029060685	34983.9891435347	4513.91894669222	126228.838346906	38628.6435009876	6268.09041855033	460.330348029008	0	10484.8057910296	2179.86531311795	0	0	0	1503.89477778409	3899.40027820689	0	132995.247540264	0	264.801680783677	5328.43550910277	49570.4277200364	1349.70645732777	13712.7047605826	2317.29403352467	0	0	0	0	9628.94888183008	63388.1593075964	588.82061507594	56782.6422747141	2585.44763431827	0	0	168006.052043878	306356.550453325	247319.183318605	73200.3464833021	9201.0204272303	0
GBM-BM-454-SL-PreOp	430.31496650005	5456.90355601718	156995.242751813	58899.9232979258	2114.84062804293	44997.1514272926	687884.712667799	541.267257514	179839.419858415	466706.568274983	1763.99149159341	340038.035174436	353.847847017462	327702.839253195	10946.0432506398	227.902003163789	455.054328685593	7845.37652338505	29119.728647668	404.076249030534	853.882834222224	0	7921.09396522565	4113.481221578	968.583513446105	46348.8202157937	0	561794.930706864	7978.0694660166	0	430.31496650005	16905.9805044296	715.192470454786	368.841399857185	3211.61901826866	0	0	11.2451646297922	3165.88868210751	5176.52411791436	672.460844861576	790.909912295387	494.787243710858	909.358979729199	8786.22196407767	105080.066044273	12856.9715600625	4610.51749821482	398.828505536631	1671.78114162911	0	15042.2818864521	398.828505536631	2638.11562214926	0	0	1067.54096218828	39707.4259854384	161667.233816671	2300.76068325549	3666.67334695426	0	47297.1624329062	0	0	149.93552839723	220.405226743928	26986.1460785754	26275.4516739725	26919.4247684386	159431.695088268	690.453108269243	8431.62443941822	4574.53297139948	76131.2638989774	42783.3533505075	61353.6182201464	8280.18955573702	14004.7280299433	3921.56374522955	4180.95220935675	1397.39912466218	0	5892.46626601113	44082.5447040695	208141.999876318	2204.05226743928	30486.3909890087	6132.3631114467	9361.22471548104	0	15031.7863994643	2773.80727534875	11010.5155278506	23750.5373757632	19147.5166539682	37021.330994202	446.058196981759	6649.64068441714	45178.5734166533	2956.72861999337	22524.0647534739	11.9948422717784	2994.21250209268	2058.61480489397	19253.2212014883	62.2232442848504	16494.4074789793	0	1013.56417196527	303.61944500439	24132.8729731761	4762.70205953801	8561.31867148182	0	0	0	285937.548140505	16713.3133504392	446028.959553721	24108.1336109906	0	161966.355195824	1035.30482358287	302.869767362404	0	26619.5537116442	2674.10014896459	0	4857.91112007025	100.456804026144	87.7122841123795	155.183271891133	1115.52033127539	47877.4129278034	133.442620273535	188.169088138523	0	108.703258087992	2377.97748038007	0	67908.0498440314	482.79240143908	0	1220.47520115345	5839.23915343012	3839.84888225306	0	0	0	0	195791.810402239	1726.5076094941	0	24023.4200374462	0	4453.83487103971	91.4606723223102	69.7200207047119	10629.6792857216	1751.24697167964	68.9703430627257	347765.712308029	0	306787.582719424	49762.1025197566	196697.420993758	3263.34677556571	13824.0557182246	25204.9120012163	2318.00326902117	2316.5039137372	7106.94404602869	0	1188.23906254805	43.4813032351966	952749.571969715	32386.0741338016	8888.17812338778
GBM-BM-426-SL-PreOp	0	5491.61543391526	28794.9607547789	6351.37802227877	0	16888.1936999975	527830.455656606	0	90426.2388266718	0	0	23461.5983247657	0	328353.725230608	8302.37774202673	0	0	3557.14961009737	311883.602899128	5949.84054969142	19172.2333234796	0	134670.944335532	6875.73872177519	0	1880.14016576196	5626.24858648867	232912.99196686	21812.9327020247	0	10966.6969719005	1029012.99504421	121564.288833255	0	62424.9050765361	0	1426.63902025153	0	18577.0130699972	99451.3840193557	9582.57368404052	155.891018769207	1596.70194981794	0	54590.200390817	448899.998471597	23031.717030584	3403.62057646103	72853.0694381429	70030.4972043671	0	34808.5749030577	125.185212041939	15147.4106570747	26858.1329458281	0	703.8715695943	280790.43061007	2635982.49423472	0	28513.8845239678	0	11599.7089875088	64123.1723870673	87.3934499160708	99.2033755804047	0	90277.4337633011	65630.1189018363	51734.5603651811	0	5829.37930791521	34513.3267614494	0	14682.0995858999	359071.341883541	438571.037485571	51059.0326171812	33244.9407450999	3013.89302953801	2163.57838170597	0	755.835242517369	15411.9529919557	14443.5390874804	219978.761379282	11363.5104742221	46120.1217043567	5727.81394720194	12185.4813004597	22693.953156584	47466.4532300908	26562.8848042198	38438.946052274	305444.831426933	38779.0719114068	2376.15704366398	0	54746.0914095862	33859.0568796453	20931.9122474654	1362.86542166413	0	43011.749269504	2413.94880578985	13850.6808191308	0	4246.84926889447	0	37394.9486235468	0	19413.1558070321	19935.1545213956	12693.3081040261	188739.146011986	71492.5660016117	3002.08310387368	59087.4200837953	115605.000343032	149610.500300915	6422.23757626477	0	27264.3943886812	129.909182307673	0	635.374000741163	14419.9192361517	0	689.699658797099	0	0	12856.2850781939	205.49270655941	2801.31436758	19571.4088109341	3389.44866566383	0	5614.43866082433	0	0	0	30833.3539244429	0	0	0	87582.4087267002	30082.2426521913	0	0	13347.5779858302	0	76764.5168181703	9750.27462847406	0	121750.885658751	0	3904.36142462879	363.745710461484	0	0	0	2317.10741534231	58922.0811244947	45746.9280533638	0	21144.4909094234	0	37.7917621258685	12180.757330194	9074.74688047416	1492.7746039718	4320.07080801334	0	0	0	0	695087.346885169	257139.873474675	90173.506417455
GBM-BM-430-SL	706.17524813438	21658.2306334795	232983.637039721	0	15888.9430830235	20889.6492006263	1741554.61653684	0	109493.293357245	553015.690422146	17987.7616111997	100124.154309323	0	163829.373031138	16381.6234886987	0	0	60612.8280421946	152287.513394188	1139.73400512851	0	2742.58759159166	25102.0666691488	323.526799726681	0	33014.5139842917	0	54288.4539013446	0	0	0	0	0	0	3268.11335764515	0	0	0	15002.1183528083	42955.1623027973	4954.72261307308	3011.91954669408	0	2120.16801242206	688.110299926291	1011686.36769354	0	1726.02368788194	0	10019.4771834136	0	269.331955102415	0	0	0	0	19915.7842654084	129415.646694729	40007.291208841	0	21103.1440430855	0	48335.2323327699	0	4386.49787852774	1138.09173710959	0	33090.0583131619	87595.2915930036	15583.481231505	2821.41645649968	0	11446.6080918526	7817.19577004569	609161.549452886	305772.240174167	83499.4751538242	147015.833053464	88638.131785016	27831.5161165891	5537.72775978867	3933.2319053066	11147.7153124097	8199.84421845339	288668.018757145	540.306178223746	4008.77623417679	57252.7476754901	0	0	0	4854.54426391913	2442.05254412982	3056.26078320484	110539.418085295	5695.38548960472	7337.65350852188	198.714430288977	8078.31638505352	0	1594.64224636856	22615.6728885082	13.1381441513373	0	11737.289531201	55134.221931087	430.274220956296	14984.0534046002	604.354630961516	35663.4922988051	0	25844.3718136994	6849.89990690348	41513.250982188	0	0	0	275127.518941173	50411.0591086812	1050959.56509792	210386.029099421	1768.72265637378	98695.3811328647	1629.12987476582	2988.92779442923	1111.81544880692	4718.23601834901	609.281435018267	338.307211896935	1844.26698524397	0	197.072162270059	362.941232180693	0	17053.3111084358	755.443288701895	371.152572275279	7373.78340493806	0	359.656696142858	0	42311.3932393818	1551.94327787672	479.542261523811	7748.22051325117	26322.2718072043	21250.9481647881	0	0	0	0	5332.44425742402	0	8365.71328836402	83604.5803070349	0	4578.64323674105	256.193810951077	0	5031.90920996218	1808.1370888278	1747.37317212786	67526.7764018359	0	35801.4428123941	44991.5746462546	0	25954.4037709668	9939.00605048666	29611.7346490953	4573.7164326843	0	0	0	25846.0140817183	6567.42980764973	673855.41352209	209290.636330803	5767.64528243707
GBM-BM-389-SL-PreOp	0	2030.73572827181	47092.5044834679	2612.78204460289	0	21427.3833172984	1097243.60337198	0	662232.835974007	4274.46001393923	0	530.635285235582	0	196050.458757887	3365.58642850112	0	605.915723625406	0	46626.1329871017	0	0	0	3819.10516709347	10438.2754206377	0	0	0	58582.8699333097	0	1575.38088142605	569.193558557199	498701.69049227	5163.13640858982	0	46618.788554088	0	0	0	7454.5995088459	4663.71496366221	1158.58430790191	0	235.021856436521	0	22534.5565941049	115674.81996485	0	0	0	683.032270268639	5240.25295523305	0	23313.0664935508	0	2236.37985265377	0	1059.43446221775	0	939037.171825133	0	1478.06714399531	0	40923.1807520092	9880.09851160093	0	0	0	84506.88236321	14240.8556134504	12283.564215315	1268.75080310653	1909.55258354673	10643.9195450196	0	476246.086553062	465306.553579243	61412.312751815	156990.927883089	48776.2157518451	16519.4659559326	15707.9061079253	0	0	514.11031095489	522475.620157427	69406.7280871635	46038.5783460104	260297.722652967	0	0	11536.268156177	46490.2609763493	6609.98971227715	416.796573524143	186807.489810219	70767.2843029405	4426.85699897228	0	34471.0963495253	1634.13634553518	26416.0894418143	464.535388112811	0	10339.1255749535	11964.0813792216	46470.0637855618	0	22257.3042478399	0	49519.8395944763	0	47645.1730677444	1727.77786645911	3271.94490757719	0	15728.1032987128	0	219438.805689828	365.385542428654	337460.172002536	2987.34812829859	0	59210.818955976	0	0	0	23384.6747154338	0	0	0	0	0	402.10770749686	0	304000.77130064	0	0	32647.8408538889	0	0	0	93768.2123934116	398.435490990039	0	4221.21287459032	18410.6574569453	11954.9008379546	0	0	9455.95750506315	0	271505.327431784	0	0	35679.2555802693	0	12037.5257093581	0	0	0	9384.34928318014	1211.83144725081	320577.156612428	1848355.09546057	0	220075.935253761	138738.175735937	0	107612.468624125	63299.8320363208	8772.92523479451	0	0	0	0	0	2172576.92695601	337008.489372197	107904.409836418
GBM-BM-392-SL	428.789149272116	0	78206.9058726733	0	14925.0386105902	14975.8580653187	442624.745821963	0	3340.3204097618	474676.999414714	19782.5314917271	0	917.926401034382	19931.8136399923	629.949490905949	2477.44841801667	0	0	5554.14290637413	1510.8200395341	321.856546614132	0	0	0	0	46238.2926324966	122.813682260656	84666.2703163997	0	1162.49502691552	0	21781.4300443833	0	0	2064.54034834723	0	0	0	7869.60431244356	2642.61164588445	4991.95268843958	0	267.86087596505	3985.09224163024	691.356332036277	237707.999492779	31895.5602740044	3662.17695637593	1866.55622263393	4998.30512028065	0	12610.6359431609	0	0	0	0	7300.00292402776	72069.3979755611	15044.6760769303	0	3831.57513880442	3366.78887576625	18177.4837132172	0	1446.23698248324	176.809352909737	0	33968.570531473	15128.3164295044	4594.9256983728	6728.2840583316	122.813682260656	4855.37540385661	11854.6965540738	180586.932377892	24076.7754162894	109162.3062342	39729.1674726819	42144.150310928	103827.322226342	4611.86551661565	17633.2920521657	0	1301.18978877884	460735.529000849	52570.6084394016	6123.74429478993	32375.168878005	1553.16958514122	4564.22227780764	194.807909792764	6019.98790805248	4745.26658527809	13619.6138672506	21319.8199972657	4469.99453883179	27239.2277345013	220.217637157038	1214.37322028424	0	11662.0061215614	117.519989059765	0	0	8426.50083717722	2110.06610987488	102.697648097272	3655.82452453486	0	10767.3719706109	0	37636.0411810499	0	0	0	0	0	351362.533777254	25488.0740236467	287864.683832575	80111.5766863537	0	59944.7230682419	220.217637157038	0	197.984125713298	8869.05358877165	20.1160341633832	2121.71223491684	867.106946305835	0	1221.78439076549	0	3178.33339781455	42680.9308014983	12446.5314539333	4414.94012954253	520.899410967608	139.753500503505	592.893638499716	0	39376.6075055026	246.686103161489	0	0	13528.5623441953	15169.6072364713	0	0	4349.29833385149	206.454034834723	874466.238593713	16323.6323542654	213.865205315969	202479.529979494	4335.53473152918	0	3155.04114773063	685.003900195208	0	7985.00682422297	0	455513.830027491	268883.617491462	0	41718.5373775765	0	99598.7200974711	7470.45984509643	23884.084983777	2254.0545649391	1867.61496127411	0	0	0	0	967451.018405992	14146.8657100593	5921.52521451592
GBM-BM-327-SL	710.012149673807	68113.8322253739	99304.7786608854	0	1253.22779434488	28423.0260551959	881359.494454928	0	1753788.61387174	887690.999624559	14617.234255983	44922.3560095205	0	119516.457854933	6466.74557909255	14475.2318260482	1893.36573246348	0	12836.5688647376	10510.4338219967	10354.9073511158	1755.87131617745	6665.09817963634	2578.58380706932	0	0	0	45972.7231896729	11285.812169577	725.790197444336	0	710.012149673807	0	0	716.774170146891	8220.36288844563	96.9222934475355	1988.03401908666	3892.66978567195	23678.3416899154	8193.31480655329	6692.14626152867	2366.70716557936	0	4140.61053635169	135296.759632286	0	0	0	3836.31961506292	2567.31377294751	29541.0134400791	234.416709733574	0	7972.42213776589	813.696463594426	5465.96654907613	114230.811851806	36239.9217220808	0	0	0	24341.0196962776	0	0	3935.49591533481	734.806224741781	0	15291.182296467	0	0	0	0	0	376579.174152865	463108.242133271	111269.046884595	0	42699.9052807003	2540.26569105518	0	15791.5718114752	8432.23952993559	10028.0763615834	13294.1322500829	166830.315105101	8468.30363912537	107295.232853246	0	22684.324680372	53492.0899557422	31308.1547903783	10167.8247846938	0	36992.7600014175	42208.5317929895	46475.3667115055	0	7070.81940802137	9191.83982974535	15935.8282482343	98173.267235056	0	4393.05930068016	0	4726.65231068563	162.288491354013	8950.66109953869	0	59021.1686959004	9207.61787751588	1553.01070198493	7442.73053404098	16805.8748824378	0	9065.61544758111	1438.0563539425	419186.665153767	32789.0372739837	1263483.52539572	37089.682294865	1079.66926886906	224023.484266444	2073.68627841239	1133.76543265373	1163.06752137043	58306.6485325779	0	3595.14088485626	2260.76884483438	4176.67464554147	0	2224.70473564459	500.389515008207	21857.1041758314	0	1697.26713874405	0	0	3333.67609323035	0	124626.29132576	3322.40605910854	0	6518.58773605285	3933.24190851045	1039.09714603056	0	103.684313920619	1483.13649042973	19544.4931740368	638080.029887965	3838.57362188728	0	64336.1167877443	0	0	2127.78244219706	534.199617373626	0	2042.13018287133	12390.275513514	340517.318969909	8946.15308588997	117314.293187532	31055.7060260499	76904.4588403829	14696.1244948356	7830.41970783113	56915.926321947	9843.24780198576	6076.80239847804	106639.316867357	1553.01070198493	7012.21523058798	0	1588116.85827436	52700.9335603913	12926.729137712
GBM-BM-322-SL	2917.75480180633	18139.5931860178	5419.9505863857	0	10247.5085311925	8295.26531834757	319573.725928752	0	0	0	457.999087071418	0	0	56406.3894957687	16910.5994967721	0	0	686.114462485367	75244.4754979765	146.771908212076	56390.474469577	988.499960127114	9688.71427824054	0	6279.36200073593	0	0	11398.6954257234	404.948999765848	0	6263.44697454426	134269.770970397	3490.69574470648	0	6212.1652234822	0	2118.46681973575	2924.82814678041	9103.39498163575	45032.4507774545	73449.6142108047	39693.8436582707	82121.5351490218	24983.0544484363	27723.9756258907	144214.894003948	2334.20384144506	0	36631.0852844958	50533.7448310421	11037.9548320455	62754.7166100018	8923.02468479681	268.787109014886	11814.2544429504	28825.649105603	45734.4802661316	543712.113131027	1268194.16709203	0	40627.5251948487	14148.4582843954	4008.81826405755	691.419471215924	2891.22975815355	5913.3163983275	594.16097782238	0	2277.61708165246	0	0	5932.7680970062	0	0	21214.7299134973	290818.810272889	11236.0084913196	0	2680.79774517479	802.82465455762	1306.80048396053	0	3149.40684970732	1363.38724375314	0	0	25708.072308279	98468.0353841113	21322.598424352	100954.316142499	0	0	0	122.01520080281	4548.16081833084	20427.8202851314	5704.65272159226	3435.87732115739	13313.8035774545	0	0	0	0	1343.93554507443	0	6454.42728884431	199.821995517646	0	0	11161.7383690919	0	0	620.686021475165	0	0	13066.2365033618	0	1029.17169372805	140554.437979863	36312.7847606624	10804.534447901	0	0	560.562589195519	0	5540.19745094499	0	0	13488.8688655628	364.277266164912	0	5635.68760809502	6839.92458993145	2625.9793216257	5045.06330275967	1087.52678976418	496.902484428836	334.215550025089	0	55637.1632298379	0	2793.97126476	70.7334497407595	0	0	0	8358.92542311426	0	3665.76103281486	19930.9178007025	7694.03099555112	1267.89708660311	33273.0147580533	18456.1253736077	13421.6720883091	0	6251.06862083962	737.396213547418	0	0	13437.5871145008	1485.40244455595	6021.18490918215	11989.3197310587	0	877.094776785418	6496.86735868876	3409.35227750461	475.682449506608	5807.21622371636	10894.7195963205	0	0	0	0	0	444835.592074663	6334.18042428501	108952.500971935
GBM-BM-299-SL	7542.58359297017	36621.8662762125	133778.366040833	11922.2193613021	56959.5105813954	62736.5741691145	870020.045533952	6400.83657334464	1272935.51549636	1155855.75065375	89516.9337993271	0	0	27163.8808298552	93892.161278008	0	7463.23437925102	0	83.7575033702122	4013.74772729359	881.65793021276	17518.5430733276	29334.9634830041	6744.68316612762	0	0	0	0	0	0	0	0	0	7571.23747570208	1578.16769508084	3773.49594131062	3564.10218288508	1291.62886776169	4483.23057513189	11071.4194586467	7593.2789239574	46291.449625821	28182.1957392509	5054.10408494465	12717.9156433191	28667.1076008679	0	0	171.923296391488	8536.65290928505	506.953309872337	33090.8262657104	15486.3215441871	476.095282314891	0	2287.90232890211	39253.6151978976	381495.590547887	173924.659893071	40254.2969486891	9171.44661903824	13562.1031114978	47109.1873560933	0	533.40304777872	15069.7381721616	16546.515205268	0	20538.2214843063	16707.4177775318	0	0	0	21091.4618355148	247825.227603505	339409.649249181	1232.11695747233	2078.50857047658	57411.3602706294	0	0	42085.9412987061	1410.65268834042	0	106233.168156161	0	7890.83847540421	101564.789415684	0	4694.82847838295	0	1128.52215067233	0	0	0	12660.6078778552	238898.441060101	15160.1081100084	0	209444.453756518	0	55088.1916245188	10396.951142034	0	152.085992961701	18107.0497417446	2592.07431482552	27340.2124158977	14296.0833383999	0	0	2041.03810844254	1487.79775723403	1099.86826794042	0	0	0	844011.136592676	1924.21843268935	502441.425414474	225955.702644577	24626.9101356679	137247.68999622	15065.3298825105	0	8457.30369556591	39804.6514042806	3810.96640334466	0	41561.3548302295	0	7103.95877268932	57201.9665122039	15466.4842407574	3548.67316910636	1141.74701962552	2279.08574959999	551.036206382975	40708.3507827487	93539.4981059228	9413.90254984675	271283.940981641	12109.5716714723	10665.8568107489	1769.92829490212	3590.55192079147	7542.58359297017	31922.6295081785	0	2724.32300435743	0	159408.162072118	55202.8071554465	0	26097.0747342977	19405.2910439829	2228.39041861275	2625.13648720849	2501.70437697871	21351.5509249275	96283.65841371	10004.6133630893	76252.3902392761	0	3160.74367981275	49443.3767263316	0	8106.84466830633	590.71081324255	47214.9863077189	881.65793021276	949.98641980425	468440.287335818	69825.1039280251	100050.541920544	22323.5787929871	1637095.50699144	77268.5010038463	22856.9818407658
GBM-BM-351-SL	0	57944.8800917565	9184.24596735645	8737.30269986105	3141.74826268825	31211.5381800954	1898816.5629705	0	276596.53742529	15664.9233460397	6270.35113515605	0	0	240267.060652699	11835.2329951478	0	0	0	104729.323886349	15489.6514764337	1104.21277851805	0	16904.9718235025	8798.64785422316	0	3571.16434322305	114456.912649484	77421.9666017276	2471.33336144515	1932.37236240658	3728.90902586848	95737.8769755587	714.232868644609	0	15077.7625828595	0	0	0	19109.0155837984	25011.2957927818	37828.0512577234	10279.6951523942	0	1349.5933959665	24231.3359730349	495625.029278477	75047.0327685658	0	69469.0055183536	21352.4955147557	4526.39603257596	598518.380330702	880.741144770346	4990.86648703196	4666.61352826079	3290.72935185338	2852.54967783829	0	2599137.22696513	270448.876598858	65691.8967283434	0	18889.9257467909	9823.98829141849	0	0	0	15827.0498254253	2094.49884179217	0	0	0	12391.721181147	0	9596.13486093064	39348.5347265558	192601.875713336	18924.9801207121	29147.7119154843	0	0	4925.1395359297	2309.20688205956	0	0	200616.181951072	9679.38899899351	61314.4817849326	0	28210.007413092	453257.436597957	350.543739212078	0	0	70.1087478424156	43743.4768569272	21689.8938637473	0	43467.4236622977	959.613486093064	73517.7857062531	1892.93619174522	0	4088.21635856086	0	42087.1576891501	0	1187.46691658091	0	67856.504317978	8329.79560302701	11861.5237755887	0	4605.26837389868	2563.35109298832	71773.830603673	5271.30147840162	71830.793961295	546716.779268637	206132.864046922	64933.8458922973	0	65906.6047686109	0	201.562650046945	0	1156.79433939986	0	0	0	0	0	753.669039305968	0	29200.2934763661	0	0	0	0	0	2212.80735377624	36609.9117639614	0	0	2887.60405175949	0	0	0	27767.4459423367	13566.0427075074	0	72181.337700507	1998.09931350885	0	11900.9599462501	0	0	0	0	0	0	407.507096834041	125499.040434664	152674.94381708	78837.2869487964	55114.239397619	0	0	24310.2083143576	34379.5772232246	153.362885905284	0	0	0	0	0	428758.811023773	18381.6373249333	137395.618584174
01-2020-087-SL	9431.0976601154	79914.273891008	43178.7419386211	15550.3711795666	24227.0378578318	65527.5165987018	786097.192252174	15234.9593566462	79250.7724436934	0	56734.3464543128	23735.4500617487	10046.2927922079	158755.863429291	139117.925517553	8374.04182113892	27777.552026652	69465.9020632754	33437.9155514938	24131.8460013649	22640.03332539	20632.479695721	175033.670885143	2264.71371952756	376895.816780222	0	110523.428454058	106809.525277869	8892.62432278733	0	10895.915630525	749293.463148885	16124.3638663226	3780.67955311345	123176.841494279	25346.6077518016	4770.95901516534	7731.85198348117	24241.245597603	112715.682700753	8112.61940934904	10006.5111208486	842.51896843152	4189.8624585237	55809.4225952084	146008.67930658	24610.646831654	1000.22487989172	142246.469815169	20183.5151189514	2388.32105553691	30148.8237944635	1900.99558138512	33354.0898868438	19142.0877937232	511.478631762812	2915.42820104803	152355.27666237	758403.465890172	6203.09918410121	9919.84390824431	2423.84040496488	17653.1166657026	62499.8472534614	1677.93406697745	6674.79614450469	8327.156279894	6794.14115858268	245246.900060383	2348.53938417758	0	4640.2478092704	233471.525338021	696.179248788272	84820.2064339996	116291.770801161	105958.481665575	135617.138437932	23030.7461690977	196915.010906751	4357.51378782373	57751.6206219299	46797.453258343	4790.849850845	16411.3602097007	175118.91732377	61044.9747008916	11221.2728712852	26135.1373091026	93243.9753443377	22537.7375990374	6850.97211766744	16915.7349715779	6812.61122028523	37247.0105841496	94705.9517667931	3108.6534619362	16032.0135578099	107667.672760049	1554.3267309681	125282.428528369	5079.26696820014	19086.6776086156	6036.8686287783	0	39730.5234961535	10346.07610138	119923.269086677	5013.91136525267	29240.9492230845	16776.4991218202	38984.6171581661	7419.28170851501	14632.5511903478	8214.9151357016	43447.2682202966	23444.1913964393	208043.933469524	651623.776865822	93675.8906333818	434498.256134554	0	29732.5370191677	18984.381882263	5026.69833104674	13208.9356652746	7396.5493248811	620.878228000969	2088.53774636481	21671.0654729949	21108.4389780558	1405.14546337061	30647.5154604323	18501.3187300426	52045.7923298203	10731.1058491792	12447.4008135389	4802.21604266195	24278.1857210081	92925.7219734631	39594.1291943501	28051.761404236	16088.8445168947	959.022434555272	5880.58349129522	8537.4308285076	20972.0446762524	13880.9617564519	4586.25839813988	19824.0593027403	3593.13738813375	81610.678019688	2436.62737075895	3735.21478584564	34696.7212952212	15477.9117067335	494.429344037385	0	15186.6530414242	4655.87632301871	98233.7335519794	10019.2980866426	142909.971262484	573755.417501865	0	2213.56585635128	0	19782.8568574039	51167.7540119608	7139.38923502258	3004.93696160652	9560.38809203322	0	20192.0397628141	0	19227.3342323504	111364.526648512	30781.0682142814	41499.3870976666
GBM-BM-268-SL	0	70505.8403689389	201149.88186059	0	6509.85590756676	51455.1190822912	457669.145465358	98674.2889225783	734339.24934832	1333194.42476673	55143.4644512709	12980.4218511497	2057.81186365181	69864.922831453	41912.5690797244	0	15273.9734987044	3258.61138790686	0	0	7705.74418632384	874.201698639671	78061.7915675744	130.148005696355	0	0	0	173438.179138262	17228.6492068987	0	3339.64693862346	11686.3086624331	0	0	6897.84430190684	2119.20243237651	0	0	2548.93641344938	97569.2586855338	35302.0326394492	15352.553426672	2868.1673708178	0	26172.0272587124	100005.23645253	0	1461.09553564776	0	1193.43265600809	0	112833.409693242	0	0	15831.3998627246	2526.83580870849	0	435072.504929171	43361.3865016273	0	28234.7503678622	429.733981072872	57491.0397993033	0	265.207256890687	508.313909040483	4071.42251782184	0	7116.39472656676	2399.14342576112	0	0	10053.3195343562	1213.07763799999	159868.407827355	53672.5464246272	5409.73691602021	2823.96616133602	16523.8854779392	5895.9502203198	0	0	9709.53234949792	0	71404.5982950684	675.296255971656	888.935435133598	49326.0941589187	0	34928.777981603	0	699.852483461534	7440.53692943315	0	33067.4159378702	17854.8330078906	20109.0946914614	0	645.828782983802	186.627328923076	0	62250.0366868417	3568.01985427933	0	6043.28758525907	119105.070194157	471.479567805665	79670.2244681615	2460.53399448582	108818.466498647	12035.0070927894	22837.2915655869	5306.60076056272	17380.8978173359	0	0	37089.7260007123	178906.851000258	0	244788.753732853	127272.471457291	591.805082506069	91722.4209201938	3052.33907699188	5029.1153899271	0	5952.42954354652	0	0	0	2553.84765894735	982.249099595136	2458.07837173683	0	12125.865134502	616.361309995948	0	0	0	9751.27793623071	11536.5156747449	226685.902827314	6549.14587155057	19301.1948070444	4589.55891785827	0	6698.93885923883	0	1186.06578776113	0	0	29744.9583584897	0	3521.36302204856	6563.8796080445	0	10362.7280007287	1998.8769176761	0	14110.0083156841	15514.6245281052	0	265082.020130488	0	211186.012035703	2580.85950918622	0	8985.1236385465	14448.8842550444	16197.2876523238	59669.1771776555	0	21415.4859939229	0	29494.4848380929	9228.2302906963	650236.625818235	25123.4763448946	4150.00244578945
GBM-BM-418-SL	0	3494.24441817128	23570.4099829347	0	0	10747.687223159	730897.820613835	1650.05986413644	0	3037.78906624801	0	0	0	183904.287305916	1314.2766167446	0	0	0	252873.641658874	645.333428581183	0	0	0	0	0	0	0	339678.857722904	343.653167252581	459.078658543524	0	309757.422412347	0	0	0	0	0	0	21036.2957877744	0	0	0	0	0	1217.2142717954	714588.723355749	0	0	0	118.048797911192	0	0	0	0	0	0	17841.1083243115	0	375271.881946439	0	0	0	25461.814056134	0	0	684.683027884913	0	98846.1934509714	9517.35641826232	6078.20143911626	0	0	0	0	252325.370575242	219827.848163601	38880.0274187061	97710.3016844037	129761.861970602	19294.4201919293	0	2402.94886414782	0	3916.59678403132	643895.856553286	11794.3865646382	4210.40712549918	107846.758465045	0	0	0	5606.00624747149	535.154550530737	41479.7242793726	144898.341169437	6957.00915689958	1970.10327180678	0	14407.1999584059	0	4512.08738682778	0	0	0	9798.05022662893	37502.7914430756	0	7675.79517084773	0	65249.5055654462	0	7324.2720837344	102.3089581897	0	0	42644.472418763	0	34994.9103141178	421226.967319956	121886.695496616	67256.3351299364	0	5456.47777011732	0	0	0	8814.31024403567	0	0	0	0	0	0	0	125478.002259736	0	0	233.474289202135	0	1634.32002441495	0	14918.7447493544	0	0	0	1566.11405228848	0	0	0	0	0	25149.6405683244	0	0	85100.0667608682	0	5068.22839032051	0	7869.91986074613	19790.2251431563	3727.71870737342	0	207254.339532749	0	80546.0064681164	90863.4714055546	0	325.29002091084	10419.7738956279	30962.8880387955	501.051564467504	0	0	0	0	0	1322660.70470292	149048.412242671	0
GBM-BM-356-SL	1116.13987588954	3256.97119245917	65125.3548591513	87577.118118904	3170.21242059381	17384.5820164811	500710.665583403	0	414688.17086306	126264.49587584	32844.05723022	55961.7526848313	9311.3265696583	115206.269710514	15119.4746212936	0	27106.2541287459	0	0	2445.65943393443	0	2607.45281930497	5074.21573828773	103.172593569621	0	0	0	0	0	0	0	440.828354342926	0	551.035442928658	13323.3335605133	5512.69926095862	1655.45116045801	0	3955.73103072615	31273.0200099554	13675.0583113189	16798.3740984719	74403.853785401	0	29167.3611684663	309939.85040983	0	1341.24371640507	0	6445.94226642928	3918.21372397356	439137.730707388	0	11152.0194322072	947.311995502884	0	13046.643423213	243290.354963855	142668.93825341	0	51225.1927073168	0	40922.002340387	0	590.897581353284	2584.0045025846	0	0	11545.9511531094	109494.259757432	13344.4370455617	1017.65694566399	1027.03627235214	0	256646.516167776	43815.5246236804	0	4919.45684793329	58573.8951674803	5536.14757767898	7041.52951112664	6542.08036498279	1095.0363908412	0	255452.99684671	74926.7512482653	4091.73126770429	65763.1490739453	0	44099.2492559969	53457.4724590959	687.035679906795	0	0	14577.818505053	20135.0695677804	43468.489536219	6105.94167398394	4162.07621786539	26508.3220523765	4291.04195982742	66705.7714061041	2436.28010724628	4879.59470950867	0	0	1700.00296222671	2520.6940474396	1179.45033103453	27425.1512361429	2940.4189167342	7735.59968604954	759.725461739937	5111.73304504032	776.139283444195	10064.0175363821	0	230757.229676818	33188.7474860095	508012.471410126	26156.597301571	5552.56139938324	39742.5520093524	7268.97818331421	0	3740.00651689876	8303.04895068246	719.86332331531	1141.93302428194	10694.77725616	3135.03994551326	7125.94345131996	6059.0450405432	393.931720902189	9205.80914441664	0	0	0	0	42371.1083137057	80038.4842933056	25809.5622141095	6312.28686112318	2129.10715820945	9416.84399489996	1221.65730113119	8094.35893187118	8059.18645679063	0	1723.45127894708	0	18017.6865679311	14380.852644602	1922.76197107021	23190.3852364444	1334.20922138896	2640.28046271348	433.793859326816	20104.5867560439	0	42117.8664931258	8202.22118878487	181361.00567369	8551.60110791836	173536.302384103	13070.0917399334	0	2389.38347380554	17079.7538991164	21884.3139951198	9770.91357737752	1167.72617267435	53070.5752332098	18273.2732201831	23982.9383415928	2075.17602975261	1164877.20219282	5599.45803282398	1299.03674630841
GBM-BM-379-SL	2418.47916581228	4145.96428424962	267610.56866249	0	2959.84851788949	29818.8415483334	263385.711357083	617.541924228781	1327277.14480201	0	0	0	0	329068.232143778	6844.64969761944	12791.5512234526	3335.2704806365	3966.41464989235	6297.8394475314	14157.2166241699	0	0	0	4983.86257791686	0	0	39275.1222911494	204.033675405985	14304.1208704623	114.258858227352	0	133424.421470487	0	0	6850.09059563027	9652.1530712058	0	4657.40869726728	3403.28170577183	9037.33159598243	0	3977.296445914	0	3087.70962114391	116.979307232765	61974.5487923166	0	5916.97658677357	1839.02352765928	3786.86501553508	0	34511.616082671	0	6890.89733071147	0	0	402.626452801144	20942.0164436703	369929.376205083	0	3084.98917213849	0	29992.9502846798	0	0	228.517716454703	0	59349.3155020929	45230.1851639988	6009.47185295761	0	1550.65593308549	18961.5295677295	0	423081.508872845	26780.1000092869	54885.05868421	28020.6247557553	27952.61353062	0	17195.9581632164	394.465105784904	3528.42236002083	0	59795.4691389807	90419.5635929163	5685.73842131345	10332.2653225591	1683.95793435073	0	2018.57316201655	14252.4323393594	930.393559851292	3759.66052548095	56737.6844568963	63302.1279069582	0	0	4929.4535978086	313561.672812923	14984.2331218155	0	4924.01269979777	23980.7579827168	1749.24871048065	47937.0319243848	0	6504.5935719428	0	68484.5832622702	4994.74437393851	19184.6063861734	3944.65105784904	6708.62724734879	984.802539959554	10977.011736842	756.284823504851	247911.797414293	132099.562804851	0	9793.61641948728	0	68163.5702796315	1626.82850523705	0	0	46797.1637911167	0	0	25531.4139158023	4728.14037140803	17399.9918386224	5606.84540015647	0	188173.457704426	0	0	748.123476488612	881.425477753855	2176.35920433051	6121.01026217955	20844.0802794754	296.528941590032	0	2317.82255261199	6213.5055283636	54719.1112948798	0	0	14546.240831944	0	18477.289644766	7889.30211569809	0	72603.3430564657	0	6931.70406579266	0	130.58155225983	0	27569.0302208567	0	232973.81192557	214548.210811907	0	17778.1342503748	0	0	10479.1695688514	0	0	0	0	0	0	0	136656.314888918	8120.5402811582	37523.1531316634
GBM-BM-294-SL	2589.78594535521	15858.3286658952	37849.807084554	0	11895.3905991836	60208.2485701269	603720.009064381	8192.87793479816	82475.9357488286	159542.125640244	76378.2985509278	0	50034.5592418778	133912.583267877	49914.8687791925	0	0	0	439069.336643152	0	2222.82287844099	1210.05742495012	9914.57920573263	3360.53991385605	0	0	0	473.500731502222	1037.7557698757	0	2074.19625994168	182331.978903408	0	1602.01080824918	17109.1597649469	0	0	0	8352.0267917753	283554.597780296	27426.2145924565	38837.58222166	22082.23272553	0	60596.2561139968	147997.914750258	0	0	0	17674.7300831302	1104.83504017185	0	0	0	50965.7773471655	0	8038.99019705994	0	175696.392263329	0	10632.7219818443	0	15558.4448692772	0	0	1913.73212315481	0	1613.84832653674	4641.6224485315	1156.13095275126	0	4011.6034196716	994.351536154665	4393.03456449283	23318.5957466747	43997.4249152245	0	20815.6182687616	7403.71004896113	11974.3073877673	0	16264.7501271013	0	0	62273.2378714005	0	5530.7515999079	7131.44712834735	0	15593.9574241398	0	644.487106766913	1160.07679218044	0	14174.7705094429	3388.16078986034	4186.53563436548	4571.9126186159	2399.07037294459	0	5914.81330434859	12066.3769744483	1729.59294979284	0	0	20181.6534004725	3847.19344345555	8730.82737697708	3147.46458468005	0	1440.23139165259	9412.14231841638	3098.7992317201	6030.55792760468	0	15480.8433605032	1611.21776691728	26808.0330818841	0	55107.5934680002	79474.4672230284	795.744284885678	0	3664.3695499033	298.568516808345	14090.5926016203	1515.20234080711	810.21236279269	0	1615.16360634647	219.651728224642	42708.4507016907	15893.8412207579	6250.20965582933	1538.87737738222	2303.05494683442	1223.21022304741	65.7639904864197	2858.1030265398	38811.2766254654	583.984235519407	6752.64654314557	6678.99087380078	7526.03107126587	0	7590.47978194256	61941.787359349	30735.4585937331	10409.1244141905	23871.0132667606	1092.9975218843	16049.0442383059	13102.8174645143	19758.1333017399	11112.7991123952	0	5568.89471439002	8822.89696365806	49133.5925722139	347750.774733519	87491.097663323	7439.22260382379	30789.385065932	0	0	1496.78842347091	4033.96317643698	24915.345435685	793.113725266221	18988.6946130488	1640.15392273131	0	0	15974.0732891513	0	18491.5188449715	56629.372207856	32529.5002542026	1014.08073330059
GBM-BM-459-SL-PreOp	655.983162596303	11452.8696706018	334846.605347283	0	205.740173723386	40721.6456889896	444258.63338505	0	358131.025877803	728976.198143382	0	151648.398484024	5379.06193328968	2111.07308690083	77244.9991373628	0	0	54559.9086781234	2859.49024059025	2626.91439203338	0	566.530913151352	0	688.782320726118	0	0	0	89341.9250039683	0	0	0	12365.2826149403	2892.28939872006	0	0	465.151697113742	0	3321.66019605582	4896.01978628695	6339.18274399882	1240.40452563665	867.686819616019	11745.080352122	0	0	98266.2777569262	0	1923.22336306643	0	650.019679299973	0	0	0	0	0	0	32578.5092478509	0	0	0	0	0	19133.8361562749	0	0	635.110971059148	3035.41299783198	0	51563.2583217176	0	0	0	0	0	667084.186752421	33517.7578670229	139447.111659733	279368.320241524	77277.7982954926	70917.7433599567	7159.1616972442	9085.36680195879	22431.6424191454	0	897149.408841537	0	33520.7396086711	77283.761778789	0	0	0	2829.6728241086	0	0	34030.6174305073	35396.2551053669	9470.01147457208	450.242988872917	1037.64609356142	0	0	12654.5115548123	527.768271725207	0	0	4022.3694833746	0	3345.51412924114	1142.0070512472	0	3485.6559867049	16802.1141874098	22571.7842766091	56802.1783975435	0	0	0	345297.609824101	0	258344.059880313	119159.341485618	0	104542.843926314	2817.74585751594	0	3944.84420052231	17687.6914569149	0	1103.24440982105	0	0	0	4350.36106467275	2811.78237421961	35795.808486221	0	0	1738.3553808802	38.7626414261452	742.453670393088	0	103877.915538773	2075.29218712285	22804.360125166	0	0	12231.1042407729	0	0	1598.21352341645	0	427459.500939288	0	0	87356.0850662904	0	0	2367.50286864302	1827.80763032515	5098.77821836217	26376.4866196677	11709.299452344	0	79812.2786964329	952994.44817002	60097.0029187658	61525.2571682369	3008.5773229985	8208.73475739828	63591.6041304152	0	0	36183.4349004824	0	11533.3766951023	0	2341415.61096322	609488.865076466	0
GBM-BM-332-SL	0	894.137694777757	34110.5095296443	1832.13874816725	0	110886.570570476	267166.65614734	0	26977.6525984738	12266.5569409983	0	24634.3370172544	0	266587.997224115	2449.5998732402	0	0	0	217339.567816658	0	0	0	17729.2321404141	609.025863801454	0	0	0	170648.709626716	17105.0228063239	0	0	553265.412692407	0	0	150775.23407109	1288.90792228341	0	298.608249010685	9401.94221320083	77427.2632109909	2608.18278514417	1498.10240181632	0	0	153955.327570441	337977.300416975	0	0	15750.3198461229	2017.71449614	72.5432469347992	15245.8912220879	0	9167.44194985346	8752.42709529623	0	0	0	596955.004921954	0	1800.0847553356	0	84578.6777169586	5906.36994229609	0	0	0	0	0	0	0	0	44010.1321578629	0	22523.834647128	55406.1701356436	3372.41745634101	0	6280.89554275017	0	0	450.442951897474	0	0	2751.58222675948	119684.548076639	60.7338811547156	60484.1974210795	0	0	0	0	0	2132.43404943224	32511.1839925701	246011.020878447	29078.0326550744	0	78694.2394539684	17617.8866916304	38652.0541982136	84113.0512947725	0	8032.05578271114	5302.40523525753	180116.446877835	0	182862.967947831	0	56958.2582095974	0	4199.07306094686	0	0	5496.41624450176	94075.0948564001	0	47647.4168181287	705383.540357918	83606.9356184832	7043.44316169271	0	14388.8686769047	484.183996983427	0	0	12765.9244082704	0	0	0	0	0	0	163.644068666873	76173.7833860477	0	0	0	231.126158838779	0	0	31008.0204339909	0	0	4086.04055990892	0	0	1072.96523373331	0	0	0	269248.478629143	0	0	1992.40871232553	0	0	0	0	0	0	0	247716.630707542	496313.902691827	0	40799.6717179345	0	0	21000.4264614972	18783.6397993501	0	0	298.608249010685	0	1484.60598378194	0	578994.646622701	17066.2206044751	10834.2495770995
01-2020-138-SL	7606.07001212941	26021.1444092344	11708.127765226	0	27850.218257058	1149.85035714304	207429.305178126	37539.171802636	0	198272.632673657	6420.25471977635	66760.1678759843	0	19991.3661288811	22287.9841344349	0	0	4339.42632548264	3220.40305566247	51827.5267767861	23375.1527473547	488.095549278772	7849.60400198008	0	43856.6695646694	0	0	27297.3858244012	4461.70710519669	0	6569.25230850355	35437.7920167937	0	1114.91299151046	0	0	4715.51679082165	0	12201.3611623919	29214.8306558837	20501.0406392858	8560.68214956095	0	0	9352.9382937587	329986.501108505	10698.0268706133	0	0	41412.0815399659	0	228765.759883862	0	0	1061.47937348415	0	5171.75768320012	0	64616.6577374674	0	0	11937.2757809926	11106.99956243	0	19598.8345503032	7280.33045608442	0	40991.8055827974	114251.35103602	17823.1943205059	981.328946444689	50552.3129311968	19622.4686505841	8793.94044363732	298093.824133841	185019.040263977	176389.510952729	396065.390354654	163278.750714312	1480.72776107518	13740.6603893805	4130.82970126455	0	1232.05592333736	241105.842939207	36502.3540990101	33335.384661374	25391.2442582704	0	0	18333.8964004881	3551.2804595946	17949.5853785297	41960.803694313	54527.9796262695	637.093138005976	0	25092.2215112386	3739.32569226411	0	0	9250.1813360158	174.686828162929	0	0	40882.8832075899	1357.4194117837	15008.6812479279	139.749462530343	3112.50825003242	348.346086748429	13495.071260375	29.7995177454408	2815.54064215544	0	1387.21892952914	0	143528.863436127	136958.583558046	210370.209308728	344555.382577293	1228.97321460508	21200.815521515	4759.7022826511	0	11054.5935139811	269.223229286396	578.521672092523	6205.49267809369	7067.62355355662	174.686828162929	0	21630.3396048803	64651.5951031	12830.2337437784	0	237.368572386097	0	0	0	3746.51867930611	14092.0891848612	19272.0674246808	0	469.59929688505	19952.3184849388	49287.3747813817	657.644529554556	183.93495435979	17907.4550258551	0	304816.184309382	28665.0809319592	10719.6058317393	108109.567671727	232768.143387948	57105.1241264615	2206.19188274005	6119.17683358966	8613.08819800982	245969.329749178	0	0	241837.472478336	344540.996603209	29025.7578536368	0	155889.49788302	1698.57251149013	11258.0522903121	7094.34036256977	0	0	10048.6028976781	0	25784.8034064257	572102.444942324	122834.639716284	37430.2494274285
01-2020-118-SL	16245.4599016294	257977.903237875	38005.3509143119	0	47508.9449567652	13312.2518638352	744073.651888881	0	310071.6779891	258641.259517192	248993.261386724	27937.6784030522	0	68849.1615886556	107734.474914306	0	7703.05557002262	32120.8843277217	24377.215107945	27292.3726347374	47156.9599922299	4485.5519839499	138618.899238403	6520.74709940403	25785.1549660863	201069.154676917	0	82775.1308265524	50329.337300798	0	21629.0248079194	113239.880769858	0	9363.70258218918	47287.826196993	0	4972.91578099878	0	21489.1333476554	0	27057.7159917139	23452.1264191022	1317.68730313216	0	10166.9503217697	84034.1539689286	11958.4635386994	0	0	22987.3257608056	0	134485.332218989	0	0	8619.1190033645	0	934.113944343692	1511545.27866386	114652.33325575	0	33361.8569590962	0	48840.1701431487	3122.73840331321	0	8583.01798136088	2017.14460445232	141258.786472418	308853.268496478	33041.4603888141	0	33122.6876883222	37725.5679937839	9435.90462619642	1252700.9508979	32012.5812617109	520463.921598453	234426.499008263	145378.815608581	167228.959176273	0	122910.442039078	73677.6732816399	0	302905.625121381	1123.6443098627	21403.3934203968	34129.0036766731	49724.6451822374	16944.9172029496	51218.3249676372	28176.8476738261	27499.9535112583	363623.031503721	85794.0787916051	15965.6769811014	884.475039088713	6561.36074915811	10911.5339005944	0	1800.53847243059	6403.41877789226	1128.15693761315	0	0	29169.6257789257	2450.35686849577	13804.1282886346	19187.6931949245	7612.80301501357	14196.7269029239	28154.2845350739	3226.52884157362	46656.0583119296	0	5410.64067279269	2838.4428550347	160798.464631878	0	576402.455193063	271556.400138987	10726.5161628259	30279.7322055371	6601.97439891218	1999.09409345051	20640.7593305703	2694.03876702021	85.7399272585997	19426.8624656985	44990.8986720126	10469.2963810501	0	20893.4664845956	555.053213305672	52554.0627817712	0	12820.3754390359	0	0	105581.95147734	5685.9109655703	78000.7706665735	21543.2848806608	58.664160755884	3497.28650660078	44796.8556787431	66624.4361076824	9810.45272948399	0	3736.45577737477	130076.494906797	23948.515471652	70884.3567041097	15816.7602653364	91931.2525322207	34629.9053569734	58804.052216148	135834.607916374	857.399272585997	27328.473656741	43984.5826836617	39990.9071245111	247860.59182136	10194.0260882725	56976.4379772147	68736.3458948943	0	128167.653368355	14467.4845679511	17323.9779339876	145112.570571305	15306.8333295353	0	0	1800.53847243059	839.348761584187	840138.471440516	94192.0790351975	229471.633738266
GBM-BM-386-SL-PreOp	0	0	7667.97868431416	0	449.756442060734	6503.03576881258	262805.223292013	0	15276.9729172105	0	0	0	3856.10851143875	19678.6876042639	538.233119187436	0	0	0	238791.178508541	2425.73556455707	0	0	0	0	0	0	271291.611239749	204307.393598409	0	0	0	785827.727070084	0	0	3015.58007873509	0	0	0	46553.4782814996	48352.5040497425	10012.6106281718	4386.96857419896	0	9643.9578068105	18911.8897358325	278576.190989848	0	46199.5715729928	0	9061.48634905971	0	41923.1988452022	0	0	2551.0775238199	0	6237.60573743248	7631.11340217803	139210.678402438	62398.1765436064	6856.94247731939	0	9710.31531465552	0	0	1776.90659896126	0	18771.8016637152	18897.1436229781	4202.64216351834	0	7350.93725794347	88196.5009824673	0	156574.226288553	180757.851369852	1725907.16765414	385264.317491796	62221.223189353	216347.594744068	39497.4632806451	12696.4031676817	0	7380.42948365238	203363.642375724	595846.182109773	286951.983091176	260792.378887381	69439.4454316065	22834.3557551163	97751.982112151	7911.28954641259	29757.6557402807	614271.450121409	258477.239169232	3870.8546242932	0	0	7638.48645860526	0	6746.34663091101	0	0	0	1614.69935756231	13087.1751583246	0	0	0	0	0	0	0	0	0	2241.40915387645	0	52289.7161818808	65775.0363872756	184378.022075619	77793.1183636526	0	1784.27965538849	0	0	0	0	0	0	0	0	6429.30520454033	9695.56920180107	14827.2164751498	175611.457983649	3819.24322930263	0	15232.7345786472	0	0	0	4534.42970274347	287.549200661781	0	0	93615.6974564777	57664.6743173279	0	0	1681.05686540733	143656.631428055	12939.7140297801	89523.6511393678	1334.52321332775	289097.542511498	0	0	0	0	24714.4851440587	26963.2673543624	0	516770.151927784	1540.96879329006	120822.275672939	2101.32108175917	16014.278559933	31940.0804427394	16065.8899549236	5404.45036115603	6348.20158384085	0	0	0	0	4364.84940491729	417145.413483117	1025356.21122135	248707.939403159
GBM-BM-378-SL	0	0	0	0	0	0	0	0	0	0	0	0	0	0	0	0	0	0	0	0	0	0	0	0	0	0	0	0	0	0	0	0	0	0	0	0	0	0	0	0	0	0	0	189006.631979388	0	0	0	0	0	0	0	0	0	0	0	0	0	0	0	0	0	0	0	0	0	0	0	0	0	0	0	0	0	0	0	0	0	0	0	0	0	0	0	0	0	0	0	319837.61083372	16112.9698178705	209.442207354079	0	0	0	0	0	0	0	0	0	0	0	0	0	0	0	0	0	0	0	0	0	0	0	0	0	0	0	0	0	0	0	0	0	0	0	0	0	0	0	0	0	0	0	0	0	0	0	0	0	0	0	0	0	0	0	0	0	0	0	0	0	0	0	0	946.889979466341	0	0	0	0	0	0	0	0	0	0	0	0	15336.801637676	0	405517.07382703	0	0	0	0	0	4588.36835774861	403853.856298042	0	0
GBM-BM-462-SL-PreOp	0	41311.9754731519	78151.8873537298	4031.03980971192	17612.0992913078	12604.2124111442	392952.190530169	0	241528.529457371	614894.317967345	51892.4245442465	20798.186993667	3585.89430925294	108932.874366949	25430.9975725179	23032.1579311556	181.355574261068	14360.0641073991	82166.4402930543	3338.59125344239	441.023782862143	0	539.945005186362	1393.14054773275	0	0	4319.56004149089	94420.306708467	45454.3016579786	0	6190.81983045737	200612.238873516	2860.47201220866	0	6343.32338154054	31065.3855274016	0	0	7814.77656361329	1195.29810308431	0	11153.3678170557	0	0	0	200319.59692414	206.085879842123	4430.84641660564	0	0	0	66264.8538044361	0	0	0	0	1215.90669106852	18003.6624630078	909073.668006781	0	0	0	19363.8292699658	0	0	2291.6749838444	0	37631.2816591716	52844.5413091171	17092.7628741057	0	0	9426.36814397869	0	547314.636249516	286055.44465606	155751.464549483	106389.774609697	81354.4619264764	18403.4690699016	43756.1540080795	0	0	15885.0996182308	211819.189019331	64978.8779142213	30541.9273926026	95924.7336313144	0	1244.75871424642	10197.1293345882	5486.00612139731	2971.75838732341	12694.8901982748	112531.133828993	741.909167431642	30735.6481196542	1104.62031595378	8284.65236965333	0	0	2876.95888259603	947.995047273764	0	968.603635257977	22158.353800625	597.649051542156	416.293477281088	0	2798.64624825603	1661.05219152751	8878.17970359865	4064.01355048666	5218.09447760255	0	13820.1191022127	0	213521.458386827	53471.0423838372	356899.526710588	166109.340870348	0	40384.5890138624	3746.64129552979	0	5634.38795488363	6788.46888199952	0	0	4748.21867156251	1174.6895151001	2365.86590058757	2571.95178042969	0	12723.7422214527	0	869.682412933758	7757.0725172575	960.360200064292	29371.3595950993	0	16379.7057298519	251.42477340739	1611.5915803654	0	14244.6560146875	13622.2766575643	0	0	12286.8401561874	0	90587.1093434035	151947.119207597	5226.33791279623	38187.7135347453	0	4739.97523636882	150166.537205761	11961.2244660368	42853.497854371	21878.0770040398	0	122625.22022366	0	0	19973.8434742985	0	9484.07219033449	2839.86342422445	15369.8849186255	11219.3152986052	0	0	0	0	26618.0522404086	696566.152148778	49036.0742496347	171121.349468108
GBM-BM-312-SL	5299.90096411479	40510.8396383093	9842.67321907032	0	15708.19386591	10216.7838753608	139912.931754341	0	5834.34475881544	0	0	5357.79904187403	0	58909.0672708793	26659.8379589841	2186.7658599835	9285.96093292381	0	100560.053671217	29648.2695110186	31478.7395078683	11842.3837509086	56798.0142818117	1768.11822080132	2280.29352405611	80282.3653606161	17752.44138064	10559.718643627	1705.76644475291	0	383.0180528688	223059.025114895	2119.96038564592	365.203259712112	28842.1501206785	115.796155518474	458.730923784725	1198.04483978729	9308.22942436967	9419.57188159897	0	7633.63886764097	725.952821135051	0	9842.67321907032	332624.456726818	45472.259532447	121367.732078229	8003.29582564225	14768.4635268947	0	76135.9722533969	0	15369.7127959329	3064.1444229504	0	2164.49736853764	9290.41463121299	288372.510525604	24539.8775733382	7103.64877122949	2676.67267179243	33522.9870225983	0	0	3179.94057846887	4235.46707300266	65268.948427817	50366.8739522472	15258.3703387036	0	0	8047.83280853397	0	351895.609224065	315455.449822059	210446.15155996	58962.5116503493	26633.1157692491	32405.1087520161	204763.232542976	34324.6527146493	0	0	1037.7117013771	468252.930726975	7620.27777277345	52990.1022445695	17333.7937414578	0	9067.72971675438	1304.93359872742	22807.3889388503	29042.5665436912	187505.151672434	26254.5514146695	8404.12867166774	24383.9981332172	10835.8479375557	133.610948675163	14104.862481808	6382.14964838361	14149.3994646997	0	11935.9114149812	32498.6364160888	0	19765.5130073457	1754.7571259338	4235.46707300266	9646.71049434675	17926.1356139177	6943.31563281929	16763.7203604438	7290.70409937471	11793.3930697277	0	69593.4894666031	492138.114651805	9018.73903557349	67241.9367699202	2017.52532499496	27653.0126774695	12586.1513652003	0	13071.6044787201	1585.51659094526	3108.68140584212	0	28183.002773881	1794.84041053635	9775.86774473274	16425.2392904667	3313.55152714404	2351.55269668286	0	93.5276640726139	5923.41872459888	0	69642.480147784	49654.2822259797	7121.46356438617	5193.01220517466	0	1674.59055672871	4671.92950534152	47734.7382633465	0	11339.1158442321	11566.2544569799	0	6551.39018337215	3015.15374176951	7304.06519424223	14795.1857166297	2912.71868111855	521.082699833135	0	0	0	59991.3159551481	0	0	1928.45135921152	0	5010.4105753186	0	739.313916002567	7402.04655660402	0	5803.16887079124	1625.59987554781	0	0	9936.20088314294	0	859715.195552046	2859.27430164848	14670.4821645329
01-2020-108-SL	0	0	0	0	0	1934.8655378219	261303.289501922	0	0	31524.4447439518	0	0	0	19734.4229620838	0	0	0	0	1223.60655507117	0	0	0	13333.0921173272	0	1211.55131807539	4189.19485603183	19071.3849273161	946.336104168342	0	0	1555.12557245498	16829.110846102	0	0	21536.6808929522	0	0	0	0	14092.572048061	0	0	58642.7003659478	0	18836.3078058985	98901.1643133386	0	0	0	0	0	183052.746162346	0	5394.71855560934	0	0	0	19234.1306267591	232780.598769919	638.927560776078	0	0	10096.2609839616	17281.1822334436	0	0	0	723.314219746504	0	0	0	0	0	0	213739.351935092	24725.2910783347	18119.0212046499	3743.15108718816	17588.5907768358	0	0	0	0	0	0	25105.0310437016	0	5219.9176191706	0	0	8336.19638257846	0	0	0	0	193938.625169531	0	0	19167.8268232824	0	3092.1682894163	0	0	0	0	96899.99497204	0	32350.2284781624	0	15569.3385800435	0	0	0	0	0	0	0	20530.0686038049	309897.949831892	0	8830.46109940523	0	0	0	0	0	13574.1968572427	0	0	0	0	0	0	0	31940.350420306	0	0	0	0	11253.563735556	0	0	0	0	0	0	0	0	0	0	0	127773.45691822	0	0	0	0	0	0	0	0	0	0	60264.1297418795	77973.2728886731	0	0	0	0	783.590404725379	3212.72065937405	0	0	0	0	0	0	498664.878330235	0	114428.309563897
01-2020-49-SL	0	0	108556.854196332	0	0	58158.241708202	448346.605496796	0	0	1080.45470152896	0	391383.412170588	0	93821.0423471247	0	0	0	0	7593.58531572409	0	0	0	1463.99273410634	0	0	0	0	0	0	0	0	40653.4723555088	0	0	610.386746967659	0	0	0	2666.05705572081	5576.89244930604	1410.2038636839	95.8845081443448	26403.3194377964	0	31114.9126672633	213091.236343683	0	0	0	926.883578728667	0	21357.2997530944	0	392.113069891101	16047.0130093605	0	4357.67805306413	2884.33073279737	466716.674069328	19225.2336573645	0	0	37300.6327658435	0	0	32.7410515614836	0	0	0	0	0	0	17507.88754808	0	0	444528.37524565	1409.4243148372	18830.0023920866	17110.317636262	0	0	2207.68233386004	0	0	108891.280651568	1044863.61938393	13824.5192474131	145821.627715228	0	0	27348.9121888459	27386.3305334876	0	0	99907.7597421738	88944.184762157	8361.44092972555	0	8505.65746636542	6821.05240864242	25.7251119411657	90248.3699826894	0	16791.4821579609	0	34332.1107576024	0	110955.525997634	1989.40865678348	0	0	74630.8883878618	0	0	4739.6569879481	159510.505463315	152725.31230162	381871.35714313	1199006.15148886	559666.960354687	12423.6699698896	0	352931.385758166	0	8339.61356201789	0	46939.7542553137	0	0	693.01892471807	0	0	0	119.270973545405	0	0	0	0	0	0	2998.14486441586	51588.2040281976	785.785237475607	0	2885.88983049077	0	0	0	0	0	0	770746.181125032	0	0	950.270044129727	0	0	0	0	0	0	0	3257.73463036762	283714.464110649	55726.0493064918	149555.66669093	16973.1170392424	0	62876.0713284425	45365.8451338223	0	0	0	0	18271.845417848	0	1143623.88322376	38381.0874673725	383.538032577379
01-2020-20-SL	0	6775.0885291581	80686.4968944359	0	2926.62017298307	152760.817124034	3820645.22682516	0	193251.924733251	0	308.108756568638	0	0	741275.801121786	3072.82727730653	0	0	0	280341.797179752	1480.24367767024	0	0	0	0	1049.05662424174	0	0	534923.885046921	0	0	0	138859.577809574	0	0	708.732742991667	0	0	1854.43474127773	4732.31921281965	12061.6730922661	4488.64070561389	880.546741292677	7873.70688367898	0	20132.8008682237	363885.52782478	2321.14103473961	0	0	3509.79653260092	0	17860.3955349252	0	0	2933.22840368696	0	0	129.686527563743	1124464.79686145	0	0	0	23904.448542466	0	0	678.169675986199	0	25.6068939775544	92.5152298543901	27334.9463066203	0	0	9099.53367924965	0	79743.1719614563	258083.624111391	9453.0740219075	20777.1033618524	7724.19566400358	0	0	596.392821025622	0	0	8847.59488366403	26009.1700216534	3238.03304490365	200214.521808632	0	2472.30431209098	0	36294.0550834124	0	0	59793.7494952655	0	3834.42586592927	0	271368.645912714	115.644037317988	20722.5854585454	16957.5460150069	0	44403.1801859173	4053.32350799546	375.84312128346	0	65463.6114391988	0	330241.373253625	0	8570.04919410086	0	0	1044.92648005182	0	12008.807246635	73277.8442465428	7281.44420684329	1210048.8187363	10401.355127915	0	89324.2804532516	0	0	0	12775.3620082857	0	0	0	0	0	71.0384800667638	205.681180658421	76975.9753542045	0	221.375728580148	204.855151820435	0	1549.63010006103	0	335038.948744646	201.551036468493	0	311.412871920581	0	0	0	0	598.870907539578	0	0	0	0	13441.1412517021	0	0	0	3029.87377773127	0	0	0	28485.6044779343	0	120102.940985434	69255.0838055528	0	0	60139.0295495435	62959.0920024264	0	0	0	0	0	1693.35911787053	766268.12964388	24435.5850852908	10037.0764103633
01-2020-50-SL	0	1107.62042230056	160162.052563454	0	3903.17624886267	51951.4432709146	376295.206139459	0	2554640.01478411	1462924.54745189	6084.23988899732	147202.61462495	772.125823354355	484591.607190149	21231.0189133543	0	373.856767224873	5756.41772370686	2112.01173723305	0	402.454019941701	0	945.801821561432	371.06679135006	0	0	0	83407.0262714879	14957.7581588384	0	660.526788361855	15888.9126070571	0	224.593057922405	1151.56254232885	7161.17057667494	0	1649.57323598288	29.2947466855311	30123.3695203504	6162.35921349207	1626.55593501568	0	104.624095305468	24881.7023455464	19332.4403305444	0	0	0	0	0	272.022647794217	0	0	1595.86620039274	0	721.208763639027	19912.7553125054	0	9082.76646045204	0	0	41539.9508000831	0	0	292.947466855311	0	0	1254.09415572821	13327.0172600105	0	0	2093.87689404677	0	83114.7762986013	2139.21400201247	3344.48357993146	0	0	0	0	0	0	0	2586.30763595117	1832.3166557831	0	9829.08500696438	0	0	0	16296.2490847797	0	0	0	38035.7411013186	240518.240215835	292.947466855311	0	0	246014.492689215	116784.902649807	549.625247338059	0	7998.16333911869	452113.498031457	899.069725658323	126959.247171279	613.794692458746	43495.7238883266	1173.88234932735	20752.538050824	2340.09226499897	0	0	9207.6178808499	0	342305.627550587	6919.14016953496	540399.494614023	26746.8012178586	0	208030.366141581	182.045925831515	974.39907427826	301.317394479748	47440.7497753115	1067.86326608448	0	739.343606825308	931.154448218667	0	1306.40620338095	1934.15077521375	149127.000484602	75.3293486199371	0	0	5321.18148723611	2845.77539230873	0	62852.5765077756	3485.3773616095	10462.4095305468	57.891999402359	0	0	0	0	0	0	206633.983216237	0	0	350.141972288967	0	0	0	0	0	1119.47781976851	0	25077.0006567833	26454.551244972	2333.81481928064	1727.69256047763	44896.9892714512	0	14062.1759030236	45785.596587579	0	0	419831.38467797	1079.02316958373	0	0	503910.795135288	4646.00732553149	0
GBM-BM-295-SL	0	28414.8154134013	97012.7006832713	6115.1461089094	10114.0576626931	22932.3056422287	559819.184435882	0	3167690.36499109	87506.9081350313	4616.31587696814	0	0	74180.9263370874	16690.2260787172	0	0	10566.9562287133	38752.275956194	5321.05041691884	6277.62093080005	1070.30288920467	5006.2554495057	0	0	0	0	4561.48062458004	0	0	0	0	0	0	0	1456.18059119496	96.4694254975744	6778.24647575062	1516.09318176714	27094.7074855398	9492.59146896132	77849.8109089057	23746.7106869555	500.62554495057	9092.49722005559	212648.062358122	345.258996517635	0	0	311.748564502688	5353.54538129697	286573.090850731	0	0	10420.7288890117	0	35179.8608098733	1582171.69183007	95505.7467102355	0	181.768706990166	608.265114453127	44570.905515153	0	988.050010622525	7013.83496749207	483.362595124689	0	700.672669403435	0	0	0	0	0	803831.995692357	21067.9070610334	1801.4395877126	0	118284.716739305	0	0	1933.45038049875	11227.010192644	0	312.764032139504	0	9064.06412622473	75418.7813863668	0	0	0	0	0	0	0	5251.99861761531	46452.5670461741	8718.80512970709	3330.73384875836	0	0	4864.08998035138	0	0	0	0	682.394251940737	4461.96479617202	0	22336.2261394173	0	0	1305.89138094611	0	0	5181.93135067497	0	379490.410554721	43892.5731337595	1122526.35883087	115702.38253888	0	69854.018736612	0	0	1318.07699258791	22984.0944917063	0	0	238.634894651895	0	0	355.4136728858	0	5379.9475398542	0	0	0	658.023028657139	27298.8164805399	0	58578.2660974008	0	0	0	0	0	0	0	0	0	218324.526447926	23089.7031259352	0	5633.81444905834	0	30.4640291044972	246.758635746427	198.016189179232	15842.3106019753	3193.64571778812	0	102448.49894315	0	23426.8383813583	15494.0052025473	8721.85153261754	113.732375323456	5562.73171448118	8176.54541164704	2796.59787179284	1340.41728059788	0	0	0	1065.22555102058	2017084.29506697	54724.5664156819	12969.5526574213
01-2020-16-SL	3367.57632397781	27689.9358082573	68593.0899236491	0	15933.2512941931	15011.9497985764	663057.176675319	30.7100498538883	191223.5835702	298732.448668696	103038.359269766	0	8373.3144501616	18357.5903726586	21476.8540078178	31142.6228418302	3277.2010344078	18143.4974536772	55100.8488778422	0	8123.24690135137	10859.9510583307	3121.8959251467	148.285669294489	715.98287659351	0	300.08105857228	87458.7122638906	37060.8881636724	0	0	73731.3199792025	0	116.698189444776	4756.54800736939	6507.89827903684	0	2533.14039794787	2154.09063975131	12031.3201027576	2221.65274942986	25618.3235881136	15900.7863843475	0	11106.5088871577	251347.719174143	13308.8581766794	0	1124.86525464814	0	0	4396.80170908098	0	0	1675.89129202648	0	9866.7003030564	0	0	0	0	0	50376.7657803184	0	0	2591.05077767235	0	0	7039.62085650703	0	0	0	0	0	271003.028510627	495081.100844512	1613996.50269096	133526.419334711	14824.1797794698	12672.721429706	30102.8682967771	6805.34704762165	6460.51705926227	0	431197.177708458	0	10841.5250284184	52729.1555991262	3522.00400324308	0	0	6779.90157774271	0	60733.9494510412	31267.2179012374	0	6421.03270945013	2879.7252462989	0	0	0	33342.3398413644	2770.92392681655	0	249.190118814408	26087.7486358802	984.476455316076	8604.07853906368	2228.67218939647	0	262.351568751789	5559.39645354961	0	1019.57365514909	0	0	389.578918146469	367545.773521298	1569.7222625316	491344.126492292	79748.734890573	14899.6387591108	12220.8449818559	9999.19223242603	829.171346054984	14345.980431745	19876.4216954323	227.254368918773	3747.5035121702	12054.1332826491	2505.94006807729	2448.90711834864	20638.9083618046	28403.2863948634	312.365078513835	467.670187774928	92.1301495616649	1829.44154129592	4097.59808050453	144215.271543855	15948.1676041221	24422.3865038036	12679.7408696726	2462.94599828184	888.83658577111	154632.120454294	167304.841884	0	0	0	0	10989.8106977129	27893.4995672888	0	117147.433602638	3994.06134099713	5530.44126368737	450.999017854245	2423.4616484697	1344.22275360448	65852.8760466864	5940.20107173782	8985.76058724772	2538.40497792282	507.15453758707	17139.717538453	21517.2157876258	19162.1936788305	16439.5284017843	43741.6401518869	0	0	89.4978595741888	37005.6100739354	5084.70682580808	12650.7856798103	3869766.3626485	977219.231820605	12258.5744716764
01-2020-30-SL	0	0	87757.2679184195	63898.4406917981	0	37893.3570155408	1794293.81020541	0	0	60662.283444087	708.878567853778	45422.6600898163	0	327808.235158125	0	0	0	0	18959.3370536249	0	2082.33079307047	0	0	5086.20372435086	0	0	0	65193.4099327167	0	0	742.423714368287	0	0	0	972.809248920765	0	0	0	6422.94616658941	34024.2724751032	41321.291232948	8031.21441740767	3177.9279367802	225.322116210665	15207.9769896344	193451.062385418	0	0	0	41035.2080966356	1246.86676667138	45146.7037901875	0	6531.17673364566	12939.5655725024	1588.64750474373	4263.39824380629	689996.447929866	146361.904733852	236116.058260824	3159.57304529113	0	32840.6984377044	0	3689.966116596	219.625770576126	0	0	0	0	0	0	0	0	95901.7763212253	397644.799710284	9862.90600255841	3527.936729658	367978.231645603	0	0	0	0	0	0	0	9535.68259221877	51058.2447042538	0	0	0	11330.0314670986	0	0	0	44549.2204258536	37296.5065784996	0	7055.873459316	22994.2485447569	51.9000380035802	38357.9256484021	0	6803.96839681082	9092.63348731016	42612.4629101102	0	14431.3752014589	0	73336.0195536442	0	7343.22245021387	0	0	0	26155.7203719262	0	225961.372776319	63018.6717549081	746476.347823616	69177.6872404306	0	117511.812876789	0	0	32.9122192217825	31815.9891507801	0	0	643.68705670294	0	0	0	0	37590.1848423248	0	0	0	0	0	0	195751.753094479	0	0	0	2312.08340033022	1596.87555954918	0	3223.49870185651	4691.89002098219	0	26936.7526511508	3400.08541652723	0	6243.19481545506	0	0	1317.75462345676	0	704.448076804692	0	0	283060.908489648	7541.96162013002	77422.8310827798	25452.538149707	0	0	15256.0794638817	32108.4015600198	475.328396837667	0	0	0	17533.9847904047	0	916473.656449757	456058.925410606	46565.7267804805
01-2020-10-SL	0	18230.5579241338	4390.17219328337	0	939.04311648233	230951.875536131	200282.905166055	13017.2284446098	4671.30263331416	8688.06492915206	2281.84718118772	0	0	538164.29177806	20307.9187329109	0	952.225896112999	2700.32379039385	535072.470090263	2725.15646830279	3523.174500364	256.910914662812	14204.5983401815	1929.28447013493	43887.6194243916	215372.589199114	478483.089203586	0	2592.71551945513	9800.93679099694	50433.0227991542	577824.531008794	3054.11280652856	443.309287115067	82624.1443521668	0	3156.20270459862	2547.03565515351	15508.1606422653	145937.662579296	20467.3383935608	6232.69557887227	28482.4684090078	17212.1115535969	64527.2536819626	203256.694989717	22209.917914973	2260.08026598359	23548.4299118917	17724.4005015702	1540.23918289495	6769.51062848395	23135.7782518247	490.828609039572	11162.4420082016	46272.4762324608	3413.42019553192	90642.3401303185	377212.362928243	0	10797.9228226001	216.136270688881	4839.61300580805	402.841219411617	729.651523744024	630.014235837802	41.6943727853728	3397.47822946692	0	0	356.241626298553	458.024948098139	12457.1135984416	0	207.858711385903	34207.1671076936	153791.840052741	82225.9017768124	9679.83916415707	550.610981783305	0	0	0	0	614.378846043287	121362.202161294	4759.29002294211	44037.5352206567	110610.265779266	64367.5274450421	8006.85245614398	10477.5506199478	1670.22752157876	721.987116982007	3606.86982220523	57038.8216992014	0	0	60901.9892835285	0	12831.4432246985	0	0	11091.3163134501	1348.935590115	10521.3910266265	0	14879.9858640504	4.29206778672955	14238.3217299343	2506.87416372054	1343.72379351683	381.074304207488	0	5277.40392005447	119783.94752086	3214.14561971947	4643.09761642993	599589.606755299	83433.8122825063	13798.9979343355	0	0	1244.69965815157	17.1682711469182	0	274.998914621172	0	0	0	3712.63863552106	0	187.931253804658	508.610032727452	46472.0573845438	755.097354193921	895.509286074073	3711.71890670962	699.607049236917	721.067388170565	0	13401.3685115221	320.985355193274	0	0	175.36162671495	65.9138981533467	0	9582.65448641469	16843.9134527496	2517.60433318736	25298.6738400659	0	0	6305.04757870571	0	1881.76514821043	0	221.348067287053	0	1420.367861137	394.257083838157	8033.5245916758	59862.695726599	11194.0193640612	10913.5020765713	262.735863801945	47.8258981949865	20773.9146640415	58502.1102382057	4361.35402385819	323.43796535712	0	0	0	0	179774.485552249	17013.7567065959	12321.3003106186
01-2020-64-SL	4659.24521324267	12301.1781939702	66158.7125913474	2451.67084979911	61623.6568185312	12962.8081438286	1167836.81502313	2905.60466653047	0	158110.287240931	49431.6796842464	3781.3543412622	0	558.852481919272	29835.4424638434	0	0	0	16097.5209159735	415120.334203582	0	0	4513.64380032883	625.22959662999	14525.8821354036	81095.7045985077	0	2663.64937742366	0	0	0	0	0	0	0	0	0	0	13727.2155616263	232786.682487737	381805.446210548	17793.3491369699	0	0	82511.0359799201	254993.039154346	0	0	4894.77691060328	61458.7846303788	1282.57715199097	870610.801334774	321.179587309926	0	41594.8977538842	3661.44729533316	0	471281.796840596	466890.201283445	0	0	584.546848904066	17911.1149856502	0	2978.40537298738	3222.50185934293	0	0	0	0	2747.15607012424	0	0	0	234713.760011597	451473.581092569	1676.55744575782	0	99775.509396453	0	0	0	4400.16034614599	0	209222.806765432	0	18962.4428347781	27377.3480222981	17277.3206000253	0	321460.08414951	0	0	0	0	0	52902.5604244424	0	40278.0614459135	0	8241.46821037271	10130.0041837551	0	0	0	32306.3840888811	4691.36317197366	12470.3327766201	0	0	0	0	0	0	0	0	237.672894609346	132109.729049568	60694.3772125812	898112.338797498	413201.821468718	0	33220.6753140901	0	0	0	9354.89077971379	0	0	3046.92368494684	0	0	0	0	2995.53495097725	0	0	0	291.202825827667	0	0	9357.03197696252	27.835564233527	0	0	2929.15783626653	0	0	12168.4239645487	12553.8394693207	0	9502.63338987636	16500.0659987353	0	91499.7820301006	0	2689.34374440845	0	0	0	826.502138010877	0	9708.18832575471	0	0	740.854248061564	33839.4813189738	0	126.330637675238	27148.2399166837	3569.37581363765	3145.41875838855	0	0	2254.68070291568	6074.57659465508	384207.869523626	40776.9604048683	56309.2052471763
GBM-BM-259-SL	388.411961081814	22583.8015250221	77625.5035958003	0	881.773618718562	30957.217968849	1291887.60770668	0	56543.3654859707	0	2515.85020246175	12225.1683912215	0	269244.0327394	11174.6905873866	0	0	1043.61193583598	29510.4814976478	2580.58552930872	4603.07407413372	0	0	675.797578750934	0	10425.3301372187	0	29688.0132273342	2081.33884195861	0	5020.91118378234	58294.1618256956	1774.33645857829	0	28779.7569749055	2801.27414355975	0	2163.72925794566	668.931710752013	30616.8670837596	13206.9875150672	6620.65842753092	2659.05259215353	1924.40471626899	24111.9475739248	31532.9700424728	0	0	0	2381.47535734001	41.1952079935257	2953.30407782157	511.997585062391	2917.01306125584	723.85865474338	0	0	1341.78677464627	210495.74278749	0	20070.8938374171	0	72138.6942263769	0	141.24071312066	973.972417561215	1268.22390322926	16023.9550711959	2417.76637390574	13875.9192258192	2236.31129107711	0	8530.3505695165	0	127106.833425738	22427.8482376181	17273.5430469996	793.49817301815	172.627538258584	0	0	224.611967393271	151.049095976261	1551.68616775614	83359.4842131848	795.45984958927	0	17119.5514361666	0	0	3923.35314224054	11041.2965805505	0	0	2938.59150353817	16114.1921934675	128748.756715766	574.77123533824	32285.2730074974	127605.099274803	4198.96870048294	9810.34453217248	0	14683.1491348352	16529.0867882594	50804.4806771584	512.978423347951	38505.7494145198	0	14152.5156223472	2775.77234813518	25572.4157811239	770.938892450267	0	204.014363396508	38645.0284510694	4092.05732735689	251227.995110231	65997.6657204849	624892.071730363	9640.65950877058	0	10580.3025863372	491.399981065628	0	1196.62270838337	13211.891706495	0	0	720.9161398867	0	0	1855.74603627978	6269.51832130039	33491.7040987364	0	0	0	1762.56639915156	2274.56398421396	0	260392.948050505	74.5437097025703	0	48.0610759924467	2603.1448098766	4450.06330158634	0	0	2292.21907335404	0	53091.7955590846	10196.7948166832	0	1487.93167919473	0	8834.41043804015	335.446693661566	3057.27293609094	2070.54962081745	2402.07296133677	0	31940.9987692658	108496.40779552	0	4709.00460897421	0	0	42377.1181276257	3823.30763711341	0	0	0	0	3152.41424979028	0	136325.732471718	4147.96510963382	1638.98077517099
GBM-BM-279-SL	0	115698.245425062	169757.613658952	0	26149.7193089078	48865.8041252461	981203.282750895	0	846.892305184826	1390735.36092897	15360.9964141264	395579.025456812	8024.80658497309	83123.011276258	27556.4818409512	930.754723131999	0	5249.0786670033	14172.7486330721	0	419.312089735862	0	6861.3631810581	0	68673.871012205	8105.12552047179	0	37354.2108109765	7305.47964793326	1130.37090106259	5330.57876331816	0	1437.47271326351	0	6463.31198601307	0	0	0	1891.03846666793	14214.0892616377	43712.3994843515	1299.27689777309	0	0	10558.3965356306	286970.107250327	0	8327.18375390938	0	13668.392964573	0	31327.9283269416	0	0	5164.03508823997	0	8978.00336361208	20965.6044867931	50174.5303095484	0	51.9710759109238	0	22194.0117355968	0	0	87.4059003956445	685.073273371268	1139.82018759185	4613.61414791064	4461.24440262634	0	0	1989.07481440899	0	178075.348126332	66169.8100819514	1567.40040304081	3860.03354720225	16610.6645576209	569.319513387847	1787.09631484608	6394.80465867594	0	0	143646.872656977	0	320.094581178644	36543.9344910925	0	0	0	1813.08185280155	231.507519966842	0	0	7998.82104701763	81090.2335116511	0	6970.02997614457	0	1787.09631484608	70341.6700846192	0	0	6968.84881532842	73259.1373005279	520.891919925395	65857.9836264858	1090.21143331324	0	1837.88622994085	24145.2894038887	0	440.572984426695	0	1604.01638834169	17846.1587713215	464019.026627418	76164.792908275	449856.908441692	69058.9294382723	0	129735.160564276	683.89211255511	1803.63256627229	0	18143.8112969932	154.732066916614	0	5477.04270452167	0	0	0	0	2409.56806496101	0	0	0	0	107.48563427032	0	206508.251292872	2450.90869352652	0	1078.39982515167	1110.29116718792	1236.67537451675	0	0	0	0	93399.110376827	924.848919051212	0	44360.8567724219	0	5872.73157793439	0	0	0	0	0	0	0	31324.3848444932	50089.4867307851	259615.603908939	6118.41302769512	9574.48957577155	28690.3962244622	0	0	5833.75327100119	0	39502.7423355667	0	392756.051106196	26514.6980011004	10207.5917732319
01-2020-46-SL	2913.64550629846	3331.89083655596	74996.4692004895	45734.1496549414	5724.09777223433	63786.7125826162	882353.019953409	0	630928.16217875	269242.108843629	45585.613930177	105637.043918456	1421.25235590303	217320.273601794	19263.5199679905	0	0	0	339562.048014959	68.7954935750644	0	0	71251.8054024831	0	2645.4994347502	24879.7338980275	233536.465911198	0	0	0	0	338618.455279219	0	2735.40263658125	21831.6244724687	0	519.093269702758	1465.03130635989	981.117550417111	55837.7060068065	28595.4723180535	6587.16850981241	0	0	123598.140110355	109177.666536655	1206.26643848096	0	0	0	0	150167.272435834	0	20829.3992137956	7472.12872261892	0	0	647.30305318356	719974.547408001	3894.76305671558	51956.2329886225	0	50844.5603538072	0	0	2622.04642557688	626.977111900018	3104.39664757478	0	3161.46563656319	0	0	24642.858505377	0	7418.18680152029	88591.3968512891	23083.2333953514	0	3277.16714848488	0	0	0	0	0	79.7402311892792	22952.6783109533	2557.15976686404	54086.5479885321	0	4619.46104017108	30434.970004214	5066.631748409	0	9940.9488215968	0	33177.4085435472	39410.4366148426	0	90615.3915429464	0	104172.794379069	86550.2032862381	0	81489.0439066362	0	109803.08011461	10.9447376142148	69184.8135273414	0	76375.5061398805	0	3556.25795764736	0	0	93.0302697208257	30355.2297730247	0	300858.328743205	393847.164814492	380941.755633387	26056.2931915556	0	293238.446062794	1307.89614489867	0	0	18618.5622157242	0	0	0	0	0	46.9060183466348	0	42488.2531853542	0	0	0	0	23918.942288894	0	29501.540239116	0	0	0	0	0	0	0	0	0	17968.1320946509	433.098902733928	0	0	0	0	0	0	0	0	0	24902.4051402284	0	15593.9057993387	342.413933930434	7198.51028226355	0	12973.4229077067	6372.18259239034	2925.37201088512	0	0	0	0	0	170247.738890028	347.886302737541	7453.36631528027
01-2020-42-SL	1868.36348346674	50959.5104437348	24950.1784325773	0	42428.2838355622	32541.0092297811	812530.97966685	14366.9280724228	1335610.61434518	1617.03890549856	12470.946503465	20796.4183747296	897.587778457784	163438.306318692	62129.6451205733	0	3923.14904399779	0	0	9808.56306213176	2390.34529924681	0	4846.97400367203	591.027029507587	37033.0908348936	0	0	3482.6405804162	4619.12479837121	0	3176.07983146601	12812.029859279	9938.3680639395	0	34836.0721340839	327.274313068454	12934.9303397139	0	15336.3228731572	209153.142327684	7009.47009761802	130970.485015462	150764.366886868	0	17282.0169959987	449271.682107887	77569.5358143217	881.016927163179	157739.314377622	1331.19172066662	10576.3458387818	15731.2614956786	0	0	15232.7550525659	0	984.584747754462	465545.638983464	753197.665702241	30578.7442556449	39532.5275718299	7517.64287065258	6563.43801693823	89.7587778457784	0	9432.95709945404	0	0	436.365750757938	1338.09624203937	0	0	0	4120.6183552585	716.689318491677	9693.94800734407	472204.359395346	0	694.59485009887	0	0	719.451127040778	222.32558820262	0	2398.63072489411	0	325.893408793903	43689.0494382267	0	15522.7449502215	7803.49005548452	0	0	0	0	1278.7173582337	59340.2184859814	11170.1346768385	0	0	0	1267.6701240373	11.0472341964035	0	2910.94621075232	0	655.929530411458	27514.5176704175	780.210915120997	0	5801.17885738639	0	2568.48195066381	1673.65598075513	0	22156.6090851618	1657.08512946052	21655.3408335	0	48817.7279139071	176873.124005793	0	2400.01162916866	0	1064.67719567839	13654.3814667547	151.899470200548	591.027029507587	0	4450.65447687606	0	21698.148866011	8286.80655157717	425.318516561535	6476.44104764155	0	3571.01845398743	0	481.935591818103	21033.9339099523	523.362720054616	0	886.540544261381	0	0	1806.22279111197	21685.7207275401	1084.00985552209	0	1387.80879592319	0	0	13423.7704529048	0	3223.03057680072	173.993938593355	0	0	0	11708.6873439132	16447.9508141703	3923.14904399779	4207.61532455518	0	2266.06391453727	0	0	3562.73302834013	7206.93940887873	548.218996996524	48031.9933816879	0	0	0	0	1527.28012765278	868918.824813843	37858.8715910748	10555.6322746635
GBM-BM-291-SL	940.455131549643	55373.9387171987	104304.348357729	0	6309.81507692154	13720.5420850884	1193375.16206995	0	1220967.78877317	1301931.61561961	2634.16579500398	12802.3726201632	0	382506.724807862	41301.2830994448	0	0	28757.4242121246	19703.5007181854	42541.8518748696	0	0	20663.2700941429	0	267.42799949279	444576.763490138	0	56703.6501591211	0	12182.8310880049	16378.4792578251	3433.47837126576	11910.9459551872	0	50676.1201927753	1304.4543530815	0	3470.62114897309	17424.4198780635	172.34248856202	266630.172627636	3351.76426030963	100067.100276877	0	147012.599876728	0	0	0	0	5433.24552302851	5798.73045566865	227396.999390936	0	0	0	0	0	3794.50617058102	0	11174.0332454737	0	0	50529.0347930543	0	0	732.455576388585	317.942177174761	0	0	0	0	0	0	0	0	17644.3051220909	0	415.999110322117	48683.781596554	0	0	588.341598884137	1111.31190900337	0	0	7774.72622969871	5256.44590114161	30156.9640761369	0	18627.8458757811	13255.5145081926	0	0	0	0	808.226842911542	30408.0492534385	0	0	0	1524.3395971089	49359.7801508275	0	0	0	17886.4760327427	928.569442683297	0	4237.24808085242	182.742466320073	0	1571.88235257429	2359.30923996972	1401.02557512056	0	54592.4546742364	0	101898.982073403	256444.137269177	773266.574822293	135022.911232801	0	79295.3732718287	2886.73668341383	1195.99744217609	0	3322.05003814376	0	0	0	0	889.940953867672	411.541976997237	0	1794.73901881828	0	0	0	3066.50772751732	7343.87000829366	2114.16690710133	20161.0997395397	362.513510423559	0	387.770599264545	270.399421709376	8611.18158366782	0	7832.66896292215	10334.606469288	6895.18525358909	25956.8587729918	2857.02246124797	0	1291.08295310686	0	0	0	0	0	0	0	22052.4099803971	0	14418.8263059862	49068.580773602	24897.5467527787	0	13108.4291084716	81708.168111697	661.141443190507	0	0	0	0	2629.7086616791	1352560.19305692	47674.9837540229	217569.020409576
01-2020-90-SL	0	13919.8168649669	27622.4717179803	0	13643.6725781619	8383.52606640052	785483.040273113	0	64738.4086745677	149668.862942067	0	12780.3865553346	1058.99993483473	343.169599136318	9446.54751997513	0	0	5053.70854978093	0	0	4490.69592619791	0	1782.8733080129	0	0	1831.13153289145	0	0	9618.13231954329	0	0	365.958205328964	0	0	0	0	0	368.639217822217	337.807574149813	7380.82739392409	15828.6977601627	10915.7423662775	8501.49061610363	316.359474203793	5693.13002942165	51385.6259519237	0	0	0	930.311335158612	0	113908.177800818	0	0	989.293610010167	0	11183.8436156027	142471.68490393	44945.8339431313	71182.2222021001	0	2097.89227597007	18726.8722653686	0	0	1067.04297231449	0	0	0	0	0	0	0	1710.48597069509	704086.160471721	33327.6663036216	10788.394272848	567.0341423229	30078.2791617996	1887.43279524975	0	108.581005976726	0	0	85288.369435348	0	26709.5869640279	32965.7296170325	0	5437.09333631604	38451.0811782271	0	0	0	0	0	107677.5047665	2404.86820644748	695.72274199902	462.474655086054	0	8274.94506042379	0	0	0	8222.66531680537	0	5486.69206744121	0	0	0	0	0	0	0	0	837.816404141401	580777.012363313	6978.67551993622	1165851.68775331	312993.463018515	0	18242.9495103365	0	0	302.954411737531	0	0	0	0	0	888.755641513199	0	112.602524716604	3874.06305274984	0	0	0	1374.0189027919	1626.03407715763	0	179090.294043019	908.863235212592	0	0	1760.08470182026	743.980966877564	0	0	0	0	50352.0956357749	22891.8251736363	0	30784.7259537717	139.412649649129	5104.64778715273	0	0	0	223.864543186582	2178.32265076764	211864.331266784	0	0	26499.1274833076	0	1416.91510268394	635.399960900839	28643.9374779095	4651.55667579306	0	58297.2761595287	0	0	5953.18824126714	993959.912254673	38115.9546165706	111268.721001211
01-2020-14-SL	0	79558.9222567537	144574.672466685	0	2899.75308292365	47679.4009974751	3597474.52877671	2557.82201495256	390525.245591967	0	220674.318074744	5590.79499448833	120666.141688031	92157.0838130391	115017.618071678	0	51653.7945797365	187959.95213003	41267.0833072121	49295.8024097021	2793.17716563396	56218.7963703115	93129.5890583076	5772.86218652488	0	2415.72079189964	0	76090.7642816184	53416.7378782368	5120.08469312553	11936.5027364453	16781.2663099058	346.371731191493	146.541886273324	532.879586448451	8703.69991199136	10444.4398943896	7553.56813790679	608.370861195314	5155.60999888876	15422.4233644622	21892.4696765905	10897.3875428708	0	30489.5936712922	137220.934173696	679.421472721775	0	65797.3069367224	62520.0974800645	0	162093.088871178	0	0	12305.0777837388	0	2691.04191156468	8232.98961062856	111829.221879428	0	31169.015144014	0	10595.4224438834	1465.41886273324	0	2353.55150681399	0	0	0	0	0	0	0	0	956922.958028026	33797.887770493	64429.5826648381	0	37137.2665122366	63825.6524668632	1958.33248019806	28722.2097095715	51280.7788692226	0	12398.3317113673	86832.728611775	13739.4120039292	29614.7830168726	0	14609.7819951284	62462.3688581992	2078.23038714896	0	0	4338.52796633447	2562.26267817297	25613.7454552889	0	30813.7620863817	14321.1388858021	0	2242.5349263039	15910.8963187067	1421.0122305292	0	190.948518477361	4533.91714803223	8645.97129012611	2824.26180817679	68657.0940506625	13393.0402727377	9480.81597556202	7455.8735470579	4334.08730311407	0	70562.1385722157	39215.4968993856	134236.808489585	533914.260978805	264654.646609623	414078.523312989	3086.26093818061	35001.3075032224	13988.0891442718	0	0	0	0	0	2806.49915529517	452.947648481183	0	0	0	1683.01136053302	1603.07942256576	0	0	8241.87093706937	13468.5315474846	39974.8503100746	23415.617161189	28291.4653771923	0	0	0	6407.87702704262	0	0	24627.9182203592	0	4094.29148921226	21097.5909601382	0	35867.2368312011	0	0	0	0	0	9454.1719962396	0	461.828974921991	0	3667.9878200535	20098.4417355474	0	11803.2828398332	3987.71557192257	71330.3733093455	0	0	26048.9304508884	13370.8369566357	47821.502220528	1647.48605476979	292053.538679514	38398.4148668313	98391.774974486
02-2020-49-SL	7623.58937110999	48186.7071877845	88514.632123167	27361.6996395388	36612.1557457396	43144.6728154713	126010.500766069	0	299797.164933052	265804.139380161	5068.47617553534	4163.8881705661	1349.92363818486	238417.389611254	26137.0266481958	0	0	0	57753.0732587976	23064.210779008	1742.37566495613	2034.62717425389	35166.2066116426	0	5171.46004071645	0	0	48041.9731069894	2875.19818194838	521.877695174561	0	68804.3553318141	0	0	42028.5503847247	668.003449823438	448.118980923223	0	10774.3389761105	816.912552179913	43296.3652655354	19793.7772225808	71538.9944545288	0	25115.5380395075	47087.2848432834	0	0	0	19394.3668265405	5453.96983303761	25793.2832063075	23853.2898541119	0	3353.93398765518	27450.7667661819	9037.5300065696	129054.091484327	95129.2579502728	58974.962902433	16135.0666609436	6617.40917481344	46672.5660348514	22098.3891244716	14975.8023407292	15373.8210629157	0	64754.5844172595	34083.4843533871	17060.5297737199	0	9118.24709008993	36883.5321472304	0	13734.4292631407	23815.7146600594	78217.6372789094	61901.653016972	5672.46262808403	36871.0070825462	31771.9140822273	10969.1733156424	0	5460.92820230661	52955.9734847531	12669.7987649845	2889.11492048637	47880.5389399487	0	11381.1087763668	0	6518.60033119372	6681.42617208818	0	21369.152025081	62836.8578467248	92514.3027789848	16914.404019071	136.384037672285	0	20133.3456429077	18569.1042312378	0	17013.2128626907	6077.43971953949	37441.5933626037	1914.94322282719	14378.7742574495	0	41318.7967192873	0	7967.3328129983	3729.68592818086	1681.14201538899	1322.09016110889	6490.76685411774	0	150796.212102226	8123.20028462377	701743.190734937	187504.393343878	3352.54231380138	92500.3860404468	8723.01171561106	0	14487.3248180458	25775.1914462081	4284.9637958466	2875.19818194838	16620.7608359194	0	27976.8194829179	30145.0473471364	17825.9503933092	81465.8040536759	12465.2227084761	459.252371753614	4720.55771208563	0	132680.793547327	0	32933.9617501493	2511.97130610689	0	0	20044.2785162645	180223.155740802	3522.32652396484	0	10516.8793131578	0	43268.5317884594	40298.6997844527	2378.3706161422	127516.291875879	20183.4459016444	9985.2599010066	33959.625380399	0	36051.3111826587	28127.1202591281	2790.30607686665	247999.064094659	0	166657.119013971	7125.37013145001	0	57485.8718788683	14982.7607099982	12708.7656328909	46914.7172854123	5227.1269948684	0	5593.1372184175	3603.04360748517	0	916566.141828886	192251.392859186	47382.3197002888
01-2020-22-SL	0	36516.669291614	132337.149956094	0	9957.53824746565	9615.79519306957	131390.236909538	2161.52481905518	936103.998531123	500011.382533865	0	86231.740129883	0	224791.461534772	28998.3220949003	0	0	0	6967.28652149999	8863.96047339821	9125.96348176853	2768.11874060821	1943.66362187768	0	1385.48329969742	0	0	11555.1870267673	2561.64897857725	3023.00210201195	0	13877.6158672673	0	0	0	0	99.6750575321887	804.520107224094	1781.33567103954	43518.1301185536	6018.94954555088	8302.93229243132	16798.0950529604	5403.81204763794	15522.2543165484	183017.644923032	0	0	0	20060.3172930496	0	32928.3672204552	2664.17189489607	0	492.679570087675	0	40784.185683385	16130.2721674948	18734.6390278715	0	3223.77614646965	788.856883897608	49490.089994125	0	0	2148.70945451532	0	0	3880.20759678877	0	0	0	0	2578.73613129705	301865.911736233	34547.3749406566	90922.1635514692	37343.9722691311	78088.2879295032	4973.78537085621	0	0	1859.65178767198	0	98315.204961571	1734.34600106008	20638.4326267363	31241.0108893746	0	0	3477.23557848007	1577.71376779522	786.009025110974	0	2712.58549426885	13886.1594436272	86080.8036141915	0	0	0	0	2152.98124269528	0	0	4733.14130338565	16776.7361120607	2229.87342993439	33311.4042272575	0	1216.0357018927	0	1429.62511089025	42.7178817995094	0	0	0	0	251672.40062181	102970.030148324	667783.015442651	96138.0169191893	0	157522.189135691	1196.10069038626	0	3300.66833370876	26804.0468997989	0	0	0	0	0	336.047336822808	397.276300735438	42148.3100421826	514.03851098743	0	226.4047735374	662.127167892396	18793.0201329975	0	18229.144093244	10723.6122610702	0	0	6454.67193990588	10529.9578635791	75.4682578458	458.505264648068	13235.4237108813	0	55090.4042980407	14921.3561125686	0	90035.0555394327	333.199478036174	0	2333.82027564653	0	1065.0991862011	3902.99046708185	0	42414.5848387329	0	0	32378.7304746348	180087.198231585	5628.79289178203	0	9182.92065750121	3942.86049009472	0	0	598.050345193132	0	19430.9405012035	811975.801527502	385160.085527704	21887.2187046753
01-2020-09-SL	308.976727073546	18430.3297286007	22946.1434319832	0	29545.5694230669	1845.9378822599	308063.001025961	0	0	225236.111556434	40238.2768411933	0	10470.8779730479	9124.05634221454	2028.15492643148	0	0	0	10563.3069084973	2691.00243493969	0	0	0	0	0	0	0	22399.4922994685	1146.11879957196	0	0	87604.1450188952	0	0	19035.0790491121	0	0	0	2767.58641002629	95579.4417348106	15467.3221407672	8408.39229916385	12224.3869198585	0	97913.9325615885	385742.919204323	0	3377.61738399201	0	21279.7817671678	0	384940.107879277	0	0	10003.4516423469	0	37056.0806350085	0	82679.0031728083	0	11540.4127975333	776.403057774551	8799.23465477825	0	1592.41851645597	4225.32276339892	0	2598.57349949033	10264.8934883322	0	0	0	0	0	79502.0886200777	7558.04609302981	123688.401418322	187678.273843271	399773.631605534	0	4365.28657993651	88129.6695375929	0	641.720894691211	392102.029963238	6541.32780308695	7404.8781428566	49359.6923566807	0	14173.3170444762	0	5001.72582117347	0	9715.60152909039	26830.7995475831	1357.3849377419	9821.23459817536	0	3116.1755380067	0	0	15565.0327296708	5247.32270679603	0	0	24092.2622315552	0	12974.3817103618	0	10225.2810874254	0	9440.95554946946	0	0	0	0	0	176203.881713916	0	1038066.73320494	648227.891746845	0	49761.0980192036	12881.9527749124	0	9509.61704437469	5786.05135912939	2426.91976222725	2801.91715747891	23635.3992077627	0	0	1816.88878826153	13816.8054363145	213.90696489707	0	0	0	0	0	0	14701.4823899011	52251.3976228819	0	0	1402.27899210302	21842.2778600453	0	459.503850519632	0	0	23138.9237830633	3837.12123451164	0	76119.1895826315	3697.15741797405	0	0	38033.1865240445	75715.1430933815	62767.1696502909	15694.4332392999	0	0	0	17582.6243491937	0	129.400509629092	10462.9554928666	39974.1941684809	0	0	0	0	0	26379.2181772449	1872251.07976897	303174.830754054	84353.2873178051
01-2020-24-SL	0	0	2178.73404425165	0	10461.7346089868	17493.3922969943	377988.124697618	0	2176.61671281895	0	741.06600144614	0	0	0	4046.22036789592	0	0	0	70964.4802984823	35325.5576232211	23904.6718752198	0	4061.04168792485	0	0	0	109525.320350874	4395.58005429196	294.309069145753	0	44648.1679214136	102203.588256586	0	0	82093.1743087706	0	31294.1585753541	9231.5650465862	16235.6974259686	194608.166642622	48844.7188210314	10472.3212661503	4768.23038644773	6966.02041359371	134145.650250347	300707.644735382	0	4094.9189908481	0	23934.3145152776	13745.7156611095	572846.136449299	0	148.213200289228	35213.3390572878	1450.37203140173	965.503133312685	82343.0194178296	1341623.77168666	0	334989.35796228	0	6661.12468728444	5405.54714769141	1081.95636211136	425.583617973354	0	0	0	0	0	2456.10446193578	0	0	0	12670.1112932963	22073.1801859314	819.40726445616	48323.8552885864	309.130389174675	0	0	0	0	0	709.306029955591	1029.02307629378	9746.07658473309	0	0	101983.385787585	0	472.164909492826	0	0	4698.35844916853	0	0	69971.4518565445	0	1355.09211693008	0	0	0	0	9911.22843648394	63.5199429810977	387.471652184696	0	7848.94762103097	0	0	0	0	0	2841.45878268777	0	0	250814.846855162	0	147328.155750358	0	150.330531721931	0	0	1871.72098650968	0	0	0	0	0	0	8736.10949133363	0	2369.29387319494	0	0	0	0	23258.8857882453	0	0	0	0	0	6064.03722326213	10645.942443632	55.0506172502847	1765.85441487452	3946.70579055887	0	0	1054.43105348622	0	2818.16813692803	0	2739.82687391801	0	0	0	4404.04938002277	0	4315.12145984924	0	0	683.898052763152	0	0	0	0	4531.08926598497	0	0	0	0	0	129237.675989341	146796.705560749	52725.7873371765
01-2020-27-SL	0	1097.31371074481	24339.6903521005	12404.4158605935	0	136526.102065658	433713.244171887	0	54913.3948290121	44341.8109273076	0	6967.54448579813	0	92935.7124837513	19668.1555328065	39453.5964078846	0	2079.32996637513	252044.212654592	3065.32199631975	3965.83487850707	0	0	0	124095.843672021	339564.920522276	349860.188109138	22977.9876494552	6243.95356059684	22795.1020309978	4271.96950070761	941133.368356448	0	0	35716.3685524494	0	0	0	406236.66788581	41244.6827364735	11281.2596168058	4448.89145769364	0	0	16350.3718675291	367773.039282184	138786.329763333	3238.26817899149	10148.1639372324	2131.01503246094	0	150842.865371426	27601.8131769778	0	9720.76819844589	1387.54523568819	0	180971.283125137	1181725.36309872	0	52404.6812366934	0	34543.515129733	7663.30499079937	0	0	0	41998.091969032	12706.5747084798	10372.7951859899	21695.8004330958	0	10156.115485861	0	53325.0729904522	47430.9875695131	174985.754894969	51241.7672497627	76438.2369665934	7881.97257808547	0	0	0	377.698559857816	3596.08786727784	28186.2520011788	13110.1158013805	16479.5845327437	13988.7619248392	5303.68293526659	3480.79041216335	11132.1680800198	0	9931.48423710341	2731.35695391915	56523.5834263007	0	0	73201.956674759	1051.59230613045	4937.91169835166	0	0	40061.8898779714	1828.85618457469	20536.8622204795	0	29448.5603459668	0	43524.7893057204	0	0	2274.14290777548	0	1693.67985788873	36398.2138473506	0	199476.524671013	503927.406449455	15885.2062727569	84735.6779605224	0	2991.77017150533	0	0	395.589544272133	47242.1382895842	0	0	1459.10917334546	0	671.905859115483	375.71067270067	5190.37336730925	72538.0023642721	0	3089.1766422055	130860.62366779	0	0	0	13030.6003150946	0	0	0	20550.7774305795	49.69717892866	0	0	1522.72156237414	8734.77616850128	9201.92965043068	4031.4351546929	0	7661.31710364222	0	0	0	0	0	0	0	3502.65717089196	17827.3720252889	0	820.997395901463	0	0	15767.9209304852	6130.6439926395	1989.87504430355	0	0	0	0	0	217812.795808531	38276.7672108539	106340.03558439
01-2020-08-SL	0	12682.8219445581	387596.563097011	0	0	18011.134670823	379959.015344354	0	902883.939268138	2624261.40781271	44971.6782376998	768081.221433754	0	233.619107728311	1352.29521973503	0	0	0	0	0	0	0	0	0	0	0	0	188283.522803573	0	0	0	0	0	0	0	0	0	0	0	9910.84137785872	44652.6983021477	0	0	0	24808.5521706872	88218.169218329	0	0	0	20562.97415524	0	64663.0734141073	0	0	0	0	1540.98757597713	129824.833769711	10126.4897849925	0	0	0	60848.7922129277	0	0	0	0	0	0	0	0	0	0	0	1263883.86548531	0	426.804139119029	0	746848.838681369	0	0	6527.85699094684	0	0	454326.267079484	0	4470.21177287825	121854.828056057	0	109383.161843484	0	0	0	0	0	0	39391.7757031121	0	2178.94744708136	0	0	0	0	0	0	0	0	0	0	0	0	0	0	0	0	0	0	26933.5875159851	0	802490.620397045	1876046.79588616	0	131051.334085285	0	0	0	0	0	0	0	0	242.604458025553	0	0	624.481845658369	0	0	0	0	0	0	82795.5103139431	116.809553864155	0	0	0	1388.236620924	0	0	3908.62737930058	0	139223.510180627	5319.32737596769	0	11546.1751319569	0	0	0	0	0	0	3126.90190344047	219013.420820143	0	92149.2599733727	9825.48055003492	105240.915356455	27652.4155397645	8064.35189177534	81861.0338830298	323.472610700738	0	638687.68447831	14933.6521940174	631068.107426248	5961.77992222055	1046155.34975767	163843.369995072	105865.397202114
01-2020-12-SL	14884.2793286666	155845.697536512	0	0	18650.9301944121	0	334179.419548712	0	458201.268186516	28392.8401893161	551.116133271897	0	0	0	0	0	0	0	0	0	18456.1748691205	0	0	0	0	0	0	0	0	0	0	0	0	0	0	0	0	555.25986359725	5635.47324247955	0	0	0	0	0	0	0	0	0	0	0	0	0	0	0	0	3638.19522565959	0	0	424011.349272031	0	0	0	7388.27117010371	0	0	1669.9233211171	0	0	0	0	0	0	0	0	0	0	2377158.63812699	0	0	0	0	15414.6768103117	0	0	0	15684.0192814596	0	0	0	110567.156271384	0	0	0	0	0	0	1379.86219834242	24385.8529647001	80674.28570429	0	0	9389.69291724902	0	12907.7199634734	0	0	0	35611.2184160804	0	0	0	0	0	0	0	0	0	0	0	0	0	0	0	0	0	0	0	0	0	0	0	0	0	0	0	0	0	0	0	12186.710886862	0	0	0	0	0	0	0	0	0	0	0	0	0	0	0	0	0	0	0	0	0	0	0	9277.8121984645	0	0	0	0	0	0	0	0	0	0	0	6584.3874869853	7371.6962488023	10367.6132740322	0
01-2020-19-SL	0	10027.9298905908	51814.0209584087	0	4318.59754412306	9906.69807393908	612440.26379702	0	109177.256769594	166272.867627039	63845.7069129041	0	0	221428.769418056	23592.1689989858	0	0	12946.6430613011	0	1527.97836836557	0	0	14131.5125146146	2909.56359964223	0	0	0	74598.7403106385	6818.71783846973	0	7084.05539944339	0	0	199.003170730247	0	0	0	0	773.138755250845	47483.9864504505	30859.2158197904	13577.9634649971	0	4833.26091670129	19886.5927164226	81348.8363660978	0	0	0	0	15163.126652538	0	0	0	1681.23368375553	0	0	0	13269.1654414501	0	0	0	61755.029923853	0	0	940.118427242891	1807.04028594132	5116.89761981106	661.056509667142	0	0	0	2134.13745162437	0	0	59568.2824385873	68521.1377286814	272.199739274706	44281.6365766305	0	0	0	0	7685.63969716816	88970.4290657895	2166.16095036257	2351.43976449073	111713.975348213	0	0	0	6242.29486118212	0	0	72606.421210569	26597.8030948427	152079.595507715	0	11418.6646929356	0	140345.270612931	75518.2722029782	0	5800.82805714835	24934.8685532232	123526.071597075	1450.20701428709	56317.8973166599	0	36559.3985951901	3204.63726658708	4288.86143815188	173.841850293089	763.989184182787	0	28695.3422621948	818.886610591131	122485.307888084	14239.0199746642	992394.501540237	20243.4259880768	0	34644.8508491991	0	0	128.093994952803	63957.7891584878	0	0	1331.26259040234	459.765946169881	0	0	3481.41179139582	42060.5781998596	0	86.9209251465447	0	2474.95897390951	27126.190824023	672.493473502214	53751.4426320698	2342.29019342268	0	0	0	0	0	20899.90771221	22553.6926827613	0	56727.3406219555	13383.5350798009	0	64344.3585361132	0	0	0	0	4631.97035320402	231.026669468448	0	144853.721756717	2410.91197643311	8666.93119421731	49073.7244235255	42184.0974092783	1823.05203531042	8863.64697218054	168493.92600381	0	0	0	0	0	0	1201494.22394408	334034.827945404	36584.5599156273
01-2020-41-SL	6810.35431434764	45177.8577364572	208255.491741977	0	138364.07751983	54661.2717457247	509872.141729035	0	0	593947.566426582	358398.175888702	0	0	51048.7925114253	73325.4562255025	0	0	0	0	2879.48707973702	0	42336.8571182962	3832.90169605335	0	0	0	0	0	0	0	0	0	0	0	0	0	0	0	0	2687.05477185666	19962.2278656617	40370.5488086824	9677.595701765	0	8363.80785432727	1821.10938639504	0	0	0	0	0	0	0	0	0	0	2666.06215645153	0	0	0	0	0	20989.116635896	0	0	10576.7793949514	0	1861.34523258821	8864.13185481621	0	0	0	0	5813.20508260396	161933.53646594	0	0	0	10461.3200102232	225250.763297047	0	1070.62338566164	0	0	130518.087512163	0	0	18022.1603253042	0	0	0	0	0	0	0	736.49092379665	74859.6665346941	15622.004630651	0	0	0	86711.7473155072	3302.83815707381	0	0	67926.8552971499	12602.5667815465	21466.6986363627	0	5326.87615905178	0	1285.79769356422	83.9704616205206	96.2161539401799	0	0	0	145121.950295665	0	617996.356757775	700086.22991492	19456.6557113215	48333.7475856951	22775.2383299491	0	48998.5137401909	37365.1060365146	2149.99369440875	0	21185.0477130105	0	0	502.07338510603	7279.18939172888	14239.9907831466	0	0	0	0	35269.3432652358	0	29429.8974133754	76728.0093057507	0	0	0	0	942.918308613763	0	0	0	33798.1108022595	0	0	357269.822810676	0	0	316.638615694046	130834.726127857	74633.995919089	23704.1615616261	0	370566.895285209	0	0	0	0	5059.22031263637	3689.45215745162	42363.0978875526	13090.6450897157	4404.95046584314	46262.4761990556	51692.5660505159	36308.4777277897	13246.3403206371	846710.901596668	22687.7690990944	0
01-2020-58-SL	0	11248.1381065113	84586.2356134012	0	0	31447.9688420454	1334311.86446263	0	0	0	11858.548130205	0	2975.00807664313	211993.030704462	26455.0519006672	0	0	0	60614.3079838764	251.868213660026	0	0	12780.0894766552	0	0	0	0	135196.930781792	9722.113047277	0	12217.0899402387	248570.221638807	0	0	1505.28297105051	0	0	0	1620.84603378864	23450.4122694758	0	0	0	0	26217.9994642813	71595.7620994535	0	0	4376.58060677481	4118.78608220513	0	184732.000520082	0	0	1884.56686926796	0	0	186578.046368438	756929.171468384	11402.2221901621	31865.7737611755	0	51567.7943802992	0	385.210209127099	0	2302.37178839812	31270.1795147559	4693.63824044096	3383.92352940882	0	2169.02979293105	4806.23814772426	0	1656.40389924652	0	30043.4331564589	31243.5111156625	62048.4752240111	10602.1702173597	6382.63684969054	257.794524569674	0	0	44574.747506915	84209.9148706386	7351.58868341794	17165.5595497945	1469.72510559262	2151.2508602021	2091.98775110563	33794.7879622658	536.331137323114	0	21539.1770011145	9402.09225815603	19906.4783455065	0	19867.9573245938	0	37952.0950653837	0	0	0	17678.185443479	199962.619557877	0	82117.927119533	0	20928.7669774207	0	15950.6658133167	148.157772741192	0	189.641949108725	34497.0558050591	0	676624.695487204	489018.434175942	2453.49271659414	25936.499696073	0	69672.6742092728	127.415684557425	0	0	30570.8748274175	583.741624600295	0	186.678793653902	0	0	711.15730915772	506.699582774876	16371.4338879017	0	0	0	9914.71815184055	8773.90330173338	0	121418.257916861	5600.36380961705	124.452529102601	0	2975.00807664313	5452.20603687586	0	0	0	0	102356.27887598	0	0	4237.31230039808	0	0	0	0	2791.29243844405	0	0	61704.7491912515	16658.8599670196	0	0	0	0	20653.1935201221	0	0	0	0	0	0	0	477980.680106723	68265.1753682315	108691.505238393
GBM-BM-265-SL	0	24910.4625704795	407574.794971839	0	0	8090.57758699335	1574594.98833781	0	0	0	53853.1786322211	0	0	26791.8911930188	8968.28793746202	334.572757356868	0	0	0	0	0	9146.43706800269	0	2537.53883501832	0	0	0	0	14308.4167529372	0	0	0	0	0	0	0	0	0	0	10306.5789668895	0	2315.93869702871	24128.3444363985	0	2398.4956111817	699.561219927997	0	0	0	0	0	0	0	0	0	0	13183.0356600096	0	0	4084.39470020073	0	0	13665.3418426929	0	0	0	0	0	1355.67143240705	0	0	0	0	0	14021.6401037742	0	9007.39384416607	0	3810.65335327238	96187.4951897271	0	0	5092.45807301623	0	356067.970741861	482.306182683277	1998.74634265142	10067.5984259203	0	0	0	9467.97452312488	0	534.44739162201	0	5374.88962143436	0	0	0	24762.7291451531	88175.1294161419	0	3636.8493234766	33287.8168066359	0	0	243.325641714086	11549.2777799293	0	0	0	20656.6089412279	0	0	0	0	0	0	174768.642161142	0	96178.8049882373	990.682969835921	90043.5227364464	9780.82177675727	0	0	9628.74325068597	0	0	0	0	0	3367.45307729315	0	18836.0117291172	308.502152887502	0	0	5904.99191231148	8416.46014286043	0	55478.2463108116	15833.5471143952	0	0	2076.95815605952	0	0	399.749268530284	0	0	130657.179398974	18492.7487702705	0	17684.5600317202	0	0	0	0	0	0	0	134828.476114073	66493.0766991188	0	0	0	12618.1725631733	0	2989.42931248734	0	0	0	0	0	0	809566.135486488	660842.027190243	23315.8105971033
01-2020-21-SL	5700.975559037	34514.3831617752	43748.4345701388	0	3830.68424776289	45553.1974267113	198297.294983803	0	26369.7423128254	2883.25200686929	29960.1555600158	0	4049.11243010147	206499.273230616	173478.392765581	3451.1652809496	0	0	155589.124632051	64545.5278810511	42416.0226578735	0	10397.1814793165	46.4159887469487	0	32414.7422590456	188077.586402636	5720.08802499163	0	53588.6241844919	22353.3941100747	747193.665439264	7702.32377971426	0	59849.3219607716	0	3270.96203052027	0	11284.545970067	96542.5262413742	58989.2609928134	3096.2194846494	6148.75333283109	10244.2817516795	71540.6904204442	256877.003134731	0	0	9987.62863743168	8376.72079268463	0	382530.54537728	3456.62598550807	39333.4549346202	24343.820921635	0	0	11879.7627669396	612991.390210439	111578.576243106	87974.6807891433	0	7563.07581347341	2487.35092638061	2615.67748350452	701.700535762696	21782.7504837151	53206.3748653994	28772.4523185498	4264.81026016082	2421.82247167903	11874.3020623812	31330.7924041904	0	12679.7559847547	32237.2693608955	23560.2098174953	12120.0337675121	16341.1583912052	587.02574003494	491.46341026181	0	6577.41864067056	1957.66258420954	0	80043.0074179735	20753.4076744446	38129.3695794788	0	4947.39832996889	128596.861999561	2798.61108621309	2541.95797196525	27276.2192695305	51114.9250195075	39833.1094017197	0	0	58948.3057086249	283.956637040157	40521.1581760863	0	565.182921801082	21921.998449956	5444.32244478916	22495.3724285947	0	13930.2573286431	2129.67477780118	24469.4171264797	0	8444.97959966544	2673.0148813684	1427.97424203848	26743.8005750802	29244.8032628569	1900.32518634567	2896.90376826545	969078.473763354	5673.67203624468	56482.7976004782	0	7219.05142629015	810.914626931987	0	974.735763685924	655.284547015747	0	0	644.363137898818	0	6670.25061816446	17829.2003833868	15134.3426837845	24210.0336599526	6025.88748026564	0	0	185.663954987795	0	0	1528.99727637008	2391.78859660748	0	0	18806.6664993519	18509.0581009156	0	0	10918.6787646499	3230.00674633179	8084.57309880678	8346.68691761308	0	26353.36019915	0	4395.86716956397	0	0	0	23541.0973515407	0	21851.0092906959	47128.6106918284	0	576.104330918011	0	0	6506.42948141052	5744.66119550472	12595.1150640985	0	0	0	0	0	546105.950426086	26650.9685975863	121710.913551337
01-2020-52-SL	836.182063317728	28082.7355054881	124896.582069343	580.363806503629	11057.4577870691	34768.3738290924	796786.051768357	0	509028.69468187	134537.493986591	249277.709442121	9908.18472287445	0	163135.684188645	22660.9157342042	118501.125648991	24852.5527403429	20133.2786295634	9621.82100256016	0	0	40068.0117463755	55497.2889969095	3627.27379064768	0	0	1828.90962707394	105668.212795973	81239.4783616954	0	0	16032.5501546627	0	0	0	1962.54602988727	0	0	6135.81998060086	11278.9123974455	51778.3788157612	8758.91165867976	16971.8231572936	14955.822566281	26578.3714281037	255096.620238907	0	0	0	45237.8314437829	324.545549689529	338054.280922489	9033.82083018148	4856.72869653037	0	0	57440.7441121091	0	105672.030978911	0	0	0	39216.5569513077	0	6059.45632185039	4616.18317146636	0	0	22126.3701229508	3718.91018114825	0	0	0	0	223768.429236524	5020.91056284389	5234.72880734523	31725.2820278859	239384.797450997	21904.9155125745	0	2462.7279947029	26318.7349883521	0	48384.0141843025	7548.5476674847	7934.18414417461	5925.81991903705	0	0	0	2512.36437289071	0	0	515.454696565723	297.818269126862	10538.1849075659	0	0	0	0	0	5868.54717497419	0	809.454782755061	12111.2762778257	0	8835.27531743024	1951.0914810747	1512.00044325945	10435.0939682527	3470.7282902092	5857.09262616162	3959.45570621226	0	0	7105.63844673193	306378.635272791	24978.5527772812	74527.1127575285	246593.526837042	5731.09258922333	35031.8284517815	3902.1829621494	1275.27310113297	339.818281439625	27739.0990411109	0	1069.09122250668	19965.2785803123	0	0	11859.2762039491	3665.45562002292	2699.45533682938	0	0	0	1874.72782232422	110437.12328494	4016.72845027511	30770.7362935049	12664.9128037667	76.3636587504775	0	18999.2782971188	10965.8213965686	0	2718.546251517	4360.36491465226	0	1897.63691994936	41163.8302494449	1882.36418819927	65691.8374400982	0	14589.2770042787	18006.5507333626	35986.3741861625	7655.45678973537	16677.8230711043	0	22294.3701722019	0	5177.45606328237	6143.45634647591	1450.90951625907	61.090927000382	110.727305188192	0	20133.2786295634	0	0	4574.1831591536	0	530.727428315818	209912.24335625	34638.5556092166	148050.043402488
01-2020-29-SL	4006.7314407097	242360.19323662	70830.4068109352	0	155670.928256835	31099.2275918172	1056392.22337289	0	1377394.60518907	514979.276095109	345190.669943156	17156.3399944482	5418.4992302215	117418.743864825	35912.6834836765	0	0	0	23657.1945299621	19442.0592727054	39186.640214592	0	0	0	127852.380099693	9768.08856266979	0	10487.4178649448	0	0	0	0	0	0	13183.2220725364	0	0	0	5196.65000615536	227032.428664777	54527.8501939536	56053.9039473783	5290.76785878948	0	5647.07115804723	102803.585891498	8342.87536563882	0	9915.98804538055	584.875227083463	0	302830.913554042	0	34211.8394325028	0	0	0	13647.0886319475	107180.066038984	5963.03823474749	0	0	16712.641546316	0	0	6534.46805431179	0	0	0	0	0	0	0	0	202548.341572387	291012.4003447	80853.958116469	3966.39521815222	5431.94463774066	0	0	20195.0020937784	29889.1409150928	0	5532.78519413437	0	0	43361.4392492912	11482.3780213627	0	355032.708247181	0	0	143617.120415908	0	6043.71067986245	153674.28524024	25687.4510653553	17707.6017027338	5364.71760014487	3556.31028881784	21552.9882532136	5640.34845428765	0	0	0	1048.74178649448	18910.9656756986	0	31253.8497782876	0	8053.79910397688	0	0	0	52410.1985096859	1929.41597899947	149795.285170962	6319.34153400523	455086.708301011	310420.846098608	87.3951488745404	184551.663607991	6588.24968438843	0	9398.33985589288	1761.34838500997	10305.9048634362	0	19583.2360516566	0	0	2292.44198201679	840.337969947504	5411.77652646193	0	0	0	5438.66734150025	39959.7511469437	0	175852.484943094	25640.3921390382	5915.97930843043	7663.88228592124	4302.53040613122	994.960156417845	0	15206.75590417	0	0	10857.1665717218	6238.66908889027	0	62353.0773701048	0	0	14312.6363041459	0	13875.6605597732	14050.4508575223	0	93230.4557378559	0	47979.9367321227	2366.39172337217	5862.19767835379	3455.46973242414	3616.81462265406	6910.93946484827	15341.2099793616	0	0	0	0	11388.2601687286	25741.2326954319	61506.0166963977	34581.5881392797
GBM-BM-305-SL	54.7751250553833	39114.2023438963	21936.2468210928	0	3365.09790014159	24120.1072417792	343601.977945243	0	14334.4120742762	0	12679.2506867331	0	0	183058.467935091	18032.9237791027	75846.8775114716	1600.38626248772	354.847549271831	101536.411162446	128902.539945551	7830.46135574349	0	127075.908601313	6241.98272913737	0	0	9557.06855857622	0	72048.3416652396	27716.2132780239	13465.154654919	480596.947235933	30652.6362864277	0	86982.8985879486	673.972190898846	295.309369863805	0	3610.39519930265	52010.1720036746	12150.5516535898	4665.41173841286	0	0	26403.9918038711	150648.264592538	840.679093241317	16084.8345488721	15296.5490535099	0	0	82867.6196272659	0	0	819.245348654428	0	0	220407.958641333	203241.910754411	0	22838.8456209185	0	4236.73684667508	0	0	0	0	164925.520014583	13722.3595899617	0	4291.51197173046	3477.02967742868	10800.2257446158	0	20554.9610588267	18890.2735625783	23915.2959046156	49812.0224199303	29680.9731984888	0	41864.8662325471	0	5701.3760601125	1169.32984357362	159.562320813508	95294.428433309	5751.38813081524	29297.5473231011	1355.08896332666	9249.85155283081	77104.3238605691	29959.6118781183	30193.0015413978	16854.0678268238	51676.7581989896	89721.6548407178	0	0	1321.74758285816	571.566522317043	7866.1842633883	0	500.120707027412	14915.5047052985	0	14410.6209439184	602.526375609216	20285.8484879024	2748.28236147445	35739.5783350494	4279.60433584886	17961.4779638131	2636.35058418736	4191.48783032498	19523.7597914797	70624.1884137996	26134.8792329468	7139.81847461039	422732.981432861	128.602467521335	99102.4903882463	795.430076891218	395.333511269288	2110.03307822042	0	1607.53084401668	919.26949005991	0	0	0	0	9518.96412375508	1564.6633548429	0	15684.7379832502	0	0	0	0	2060.02100751768	785.903968185934	18935.5225789284	2398.19786655526	0	1686.12124083528	24424.9427203483	15489.4527547919	0	0	2321.98899691299	4908.3275103976	27823.3820009584	0	0	13977.182997828	0	0	0	0	0	0	0	678.735245251488	33353.2881043758	0	24129.6333504845	0	604.907902785537	3822.35111799522	0	421.530310208819	0	0	0	0	0	124120.433375498	24001.0308829632	82255.5671429514
GBM-BM-282-SL	0	13614.6824156436	29955.0545363402	0	0	0	1060375.89192335	0	298160.168291632	303184.798303472	0	0	0	117824.132250246	5712.93549291414	0	0	591.942713723634	0	0	0	0	0	0	0	0	0	13435.7229905643	0	0	4625.41283281723	0	0	0	0	0	0	0	12995.207482677	740933.318156911	221593.066576961	83188.6004426028	207840.723065103	0	24902.8923052571	211433.677676309	116241.029643776	0	0	96693.1539812745	0	850745.574607455	0	0	5616.57272556378	6291.1120970163	0	1320266.27546727	2263148.42177129	0	0	0	6580.20039906737	0	11783.7898359868	440.515507887356	0	0	0	0	0	0	0	0	143043.645076797	46322.9588762797	0	15156.4866932493	0	0	0	0	0	1528.03816798426	0	0	0	86203.3784497069	0	0	986231.62550206	69477.5552596089	0	0	26238.2049385406	0	10173.1550102736	0	10393.4127642173	0	0	1844.6586892783	0	0	0	23154.5963833291	0	5740.4677121571	0	46653.3455071953	0	0	0	0	0	8810.31015774711	0	22961.8708486284	0	745572.497099349	1494903.14212536	0	12004.0475899304	0	0	0	0	0	0	0	0	0	0	0	49681.8896239208	0	0	0	0	0	0	0	0	0	0	0	0	0	16367.9043399396	0	0	0	15376.744447193	0	210043.30060454	0	0	0	0	82431.4644134214	0	0	39439.9040655398	0	0	88984.1325932458	0	0	0	42454.6820726439	0	0	0	0	3179.97132256185	0	721027.523644251	250075.147383803	40141.9756562353
01-2020-28-SL	0	123295.826417904	0	0	0	8072.67553678343	0	0	0	0	34763.9980172683	0	0	0	74316.4590224528	0	0	35343.8034425621	0	0	0	596.02375886849	9609.36264298179	182.456252714844	0	0	0	0	0	0	0	0	0	0	0	17836.1123487244	0	39459.2055871303	0	0	0	1524.52335601736	0	0	33762.5159190335	908.226680180557	0	0	0	0	0	0	0	0	0	0	0	0	0	0	0	0	0	0	0	0	4995.24674099306	0	8903.86513248439	0	0	0	0	0	82608.082062494	0	0	129426.356509123	93973.079314932	5453.41466447701	0	5498.0150818073	0	0	220208.478693242	0	7626.67136348048	10412.1701549271	0	0	1378.55835384549	0	0	0	0	0	0	0	0	0	0	0	1832.67169393577	0	0	0	1751.5800260625	0	0	0	1240.70251846094	0	1520.4687726237	0	0	0	2980.11879434245	0	0	0	213976.584017182	0	0	6949.55593673873	0	0	0	0	0	0	0	0	0	0	0	0	0	0	4610.06131859506	0	2469.24128674089	0	13655.8368698577	0	0	0	0	0	2749.00754090365	0	0	0	10773.0280769631	0	59217.190464451	0	0	0	0	0	0	0	0	0	0	0	0	0	0	1711.03419212587	0	0	0	14531.6268828889	0	6211.62175909202	746043.344434029	625062.685133906	143098.411712555
01-2020-44-SL	1330.32367754819	63028.5785605938	3667.37878675446	0	1251.22335077505	26894.111102866	263253.078439792	28548.0270263043	113983.570880088	3955.01633865677	75174.0741896689	0	17545.8906660409	3926.25258346654	118060.833178303	0	0	158898.174609634	1416.61494311888	31345.3022185543	66171.0188151265	5119.94842386113	157805.151912405	17517.1269108507	0	25067.6126482864	3422.8868676375	4789.16523917347	94755.0005354186	31345.3022185543	316.401307092542	39902.519387648	7981.94206528912	0	47273.2316551447	21486.5251271026	7989.13300408667	57239.8728285598	16064.557273744	7536.10385984053	149816.018908318	7248.46630793822	0	0	0	155611.91557915	39895.3284488505	85485.8804253667	55629.1025379069	77647.7571360287	8650.69937346199	810123.97399406	0	0	0	0	1351.89649394086	258492.676955809	2135.70882287466	0	1704.25249502119	0	273.255674307195	431.456327853466	0	8355.87088276212	7327.56663471136	0	50365.3353380946	0	0	2085.37225129175	0	0	239817.808898551	21011.9231664638	248892.773661069	106440.27608145	349990.182215934	0	44828.3124639751	8794.51814941314	26858.1564088782	7032.73814401149	47222.8950835618	0	22881.5672538288	11268.201095773	0	0	0	1538.86090267736	7169.36598116509	5314.10377139519	2164.47257806489	0	0	0	0	0	0	0	0	0	0	0	2236.38196604046	0	1826.49845457967	0	11181.9098302023	0	59620.0735705514	31740.80385242	0	0	0	88772.1394558506	0	229088.928212595	140072.296837628	15172.8808628469	2423.34637477697	16359.3857644439	7140.60222597486	0	0	0	0	23873.9168078918	11814.7124443874	6184.20736589968	47280.4225939423	14403.4504115082	11735.6121176143	0	2739.74768186951	0	0	120915.635880934	0	5177.47593424159	20853.7225129175	0	0	1258.41428957261	70938.6112379073	0	0	769.43045133868	0	14511.3144934716	6694.76402052628	0	261455.343740403	0	9542.37578435915	0	5659.26883367796	0	77482.3655436849	13547.7286945988	683045.703563619	17660.9456868019	0	0	0	151398.025443781	0	0	0	0	0	0	0	0	345050.007262012	9865.96803024925	0
GBM-BM-308-SL-ab	0	33324.9161413894	0	0	0	0	744284.162000708	0	0	0	0	0	0	147427.43450081	0	0	0	0	780933.259303333	0	0	0	0	0	0	0	38643.6059993668	4653.8536257302	0	0	0	796640.015290173	0	0	0	0	0	0	0	0	0	0	0	0	0	251474.304847492	0	0	0	0	0	0	0	0	0	0	0	0	0	0	0	0	24183.4179479908	0	0	0	0	0	0	0	0	0	0	0	47868.2087217963	193134.925467803	2599343.45902838	0	0	0	0	0	0	0	1994.50869674151	0	0	54433.4665152371	0	69142.9681537058	18033.6827997045	0	0	0	0	0	0	0	0	0	0	0	0	0	0	0	0	0	0	0	0	0	0	0	0	0	0	0	751846.67414252	0	0	0	0	0	0	0	0	0	0	0	0	0	0	0	216071.775480331	0	0	0	0	0	0	0	0	0	0	0	0	0	445855.798250759	0	0	0	0	0	0	0	0	0	0	0	0	0	0	0	0	31330.4074446479	0	0	0	0	0	0	0	0	0	0	563531.811358508	323525.93151728	0
