feature	X1552	X13165	X9450	X6952	X9467	X16971	X1543	X17167	X8007	X6956	X2043	X1564	X1536	X6939	X1472	X1545	X9712	X17130	X8071	X8235	X6936	X1468	X1466	X15878	X8130	X16987	X1395	X2492	X8047	X2502	X8059	X1522	X8245	X15888	X17153	X8053	X8249	X9649	X7298	X9463	X8255	X2479	X4494	X7285	X19850	X6055	X9447	X17007	X5266	X1525	X2497	X5273	X5989	X6067	X9422	X19351	X9648	X1561	X6001	X9631	X17008	X9733	X2532	X7295	X9634	X19825	X9632	X7284
01-2020-64-OR	16953.2781099913	554569.833568615	3375.91288692895	5717.23265987665	144329.64188908	1434.55484421441	9.88630469353423	0	1332.74325026521	46.8298643377937	0	0	0	95427.2958884262	0	0	12662.6218729974	0	985.681922339562	0	351.744314359428	0	3689.32609010819	40521.014391783	0	10628.8182092012	230.680442849132	27232.780220021	17560.5053509047	68818.2200838078	0	2556.21681707557	2036.75221081004	2693.06408730712	0	22.3742685169459	4122.93594508776	0	0	0	76.8356663023801	8641.84440974286	3277.74361576158	0	0	0	0	0	187.492901293167	547.735968810195	7298.86796690013	0	0	0	0	61.0522675811237	0	0	0	0	192.52277561093	0	427.365873067866	0	0	0	0	0
01-2020-90-OR	257427.153510321	119073.787428433	6794.34338584038	457312.667329607	86643.8888329704	680145.828497042	36785.8264912489	151350.942581682	339333.25584197	3126.27469114592	518.677002765021	260.622779203817	419.359517917311	286248.74513904	0	11466.2036256681	35060.0995734985	24178.8416861749	51474.1975520538	7420.21477742379	152561.246000481	0	2779.69091643598	42765.2527902095	1806.37956492843	98715.7578791667	1365.27294257032	8767.50783049582	21301.8881294053	13481.834856948	0	8606.20253613971	0	55851.3588411523	54578.2114276304	1660.14313034232	13716.6008426829	0	88.8720252344159	39744.6313544964	18488.121041444	5478.04423752254	1020.05906420311	177.572813425991	519.190713893544	2060.83781058997	854.815317861665	6795.88451922595	0	10325.2512092193	14890.9444824856	3833.31244103591	0	0	16467.3526988788	7232.71021551303	0	3882.2862352884	694.708682805444	0	10276.2774149668	0	610.802531813414	0	0	0	0	0
GBM-BM-323-Or	66705.4782762536	30160.4206066385	0	0	2126310.09236021	9520.68779330386	0	0	0	7346.46478907074	71401.2021200098	0	0	26829.1909410343	0	0	127369.201402855	0	0	138.911134115986	0	1813.75740304607	0	13296.7847618365	526.631451490351	0	2964.60977366521	4276.35288822883	0	4529.5579934529	9187.47690830412	0	0	1266.90471051352	1017.216342862	89.6768081001933	4293.05739169847	0	0	6166.599333478	4924.31178597238	1776.83165853422	0	2819.54434879725	0	0	0	0	0	3138.68828350677	5465.01018775296	0	0	0	352.552941648799	0	448.384040500967	1032.16247754536	426.404430672488	0	0	0	5037.72657268733	0	0	0	0	0
02-2020-43-OR	647206.94968195	114.375881505805	6662.05059204598	0	0	400808.572880062	21726.5944067624	137809.501493475	175850.850781173	354462.569979175	1091.73845931294	5500.37748229424	0	3292.09615563095	0	0	36016.00047031	7313.85531436219	335388.669209746	0	282350.299218101	770.314671828256	0	855.063065956051	816.478431231201	210.148456983558	708.648157401933	0	0	0	2804.27613089535	28897.8243749095	0	0	20856.3730914502	0	0	0	14065.8218855438	0	37408.1478714093	0	6647.92585969135	0	0	1373.19958940404	0	0	134.357210202603	125.744568522949	0	444.756816337334	1084.15933463485	2321.62369116754	0	19092.1595697898	0	1190.26708012819	0	0	0	0	0	0	0	0	0	0
GBM-BM-385-Or-PreOp	166308.662929345	0	190.973630060177	110932.244850597	10107.9070731054	224828.461307816	59988.6975425919	78390.4904585657	17356.2313126722	0	1543.46257346643	2299.29207187989	165.256862346894	7067.54601445809	0	21996.5100975766	5180.17873666018	145789.269187939	133910.252887526	0	41280.4337971829	18529.4637332013	0	19044.5599385827	9109.97474965146	0	3222.05230509496	494.248884809126	3058.16497475647	79.12851604087	0	12807.5590021074	89.6282614386008	0	5551.01757049018	5595.90778632106	1339.85881488435	0	35890.4123227913	0	19721.4130911784	413.29432609039	179.256522877202	1155.73284486617	13074.9220841917	2891.69075062433	64.6723448410956	13270.004310277	0	755.829498413464	306.775169881527	9237.03688598632	5832.38031310474	3348.20142009089	216.842567996615	3713.8664663336	319.405298403435	2622.50162586222	9262.7536536996	296.12325426064	2069.66720513822	4596.75810108192	453.315094780292	3828.1463039234	0	1578.61389501536	0	0
02-2020-20-OR	24194.6492983723	30114.1555640323	0	0	0	295.213848989969	0	0	6261.57945575946	41488.0891348403	107603.104989788	0	2035.45262944473	568964.362526487	0	0	57918.7313531292	0	0	572427.853576244	590.427697979938	0	446.920965832036	370746.420924403	11244.4846409929	11590.0722816756	3587.66830369754	0	0	24898.7108985429	42.759148762436	0	0	3809.07869044002	0	48881.3216783946	611.514401479222	276.470112546161	0	6668.66998164841	0	0	19566.1178802796	76665.3965057561	0	175.722529160696	0	1747.26768162119	0	0	74003.2001889716	0	0	0	1439.1675138261	0	0	0	378.389179459365	0	0	0	910.828442816273	726.905528961412	0	0	0	0
01-2020-12-OR	9304.10756945637	0	21601.4688689271	0	0	0	0	0	0	0	0	0	0	0	0	0	0	0	0	23593.8823424661	0	0	0	0	0	0	0	0	0	0	0	0	0	0	0	0	0	0	0	0	0	0	0	0	0	0	0	0	0	6857.60916473876	0	0	0	0	0	0	0	0	0	0	0	0	0	0	0	0	0	0
GBM-BM-426-Or-PreOp	247.43449118475	9204.06696281719	21854.8529782781	0	22675.9137961443	160158.950955735	0	0	0	308.207874984513	20367.7654848921	72.5559786180846	1594.99125645909	147905.67248125	0	0	31334.2605779024	0	0	4113.36586473295	4045.15084210056	34.727647885579	0	198488.352036304	27237.6384005428	12549.7037546511	6136.25135406792	35.9679210243496	31608.3609415707	0	124752.253526679	9325.61373041672	9863.89227264319	54381.0160425391	8375.56450611838	11460.7439388104	23238.9978011462	37970.3420068949	4820.94169040162	0	4118.32695728803	3380.98457628886	1031.28711488782	92148.573391245	0	17374.9864010384	724.319513042075	74147.8691916968	3503.77161702716	11036.5705253509	7204.12652654948	0	5150.23420874524	2790.61456223402	5713.31821374712	115.345401905673	19320.3548192002	43864.7400989025	68837.6397480501	0	10056.754745722	0	1278.72160607257	24025.3309711268	0	48.3706524120564	1093.92090839574	0
GBM-BM-462-Or-PreOp	110114.05818525	2741.71889023308	124791.124905372	114427.71950198	2113.47283179658	154930.344705259	67385.8049559392	30563.7283161339	126515.040938257	4685.74225697249	22437.675249019	12054.5818529507	14611.8087668683	8281.78730131887	1074.21227456607	7276.37239441961	53762.1564507032	15467.4622013867	89316.4590901918	0	18259.1753202137	10878.61141399	0	4514.08065790675	7364.19411456021	8127.38034752004	519.630278615258	0	4670.92095911501	0	11079.9156087707	4709.85451766601	0	7751.98120626414	4376.92834937484	1169.55525033583	1926.98993487335	0	37928.5860708967	0	34824.7408434592	0	1765.72536564793	882.641469423107	1483.89949295494	739.073972266316	9.2909628360327	541.530405300192	0	1000.32699867952	303.28357257621	3485.65955731827	6809.16969180768	1901.99282057641	16.3697916634862	2941.9170180095	0	679.125140633819	1904.42616798585	14189.9548114322	1811.73775302638	284.922860305003	637.315807871672	146.222057967086	0	3071.32685751138	0	0
GBM-BM-389-Or-PreOp	38275.7357159512	0	64921.6064540937	28405.6365864623	0	482964.588714403	0	24261.404583969	27994.6931491899	0	26978.1052509373	5714.2679170725	1845.10289275344	1070.44137289512	0	18007.7734054764	16513.9608703913	19837.9630283288	104499.7677414	0	6958.69743881281	1773.85060322636	0	10513.855280216	29784.2855373118	12097.1474347072	0	143.333094048651	10399.5202109749	0	9740.02227535223	360.404022607879	0	0	128366.799187987	12715.2196206049	11079.7310214601	0	22234.8569074199	0	55561.0440462229	1792.90644809988	1107.72454764766	0	14198.2614607614	0	402.658287327423	4746.56240349549	886.511044115931	347.147782695865	0	1192.23307708675	2840.97791614348	126.762794158633	551.79098633758	1198.86119704276	0	1404.33291567898	946.992638714495	0	4211.34171704792	0	598.187826029628	1792.90644809988	0	4203.88508209742	0	0
GBM-BM-392-Or	6135.81128279316	89.744478273504	0	3120.49029663496	3946.4199482458	117604.529747535	218.752165791666	0	16656.9491028885	1071.79212854763	1229.31238468393	0	0	83525.4663806448	0	0	48515.304051667	503.877851973111	12806.8175011236	65.9061012321045	11140.468204014	4633.52611002732	767.034837743854	66695.104770259	38634.0630584281	251.004087671206	0	0	7518.43715119433	29.914826091168	10806.2635062768	0	0	2524.0634514423	0	144633.50995922	1700.00347646216	112327.834876547	0	0	1480.78389151282	0	0	12212.7277517193	0	0	0	480.97431324706	0	0	0	0	0	33.1867601948895	970.829590489936	0	0	0	2042.15429987989	4064.67699513745	319.247284691683	0	1360.18974883279	457.603355363335	468.353995989849	0	0	2798.43849699723
01-2020-22-OR	25153.9352207627	3107.37174173665	4809.97242761282	106414.574610322	1000.81272943472	121563.967965671	14258.0557226609	3003.87235987727	44757.1483964016	61390.4312727269	4802.32351255623	6939.23915648898	3315.56564843301	10814.1317184346	0	19399.3217836619	81511.3803862582	6320.15509409683	36230.7593656718	0	12055.1681863651	547.375483736687	0	6896.45303789122	2368.7733815854	2791.85399565262	7398.89114567048	8992.49479199035	6496.31916899374	1392.34156889354	681.470525822399	5341.81105264082	0	486.662220475063	9772.92315635728	197.915677089073	1457.83540406553	0	1372.02413827449	0	9849.65133551863	2619.514378284	0	0	2740.70187621173	0	594.703145649291	844.009970774778	0	31359.5956176063	983.841699152927	2014.05494583639	0	0	3845.73107329238	4722.00990446212	0	13815.6137923567	1660.53165306496	0	638.923435820159	0	465.388675473943	32.7469175859939	0	0	0	0
GBM-BM-307-Or	11480.7588273199	87884.1669919445	248.125166729098	1336.34177333327	65568.3637919676	9351.44730749635	222.35549065931	0	20083.4129758742	0	2431.18486806968	0	0	27981.4505530345	2613.7814299356	3846.30822253058	12349.5650491014	0	0	18490.1107183022	738.485288514199	4790.95091960308	0	45758.1093824331	12947.4215339204	1638.21512157935	225.300596495857	1220.7463692488	255645.494482721	6069.12685266455	3597.44677934235	0	1147.85499979425	0	0	12939.3224928699	5354.93868730186	51733.7291247873	156.090609336999	95346.3289052958	544.844579761223	1102.20585932777	1512.31184706696	70295.2586596257	108.968915952245	83.1992398824571	0	0	0	0	1744.23893169505	0	91.2982809329618	0	1127.23925893842	0	0	0	1446.04696574465	669.275301355341	81.7266869641835	0	407.897158361781	0	0	371.819611864078	0	0
GBM-BM-308-OR	3272.54352962234	0	3909.94089682983	0	0	59085.4525897304	329.393270301856	0	0	80440.4033085209	74263.2100316913	0	55295.2910639194	15297.5368129797	1454.46379094326	0	28742.7712098464	0	0	91468.6611116142	0	500.506657471652	0	63876.6274304847	4581.56094147128	48266.8086859201	0	8405.9451447162	6955.75918845219	12474.1659246781	4350.55786879205	0	0	8495.77967298035	7661.6019105276	0	0	0	0	0	13244.1761669422	966.790637509345	0	0	744.34323418861	0	8003.82868486719	0	0	18903.7514475832	0	0	0	0	0	0	0	2793.42604554691	0	0	0	0	1304.73957716969	0	0	0	0	0
GBM-BM-318-Or	18282.8017303718	5627.61168659184	22780.9605373827	1128.87485866001	38503.1295878447	3799.33151355466	4025.91571457602	0	1514.41481294891	0	2848.48709855429	38193.8883951242	24135.8415761431	88515.8117541011	13119.3408433212	0	57277.8271219644	0	274.559937462112	149.707418531973	1536.37960794588	13808.3417811208	0	43503.01055426	16215.7989169728	328.893904033562	863.563255933464	8759.32903642284	4239.78345533598	2492.42621123501	0	14722.1928571789	2108.62031970902	7038.56075468661	0	4664.05081133007	3306.2796679648	62142.451192872	0	1630.01899714349	0	87.281159066903	0	152.019502215864	0	2366.41765046292	3890.0807981474	831.194084358984	0	6617.76152421836	6550.13307646454	0	0	0	4125.91333390433	2125.38292641723	0	4638.03986988629	3287.78299849367	140.459083796407	773.391992261697	8747.76861800338	1032.34536485754	1378.00187559932	3120.73495233251	1850.24496803415	0	0
GBM-BM-263-Or	29811.6619894784	387194.540739671	12472.710623036	0	47982.6733685935	9842.22168533463	13235.9782724562	0	28224.5238944394	40264.8253770313	2148.94239493411	18493.6803210373	19820.3901837634	131182.122982216	15091.7341668619	14883.7191636938	58296.6141162307	547.063079198164	0	109425.719146919	1845.92841394111	0	21782.6104498694	10543.2486251455	63511.7304161318	33971.9620528417	8261.63524393874	60499.6076537203	16293.9626103693	25816.7911806032	7716.21007815135	106.464371700242	427.495400211739	2021.18514889382	9503.17360930463	1947.47904540903	5704.85240972217	0	0	0	7766.98539388531	7698.19303063285	14393.9830538726	2501.09377825029	982.748046463768	0	24162.4986357225	0	0	21009.5153199846	1500.32868426802	1677.2233326315	2265.23424709898	0	0	974.558479409903	0	5812.95469483319	1100.67781203942	0	1750.92943611628	0	5739.2485913484	2170.23526927415	0	0	0	0
01-2020-10-OR	1538.94826252076	6919.3329335445	10286.0295181336	0	60568.8892010099	0	0	0	0	72200.0148868995	22233.6484199658	7200.22066269354	43438.6938881182	13708.1124155127	49669.6540769876	0	183649.144715877	0	0	764042.316441767	0	0	399497.517988712	0	34201.0481477943	0	211342.301110852	153012.601412636	0	21398.8975629172	2591.28820552982	0	371187.199822649	0	0	0	0	102353.906035828	0	0	3584.28567054964	11421.4489303276	0	1590.37841011143	0	0	0	0	0	6962.85075073661	2065.11823402529	0	0	0	0	0	26185.8574540486	1871.26613926046	0	0	0	0	8331.68390968824	0	0	0	0	0
GBM-BM-386-Or-PreOp	3727.67175215954	0	0	3729.60719959057	0	140948.9591646	0	9913.36174172439	18191.2704042303	0	5678.60276263557	0	54.1925280687784	1347.07141199535	0	0	3863.15307233149	0	22474.4155690948	6379.23473266763	2328.34325952644	2090.28322551002	0	24825.9841977936	24630.5040072598	1023.85169101371	0	0	5430.86549146401	0	9665.62447055283	0	3702.51093555618	0	0	44811.4143705867	17600.9589377668	0	7149.54281021669	1678.0329227011	2576.080530698	0	0	396621.564803372	1887.0612452521	0	0	0	0	0	0	0	0	1689.64560728727	0	0	0	0	0	2078.67054092386	0	0	238.060034016419	0	0	0	0	17291.2873488024
GBM-BM-322-Or	3548.42733067182	231448.692079515	92131.8127560083	0	895322.847518794	45514.2823983482	0	0	0	3834.84747395475	5070.69735145331	0	0	0	0	0	56080.0032394517	0	0	56392.9437663719	0	0	0	6921.82012933741	0	98915.7268904317	0	2625.5179800935	2821.76881900958	22521.109784802	0	0	305965.666023623	9510.20957233868	0	0	7834.12132646081	72533.2492480376	0	0	4402.38368379314	4052.31461978068	0	737.266665117165	0	0	14511.953926335	0	0	2020.85323316288	12994.987982281	0	0	0	13615.564959394	0	0	0	0	0	0	0	2662.64651718573	0	0	0	0	0
GBM-BM-452-Or-PreOp	15051.5318047551	55123.6748763948	143855.009596785	722.52754737945	58.5224804731018	47317.6763271364	1609.3682130103	8677.08316245414	3323.40163148211	32165.981046187	31289.2692714073	8579.17055089337	14076.9074184146	68641.2424333645	18992.7957781551	15599.617343032	113098.06981122	1006.13649121064	5394.19709437648	0	2776.44152552197	1000.50932962668	0	22881.164432666	6131.35526187421	56579.9842943216	778.799163218971	2132.69424031785	10069.2429383239	0	9131.75781843747	3312.14730831421	0	15666.0178497226	13753.9083434957	63924.5555936959	0	27.0103756029701	20741.7175984474	2644.76594445749	5719.44703392892	1608.24278069351	674.133957757462	18850.9913062395	3488.8401820503	0	7521.26417311038	13774.166125198	624.614935818683	8922.42740751445	431.040577330731	1401.16323440407	6017.68659787838	722.52754737945	0	514.322568773222	0	25515.8014862724	19142.4782762883	6751.46846842573	1948.12334036422	9525.65912931412	1178.32763567957	3864.7345758583	0	0	0	0
GBM-BM-396-Or	0	59872.11788912	0	0	123745.410120769	47354.1581603498	0	0	0	1054.85505393954	0	0	0	3190.54681339348	0	0	77456.4996749889	0	0	31048.0736319642	0	0	0	2915.1413066999	0	194467.465707553	18436.5799575245	0	49822.415059962	0	0	0	410.510094882874	0	0	0	0	85058.7309257945	0	128375.34043141	0	0	0	28564.2277414071	0	0	0	0	0	0	0	0	0	0	0	0	0	0	0	0	0	0	2005.78350157961	0	0	0	0	0
GBM-BM-444-Or	0	2844252.41101291	0	0	1067627.16331213	18927.2235379287	0	0	0	32229.4890766335	10236.4100526415	0	0	0	0	0	96384.4154461587	0	0	128689.917468728	0	0	25844.4016180552	0	0	0	0	0	0	36916.9540759867	31165.3078335371	0	0	0	0	0	0	9349.59235006114	0	0	608.103567483651	6942.51572877169	0	34433.8645087618	0	0	0	0	0	0	0	0	0	0	0	0	39982.8095620501	0	0	0	0	0	10616.4747823187	0	0	0	0	0
GBM-BM-460-Or-PreOp	22878.4168907819	0	0	11119.3705243187	624.413162984099	16143.8445039202	1013.44189625013	8746.87184149752	17693.1760240242	0	70.8866654338276	0	0	10242.9535698641	0	5863.24299212717	2749.65644340689	691.908121937839	7562.82710929899	0	3345.57927195826	7821.61431372966	279.137443311197	28505.2579412469	9686.37453648174	392.081269098109	73.2608599698889	289.651733399468	6861.76137986491	0	0	758.724739595562	0	110.230460602842	700.726558786066	9232.56420944604	747.532108211273	0	1662.95368718688	0	1513.37943141502	0	0	105.48207153072	0	0	311.019484224019	856.066715574072	42.7355016491018	1565.95088185637	0	214.016678893518	0	0	192.988098716976	317.463726536185	187.900538996845	960.870445808774	2206.64423594489	0	0	592.531122071277	0	0	0	55.2848156254254	183.491320572731	0
GBM-BM-430-Or	31242.5626952852	0	0	38383.2673761981	20873.0727246736	34314.0265303843	1549.98587484551	774.992937422755	81094.4585269137	3726.09002202303	0	0	2458.01574703021	43187.3789092683	0	0	58254.3396954028	0	11035.7304931099	0	1756.93221780853	0	5032.17484980497	17514.4180462788	29060.1234559761	201.66709952009	0	479.355304618434	16899.9141095213	0	0	320.978001330405	0	0	765.490299225473	5459.79356868265	0	0	5965.54509051575	0	2362.98936505739	0	0	1521.47796025366	0	0	0	334.704034282034	0	496.248883635824	0	0	892.192141855896	603.945449871684	469.852666421152	0	0	0	9499.47065121597	0	1765.37900731723	0	1056.90453727545	0	0	0	0	0
02-2020-29-OR	530456.280345311	335484.608690381	0	89786.399243152	3547.01148842533	641.026172606988	77863.3124326621	41161.0027943976	13839.042815282	10904.5674473478	0	3518.52143630946	0	38148.1797831447	0	242877.694287759	66866.1523159378	31346.1798404817	918.804180736682	133376.178980427	95826.2902917157	0	0	4252.14027829302	0	189658.276935321	225655.457783718	94651.0756419362	0	124273.607329408	0	27727.9432217667	0	17706.5673900108	0	0	0	0	0	0	3254.9884542377	0	0	0	1545.58532728574	0	0	0	0	0	133376.178980427	0	0	0	0	0	192.307851782096	0	0	0	0	0	1331.90993641674	0	0	0	0	0
01-2020-29-OR	63262.4453050736	185185.802796998	0	1784.58123433992	0	0	0	0	20793.2497368897	0	0	0	0	58012.3224479188	0	0	29631.7241082549	0	0	0	0	0	0	88845.2808063853	0	4087.26669800433	805.939912282545	4743.53205514869	0	4831.80166458916	0	0	0	183263.060434838	0	0	0	0	0	0	0	0	0	26810.934415266	0	0	0	1585.01516082234	0	9126.31005432329	24350.8987782512	0	0	0	0	0	0	0	0	0	3523.10875940655	0	0	0	0	0	0	0
GBM-BM-279-OR	50326.1679830789	34806.1444715339	3871.10678183607	0	13286.3504029454	23338.7693012489	236.715954935263	0	0	0	0	0	0	18497.6610499413	0	0	68195.5528518762	0	0	0	0	0	7110.37774410809	82864.8227810224	3351.39957250451	1614.29602350589	0	1868.81017054155	4358.77724538691	17162.7966424116	0	0	0	0	491.230101970922	379.101491738429	0	0	0	0	0	121.027706282691	0	0	0	0	0	0	0	379.101491738429	0	0	0	0	23214.1819565461	0	0	0	0	0	0	747.52406821662	0	0	0	0	0	0
GBM-BM-291-OR	2995.06885593211	1506923.46404252	0	0	0	67877.009914776	0	0	0	0	0	0	0	16186.8328056556	0	0	0	0	0	0	0	0	1103699.69964051	0	0	510978.938297451	0	0	6124.74754808588	157224.288706908	0	0	0	0	0	0	0	0	0	0	0	0	0	0	0	0	0	0	0	0	0	0	0	0	0	0	0	0	0	0	0	0	0	0	0	0	0	0
GBM-BM-260-OR	0	1306107.92836592	0	0	0	0	0	0	0	0	0	0	0	0	0	0	0	0	0	0	0	0	0	12173.8810080874	0	62791.596778556	0	0	0	0	0	0	0	0	0	0	0	0	0	54205.8070149575	0	0	0	0	0	0	0	0	0	0	15078.5263012451	0	0	0	0	0	0	0	0	0	0	0	0	0	0	0	0	0
GBM-BM-286-Or	52011.6367651262	31530.6721199825	1401.88069543792	17195.161221119	21624.3590329511	24488.6667661548	46.5741094829874	0	11061.3510022095	0	0	0	0	20522.8813436784	0	0	2922.52537005746	0	3325.3914170853	0	0	0	1332.01953121344	0	2025.97376250995	24076.4858972304	0	0	1217.91296298012	1082.84804547946	0	0	0	458.754978407426	0	0	731.213518882903	2594.1778982024	0	0	6075.59258205571	0	0	0	0	0	0	0	0	1117.7786275917	0	0	0	0	0	0	0	1816.39026983651	0	0	0	0	0	0	0	0	0	0
GBM-BM-428-Or	12005.8645262805	0	0	0	0	0	24364.2764875379	0	866.32816786149	0	0	0	0	32949.347984332	0	0	0	0	27.6743720289087	0	10047.0002800603	0	0	20915.8090860226	3630.15567005294	0	146.794495109864	0	0	0	0	12195.9754297834	0	0	0	0	0	0	0	0	0	0	0	0	0	0	0	1514.87106019113	0	1985.33538468258	0	0	0	0	0	0	0	2290.95671056705	891.59607275745	0	0	0	0	0	0	0	0	0
GBM-BM-464-Or-PreOp	95136.597656203	88485.1891597161	13361.8214231846	5777.07012154548	6066.72823348926	73648.2569812622	1855.95753208425	19090.6151927394	5460.59181405134	7209.26856393419	20147.3308974232	799.241827400442	0	14493.6336754094	0	305.750229273995	53050.3467985931	2118.79544847768	4720.35441686167	1308.8255428571	11650.6929470722	0	4323.41552271649	8700.47143653367	33262.4065215446	146620.645034656	5031.46868524574	1662.85212412173	35429.4783220129	0	917.250687821984	2290.44469999993	0	1587.75557658074	0	493.491598126448	3207.69538782191	5369.40314918015	8121.15521264611	88120.4345002313	788.513749180302	0	0	98682.2275079593	0	0	2676.65551592497	2086.61121381726	0	40820.3376276333	2971.67766697883	1834.50137564397	10518.8806948474	4688.17018220125	0	3840.65200281018	0	64609.8510807942	38368.9717543313	0	19530.4663997652	6442.21097119417	1914.96196229502	2102.70333114747	17148.8330348941	0	0	32168.1425430903
GBM-BM-259-OR	133210.974139936	0	0	2512.54741333519	0	444.291920650734	0	0	0	5591.95003577648	0	0	0	0	0	0	4979.13359349961	0	0	0	0	0	26780.0785274994	29139.4218302654	0	0	59427.8744897999	10188.073352853	0	16254.9561313941	0	0	0	23317.6656286351	0	0	0	0	0	0	0	4044.58851902737	0	0	0	0	12271.6492565944	0	0	0	0	0	0	0	0	0	0	0	0	0	0	0	0	0	0	0	0	0
GBM-BM-379-Or	0	9724.52160559233	26899.015695469	0	12059.5056069351	5636.92608324166	0	1664.70624095733	13603.3420878229	1939.41024111531	4384.27584252129	0	0	0	0	0	1296.60288074564	0	0	0	0	0	0	39908.9971429507	4104.07776236015	4428.22848254656	0	0	12911.0880074248	0	5510.56224316899	0	0	0	0	0	0	0	175.810560101104	0	0	0	785.65344045181	8801.51616506153	0	0	0	2499.80640143758	1950.39840112163	0	0	0	13317.6499276586	2477.83008142494	0	0	0	0	35315.9462603093	0	0	0	0	0	0	0	0	5494.08000315951
01-2020-108-OR-ab	0	0	0	0	0	38624.4167381838	0	0	0	45061.8195278811	0	0	0	0	0	0	15255.762775584	0	0	0	0	0	0	0	0	0	0	0	0	0	4409.17999294336	0	0	0	0	0	0	0	0	0	0	0	0	0	0	0	0	0	0	0	0	0	0	0	0	0	0	0	0	0	0	0	0	0	0	0	0	0
SRR514211	6312.67493779392	1182.09210435475	37308.0392155941	10182.0564260485	19696.9885644854	433516.214943505	3822.09780408034	2338.11756230577	8322.23151519699	4982.06356904588	0	1063.88289391927	2757.00250800276	48398.4879587582	0	3072.5301697036	2505773.98856694	2541.80112490228	9269.72380191825	0	2313.86951913952	22788.3109676429	0	83191.7019974725	5907.42951637795	575.284824119309	0	2154.13553478184	3777.84512530194	18813.1473910756	118220.425155439	815.340451465196	0	1361.22452324543	4788.68542479503	0	181.557223207306	14830.1032004792	784.121095888648	0	51871.110840705	5908.64191853626	4168.84482135774	57817.6403266885	1293.33000237992	1831.93966121028	6258.11684066985	397.364807386941	149.731666551601	137.001443889319	126.999126083241	1381.22915885758	24946.9930105184	2657.88863156071	3509.90424831486	8471.35698066943	39.09996960558	0	2723.35834810959	268.547078066232	58.498404138581	253.392051087325	56941.6797673077	0	0	0	1326.9741622731	0
SRR513822	134.266530173518	541.809231814333	2032.97039708381	0	57654.1575129191	259411.327953373	0	0	565.159932714075	1706.2430118382	6328.22237118094	0	689.028103893177	12148.7494251433	2511.84219287931	0	1040234.8680578	0	4589.50729090403	2391.44014136501	0	4874.27638547042	0	10761.2069951164	36353.7576085847	729.162121064609	1265.86338705712	1662.2780203004	5421.55843780813	2761.22038139452	358936.940726545	0	3703.82250287084	0	3458.45771607277	1018.12704469892	5683.15925882556	37964.4086886146	1649.50810574586	0	54528.8121393693	4104.98024723438	1538.22742177052	217516.157137518	0	0	519.735522370045	85.1935728139035	55.6403419876671	0	0	0	21871.9447943258	902.832959006442	3702.72793876616	318.335727109768	4670.68746200079	0	3743.95652004227	656.738462805252	345.517402375874	1972.95179867744	15504.3181153765	211.250872202356	3042.70578364689	352.996923757823	0	0
SRR062041	0	51568.3712347472	0	52.234020158303	4510.42996290031	7408.30197014428	0	0	1895.15739805125	0	776.813633123481	0	0	91637.6684761833	0	0	6014.94832130613	0	77.6813633123481	0	3614.41561710788	0	0	306740.488600392	66821.5980102052	19281.0501076649	0	139958.601568781	100842.910028697	84135.6131365241	0	0	0	88493.3590405001	745.116065335109	9621.77437992946	12710.7246831371	2338.47690247172	0	0	0	21078.4361346506	0	86.6102556471008	0	28073.3303896958	22927.6097371779	1691214.80045625	0	161.166506642285	111483.024579405	0	0	0	40960.8471410611	724.579612965178	0	5735.02754661163	91195.2418609963	0	20386.893423324	12366.5158836324	5280.54692677272	555.823547838353	0	0	0	0
SRR061999	0	104.279464362022	4151.62617491301	0	1025.95785510344	29.8717215620376	0	0	259.069294274399	952.093234513671	8304.88171645667	386.703013675832	28834.3581405196	299.803460040814	25048.7963352941	0	99704.7459853487	0	0	0	0	0	1738809.01474896	0	334.563281494821	0	289330.434461163	471271.486784591	72.2352539591091	733.214983795468	14.6642996759094	0	404215.98934434	0	0	0	0	58557.2642169572	57.0278320729809	0	0	722.352539591091	1854.76234789743	100566.680932966	20.6386439883169	0	0	0	0	0	0	0	34389.4121066381	6254.05225067024	120.030008458369	6214.40432932426	211253.90113115	0	10213.956285376	74.9508650102034	368.77998073861	0	31864.4369513306	247.663727859803	53790.8237000764	6932.4118912336	0	381.271791573644
SRR513445	1104.58644482856	904.847793783212	2465.97972671542	414.061394071785	2101.69447266605	1389.61032941549	0	304.046613257919	3510.64457623038	6992.75505945428	61015.4022121861	15849.7375286651	8301.51879201809	50608.0673562899	713.986416117657	0	38390.7198673495	235.881835520221	637.895501433715	443.863668989662	239.052290298718	235.247744564521	785646.937294127	33713.6649781098	36328.0219884589	652.796638892654	62917.3580338068	6891.61755202021	5179.88901710936	4655.17875126801	1275.47395738958	0	35256.0912278489	0	3297.90706059319	21749.3197804935	1558.91261458726	108233.619319306	954.940979283474	390.600028710903	375.698891251964	6497.53002305296	985.6943906349	67770.6902087309	57.3852314908064	0	103.039780301172	14514.0249304841	149.645465545086	11344.5212884201	2423.81267816141	192.446605054804	17756.1319869757	790.711421757299	748.544373203281	28258.5804862269	84085.2164079238	6267.67205161188	69725.5926251525	717.790961851854	995.205754970393	3244.00932935873	5396.1140330029	2983.39794656623	0	88.4556883200827	0	19436.7900650573
SRR514198	533.066457312791	286.527936538616	928.244881966117	0	493.64292950728	2107.36675905821	0	2520.27633975803	3700.71862208763	5099.02776860558	10796.0104804813	26.7853633893901	1105.55644243109	17674.0013626456	435.545099057054	0	104145.265444341	0	0	1428.48983766092	0	31.6897257001235	0	14505.2174219529	42987.1129122175	0	0	166.371059925648	3630.73714449986	103.934755123619	500.810843653737	0	2899.04401360237	2275.05822422136	166.559689245292	6116.11706012383	806.767600115644	451363.553802366	603.047934900564	0	178.820595022125	65.2657445966829	880.333034776644	46665.3846452675	42.8188555590954	0	0	591.541546402305	568.151510766499	0	0	0	7276.18737593192	999.169506152107	116.384290220096	299.920618233311	40022.6145246988	0	1121.77856392044	3844.64279297569	48.2891058287596	0	2544.7981513117	0	0	0	1141.77327180266	19913.4086454544
SRR061437	4461.45471831928	328.967715366626	19705.8264162414	405.092475947332	5637.31039514627	1723.48788304534	0	2290.9280626801	9514.04150604588	9179.05372032721	9852.13642484948	589.966894500477	4955.10048718702	43024.2776311637	6518.57101635863	2078.28364218042	198805.443935232	1071.18413102852	452.08786385685	0	956.60859852184	1586.77402730856	1126.91833073939	143193.587589577	365142.900699522	682.015712141434	140.015184639514	5735.37928313927	28781.1795698592	1718.82718341795	1046.13287053129	222.74260302569	598.12311884841	336.347156443327	317.31596629815	14440.5952080151	10355.2977887898	29219.0911390161	503.743951393758	0	416.550029198	2249.75854930482	1884.67041182592	91016.8610651253	364.699745843284	0	5072.78315277863	0	387.809048162427	1552.98395500998	0	814.068868250823	17775.3257914128	2091.87734942697	2523.7688482318	2169.94406818576	136.908051554587	0	25374.9849255082	127.586652299807	3653.98850787392	0	10291.6015605488	0	8442.27478756394	15.1472737890182	3876.92530671742	0
SRR062429	13074.0047024308	0	43637.7669697512	13235.4121678929	21657.4760194135	1328872.84595807	1197.22876904693	3153.36878625285	14280.1182860903	17280.9644214937	10892.7827150392	4691.18211544918	7361.06890653342	8162.92342531995	0	3924.86685511302	182911.678429455	11.1060182657414	9988.01242699012	174.734687380998	2896.44956370536	2798.71660296684	0	33529.0691442734	88949.5810927585	9765.8920616753	59.2320974172876	824.066555318014	10782.4629335995	0	555669.633093494	685.611527605104	0	776.680877384184	334.661350407675	6052.77995482908	487.184001257191	2492.93090005009	4862.2147967416	670.063102033066	12470.5777099922	4780.03026157511	2773.54296156449	38659.3091818282	3995.20497079605	4303.95227858366	1565.20817425183	195.465921477049	1565.20817425183	2218.24204827742	0	126.608608229452	18393.787451721	2818.70743584517	313.189715093908	3837.49951142252	1260.16287255279	988.435625650987	6437.78858804145	2674.32919839054	2337.44664432971	0	3735.3241433777	31.8372523617921	8994.39399281512	2588.44265713547	3816.76827732647	17805.1684836367
SRR513162	3285.33456804139	1140.08605266033	677.543122379599	115.544320923882	5281.03363007477	74131.5543304707	0	0	679.37135530561	2794.27120411489	35035.1588543152	0	5113.20184746698	52544.1455867205	36731.0277164828	0	600483.104548244	0	36135.3894291885	0	0	3183.31917076999	0	4417.37639582727	6675.975352621	251.930497204287	0	3277.65598975214	740.43433503437	92.508586056146	103239.582038659	0	345.170376430837	0	5826.21268861118	0	331.641452778357	25598.9174300031	107.865742634637	0	38274.7875992063	320.30640863709	1877.96086159828	103775.98557915	72.0323772848251	0	428.537797856929	0	83.0017748408899	388.316673484692	0	0	5757.10548400798	0	6.947285118841	0	2142.32334269944	13.5289236524798	1478.30914397232	0	0	0	12189.1945642991	78.9796624036661	0	828.189515482888	0	0
SRR061945	0	902.433020620516	117.64951964382	0	8675.46197743476	0	0	0	0	0	253.660525012398	0	0	4805.26881967187	0	0	7112.6955257498	0	0	0	0	0	110761.242276928	3982.40223719197	83737.2156202457	3727.38160212588	392897.711428319	0	8870.63777013867	0	70.7257227916606	0	245395.13621615	29703.4434624438	196.535902757595	356.348834065675	5379.23526232727	181739.945538575	0	0	0	0	0	44342.3079702639	0	0	0	128.530400073306	0	0	0	0	0	0	177.494362005995	0	90150.814578401	0	15325.0400299045	0	526.362590776397	0	1090371.66772876	0	3133.0135086652	0	0	0
SRR1804049	7471.0383219556	547.480167388381	15379.3721235233	15747.8021732752	0	270025.224162171	6572.77487121696	1600.26042637579	4460.32781025613	0	20337.2526645192	2058.64594388257	17101.0078700276	23748.2434872809	4046.70482215846	1702.26734435617	660173.708856253	1541.29440205801	31284.7039676037	0	1923.49753778198	18620.7818252544	0	15225.2857242112	9428.96857466766	308.172798624277	0	382.63354466059	4564.05636398301	0	37414.1576340958	814.76411703318	0	0	11362.7959269287	3295.21081880931	938.721890781493	1696.67202818003	7302.31801879817	0	61373.7319092601	6882.66930558774	1776.72809039248	47674.676274325	730.403965454468	0	0	0	1713.02756777182	204.444244897391	492.387823500242	679.615710932589	32826.4287785983	414.053397034295	2231.23992746963	3604.67484424347	52.5098902683825	0	25114.3614521321	0	215.634877249669	67.5742030502955	26729.6861912898	6.45613404939129	0	0	0	0
SRR061985	472.046407173369	7762.71410060621	9852.18744254719	0	292.134380288425	1117.7702660426	0	1781.30719688064	5359.0627018154	23895.1227291557	15748.0916008225	0	4497.13268192478	7930.3796405126	2874.58448896613	0	68575.6511485127	321.971275836175	0	750.152993286358	0	0	0	1287.21711314587	7101.84913056349	2699.348393473	27430.1268613653	1907.78000785916	6984.28285556937	2534.80014116115	669.10351582829	0	4627.61343409629	87.9520428459815	1258.27087119656	1780.86187008142	957.452618323343	12848.1234843008	2470.22775527422	8122.98348117532	643.49722487313	705.842976763952	750.375656685969	201195.975926873	705.174986565122	0	1953.64866817884	0	246.265719968748	423.283122658761	0	63.4590688888727	22835.4676104113	2009.98250828019	0	88.6200330448117	287989.278441283	0	2141.13125065053	8963.98314150259	120.460899189053	558.8851330213	29492.2126051543	1010.44650743054	109507.195908635	5748.27832433382	1828.06651079875	172406.489010888
SRR1803912	11220.096841712	11902.7675690721	8335.29172290725	14032.3738619924	57559.2055901303	98205.7652056213	11261.8004983635	6106.86589574758	1233.88427614496	6477.66579945315	49465.976396048	1806.85625448707	15235.4336962646	45389.8972589813	51627.3137320727	1263.80211678624	1164130.3773892	1731.60835226809	1688.0914931535	4430.56021860428	1553.00790965196	8514.79876675494	242.062528824911	30339.4102139538	23095.6663738375	1212.12584658766	13880.9714563229	0	1668.14626605931	9187.49688056799	1714.38292886857	194.919264784105	17672.3778066816	1065.25644707592	6043.4038095388	2543.0164545089	2252.90406041163	3931.92954124959	525.828714301306	1722.54233995255	13177.448900637	975.502925152077	26143.659714322	57230.1093430762	632.807659624675	0	4662.65013388209	155.02881059573	0	0	0	359.920688926928	50908.3789554504	7318.99174233524	0	1602.87097738743	40880.4627332318	0	9583.68161875707	545.773941395493	0	1500.42503822183	23775.617297503	238.436123898695	1393.44609289846	0	0	0
SRR061472	7882.89495209516	0	14750.3113339512	3775.70455654199	20595.7811291971	8578.20671197228	0	0	4904.37341327274	2551.63245833973	6165.63660560797	2626.01464660565	918.458324674883	0	0	0	56865.1829292986	221.529560705033	3014.09562886264	0	2446.52719231179	0	0	640.333620724038	39192.9451997708	688.843743506162	0	5771.08760698003	3214.60413636209	132.594335604472	4027.95719500904	282.975716229057	3578.43005722802	0	0	653.269653465938	0	1689169.36839225	2276.74176257436	0	900.67127965477	69.5311759877112	0	102464.698344495	95.4032414715107	4674.75883210402	0	0	0	0	0	0	12999.0959015165	0	0	2165.16848017547	93457.9855479475	0	7869.95891935326	2184.57252928832	0	0	1859.55470664809	0	0	0	4694.16288121687	0
SRR059334	0	0	1650.98638907893	0	323.134234440047	13460.3949133141	0	0	2306.0836621787	0	1931.74236326455	0	1161.87063530902	0	0	0	513862.891997652	0	0	0	0	2608.02876649153	172055.736632996	0	0	0	12468.0373190228	70.6304337573874	109.47717232395	0	0	0	81712.3488139215	0	0	0	0	1332227.71001015	0	0	0	0	0	77313.8385516802	0	0	8503.90422438944	0	0	0	0	0	1705.72497524091	0	0	0	599228.599997675	0	321.368473596113	2623.92061408694	0	0	11057.194404719	0	1744804.79423887	0	20948.9866524411	2408.49779112691
SRR062326	3881.61984742353	840.40150347392	0	655.973216543426	139573.602384621	7479.40907954868	827.668147360679	430.880340735162	3682.81519068776	4374.11320160986	37746.1858073	842.044517165951	2338.82999060631	11920.4750891088	324.084450753139	230.843423730373	83560.3903493189	136.780889861591	605.861298936477	18506.4954736156	313.815615177945	354.069450632707	76495.0207201621	17730.1715041309	84498.9619208917	14727.974735367	86702.6540353284	13188.8816593568	8506.29263706814	3264.25745264284	5597.74764875004	0	30166.1421391144	2266.12663473393	1761.31067785736	34465.4982177369	2225.87279927917	360882.617660137	379.125409436182	3316.01238394182	253.024108572793	1829.90649949966	186.071300622525	47115.4713861075	524.532121180936	2137.56081333249	0	15887.942401941	1433.52944629716	0	1671.76643164167	400.895340855594	6793.04010970268	0	481.403011765119	1310.30341939482	10078.2459869189	0	15403.2533627918	168.40890343319	1544.43287050926	24683.4054488066	12705.4248804767	707.728147842407	7698.34065401183	1069.19116008925	13586.9017262514	5591.58634740492
SRR1803336	0	172.127024207811	92628.0178736935	0	165257.425564428	2129.27504020033	0	0	715.829846705501	12376.29733054	14927.6934062975	0	4216.20136809557	23112.8343061267	1378.83764365411	0	80896.0584776881	0	0	8334.95516163962	0	0	257793.915576042	0	35298.3347500447	76.9562621458204	360647.098340176	0	15088.8917305556	10665.0450634157	0	0	47138.6704205514	0	206.279211550631	18321.510103178	78.3223496395332	399658.458898132	172.127024207811	0	1098.78970744299	1003.61894538099	402.540448147368	19079.2332996907	0	0	0	0	199.904136579971	56.4649497401286	0	790.053933863896	2175.26665248866	928.939495724696	0	0	5238.03481339273	0	52297.9275218067	0	0	0	38288.2449112841	0	0	0	129.778311902715	849.25105859145
SRR1803923	4485.78911932559	10805.1539786977	42663.7122243336	1285.30064130712	813.604294063783	18524.8673689485	0	1055.56438681894	779.44945184723	6369.33878640476	6977.65450251431	1910.15449154259	2492.94395715345	15431.1577134386	564.813232865313	320.336467525776	308388.384669116	33.0762682518197	71.1858816723946	2064.03104384453	659.727741761839	0	0	11566.2676731445	56710.3404917096	6817.66603107888	0	552.589394598336	3688.36343473281	1948.98315427298	723.3636056811	428.553388654012	48698.3335570161	1727.15644219285	462.708230870565	1943.23075979441	7261.31945523916	55608.3974244071	1966.24033770872	1612.82760193112	1104.10021523194	1907.99734361312	0	98364.147960398	100.307378720192	0	8277.33613001788	4390.15556111924	117.205037501013	0	0	0	16478.4530331946	1358.64367090899	3682.61104025423	94.554984241615	31260.3092198638	0	3075.37389810941	0	864.297270406245	24486.1456720292	10234.9478760087	3408.65325321199	0	5162.77404452316	0	0
SRR061193	2594.58695748144	4545.2839183479	1976.2103992817	1908.3187072276	11995.6403667559	77359.772293107	573.403717603398	293.620757354983	1009.72675761986	1790.69743182177	11637.1549354638	876.970391628726	2373.18220377636	178914.067964728	0	407.350152324586	356809.328117486	26.8107318939749	5234.14675555922	37160.9716985279	2539.66820021475	14383.9576611175	21346.0993303594	188251.121562385	126749.464753405	1008.42946414112	214.485855151799	1388.53645341215	1475.88754764736	9346.13465200772	774.48420680821	435.025746537721	3086.69361708375	499.890420474757	5637.17259628801	76804.0982530464	8084.73295951216	15307.1981868213	370.593503760266	0	2676.3164466421	5772.09111807704	714.808706786136	39706.6939349768	271.13433705681	464.431065389178	0	179.89136238538	950.483688757367	3288.63896860772	1481.5091527219	145.296869618961	4669.39166114743	1078.05088083354	1907.45384490844	1801.50821081128	9014.0275214501	1677.83289917133	17163.6251548993	2386.58756972334	0	1082.37519242934	4558.25685313531	126.26989859743	0	0	0	0
SRR1804146	24024.4123004747	18733.6915898255	49795.1673006725	37189.3998353978	281107.313123168	50744.0701337864	14133.7721416831	19373.884701233	21173.3659596104	5411.45729970067	6619.54616380219	5067.32187222472	2681.50903468134	93723.0424549561	0	9406.97082899871	50502.5969556835	4029.49328789335	14181.1269116404	58458.19830851	15572.4895800805	2891.1713749503	0	24657.3756760109	11305.8609556071	9086.69352989818	474.993646747274	669.473541686416	49217.1499177586	713.936417295179	234.966415818667	2680.42457430063	7244.91831667341	1364.25115892253	1968.29559097329	2579.56975889539	1874.30902464582	19140.7257193821	889.618998968828	16188.463076319	4288.67931888101	1285.08555113132	768.88240991739	13003.4029381986	728.395889037866	3470.99619183205	2618.24884580708	613.443088683503	0	0	0	2526.06971344745	1938.29218710722	0	1361.72075136756	6353.13039694317	0	0	3199.88109665667	844.071662979364	991.91976154834	723.335073927926	2462.08655098606	0	135382.587979606	4686.67627859848	0	0
SRR513159	3394.04124592445	23549.5497630557	70895.3407854762	0	552410.032625407	1482.85987341907	0	0	5462.4545611324	16661.1641353448	15170.1715752342	1469.30539559988	797.003295768202	6376.02636614561	0	0	403655.060350956	0	2111.78764422935	5354.01873857891	0	0	77553.300290261	14093.9460363908	59002.6419469215	7742.31773031968	11797.8174938205	0	183779.74295923	3871.15886515984	5608.84292157962	0	164982.393119582	0	0	0	913.571805013211	2086096.48697086	206.028062851644	0	3133.79527179606	702.121951033892	384.947170064914	1699566.15389667	2602.45974128392	0	0	197.895376160132	0	0	0	0	2645.83407030532	0	0	0	47256.3314688139	0	1393.40031981243	4142.24842154358	1146.70882350323	0	7614.90563881932	0	757990.797709018	5893.48695578255	27138.7754895764	39730.8853836012
SRR1804050	5473.33322291642	0	836.370259527651	849.625939112617	3679.39791908428	1095.17162285319	1347.02953496755	125.613344638492	71702.4957664336	1514.93480971046	6083.72570666226	785.872432537302	582.618678901149	34521.5769762772	460.161448449553	614.179820770117	51457.9169260027	266.37603737409	717.069143262952	258.170140488158	1069.92270935801	0	34318.323222641	30390.8547284666	20188.400007904	0	1237.82798410092	1072.44760070753	1184.80526576106	697.501235304192	138.869024223459	39.1358159175203	12636.4499814974	287.206391007608	0	13980.9546251154	88.3711972331103	483191.613671339	320.029978551335	0	658.996642224051	1076.23493773181	106.045436679732	131866.86928841	309.299190315886	1455.5998629968	2077.98558065285	15016.1600784176	379.364925264995	861.619173022825	1572.37608791198	0	6541.99348659968	1412.67671005501	1630.44858895088	323.817315575611	3306.34522219308	0	21931.2062619085	0	848.363493437859	8265.86305548271	999.225751571526	5467.02099454263	0	158.436932182219	0	0
SRR062027	1508.10223760314	5180.31335989921	2896.76848239374	0	2228.28344799519	9592.31458692969	0	0	83.1892487251537	2226.50082123679	7895.25391293655	0	5511.8819369609	13587.7753614149	16659.835475051	0	375994.012716594	0	0	0	0	1101.66333668882	0	44849.7008234082	27827.9921164028	2139.74631899485	55524.6640616038	310.771264880396	3608.03655899381	736.22485121761	313.148100558257	0	8608.30461629501	0	0	0	1511.66749111994	53255.974407085	0	163.40745285298	43.9714600404384	3347.17884334851	1573.46521874434	69854.606363431	0	0	240.060403464015	0	0	2086.86172516243	0	0	10473.5264144968	809.312548311852	0	918.052780574018	6195.81640326555	824.761980217952	17143.5215354958	1641.20503556339	162.813243933515	0	8567.3042008519	0	14027.4899618193	9303.52905206951	1077.89497991021	0
SRR1803362	8512.50943357966	0	2539.87817423777	2222.39340245805	49224.0142816929	1298.5045550168	2716.16791897921	102.835684432506	4892.85657280058	905.117254251184	12760.6025881129	1429.08955112157	4545.17402067163	55430.066221572	1222.6020260309	1696.78879313635	510286.989278608	48.9693735392886	1733.51582329082	0	692.916635580933	1865.73313184689	0	86935.328844299	232323.766569995	0	4364.80349480192	3049.15965904637	1145.0671845937	1016.11450094024	0	639.050324687716	70739.524702405	0	0	32408.7475645268	4732.88995257224	482287.933801294	26.1169992209539	0	82.4317787911358	1666.59101278712	0	44896.7539732711	376.248020026867	0	0	0	0	1336.04774139692	0	0	7619.6345227133	3027.93959717934	1638.0255448892	2920.20697539291	19301.2785805106	368.086457770319	2963.46325535261	0	0	0	11674.2986517664	25.3008429952991	237574.915725858	88826.3628191412	0	0
SRR061142	1072.85631028575	1519.48461404283	502.049334150295	0	20300.6937961198	2036.05603637103	0	0	1319.43544016358	769.967042575246	6156.17991084411	0	2603.30658274864	114092.044846814	1007.06235976547	0	142252.744776936	0	0	2709.40673719126	0	0	185115.725326024	5639.60848851591	62298.5728066097	2037.83425124996	23249.8631728196	342.899102486358	5427.40817963067	4157.76275607703	471.819681208542	0	20902.0267943435	1502.88794183952	0	20615.1414605433	1977.96768365943	7037.87812164525	80.0196695516999	584.736326020385	0	368.090479937819	609.038596032382	38029.7925081651	0	0	1253.04875135032	0	86.539790774431	263.768540374122	183.156132529446	0	6702.38824782108	408.989422153133	0	0	32308.682504365	139.886237142231	8625.52763938027	82.9833610165776	0	0	3885.39951045476	1089.74935163556	0	0	538.206370021804	327.487906868994
SRR061371	2750.12824153435	6107.54780527415	3047.60610014593	0	65764.6685082241	842.379486387343	0	0	0	1701.36459486624	79165.6427592822	0	2025.41144882431	59430.0981266411	853.528975505959	0	122693.959947877	0	0	57882.6913708809	0	35.1090295650033	10609.0947311221	2449.32925850445	3270.59588251825	4371.54862718838	77079.9766245828	4332.6440268596	6855.98691525784	55672.9575168403	219.905881126744	0	26935.2679251941	110.07155214974	1511.82327984977	80756.698578826	504.099242065081	20635.5693500034	98.2103935129146	16776.4227759259	5.93057931841272	10057.0764081643	346.345832195303	38735.697429799	5.21890980020319	0	324.046853958071	313.846257530401	294.86840371148	4.98168662746668	194.523001643937	0	22485.4356510027	985.425059547457	0	113.867122913524	30328.7454111899	385.9621020423	71490.5242285652	288.700601220331	0	1370.67549207155	8913.18626922884	8065.11342669582	0	6197.45538774129	2464.98598790506	8632.31403270882
SRR1804565	3489.10561242762	31947.2806725327	4946.41231796023	1575.28041554934	37543.2111692368	9665.09560916905	201.748299601658	693.261239761282	5764.27500425604	12022.9791527395	9583.44189526982	12.9903635748768	190.878811712475	16933.8668029644	1174.96512987457	318.661571775549	118560.132143833	279.95559051163	3553.26210191987	137.856919570121	1703.59339453384	123.275899230974	0	29421.5828403317	65077.744868222	20289.622356654	0	10066.7364421474	16429.6286086906	15571.7343938273	2338.53055293853	0	27639.5170454271	568.924902687461	477.4621387419	9432.0643932034	4352.56712596586	121478.191977887	1364.7835037442	0	2581.37081895052	15023.2229196147	0	52054.507720217	24.1249609247712	52.7567826816425	0	2368.75303145968	76.6166341457019	1523.05385178913	672.847811286476	242.310047090559	2285.77377025689	725.604593968118	34374.357785349	1722.15105678367	85668.5315722446	1267.48833166298	5801.92054767711	5294.23593041407	1820.50666670773	1950.67541191721	16384.0297814482	0	0	19.0878811712475	0	24870.7138377534
SRR514264	7141.96017641117	20485.2795155238	150365.955028425	97.1695262096758	20213.2048421368	59403.6181530232	0	7338.24261935472	4162.74250282251	24714.0972961689	73127.8420348778	860.922002217727	13086.7917899191	6862.1119409273	1521.67478044352	0	101544.098279635	0	1076.63835040321	1144.65701874998	0	0	0	3987.83735564509	88799.3432219743	905.619984274178	0	0	7332.41244778214	0	2019.18275463706	0	3470.89547620962	0	584.960547782248	0	69.9620588709666	16919.1579036287	314.82926491935	20947.8064602819	149.641070362901	1875.37185584674	0	894799.185835469	244.867206048383	398.395057459671	0	0	0	0	0	0	15959.1229846771	868.695564314502	3076.38719979834	1319.5621659274	844243.824739099	0	530.54561310483	7073.9415080644	0	973.638652620951	7596.71355907245	0	0	0	55592.6293350797	147895.905672175
SRR1803884	2031.39815960968	27910.8096596032	14920.7453786605	1680.51291172828	0	370594.927106146	1243.53082061672	754.565729819031	9901.13697146824	540.135856113731	1078.64724348727	19.4936248823001	0	26621.7937142611	0	0	239854.43395804	0	10198.4147509233	0	834.164698088423	3897.10050771982	0	39731.2564476079	63070.8110723117	2688.49576501722	0	32.4893748038334	6733.42292809448	0	495.46296575846	488.965090797693	0	10048.9636268257	1230.53507069519	2269.38283004776	14.620218661725	5649.90227838663	0	0	754.565729819031	0	0	3521.03599436545	17.8691561421084	256.666060950284	23171.422110094	20656.7445002773	0	0	647.350792966381	0	0	0	25820.1183909765	1079.45947785737	0	0	697.709323912323	142.953249136867	1907.12630098502	4382.00442666703	4346.26611438282	0	0	0	2634.88829659089	0
SRR059832	7274.34929399109	3055.94427184065	0	3317.85672484254	13433.7767418131	7530.87998426007	0	2406.54490206881	10135.6531469913	16243.9538488506	9772.38416251947	213.476588405657	1384.00998281483	24868.2286283481	0	1589.41392712111	345295.690864784	535.485391925115	5040.02079937558	0	1405.53703374649	0	2405.64794161333	22677.8511960514	64015.1707475771	3535.81811552563	2887.31570620929	700.52611573453	25157.94685547	591.99390062073	5078.59009896147	1092.49783478189	10784.1555563076	257.427650724469	0	7905.8094546532	3357.32298488393	1801.99355507128	609.036149274963	0	1732.03063954338	1108.64312298064	0	13167.3794865338	260.118532090927	0	13426.6010581692	6792.68152939513	0	1314.04706728692	1302.38658136561	757.931584885631	1600.17745258694	0	210.785707039199	1390.28870600323	30692.1928658184	1695.25526086845	7023.20036645502	0	695.144353001614	13846.3785513367	2158.08685589921	473.595120496584	11921.5014138638	0	0	9640.53097556304
SRR1804129	0	7751.83418524272	20751.7883082502	0	20152.6759125632	267949.748706843	0	211.913118125096	2263.02280466924	2341.50914471557	10545.9478908921	0	0	3228.40478723912	889.511853858429	0	981756.849314883	0	0	0	0	0	0	39217.0079098172	23067.135339617	7733.52070589858	0	395.047911566538	14941.1829334867	0	216758.34151729	0	0	355.804741543372	2474.93592279434	873.814585849163	0	6056.52924024195	1321.18672411325	34654.3353417904	6339.08006440875	0	549.404380324324	59118.5275342321	0	0	1423.21896617349	910.441544537451	0	0	0	0	35258.6801601472	0	0	0	0	0	2145.29329459974	0	0	245.923865478507	10475.3101848504	0	340.107473534105	0	0	0
SRR059438	1605.94926988546	0	776.289677286025	0	0	276.553197533146	0	0	3692.22777759165	16874.596860005	40857.0960776601	0	688.957088591347	0	0	0	50977.9727452766	0	0	0	0	0	0	344.478544295673	10533.2805586747	509.440100718954	0	9800.65717573606	7534.86168015748	0	6535.38872065172	0	0	0	0	0	0	1772895.21679631	2508.38601973047	0	0	0	1261.47072558979	130775.699759797	0	0	0	0	0	0	0	0	32647.8327403604	2270.64730606162	0	1101.36097964955	6642.12855127855	0	0	22745.2875444805	0	0	1751.50358437659	0	34578.8533126094	0	0	487349.807589683
SRR061396	1524.86186633262	13013.6685613821	7639.26438810732	466.930095647801	51338.4932091432	3709.96178012926	0	1255.67085033637	16777.9116574941	7171.22651050068	15886.7010716135	1015.28216526977	458.067839977143	15469.6211641132	0	814.219739741716	201887.723087387	662.453611381696	2156.29758286701	41975.5200930929	789.29464566799	0	0	23197.5081089271	40751.4210285832	11029.6310731135	2797.14944605148	1323.79944080456	18973.5354998997	10787.5807151086	557.21432529263	12.1856015471549	27398.2172968191	1620.68500577161	527.304212404159	15446.9116339571	3367.10326387068	161658.621252393	598.75614874884	2314.71040298002	856.869345156759	3621.8931144021	268.637125016825	154892.842938825	376.645866002971	1031.89889465226	49.2962971680359	3904.93140488374	0	0	0	0	2300.3092375152	295.223892028799	5851.30430655204	1072.88682712905	4072.20648066741	0	2727.91307362446	5355.5718799746	2036.10324033371	2926.20604425543	16352.5233853025	973.740341813563	118471.741587317	130.718271142208	2421.05747102792	80955.0438785239
SRR513816	68259.8100904379	3424.61985651348	101615.000143932	26206.4168826427	0	248388.464985876	0	41157.5535113512	8800.34820443437	25010.3535591164	5049.27828904728	6475.16797537474	1628.10927882211	27526.0205032904	0	0	89661.958770503	5897.49630671255	9613.36758995894	0	18218.3978944753	1707.47874345311	0	59632.6943696764	7931.42510903928	1304.41989697914	679.816718796005	0	13326.4781961747	0	38.6494784290115	3704.13840586615	0	808.878369978597	2869.7237733541	841.31632508866	0	2251.33211848992	3562.65370804566	0	3722.08280656533	6770.56041765361	242.939578696643	0	1305.1100662368	0	1372.05648422991	6027.2481271528	7540.09913994554	0	0	2027.71727900778	16510.9191510222	4949.20374668645	1468.68018030244	6230.84805816277	0	0	747.453306046775	0	350.605982891747	0	842.006494346321	0	0	0	0	513.485927699724
SRR060400	34957.507356699	5593.3112274649	32082.899381213	33554.8233884406	7402.26456345023	17868.0569438125	3556.0033258723	0	7231.22791089699	26967.3902769666	52594.4584750776	4817.45595636549	28404.4649930573	2404.14254513842	2099.66979099539	868.939561899162	160904.221155199	1902.03762678508	14380.835113605	392.513068594028	6730.95716576137	2575.63774099609	0	566.759524278293	8540.36904505113	4122.76285015059	2958.97994350147	965.692199134373	8028.17617400028	4376.79584080607	12326.5611097484	1044.10310419229	231.564368738299	0	0	0	295.760431358818	4428.15269090249	6083.03547659857	430.113619557475	7926.83810372075	3629.37025458146	2735.66935424296	132429.599036563	1935.96983131307	132.97755828536	1204.59326074359	0	410.396257466887	1360.95652755499	232.939998651596	1277.04310284389	24955.7608004222	2905.78892018733	353.536887717285	5375.961701164	11627.2825704892	1115.17731637929	1931.38439826875	506.690351397665	1392.13747225639	1321.52180337382	6067.9035475523	127.475038632173	22121.5046357263	197.632164210311	38000.859268216	0
SRR062285	12574.2213945311	5168.38157684635	12996.7299293364	7030.17462043398	4607.18002300716	28203.3631950674	35.8213757769696	0	1710.2410691466	10821.729471904	1749.73643218274	1172.00193567726	1526.54170618778	45727.3639245239	0	0	317305.746632397	28.4734012586168	5494.44794609826	0	110.219617775291	203.906292884288	0	0	33453.4909884304	5321.77054491697	0	2372.47727261314	14885.159380553	2644.35232979219	28215.3036536597	0	0	0	90.012687849821	6761.9735505141	4066.18539909344	4907.52848144483	6338.54651889403	860.631515462064	7918.36104033987	6589.29614933281	1211.49729871341	86124.6908327976	230.542700513317	0	0	0	75.3167388131155	0	1501.74229218834	383.93166858393	29127.3709907502	1677.17518381401	0	1310.69495471117	0	0	2862.03607489839	748.574904057185	0	0	16501.7137745907	473.025859618957	0	0	0	0
SRR513778	15199.6619320281	4686.84984506913	9124.23832741684	10862.4359665307	55607.6780458771	164010.92423059	1635.67279875296	2693.9937315105	5813.67815963464	6347.09080833253	6409.92861371501	0	2405.79026321492	42712.2264661073	27.8754174253103	9066.1251690556	10598.3281980434	1093.75578541684	10610.6122802986	487.583572591869	4947.65036064152	2613.67473214944	0	105589.246418863	22538.4561501187	4161.94156100947	295.762903529564	170.087292764606	2590.99642644749	3967.28610373442	545.224266250985	1403.69263001012	0	890.123498801435	2676.04007282979	6963.1847799021	1459.91592956286	34.0174585529211	1412.66945935047	0	2198.85072368465	1601.18287549791	778.14936439807	40731.6544348039	0	0	91.1856875099135	6764.74960501006	0	1222.26618439454	0	693.578182717891	4008.86299752133	59.058087765488	525.853213463905	1757.0962271988	0	68.97984651009	5087.02744776808	0	844.766887397541	234.342492253456	2019.78660157969	2921.72171793422	0	1060.21079156604	6218.58040935483	8139.62188819062
SRR1804291	11131.5444003755	2502.55856173311	16911.2534177286	15311.4479605411	143682.376963926	11927.0277768776	5557.13437564494	3715.06807197721	5302.41899145185	6592.46804294085	19779.8146845089	8146.07118280631	3171.08600541972	15086.8645224276	0	5958.49189742555	93408.2293282749	1554.40665842758	6929.54407975159	4051.34059022583	3654.4024205369	6401.63238443656	207.709548308881	31271.7371599968	48347.3101236797	889.495048270525	242.662605761245	871.817639903812	2858.51728475374	186.416306412612	1854.92260066171	2214.09539793083	20616.6792669604	0	1209.29543599561	6707.77295660555	1796.2657456267	10088.1755474584	2770.9337614823	0	2780.57598422778	1016.04922180495	30.1319460796248	49608.8342662133	1531.50637940707	11197.0311631886	3518.60778353806	2354.30938702135	1094.39228161197	114.903154383636	24.1055568636999	2110.44150341692	12318.3413166317	1040.15477866865	1173.13710070006	6663.98119496983	36515.4992964136	0	1606.6353649656	999.577091281421	1580.52101169659	2251.05725178851	3180.32646888414	518.269472569547	35097.690793547	399.750484656356	20269.9610074042	33225.0907845186
SRR1804073	0	0	1854.24438130397	0	475.301944028571	4697.95890843913	0	0	1336.83732468683	32353.7304557915	4153.83129960234	0	955.4621702789	15609.6607785056	0	0	100798.020109609	0	404.047138109467	0	0	0	0	8360.29398994037	65791.6675607385	0	0	0	3068.81493674325	0	7724.66873259382	0	0	0	809.713703626186	656.677813640837	0	254627.429524512	965.178734722414	0	626.718406606668	0	0	1894.73006648528	0	0	0	19.4331288870285	0	0	0	0	1311.73619987442	0	0	0	0	0	2583.79642827116	1455.86523911988	0	0	158.703885910733	0	0	0	0	0
SRR061965	6824.63165009488	1310.35343079851	4547.74160170565	4664.36003779918	14681.0911457552	6503.08178746805	16037.1106955418	2957.7303678479	10434.5194858056	4486.60183909351	29615.044272684	2802.99393160729	4129.19841197191	14298.4015205162	3072.46177423118	12715.5609995574	115419.040009695	476.66370480948	3038.1178335046	15375.1406731856	4113.3473624058	863.882201353048	1224.6822819531	13120.8949813194	62756.5696678857	237.388337549614	5087.05469289547	2472.76373231331	13192.979516251	787.268795116845	4522.83280953033	2995.47096205292	7365.83177099495	0	1017.86382570955	15973.3290913353	1120.51824194723	75116.2368640897	1686.24974908057	2031.19878011451	385.331466833317	1485.46978790983	726.883844388803	49006.9163871105	896.339112369371	4231.09801632548	413.259506545036	143.414257979099	1340.16850022048	667.253705544862	77.7456240623538	2104.79293881431	15406.8427723178	2431.62648462983	205.686238417392	1821.73848227661	5475.02800132314	230.59503059271	8906.40282644412	1610.39115472847	120.015089571983	11470.4987967336	13144.2941497265	4181.6578379169	0	2396.90513796121	216.2536047948	21256.2574681548
SRR059384	1059.70124895182	0	0	2518.62232941148	0	13404.1848490448	5281.32463175749	0	6053.99187527076	0	0	47.5021065338441	0	42126.7883721366	0	617.527384939973	104392.953889946	77.3172585072143	3289.26820668926	0	2417.55401763734	0	149012.592171992	3635.42717451568	2872.36142062095	0	0	10378.7049360861	1356.33674400891	0	0	1434.66468563386	428.024300363467	67.7157688886713	102.078994891878	14176.8520925581	0	0	0	0	0	0	0	10129.5715475628	0	447.227279600553	0	0	0	395.177099036873	0	0	0	396.693123713485	9.60148961854295	7755.98224554722	52374.6098444752	54.0715467991629	12697.2120081847	0	0	0	2051.1813874561	0	464.914234161027	0	0	0
SRR061287	1699.86413117728	1394.38130180629	16496.7766635204	0	205589.240289189	12148.2215486495	0	0	0	3391.28173251019	73157.5066144556	2386.84855851849	8540.14555013412	1710.42229348273	12634.6008921872	0	179297.30451616	0	0	3755.18639330467	0	0	0	3569.36273672877	9479.11811783205	1053.00072059677	894.628286015039	1915.25064220844	3993.09698392078	19847.9373792699	4581.5385630778	0	1650.59270708518	0	5127.043615526	2771.16566643683	993.875011686259	44581.4883960146	186.527534062931	0	913.632978164847	23805.8404888392	0	40436.3538748953	1201.51887036009	0	4620.25182486445	0	338.565071261396	175.969371757482	0	0	4832.82282594749	157.668557094704	0	132.328967561627	1594.28250812279	543.393419987105	5265.70748047089	1069.89378028549	0	47.1597916310052	4222.56104469254	282.254872299001	6503.12410266951	77.4265235732921	0	11007.940019661
SRR061444	1598.15316444835	5975.52804864111	22033.5731455622	0	27323.3565678453	25430.6553759681	0	536.169456179216	174.887891285924	6698.66646754376	20319.7868687833	1038.39685451018	7267.62740333909	20676.4661207481	12830.6731557565	0	167277.966858522	0	385.44370776832	2610.66200873528	0	675.964711384741	15465.4973073668	36731.0594829727	5492.8604802566	3666.89282584369	3426.99726444162	1339.84835133197	5136.18122829189	3727.29818303127	4505.08906796077	0	13220.1438873373	3100.80833562873	0	7719.80464857178	2503.65823314587	115413.351888157	2860.33748511058	9939.27005837802	1274.26539209975	13954.2127994453	3562.76549583464	42692.7805928281	85.7180782947459	0	170.285578357348	15532.8061339472	1110.30799401919	0	6126.253797052	0	19546.0230076663	2315.53869219028	1144.25005186745	870.98772173319	11792.8515903624	1266.78663359081	14293.6333779279	529.841275902422	269.235306321752	3421.2443732809	5097.63685751505	1481.94476300178	2401.8320596011	42134.1748611221	8245.6189006617	12014.9131891662
SRR1803328	4943.32347278561	0	1337.69655010478	3805.17611773888	1067.05048614879	20911.4412461891	0	0	1470.92849770343	2080.92768379409	0	0	1107.67726837618	18411.6992338451	0	0	170871.466426962	0	11512.3156873466	0	627.32531380528	249.735220162483	1396.84436540642	137491.785205723	17690.5738493089	0	272.438421995436	0	7998.69647735723	0	0	0	0	0	0	3999.94569135843	1264.20987048759	14181.1368080782	215.082964733239	0	402.683106195008	0	0	2281.07433153196	0	0	0	0	47.1987617053496	0	0	0	293.94671846876	0	517.394020719402	344.132743573182	1412.97558776142	0	0	0	0	0	72.2917742575608	0	0	0	0	0
SRR1804336	0	21693.0316156224	112433.644392294	0	0	137060.703421693	0	0	10475.1715871525	22527.5359356741	43241.1981781307	0	5808.88459458963	13233.7286549028	0	0	582188.164231269	3617.54562213116	3433.91386466258	0	0	0	0	34092.2559504736	18371.3371583017	25785.9794543111	1926.0931005594	7363.63347449034	29089.3107358849	0	19985.2562711646	0	0	4123.55313160016	452.958335089181	0	0	25267.7298276776	3119.69952410522	0	2783.04130207947	8938.78588299866	1722.05781448319	10197.6835980889	0	779.414792811114	23198.8120268648	14178.4120294357	0	826.342908608642	0	0	6390.38515990683	0	15335.2921014878	2360.68825990172	0	0	8614.36977813749	0	312.173987696598	14963.9478808291	10740.4174590516	0	0	0	0	697.80067838063
SRR061223	3333.02507707485	1909.0447353633	11338.6965479532	1000.49803629733	55173.3331095738	89359.8279838989	554.238794137731	173.779591464798	780.320981091935	2053.29866808407	15552.4298458496	359.369446427205	1118.60067127341	12917.0539053835	1542.92656693746	0	235681.400407009	0	2270.94495253999	0	102.074420229323	1112.69553952461	0	31587.3933146015	11453.4248219299	3076.5736411268	0	880.7082208216	14876.7140557365	2969.4376793985	32134.8833867406	0	6545.41674842413	1305.03411648565	6024.07797402974	4689.51819880007	884.926172070745	32258.0475632157	1049.42627078742	0	1075.57756853213	582.077272382092	2731.54522894669	112324.041764747	273.323240944634	1759.72926114354	459.75668615687	12122.3918900444	1327.81105323103	0	534.836218391661	0	24844.5764477174	1826.37289088004	214.271923456596	276.697601943951	15684.029924823	395.643827169857	10360.9754484012	426.013076163705	335.748919431989	4206.98457589781	5681.58033259911	263.200157946685	780.320981091935	37.1179709924812	1025.80574379221	0
SRR1031148	4191.88660909572	13267.3288719252	12338.3832267723	1042.15604932014	403922.315448996	34251.5751566734	0	1107.29080240264	1698.15606250826	1870.2979099406	30709.4852509484	395.461000858087	0	38883.8967628032	603.271879740376	170.591019977998	105693.543496005	0	700.974009364139	19762.1942507239	179.895984704071	2428.59579350496	0	187282.575869118	26593.5891871156	9643.04511111994	0	0	50850.0814005326	6096.30272303192	854.505927344337	0	2209.92912244225	0	10561.1349640924	36565.4097185568	223.319153425743	64671.0556736592	210.91253379098	0	155.082745434544	0	74.4397178085811	32536.3599921673	102.354611986799	0	303.962181051706	4509.80623723654	1730.72343904951	719.583938816284	0	0	5234.04265841586	873.115856796482	2822.5059669087	452.841616668868	0	0	1245.31444583939	0	3002.40195161277	0	2208.37829498791	0	53841.627559965	0	499.366440299232	0
SRR1803367	1856.63373073749	17975.159881497	493.349132983504	119.918552580212	149111.356713598	399.728508600707	0	0	129783.431405626	0	0	0	0	17130.4704277961	0	0	268652.271044896	321.886641136359	180.929745998215	7566.43990096022	0	0	55841.0207343908	9337.86834433809	57840.7151945223	331.353895287428	46032.945433883	3136.81687538765	12985.9169438835	3295.65636170004	0	0	12503.086982179	0	0	48014.7573028402	3355.61563799014	67954.8983792481	0	0	0	6127.41726999768	76.7899503364516	34479.7396181947	0	0	1646.25030515817	0	489.141464471918	0	536.477735227264	0	4045.67327389031	152.527983545007	0	0	0	0	1185.51060313946	0	0	0	2840.17624532081	0	1335.93475242868	0	0	0
SRR059482	7417.1671225452	2919.53394273707	348.450756877208	8424.25023490708	13990.3985969312	6048.54117284542	8305.41442764837	388.734081371683	12914.8338329287	11616.7037010942	17129.4766581631	3369.70009396283	4010.20495342498	6040.48450794652	0	9648.86329953911	252514.005427392	1281.0097189243	3598.30796046898	0	4862.19726648313	682.80235018135	0	17195.944143579	26546.710841859	126.892472157596	0	729.128173349997	7134.17676797152	0	682.80235018135	1414.95177286843	23376.4132041438	0	0	1210.51390105897	879.183557091916	87622.2732741572	594.179036293506	0	793.581492541157	497.499057506766	0	75919.9675085122	961.76437230559	0	1418.98010531788	25.1770778090468	0	419.953657854901	0	418.94657474254	3590.25129557008	0	803.652323664776	2189.39868627471	30551.8803797222	626.405695889086	1335.39220699185	1780.52294265579	218.537035382527	788.546076979347	4058.54494281835	550.874462461945	0	0	2194.43410183652	19787.1689916861
SRR063519	6708.02627492443	4207.76193608896	32713.9498072622	3958.8214840432	61913.495313328	57490.2077509713	2477.70933143535	213.854884978911	4101.66986424395	7984.4726196423	23118.8825851225	1054.23775329447	2604.68566939158	29831.0857132692	4838.46677264786	10898.24542748	209442.457234932	0	4871.88159842581	617.338906247715	2807.68073599265	2595.49659230264	12419.4553710214	19326.2998593246	31280.453781388	1969.80397961044	26288.2788101615	0	2203.70776005612	1470.25233423001	2090.93272305552	433.557364468964	43598.829304431	0	1111.042957117	7733.02605566319	1109.3722158281	134246.568674867	526.283506002788	0	1252.22059602886	1129.42111129487	950.651793382814	195140.076431323	1070.109795539	0	36.7563083557503	484.514973780345	626.527983336653	5564.40386267393	0	248.105081401314	21835.753275249	4480.92813682374	1008.29236784979	1415.11787169639	34464.886678027	411.002357068844	5368.92713187289	289.038242979309	142.848380200757	7272.73683057186	27157.8996510328	494.539421513731	0	2404.19671472385	0	4769.96637980305
SRR1803308	30204.9912135637	7453.11282341986	6492.3456412313	3380.69492799171	26456.7495441073	878.436712100476	1951.67319717721	758.616474383005	19396.9117340546	2389.05381952012	1599.56341885409	2051.64591085559	3221.91473567899	103939.278112267	2264.08792742215	117.614957268683	180264.034444813	0	1394.47233711682	14157.9004812177	1051.18368058885	1656.16561703964	40163.3026268065	35319.7716677855	4636.2345968349	1500.32579865864	17489.3441458532	162.455659727368	8757.16866213638	3580.64035534847	0	319.030571591303	17488.6090523702	0	2181.02236385114	32300.0076399121	2385.37835210548	19760.0479146217	296.977767103425	776.993811456237	452.0824920015	6174.05016312293	3695.31493868543	56641.158140149	206.561268703125	622.624180041091	0	2455.21223298376	847.562785817447	1920.79927089418	3487.28348301645	191.859399044539	18186.2127676701	5205.93204610508	5250.03765508084	1182.03032055026	23682.5067395323	5547.01542218426	25326.1757673621	1557.66309032712	64.6882264977757	1988.42787132367	2574.2973772183	5964.54852048809	0	5907.94632230253	539.558616470083	0
SRR061476	0	4734.61371038142	0	893.991761335224	48002.5646208785	8825.30328497593	0	0	1364.95245611788	0	3338.40280107	0	0	2946.63018771097	0	0	505255.38572973	0	675.182588980449	0	1950.52747927685	0	0	26673.8800584869	10594.5317357303	389.688716479457	0	2000.54100438651	17884.0030204636	0	0	0	0	0	0	4482.46218795353	0	13539.0780265617	0	0	0	0	0	110667.427686407	0	0	0	693.937660896572	0	0	0	0	0	0	0	0	0	0	0	0	179.215131642959	2096.4002608467	0	0	0	0	74272.1686847289	46066.6244197586
SRR1803330	0	26557.6942845692	7630.11243642899	0	2866.43118371135	5474.00802413933	0	0	0	791.028419621804	41323.0505599737	0	1188.44597019214	62413.5888471375	37775.9847206878	0	183839.115936148	0	0	1221.94476755822	0	763.620312685918	0	16763.8640728128	698.145390561303	1768.58423366838	81.4629845038816	0	5081.91982769542	196.424766373845	52544.3863413074	0	1195.29799692611	0	428.632339025097	3581.32597295569	514.663341351626	11554.801082387	182.720712905903	405.792249911859	0	515.4246776554	1740.41479042872	10690.6843776029	154.551269666243	0	115.723118173738	0	2873.28321044532	0	0	0	9582.17871930704	111.916436654865	0	0	0	0	369.248107330678	657.79456646125	0	0	5017.96757817835	0	0	1196.82066953366	2150.01372185945	0
SRR059358	33962.4309607085	0	2355.32307494104	5335.89177894721	0	1152.39408336409	0	471.659143320124	18324.3540702081	30217.8933501902	6333.7084960131	7204.69250227022	14963.2872337756	5327.96473452166	0	0	51862.6881541498	284.382718766546	3150.00927860226	364.644043575222	7544.5645320156	0	0	570.747198639478	38688.9311994417	0	0	16624.003040928	285.373599319739	0	1464.52145762005	7108.57708861045	63.4163554043865	0	0	9173.57216146578	536.066379277704	80198.8993338255	1483.34818813073	0	977.999106002023	0	1215.81043876847	239243.155165814	607.409779107639	9488.67217738133	0	0	726.315445490864	1383.26925225818	0	3240.17940894287	9690.81181023281	451.841532256254	0	8282.77054414479	25713.3503553723	887.828975661411	14276.6070104125	13004.316380112	0	0	1458.57617430089	0	11900.4754438544	1419.93183272634	27212.5526323542	0
SRR1804840	4439.28233212449	0	4742.62785518663	3176.97354260783	0	1820.07313837286	0	0	1471.0626978605	0	3193.28244169719	0	1291.66480787751	21374.4431465186	0	0	61598.7118605224	0	675.18842229961	4256.62266232363	0	0	0	38994.5777226659	136309.778588892	0	0	0	6380.04132375863	0	0	0	14205.0511068348	0	512.099431405984	0	505.575871770239	640548.320633804	0	0	0	1904.87941363755	0	76854.0560687121	642.570624120885	0	0	0	0	0	0	0	0	0	0	0	0	0	1275.35590878815	0	0	0	1683.07838602222	0	0	0	0	0
SRR060434	5557.00153885314	10334.1200548916	12484.8283910043	27358.8860426247	23774.3721491035	273089.038488944	35800.9187638146	16700.4847308239	116131.550124116	0	175.540680392998	16969.8257747857	0	14518.9562752529	0	6139.9037981734	70453.4530765087	2607.65010721201	32901.1475243456	0	29845.9356823911	3086.03196141277	0	61124.3369169968	2710.83050713766	6696.00595361686	1593.26617547537	1287.74499127993	32982.8878411698	833.483230568279	0	5321.16062473735	0	1865.28722982483	448.901739936292	0	603.002337227854	38605.5496345211	674.022612501357	0	1117.56433166229	29.4801142644729	0	617.742394360091	1715.20664811479	25473.4987348922	168.840654423799	6154.64385530563	0	692.782685215113	0	1234.14478352634	4233.07640733954	0	1102.82427453005	9603.81722424896	0	0	4726.19831867254	0	4078.97581004797	959.443718789208	1831.78709997884	0	0	0	1428.4455366331	0
SRR1803363	21843.0706544578	0	16953.4571431928	6443.20365967011	60980.3203504492	9824.99563574005	587.363869527938	11499.3640690048	1688.35328730109	9870.76424895002	77947.7623476783	4932.83942374112	15490.1328708407	49482.2276318114	5789.7295710611	0	236660.599456182	3046.15547919684	1182.35584125754	36527.1673926562	2668.56442021459	1465.86697308596	0	16955.9998439266	51607.9254453411	0	369.962956780584	861.975548787753	51890.1652268026	3165.66241368954	2182.90858004214	1347.6313889602	3238.12938460532	0	6255.04380536245	32653.3628245791	2125.69781352968	34655.7396525153	2451.16350746724	0	1540.87664473563	1123.87372437813	703.056752919804	28520.2027816455	4428.11332806452	1502.73613372732	1242.10930850389	471.670986136071	591.177920628769	629.318431637076	2001.10547756921	2381.23923728534	9983.914431608	2518.54507691525	931.89981896965	2208.33558738101	0	0	9210.9334085063	662.37354117761	1559.94690023978	6091.03960802673	3450.4448958849	4504.39435008113	0	0	0	0
SRR1803858	562.624732431471	177.670968136254	8739.31014773434	276.058654792351	3774.0752425072	175552.289602242	0	0	1202.6223058255	1050.74228467677	7885.34323636976	0	147.103919854748	1935.27624432285	2827.45196603931	0	145059.748500922	0	167.163545289486	0	307.580923332655	0	0	29023.41234329	13279.4720377968	0	0	0	2379.45366466349	0	5287.14413244175	0	1621.00877917862	0	0	869.250435505328	1416.59164379605	170513.502737088	548.296428549515	0	866.384774728937	43.9401319046649	179.581408653848	73797.4515338848	0	0	0	208.23801641776	0	0	0	0	3604.04603644132	0	229.252862111295	0	376.356781966043	0	361.07325782529	0	660.057198828771	11199.9575343956	5894.66421703668	0	0	0	0	10314.4683544907
SRR1803904	3632.31779181365	38516.2528043373	16436.6581372453	1810.15704892762	134190.495130416	214654.856841799	411.726702773325	3476.26977035437	11026.5932701917	3681.53293704312	8516.62086348905	163.250237834321	7031.76392083423	50351.8950473256	2284.30296028466	651.800581941445	212188.097733347	0	4772.66871786222	11725.208258571	339.70453902289	5792.98270432673	3886.79610373186	78692.6164831221	74709.790827723	27636.1046004381	0	2864.08137847567	15201.4780289253	8556.23305355179	5178.39357365634	0	10478.0244562926	2531.57905582782	3440.25868847916	24678.3944090869	3542.29008712561	10839.3356444406	1185.96496309051	3004.52459778902	3521.88380739632	10381.9949046253	338.504169627049	24815.2365202127	493.351821690486	0	11062.604352067	0	0	0	0	0	4260.11098583829	0	12547.4612947218	2769.25219620426	0	0	4991.13594790521	0	0	0	7784.39553202628	73.2225331462765	1251.98527986174	2133.05641640874	0	1686.51900115604
SRR1804744	0	2857.89228010749	104448.256656896	564.532804791648	1366.8563385907	40088.8747914369	0	155.885033460408	3899.7679557214	40745.0010622166	3996.64566013182	0	251.8820314671	5933.31904193656	0	0	155144.35937487	0	1361.57210016831	0	0	0	0	7580.24001691375	54949.0339415921	1014.57377709825	0	1867.09757590998	9131.16399388426	0	27795.0941017542	0	1169.57810415493	1648.68238778466	516.093952586437	353.163267896179	0	38217.3736835082	6052.21440644026	0	3834.5956818453	0	170.857042323837	7059.74253230866	0	90.7127595843054	4215.94155466087	7638.36663956001	0	0	1233.8696716273	0	7996.81414587857	0	1055.96697807361	0	11927.4068257306	0	1881.18887836967	7828.59922276593	413.051303349895	480.865696437192	1502.48512476529	457.967329940183	130621.970269381	0	2837.63603282167	1880.30817196594
SRR1804058	12206.4680543588	0	19472.4198860381	5840.48463007709	40368.2380807879	10528.5959201071	926.864014975039	4946.72290135116	2488.87814735485	14643.6238794494	4218.47260387077	3268.85076709947	23562.6211306936	2207.50871423743	0	115.85800187188	84452.2077930381	4096.40792332718	7448.01440604942	281.369433117422	5633.59534102016	5397.74155149526	0	71865.0634468146	18409.0089402855	0	72.4112511699249	1690.2854915951	8900.37721522905	0	6196.334207255	1226.85348410758	0	0	3388.84655475249	7435.601048706	0	0	3781.93620396065	0	5763.93559312602	715.836940136972	0	199219.903111588	3057.8236922614	1406.84716558711	691.01022545014	0	519.29211553289	0	0	1276.50691348125	9245.88232795412	0	0	5219.8167629063	0	0	2263.3688222828	0	1520.63627456842	2250.95546493938	728.250297480388	0	0	0	356766.096728439	0
SRR1804312	256.640685526666	796.985983417357	13066.2772293049	1104.95480604936	2910.77199330063	14174.9649907801	0	0	0	2712.92535573098	19191.1238442559	64.3934810957818	904.308451910326	44998.9111808175	0	0	139574.270133392	13.9985828469091	172.649188445212	27947.7040344257	0	332.233032899975	0	67713.9449470686	148955.187118534	543.145014460072	0	0	2233.24058351023	0	22500.3888292652	0	1565.9748011409	0	1138.55140488194	30062.4232831655	0	15870.659992969	4962.9642386575	0	5046.02249688249	667.265782369333	0	54704.5952880078	245.441819249139	0	0	0	0	2071.79026134254	0	385.42764771823	2535.60997300346	73.7258696603878	272.505746086497	0	8190.10420429827	545.944731029454	12628.5882056249	0	0	1615.43646053331	375.162020297163	2715.72507230036	0	7987.59137244632	0	51786.3573838554
SRR549655	3804.96642726172	0	27037.3143368625	1690.70725332788	12114.9851009685	5982.23332492206	13200.1181207028	12163.9911083114	9118.61779486364	2572.81538549895	2912.3570078029	0	3122.38275355791	0	0	3279.90206287418	94900.1332194042	2446.79993804594	1043.12787058325	0	2495.80594538878	0	1921.7355736584	5145.63077099791	311.538189536608	0	29743.1460280063	0	0	0	1008.12357962408	2929.85915328248	16049.4674047792	0	0	0	0	134535.491872472	0	0	0	0	0	143661.110525527	2401.29435979902	0	0	0	0	0	0	0	0	0	0	2383.79221431944	26939.3023221768	0	0	3356.91150298435	0	1568.19223497079	57291.5230128726	0	519267.653804703	0	4547.05739559611	0
SRR061975	19809.3448862086	5123.78322677433	3514.37497573255	8977.58863708814	29738.2623603545	244048.173413354	0	12508.1269668484	32617.6484278568	18410.0602375267	6659.30185940386	2424.50310415189	2288.26912020431	27350.7040654087	2237.47000754589	16357.3142760114	330981.618525939	0	19049.6672469077	2376.01304206885	18354.6430237175	0	0	5641.01055566006	30398.6508249139	6190.56459260116	0	0	21769.7288247086	0	185585.321895238	928.238331303867	507.991126584206	1648.66211082329	0	22233.8479903605	0	0	1579.3905935618	7970.84258622126	4163.2181874151	0	274.777018470548	41851.5416788124	4588.08349328553	1872.64001663541	0	0	1660.2073637002	3424.32200329262	0	1103.72617503296	14152.1709765209	0	526.463531187268	7162.6748848373	6943.31508017594	9741.88437753983	6857.88020888678	4638.88260594395	0	438.719609322723	2678.49866744399	0	0	0	0	20019.4684885685
SRR1803299	13737.6901248517	12041.9556722463	9644.02281195409	11080.790475909	157466.747891132	179772.752628928	1558.78086245372	14835.8089113407	9208.26138874418	23167.5673231141	16252.6560530917	7069.29531710242	4698.75317484053	36295.1914554719	7285.93099606963	0	339786.837296881	4145.95868368282	7502.56667503684	0	4484.6075611488	3954.22365747046	0	27577.4729259983	3573.24367032123	408.370705179569	0	0	8513.53317688382	0	5077.24309671427	161.854242906536	6377.05717051754	0	17759.1455447603	0	2330.70109785413	132533.724287699	1733.08543173768	0	3172.34316096812	26399.6720506938	6426.85847602724	43466.5794488692	1349.61537931297	0	0	0	4335.20364461969	0	0	816.741410359138	38456.5681145931	10114.6451490208	1601.11197213697	6626.06369806605	1434.27759867946	0	1663.3636040241	475.602467617669	0	0	29390.2404465515	0	0	291.337637231766	844.132128389475	28767.7241276802
SRR061344	47300.6237900115	40.4881223197004	0	39922.7881673105	0	132543.11687384	0	61795.3715804642	563.834592303976	0	23823.5110849289	4425.20181353466	16598.6305909912	199472.982188476	0	34890.2645189803	32335.0141325815	23971.9675334345	27671.3822653863	733.284882012351	3798.38569762226	8763.42914208626	0	76239.1343279958	80018.0257445012	0	2436.7851396116	478.35966740683	0	535.342950671594	0	532.343830499764	12252.9054620101	0	9091.83280090161	20412.0118894727	11979.9855263736	3651.42880920261	5566.36703891585	0	19479.2855160336	569.832832647635	187.445010739354	29205.4322332772	10216.5028653377	0	0	24823.7176622341	6581.56921708018	6553.0775754478	1938.93119108787	8109.62094462739	35824.4904525053	5204.97305821037	0	3823.87821908281	0	4080.30299377425	17906.246985909	0	0	10198.5081443068	515.848669554701	22.4934012887224	0	3011.11665251698	0	0
SRR1179028	1889.67726816452	54791.1161937661	65990.1208908822	0	251508.043742973	157631.848730457	0	0	3539.33504460652	16029.8731971819	19555.8738255816	0	1091.51721235712	5964.29387764425	0	0	166535.428923402	0	55.2425814281965	0	0	0	83498.2093704186	14534.5136654186	2314.47367018134	10539.9035531797	14151.6254286232	0	15012.6477322626	0	154214.428348313	0	17026.1445794904	0	1579.17586220603	0	819.114138418086	169328.036660427	0	0	2082.07384486272	0	0	37197.306467186	0	0	0	188.586743496257	0	0	0	0	1548.69719659048	0	0	0	0	0	3278.36147027332	0	1270.57937284852	1819.19535392854	4518.46217750628	0	0	0	0	7880.63997822238
SRR061981	7172.86646758396	6192.65159661187	50394.5763076236	0	47230.9808613098	4066.93071956261	0	7807.12314880119	4897.23037497425	33692.4837022365	94485.0256019365	1722.10298900194	3870.88774536819	5958.1688235558	0	0	77975.1319908577	0	1214.69764402815	0	0	0	0	56229.7377748221	27668.9672206159	4647.37168237353	0	36648.5042346974	41338.1596958188	0	10178.858738565	0	0	3494.17771652402	0	0	0	36825.327309461	9252.45958599924	0	2898.36083416844	0	269.078592031552	506432.818062585	1314.64112106844	0	0	1260.82540266213	0	0	0	0	17966.7619879354	0	0	288.298491462378	0	0	9767.55289074535	16267.7228782504	0	32766.0845496708	3594.12119356431	1695.19512979878	30498.1364168334	0	549.6891237216	0
SRR1803296	0	0	14490.3805278944	0	5119.68801814637	100508.532284043	0	2324.19049921266	1783.57362365027	5031.89553408069	1446.26565855579	0	258.756795140972	0	0	10488.8915173215	93170.9288789742	10960.1985370426	1829.78019421116	0	1201.37083458308	0	0	62790.1087351905	24313.8974291392	198.688253411818	0	9744.96573129125	0	0	2647.63649313887	0	0	0	3276.04585276695	16495.745690237	0	601628.031330984	0	0	0	2772.39423365327	0	68288.6906319361	2388.8796979979	1215.23280575135	1658.81588313587	0	0	0	0	0	277.239423365327	0	0	1982.26187706209	0	0	1353.85251743401	0	0	0	1423.16237327535	0	77114.1456090657	0	1760.47033836983	24457.1377978779
SRR061379	667.457068176949	8397.36552944131	58270.2614048064	0	5738.87143336293	18449.5208467779	0	1803.39343703659	2392.77062176642	13650.126720698	20320.919343591	175.050061276596	894.140600765346	2459.51632858411	0	0	156899.007081059	760.649187129956	913.030895147713	306.022768994337	332.46918112965	0	0	14142.5337275984	17833.6972499128	7923.84881692332	573.005596265116	455.885771094444	8285.28311610593	154.900413935405	9137.86506923007	157.419119853054	0	0	4543.74547543855	3251.64933968468	0	51117.1365986837	5110.45430690954	12475.1504101148	1406.69725500689	1614.49049321292	0	5980.66720145722	93.1921189530079	0	55.411530188275	3314.6169876259	195.199708617787	0	0	0	10858.1412109842	273.279592064902	0	1302.17095942446	3079.11798432573	0	3153.41980889638	6753.90991817542	191.421649741314	83.1172952824125	3682.34805160264	75.5611775294659	8699.61023955917	0	0	122.15723700597
SRR1804071	2115.69518290718	457.600293232262	25103.0481849081	409.580509374555	0	11468.2542624875	0	0	16572.4748172449	2200.4359779502	7753.78274643554	0	1463.191061076	5909.258107666	1019.71423368424	0	116518.593184141	0	0	0	0	0	0	48053.6801757237	3505.44422161257	0	3463.07382409107	0	6440.30042326887	0	2307.77431833801	0	5324.54662186922	0	0	0	0	337711.841098577	0	0	0	240.098919288532	0	4330.25462669788	793.738780236207	0	0	0	0	0	0	0	3937.62227633193	0	0	0	0	0	0	0	0	0	0	0	24201.9710642841	0	30924.740804363	0
SRR1803309	0	0	0	1314.70443106763	3446.3125862938	45749.1613770157	1481.91441210633	0	1158.98215864991	0	0	0	0	1689.96957935296	0	534.816656910038	146691.657029561	0	1035.17018795714	5267.75260875352	1596.79149831613	0	0	16893.3137331846	70733.6512155768	0	0	0	3914.75581561596	0	0	0	707.132286224728	0	0	1065.80407761308	2163.51845695111	851.366850021468	0	0	1019.85324312917	0	0	26615.7444627401	0	0	0	0	0	0	0	0	0	0	0	0	0	0	192.738222418653	0	0	0	1521.48318624526	0	0	0	0	0
SRR1804158	8610.18953062022	3176.20324907323	13898.1923518126	0	0	294.801551007244	0	0	0	6118.54949854938	21469.4898781621	0	4189.58358066063	40421.8280515701	0	0	62816.8247220771	4818.87150684917	0	0	0	4940.76060966948	4841.54854923435	15684.009439645	19018.9519854144	1709.28206978238	114.802527074936	3655.25576946001	3462.50090918604	1203.30056156322	0	0	10424.352921434	0	4100.29272626902	31066.1307525374	3211.63612780007	151522.327957127	659.051544319078	0	0	3561.71296962117	1142.35601015307	19520.6815481864	1362.03985825943	1675.26650620462	734.169247219962	0	0	0	0	0	12489.3810936338	2402.34917767922	0	993.537919500374	6620.27906132132	0	11589.3859739723	3870.68767211915	0	419.525284125693	2931.00772828356	463.462053746965	1751.80152425458	21414.2145873483	0	27650.4012432707
SRR1031208	9915.1224129143	1725.58410145488	251.502136244435	0	64247.44328347	0	0	0	9095.99392750708	914.315057805291	10344.7718956652	0	3026.75834799727	52926.3540672448	0	0	87976.8444923937	0	0	17963.1907727362	0	1440.89765556708	0	28960.2963342854	68859.189052591	0	0	0	5334.8144108238	254.995221470052	0	0	10202.4286727213	0	1243.53834031971	9169.34871724504	3349.86873136685	28496.5892705848	0	0	0	19.2119687408944	0	26509.0237772086	0	0	0	0	0	0	0	0	1131.75961309996	623.515712772662	0	0	0	0	1037.4463120083	0	0	0	2182.30499470432	0	0	999.895645832911	0	0
SRR1803899	11644.8571576885	539.062825438579	17475.5366981466	4407.8470488243	26366.4062238325	2227.75963574107	34.8373934807245	1182.63783131933	0	3419.5652021869	13137.3644362837	1960.06177004708	10282.5317178896	180406.358913444	0	0	40735.9142611187	0	245.695301390373	21722.0316087444	0	1006.61731689041	0	39709.12792695	143735.418407419	298.86816512411	0	179.687608479526	37323.683247033	0	1468.67116726633	0	20880.4335241311	0	1292.65065283741	10420.0477447872	2614.63805807964	92009.223276644	0	0	89.8438042397632	0	0	55681.1560643495	423.549362844598	0	693.080775563887	1389.82864517838	0	0	0	0	2561.4651943459	0	832.430349486785	342.873293731341	0	0	716.916886892804	1298.15129391331	80.6760691132567	3051.02225010134	0	0	0	430.883550945803	0	0
SRR063709	3487.33655247585	21060.0662544836	145804.528465132	0	29399.7436537074	4495.5955383889	0	2293.1467490706	6276.29881485901	19908.2021656294	57086.8075007588	0	12555.6208950431	15027.1402982932	922.095924148362	0	104615.561676288	0	0	1575.12123436491	0	0	0	2726.98532321909	51605.627466395	13852.601719501	1578.14449968998	1024.88694520097	17695.1719476733	3142.68430541712	4814.55003018448	0	8589.09678854261	1495.00470325038	0	13192.0182459717	8100.83943854274	17093.5421479831	8248.97943947149	0	4465.36288513813	201.047144117594	550.23428916394	35676.0424685664	275.11714458197	0	1188.1432727551	15382.3739739897	1448.14409071169	3561.40655294023	5570.36636145363	0	42009.7833246018	4385.2463540236	0	993.142659287662	0	5523.50574891494	28805.6720173298	98.2561230649894	2785.93899705808	29895.5591670199	15223.6525444232	1440.585927399	4104.08267879148	349.187145046347	0	2660.4734860674
SRR1804580	0	1753.88009869388	224.880054693278	0	2639.57572394077	23819.7746456876	0	0	3848.76683770135	0	146.540691377997	0	0	20969.1434605798	0	0	87882.0194066509	0	0	6065.3099997396	0	0	1099.51600511918	39497.7853439964	45863.5498430393	4757.50345215861	193.544309367165	1394.44066701201	942.83727848862	3471.81625421958	0	0	7960.20095240099	0	0	17308.3910948351	2740.03443689801	21904.6076225211	0	0	470.036179891688	2147.42019440712	0	10056.9309705453	0	0	0	1060.80714324575	0	0	176.033157567279	0	0	0	285.708266208673	0	1755.72337783072	0	1770.46961092536	0	0	0	1164.03077490824	0	0	0	0	23169.0971103865
SRR063494	14698.1085654124	591.850954423621	1737.43041854148	7162.25430353222	20387.8834412723	1423.87331064233	0	4821.5361971483	17504.873558613	13196.0842430748	4882.53210871531	2744.81602051534	1241.83863705955	64708.084622531	0	156.302023390457	27457.6908163358	6871.5706624707	5177.98105536801	9470.56833189617	3193.70780720379	4274.4791152817	6766.73393946491	32697.620844389	31875.1290993526	366.92853052028	1723.13450176797	1521.08554470225	15117.4554574355	9784.12543979531	2444.60176827148	635.691765862407	656.659110463566	16042.8778032412	0	24191.5503641462	421.253014259646	0	1790.80184116261	0	1543.95901153988	2406.4793235421	1421.01412728763	2682.8670478301	3282.3424911996	1222.77741469486	0	16806.2797589471	911.126429032176	642.363193690049	1616.3916565257	161.067328981629	5420.05857939957	3471.04859261003	853.942761938107	4382.1750216422	7173.69103695104	0	21531.5567831537	660.471354936504	0	3579.69756008876	1292.35087632597	1603.04880087042	856.80194529281	29.5448946652693	427.924442087288	86996.3719335628
SRR060422	16841.5539894595	0	31181.5352705512	0	23104.0138491572	808.747085830233	0	0	6607.84745522804	28449.7041651634	16869.9809520546	6573.73510011394	4278.25787056064	10617.4705292651	0	149.241553624208	75072.765517366	555.747118733957	1266.42118361114	0	707.831368617674	0	0	0	5460.81951451627	828.645959646794	450.567357132134	8366.05509173419	9670.8526748487	1547.8481133025	8221.07758249925	6597.89801831976	45.4831401521397	0	0	710.674064877182	0	118540.434021514	1921.6626714279	264.370752134312	2393.55025050635	2140.55028341007	1439.82565544117	62382.9694149191	2710.51088344157	4710.34770200596	0	0	881.235840447706	0	0	2230.0952155846	12398.4197358473	1772.42111780369	0	15515.4361843986	3631.5444715224	550.061726214939	13144.6275039684	2043.89861058678	0	461.938142170168	3554.79167251567	0	0	793.112256402935	467.623534689186	13797.0262955256
SRR060388	2627.37854918188	2335.44759927278	0	628.093861925634	9063.12903581425	4179.92041915298	0	0	21178.2634570418	5754.57827017781	5869.58137165715	0	0	3096.23734752073	0	0	43559.6362834059	0	16962.9574682029	544.0531339215	1141.18462237193	0	1167.72379963639	44860.0559693646	29409.8316052362	185.774240851244	0	420.20364002067	18833.9694653475	0	0	0	0	0	0	31953.1694264139	0	334256.514449706	0	0	225.583006747939	0	0	74769.7087464149	0	0	0	0	0	0	0	0	0	0	16759.4904425086	0	0	0	628.093861925634	4852.24624318606	0	0	849.253672462828	0	0	0	17776.8255709797	0
SRR1803321	7094.03028166722	0	69002.6429051152	0	0	141553.247074068	0	9616.39420950462	1299.97300706999	33895.802730196	8464.01639101026	2753.21794073775	1931.98317353487	6549.06343154181	749.329418922438	0	103119.838418175	1525.15028194819	0	3173.29655437608	0	0	0	27479.1965191708	26686.3454420786	0	0	0	3915.056989269	0	8887.87949666336	0	0	0	0	9078.99634340873	0	0	1633.00830436885	2176.08290848688	421.970859645716	3103.28345210302	1254.55910289287	6708.01209616172	770.144125003617	0	0	675.531824634622	1233.74439681169	0	0	0	21724.8764107286	8728.93083204345	0	431.432089682616	0	0	1328.35669718069	0	0	0	1199.68396867885	0	0	0	0	0
SRR1031089	0	0	3521.20481511721	0	0	0	0	0	0	0	0	0	0	0	0	0	172735.686669577	0	0	0	0	0	0	1892.47407277653	0	0	0	0	0	0	0	0	0	0	0	0	0	40961.1900470764	0	0	0	0	0	8664.19975861627	0	0	1233.11574668691	0	0	0	0	0	0	0	0	0	9006.60338058562	0	0	0	0	0	714.883237760328	0	0	0	3750.24507575887	0
SRR549453	0	569.72994679297	0	0	0	257.297395325858	0	0	1249.73020586845	0	1491.71228004396	0	0	0	0	0	86644.8978759825	0	0	0	0	0	225977.563573395	0	333.874001077601	257.297395325858	48926.3249469038	0	735.135415216736	0	0	0	29815.8672154988	0	0	2361.62252138376	0	96330.306971463	0	1690.81145499849	0	0	0	10680.9049702532	0	0	0	1173.15360011671	0	0	0	0	0	0	1430.45099544257	0	13045.590555867	0	0	1332.43294008033	0	1473.33389466354	0	0	0	0	707.567837146108	330.810936847531
SRR061531	0	0	37009.6712528642	901.732331256698	73156.2558458112	43379.7660786704	0	0	3053.00803582625	5487.68533021933	8637.30754439451	0	0	0	0	0	472475.536852393	0	5616.50423468458	1532.94496313639	0	0	0	0	54696.506835942	0	0	0	3323.52773520326	0	0	0	3394.37813265914	0	0	4637.48056074873	0	356222.916517735	0	0	1094.96068795456	0	0	35753.6869343281	0	0	0	0	0	0	0	0	0	0	0	0	15078.2527676566	0	0	0	0	0	7948.12640550547	0	0	0	8682.39416095735	0
SRR1804136	0	5197.8043863003	2010.52129053849	0	23288.9780286348	25767.3896632531	0	0	0	0	1053.63276730757	0	0	2988.51764884068	0	0	19167.6732309693	0	0	5667.45371663606	0	0	120100.063583016	24717.2748684575	36177.0703259013	5065.88041710486	33916.7729870194	0	10645.384820944	0	0	0	21640.8079068198	1970.06460665189	0	0	425.674673937283	88116.4164912736	0	3621.75270097879	302.54563602154	0	0	27084.8703689516	0	0	3254.1245734875	1525.04108389927	0	0	0	0	0	0	0	0	932.262715647769	0	0	392.253935074439	1097.60742370605	5210.11729009187	1873.32036257523	0	39327.4147102883	0	0	6671.83486877734
SRR1803878	1033.71170920232	2501.11414741443	12048.4705653033	4502.00546534597	781.136142591501	83455.8955119526	465.724703311652	0	7956.74638620807	0	1727.37046043105	0	0	37272.7611761484	0	2008.28377353966	29354.2091439157	56.6754929955979	5206.75289998689	0	9063.15057555692	0	0	20590.4530204877	15811.2304698371	1222.21932720942	0	0	3849.00521996191	0	370.85485634076	0	0	167.56232711742	119.51136566463	13135.1615396972	1030.01548139826	24745.0130722519	0	319.10766708391	1282.59104800907	0	0	12086.6649192786	0	0	0	0	0	0	0	0	0	0	903.111660125506	0	0	0	0	2350.80088338263	0	1322.01747791906	15250.6359195546	0	0	0	0	0
SRR1804468	612.628298028241	0	124.144941450657	1384.48597748232	14479.0784974516	1252.24462680663	0	1233.35300528153	0	0	20162.7577734317	0	1543.71535890817	131801.445774472	0	0	81042.3575396038	80.9640922504284	0	15690.841078133	0	825.833740954369	0	38325.7024682778	51101.8362253954	0	2110.46400466117	23522.7676018244	5451.58221152884	6155.96981410757	0	13966.3059131989	0	0	690.893587203655	10376.8978234299	3832.30036652028	0	0	0	0	16527.4700313874	3270.94932691731	29956.7141326585	0	537.061811927841	0	40463.1545036891	0	9059.88192282293	1292.72667293184	0	3449.07032986825	966.171500855112	9683.30543315123	979.665516230183	179872.526146627	1708.34234648404	122690.286593224	0	0	1087.61763923075	9062.58072589795	13672.1363780223	0	0	5559.53433452941	0
SRR061388	0	11611.6202440645	11715.693664946	0	19112.3403633098	2676.17367981001	0	0	6578.92696286627	3698.32334918188	8459.68235451052	0	669.043419952502	2378.82104872001	0	0	34377.6810618927	0	0	0	0	0	0	25981.1861414888	34150.9496806866	11444.3593890764	0	0	2475.46065382426	0	799.135196054377	0	0	0	0	6872.56268606764	0	246613.121502381	0	1334.36993201638	379.124604639751	0	0	106823.932719083	0	0	0	9169.6117612379	0	2282.18144361576	0	0	769.399932945377	0	0	0	0	6701.58492319089	3839.56584894963	1330.65302412775	1553.66749744525	14127.9668846637	21955.7748981079	0	0	765.683025056752	0	412.576775637376
SRR1031145	0	1391.19799201052	0	0	3670.55152329133	10689.1914591431	0	0	0	0	2159.58151872361	0	0	6541.39453196999	0	0	118917.024652173	0	0	0	0	0	0	18054.2489082372	4518.16884292688	0	6878.59881347717	0	9653.62421211007	0	0	0	928.693758905035	1689.70670022999	0	0	632.027697032593	7446.13388836358	0	0	0	0	0	0	0	0	0	46.066158675845	0	0	0	0	0	0	9812.09179795498	0	9242.71407672154	0	291.13812283134	0	0	0	0	0	0	0	0	0
SRR1179026	0	50225.793827186	11706.5867841195	0	46110.519107152	1443.43923608922	2371.36445928943	780.635505231923	0	0	9556.15690178248	0	0	0	0	1184.20933246503	44077.9209991897	954.437372434502	0	0	0	0	0	8607.61111806671	11756.6652882287	2565.78688700756	0	2798.50464139746	6044.77002541851	880.792513450358	544.971956482663	0	31446.3547862293	0	980.949521668793	0	0	168997.276602453	0	0	0	0	0	37055.1472464617	388.844855436278	0	4283.18499851779	0	0	0	0	0	589.158871873149	0	0	0	10943.6260450437	0	0	9606.2354058917	0	0	120.777568733996	0	189679.69879956	0	0	0
SRR1804060	13758.2441746898	10197.1856637041	19904.0806628522	4756.6796052538	89770.5003620818	36664.2799591217	0	696.728839105891	1217.12507078375	12597.0294428466	18020.3323200845	2838.52490006104	3083.67023233904	61565.8847642026	6524.30647483726	0	270446.91104627	0	3784.69986674805	2804.11853763605	1513.87994669922	6425.38818286544	0	8631.69617336743	29434.6430545723	7057.60509242449	0	0	26703.6380370894	0	116.121473184315	0	0	2369.73821202065	0	2644.98911142051	0	17714.9758535627	0	5079.23925298801	993.483715021363	3023.45909809532	0	67371.9584234184	2072.98333610518	799.947926380838	0	0	0	541.900208193471	0	0	11117.5558585724	1862.24436625216	0	1737.5213024616	57970.419890792	0	4339.50246085089	550.501798799716	0	0	14902.2557253204	0	0	894.565423049539	0	0
SRR1804622	4600.738591602	0	4321.40803425474	1369.26743797679	139.665278673632	48357.0488395882	0	443.642649904479	3135.62243296684	5356.57421736519	15590.4790488037	0	1859.46518077248	10924.0156201788	0	0	156088.272324726	0	14328.0144709891	0	219.082790076286	2486.58966736585	0	10198.3038780511	11107.4974568677	0	0	0	566.87671932239	0	4838.99112580997	0	0	0	3234.20968850117	0	0	0	0	0	7402.25976970251	0	0	20623.9061508064	618.908881965508	0	0	0	0	0	0	0	10863.7678529078	0	0	0	0	0	0	0	0	0	3998.26091889222	0	0	0	0	0
SRR1803322	1230.028015001	0	5035.47061960298	476.722722198129	0	31442.8517326189	0	0	46287.9695046253	465.603824887386	2997.93268740923	0	0	78938.6114576237	0	0	75379.174456022	0	2551.78693281564	0	0	0	0	27087.0237111351	36656.2247091938	0	0	0	5729.01183936061	0	2020.85958622764	0	305.769676045447	0	361.364162599165	1348.16629892765	0	0	0	0	0	0	0	23969.5628776354	0	0	0	0	0	0	0	0	0	0	0	0	11551.1444436987	0	0	2756.09667090055	0	0	2378.05416233527	0	0	0	0	0
SRR1803316	5846.17725711179	5194.29738049517	0	577.802617910187	39415.0278125195	31162.8211926227	0	0	5428.3815180075	6453.61077850455	24587.7237098396	0	592.618069651474	161455.829986196	1481.54517412868	0	21627.5964519305	0	485.946817114208	0	512.614630248525	2563.07315124262	791.145122984717	119403.651763727	117972.479125519	3034.20451661554	142.228336716354	4601.67931084369	21772.7878789951	0	411.869558407774	0	1555.62243283512	11831.6197605917	1182.27304895469	34872.610308641	3582.37623104316	1600.06878805898	0	444.463552238605	0	0	0	23417.303022278	0	7384.02114785736	0	21052.7569243686	0	4423.89388994825	0	0	1167.4575972134	0	654.842966964878	565.950256517157	0	1683.03531781019	9182.61698924958	0	0	11078.9948121343	1117.08506129303	0	0	0	0	7135.12155860374
SRR061468	0	5833.35100691222	8772.7407412865	0	13157.4285763062	9817.59536352258	0	1206.37804209866	0	11897.2093942533	17876.941000416	0	1258.53664642929	809.29963493648	476.157581469904	0	90204.099850758	0	0	2348.81973050172	0	0	5794.65268757014	13769.8715432851	38000.067058296	7086.8400464708	588.887468248998	3008.3736949406	14119.8389529874	225.459773558188	7285.37925005189	0	1292.18735890066	1815.45593783048	0	10458.6414361022	331.459517843007	0	4186.14863143859	0	205.269346075365	1394.82203193834	0	5952.81103618559	245.650201041011	0	0	30196.466836185	26.920569977097	0	0	0	14198.9181272951	817.712313054323	0	435.776726504258	3442.46788582129	0	11355.4329234642	516.53843643555	0	2606.24768090771	4070.05367341236	590.570003872567	538.411399541941	0	0	11986.3837823025
SRR1803914	8950.99906501625	14306.3519477762	169328.888984014	5107.59634369983	19153.4862888744	34711.3263954924	0	6473.43367441559	5482.40751817532	141488.04199861	63787.779710311	0	4990.07080594057	2969.90210283541	0	822.678764314836	103546.351497681	3090.60400648006	4859.83980463977	0	3681.40806116176	0	0	5113.9490754706	6340.0263072294	7718.56910148669	0	0	14716.1031469909	0	42766.59028083	0	0	2499.79995179836	11317.3916496284	0	0	13150.1547654958	22215.503002386	0	8277.60949731453	1480.18650258963	1261.01725649803	6054.1533775447	165.171026040044	0	555.864029942457	2048.75599607363	4748.66699865128	0	635.273177077094	14211.0609712146	49637.0696909187	1410.30645311115	0	2502.97631768375	0	311.283856767776	3929.16460022183	41.2927565100111	1283.25181769573	857.618789054077	1699.35574868123	0	0	0	0	5396.64563926991
SRR1031073	0	31624.8616120841	26917.064157696	0	128264.259408912	12089.7020817258	0	3111.64390417245	0	4436.4757942443	21119.0913841712	0	1691.48278215816	9268.9345519418	5489.98602417228	0	122322.070617833	0	0	1857.69785323728	0	0	0	20376.0122428763	27452.374460142	1112.17437266179	0	567.086713093486	11830.6021179848	3473.4061176976	11776.8266538121	0	1234.39133669056	0	0	1009.51212287763	860.40742676253	59563.6595890606	0	3461.18442129472	0	3297.41368949617	0	27645.4772633074	1146.39512258985	0	1625.48562158262	0	0	0	0	0	5978.85388028735	0	0	0	312.875427913647	0	486.423516834499	378.872588489182	0	3356.07783222998	4458.47484776947	0	0	0	0	40074.9425050332
SRR062098	14677.3205295983	14402.0259339316	2609.87947387923	11330.4319019657	109985.610153786	988.459335622035	8889.63099865344	9908.43777001825	35177.0133738474	1957.40960540943	29805.517247375	1816.51079660365	1582.40200658791	28752.0276923041	0	3342.55327966925	63944.2147840229	1148.86721026245	5479.87982555374	6988.58091676632	8573.15059733586	479.055949939627	37572.2931235455	8029.06442794741	24228.092092648	4112.07754314693	11681.5950869894	28726.0156045246	45872.3167991963	31303.3799686794	318.648075299209	3383.73908532017	8191.63997656946	830.219134963245	0	3346.88862763251	2336.7525521942	7697.41030875844	0	0	377.175272803145	1350.46089055379	0	5078.8601389527	231.941116034118	10732.1538830366	0	3073.76170594747	0	1924.89449568502	0	643.799172543299	14935.2737334119	622.122432727027	2297.73442052491	18522.774173005	4571.62442725191	0	26343.7418987162	3693.71646469287	0	16699.7603544565	4606.30721095795	1146.69953628083	0	91.0423072283454	0	19875.4027375404
SRR1804243	3736.60668646254	0	26927.8521692138	14421.5784272066	0	8648.24692212714	5538.32479523903	5181.89795198107	5538.32479523903	9713.61067340368	4813.7207732311	4304.53956857687	0	80446.7135568702	0	27104.1072015941	197554.473848845	763.771806981337	3599.51943905564	0	2976.75165797855	4469.04426546516	0	121380.965632573	160407.74658007	0	0	0	28239.9729658228	0	0	2679.07649218069	22776.0669620332	3497.68319812479	3767.94091444126	2428.40266835092	5326.81875638266	4813.7207732311	415.17852071806	0	489.597312167524	4331.95701805825	0	18918.0401421531	1472.70871499991	3987.28051029232	4104.78386521252	40452.4883205295	0	0	7300.87511904212	0	1805.63488727383	0	2459.73689632964	4179.20265666199	0	0	4281.03889759283	0	1182.86710619674	0	4939.05768514598	0	0	0	0	5389.4872123401
SRR1804169	9183.77874256879	804.489325206554	0	20470.8609016415	0	6847.85190672808	0	8219.36081656816	32232.8825418602	27294.4812021886	13812.0155231246	2757.55678338873	6901.1614403261	34345.8786008364	0	0	52257.8818897727	3324.57636802226	4560.3882832492	0	2563.70393394137	0	0	238186.996115974	48996.3076978208	10230.5841295845	0	0	17281.9815282324	0	1831.90942727757	0	0	0	276.240310462491	86259.6716828401	0	6057.90154523007	0	0	746.333470372345	0	0	18081.6245322027	567.019584633535	0	0	0	0	0	0	0	2394.08269067493	0	0	2680.01564360979	0	0	7734.72869294976	0	0	0	780.257719025634	145.389637085522	28215.2822370636	0	5025.63512192287	56813.4238517857
SRR1803826	0	0	7565.42587280842	0	0	74996.5035258879	2323.24101605928	0	2415.07853485649	0	1747.39495224971	560.9534931938	0	25225.5325280026	0	1926.10579963889	120935.119685316	0	0	0	277.994651494272	0	0	24766.3449340165	9000.07684212707	0	0	0	10035.1104999227	0	8205.80640928629	0	0	0	0	2308.34844544351	0	0	0	0	3519.6108555257	0	0	19015.3305812288	0	1317.99249949517	0	0	0	0	0	0	3465.0047632679	0	367.35007518886	0	0	0	407.063596830899	0	0	320.190268238939	9426.99719977899	0	0	0	0	0
SRR061543	15366.8030987618	0	16451.9635599201	47450.3139986379	410.208109982093	33965.8133619925	74014.9257166981	22226.8791508028	109141.540751619	2245.96213408636	10348.2996255766	5161.0580645974	1320.81192859483	0	0	115396.487109502	140058.431423815	17164.7365169812	43362.7792856958	0	39694.180514863	1186.98516930989	0	4040.98627492998	17798.9589848968	893.148154358175	0	11448.0064736137	2577.61975492294	0	5108.69107183373	12885.1894972389	46.5484380121524	0	389.843168351777	602.220416782222	0	42242.7074960283	2085.95187841958	0	1579.73761503742	0	0	45495.2796021275	0	5745.82281712507	0	0	0	0	0	4305.7305161241	3124.56390156573	724.410066564122	0	22607.9944870273	0	0	7345.92537379281	1864.84679786186	0	0	1483.73146163736	0	0	0	0	5204.69722523379
SRR061425	0	0	58283.2776514569	0	9451.52517556322	8179.59480118535	0	0	5962.73742882108	1082.49393564074	108321.55982645	0	0	4221.72634899889	0	0	37995.53714099	0	0	6952.76834079251	0	0	0	32330.4855444701	2422.08018099616	11503.7532618821	7126.41840963488	0	0	0	121.780567759583	0	14879.7812236617	974.244542076667	0	3367.00717898255	976.499737775918	59259.7773892328	0	0	534.481380722616	3982.67560487823	279.644266707191	72123.4136577636	0	0	0	96777.2130419815	0	0	18952.66465651	0	0	0	0	0	2715.25562189886	0	14273.133580563	0	0	0	2649.85494662056	884.036714106605	0	367.596898978002	0	19189.4602049314
SRR061909	30981.5823349229	208.561545302664	8536.91017013312	18356.5522504736	22689.3007442425	9510.72009218541	26096.8514054657	564.527491044806	19291.1588745367	5201.49357721006	3554.95506166271	876.585743039018	5432.00896938669	20269.6731923477	0	0	74076.9837485155	0	12996.6773493871	0	15527.6422675713	627.252767827562	0	4555.42322634767	51014.4676074156	0	0	3315.03087796867	5176.40346649696	0	0	4908.25290825068	0	420.259354444467	1616.74400907554	10559.800346377	1732.78577112364	22908.8392129821	1939.77918450674	346.557154224728	1743.76269456062	0	0	6865.28154387267	837.382445049796	0	0	2099.72864030277	145.836268519908	2579.57700769085	285.400009361541	269.718690165852	650.774746621096	0	0	4625.98916272827	0	1254.50553565512	3761.94847504581	2951.22427262868	0	7296.51782175412	443.781333238	0	2145.20446597026	2027.5945720026	0	0
SRR549652	0	15347.1185115582	25153.8911861326	0	0	282341.311818353	0	0	0	8172.31056214531	2553.84705067041	0	0	372.561216803683	0	0	88867.8683114463	0	0	0	0	0	0	12324.5654139412	14487.8240921561	19661.6177642202	0	0	4296.47209701022	0	161955.966375691	0	0	0	0	0	0	43733.8796112453	0	0	0	0	0	11897.9227301821	0	0	0	0	0	0	0	0	7114.71743057356	0	0	0	4488.76175729599	0	0	0	0	18369.6716091752	2049.08669242026	0	0	0	0	32917.5862201706
SRR1804276	21736.4938252697	11100.3091242925	20962.953119744	9653.78800495962	20243.5602636052	32442.2971897441	4888.77725892186	30678.6243811457	6304.35675003373	9065.89706876016	41492.7234443937	1044.27995245957	0	9491.34445679924	0	0	8802.89322888145	23066.9838387737	0	0	9847.17318134102	0	0	310855.067922522	54836.3006147105	3852.23271351754	0	0	25070.454266085	0	0	0	0	55455.133179131	0	0	0	0	0	317.1516892655	0	0	0	25758.9054940028	170.178955215634	0	1361.43164172507	110941.207986483	0	0	0	0	0	0	7425.99077304586	0	10612.9784798114	0	0	0	0	9336.63631569412	0	0	0	0	966.925881907013	0
SRR1803835	0	0	0	0	0	986.198243496814	0	0	3151.89884629322	0	0	0	0	25894.6489498442	0	0	7417.32200038449	0	643.575379558954	0	0	0	0	48549.4283180597	27779.0747015024	0	0	0	25296.2164476284	0	0	0	0	0	611.165108645913	13658.6141704958	184.044038399053	0	0	0	0	704.923392358638	0	1525.59775226385	0	0	0	3144.95378824043	0	0	0	0	0	0	872.762295301171	0	0	0	184.044038399053	0	0	0	0	0	0	0	0	0
SRR1803305	16432.7751617782	1611.29304744575	1852.68526429155	8608.64993326351	0	123755.754771423	0	17956.5635306173	27693.7220776349	66841.5048446033	21610.6382131207	0	9713.01932533307	1970.36397000388	419.418976769586	0	40937.1025743379	3228.62090031264	36450.2247437165	0	0	0	2842.39335335935	17703.1017029292	11647.1744628101	4115.73729722097	1496.63174444399	615.550152956802	4022.19781319322	0	7211.59247826841	0	9474.64451119783	0	540.115085192488	0	0	96918.9750635906	11022.5721017216	8798.74630402958	43764.4089141444	0	3524.32636594875	27742.0005210041	974.621075514936	0	0	0	0	0	0	0	0	0	0	0	7341.34079482303	0	869.011980644897	0	0	15940.9385199548	0	0	0	0	1125.49121104356	3578.63961473905
SRR1031159	0	0	0	0	2896.66509548583	23127.2650008621	0	0	6874.42862828268	0	0	0	0	17280.6070842832	0	0	94918.5036058862	0	5759.39436558521	0	0	0	4011.6993581833	37004.5935963905	45364.9265790939	5827.2660163581	0	0	3240.87132440548	0	24756.1846194115	0	111.503426269747	0	0	2477.31525321047	0	13256.7877884619	0	0	3051.80029725243	952.627098348058	0	15365.6569374767	0	0	0	0	0	0	0	0	710.228345587738	0	1679.82335662902	0	0	0	972.018998568884	0	0	0	2024.02958554867	0	0	0	0	0
SRR1568878	0	1350.3199142341	26453.9946834044	3635.75442148058	0	5303.79666847564	0	0	1151.7434562585	22359.7091680529	26204.8714906714	4361.46111335506	9769.96173239966	3032.80408544557	2224.05632932675	0	131432.34181247	0	0	0	0	0	0	967.608922499301	5462.65783485613	0	0	2859.50099484868	0	0	1267.27884998976	0	0	0	0	4711.67777560294	0	42975.5559869745	1783.57764072632	0	0	0	0	7466.47481988266	0	0	0	0	0	0	0	0	17315.8671354726	2079.63708716268	0	5888.69459924015	0	0	31097.0733189794	725.706691874475	0	1343.0989521259	3094.1822633653	2061.58468189217	0	0	0	0
SRR531396	0	62070.061114279	972.260325197374	0	11193.0181607528	124074.846800364	0	982.566971754236	893.24270159476	0	295.457201296728	0	0	0	0	0	56672.8138673352	0	0	0	0	0	0	17593.4456725645	1236.79758682351	3957.75227783524	0	0	16971.6113303004	0	15861.9290510116	0	0	0	0	0	0	67278.3531743469	0	793.611784878421	0	0	0	886.371603890185	0	0	608.092146854894	0	0	0	0	0	0	0	0	0	0	0	0	1748.69436581436	0	0	989.438069458811	0	0	0	0	14096.0569409358
SRR1568918	6226.93596430496	134281.162641663	27338.6798192608	0	669872.453601491	0	0	0	0	4188.6896576706	71132.926150799	0	0	14660.4138018471	5591.15271269424	0	30461.4975551134	0	0	0	0	0	0	15557.9901570622	33995.704453773	6133.43842730338	0	0	38315.2906632458	8209.08374873837	0	0	0	0	6806.62069371473	336.591133205673	2318.73891763908	0	0	0	0	0	0	630902.680179234	0	0	0	0	0	0	0	0	14697.8128166477	0	0	0	0	0	0	36071.349775208	0	0	57426.187226368	0	0	0	3852.09852446493	41344.6108620969
SRR539935	0	0	0	0	0	0	0	0	0	0	8188.98422549809	0	0	2489.61580724942	0	0	11323.2939332474	0	0	1639.16853424962	0	0	0	227000.837433447	36480.0729442415	0	0	0	3285.19551424923	0	0	0	0	0	0	0	0	0	0	0	0	0	0	0	0	0	0	0	0	0	0	0	0	0	0	0	0	0	1927.22325574955	0	1042.48375399976	0	0	0	0	0	0	2489.61580724942
SRR549413	18221.4199057793	69023.7216469406	8332.46690617527	7033.44467782491	2621.45026261694	3358.73314897795	5535.47309918666	16313.8467236072	19707.6885814595	7010.03887190869	29257.2573952783	5359.92955481499	4096.01603533897	0	0	1275.61642243414	60141.2183017341	0	2036.30511471137	0	1240.5077135598	0	12323.1568148912	5172.68310748521	47701.0324572618	3791.74055842807	0	0	19110.8405305958	0	0	0	1287.31932539225	0	0	0	0	90767.7153431115	0	15003.1215922987	0	0	0	9315.51075465662	3300.2186341874	0	0	0	0	0	0	503.224827198787	0	0	0	0	0	0	0	41217.6242184681	0	0	15307.3970692096	0	0	0	387178.841466155	0
SRR1804458	3785.53868442977	0	0	11274.0224819927	3992.0226126714	165971.781520617	0	3124.79011405658	14433.2265840895	0	0	0	0	18136.1716972226	0	0	66494.707691411	0	39293.891544381	0	0	0	0	115162.969577962	41916.2374330497	0	0	0	6992.922369783	0	0	0	0	0	0	729.576546453738	0	17041.806877542	11418.5612317618	0	12457.863670578	0	0	64698.2975157088	0	0	0	0	0	0	0	0	0	0	0	0	0	0	0	0	0	0	0	0	0	0	0	226175.612198267
SRR1803301	0	21510.2910905275	8318.96681534135	0	27833.6311344434	645.582106246156	0	0	18248.7345863327	0	3518.10704804501	0	0	6802.79515865249	0	0	3789.37770506701	0	0	0	0	0	0	67901.77918791	9538.63333528523	834.840704168482	0	0	18534.7253565265	0	0	0	9227.40808536851	5671.44931773903	0	0	0	28062.8443252604	0	0	0	0	0	56853.2828158667	0	0	229.213190817039	11405.9848347855	0	0	0	0	0	0	2862.01057524762	0	0	0	0	0	9763.64077948177	0	0	0	0	0	30079.4998297883	0
SRR1803307	0	0	0	0	0	940.493561086823	0	0	17596.7879334087	0	0	0	0	8170.6115645736	0	0	12996.9837914809	0	1919.9285117795	0	0	0	0	21774.1370002184	37265.7298106924	0	0	0	7497.98756229068	0	0	0	0	0	0	923.972971557067	0	25213.9597487354	0	0	0	0	0	0	0	0	0	0	0	0	0	0	0	0	0	0	0	0	0	0	0	0	0	0	0	0	9433.25662149067	0
SRR549713	0	0	1048.14067519644	0	0	1155.74447074892	0	0	0	5997.91527061079	0	0	0	0	0	0	3020.87692699201	0	0	0	0	0	0	0	0	0	0	0	0	0	0	0	0	0	0	0	0	119759.039124156	0	0	0	0	0	9465.14868285755	0	0	0	0	0	0	0	0	0	0	0	0	0	0	0	0	0	0	0	0	0	0	0	0
SRR1803356	9196.15526286486	0	15674.8830271778	5474.03520820562	0	5280.9327392045	0	1528.02823296537	17535.9430545074	29914.0911761298	53570.5429220205	9565.56868182353	6744.59348250284	22497.8369318839	0	7841.63939334977	68067.2210296407	814.388673613413	6929.30019198217	0	3959.99990777656	0	0	9809.04570795537	35544.8472287421	0	0	0	15613.314124018	0	11935.9714534749	2471.15188591287	0	0	0	20320.5366292337	0	2893.73844850952	2255.66072485365	0	1035.47700768716	0	0	79692.5493808095	5174.58645192853	0	0	204.296815030169	873.158990265928	1673.55473134303	0	2510.33209701454	7477.82314740563	0	0	10435.9290855822	0	0	0	0	0	0	2233.27203279555	0	0	0	0	0
SRR1803905	2620.47453269596	0	0	3549.2503164363	0	3681.93257125634	2324.70367299293	1188.61186609627	12447.2540303058	0	140.974895746301	0	0	39760.4490277412	0	0	5224.36378353941	0	1440.15530752594	3209.25203845992	964.710561087436	0	0	76366.9302898641	28054.004253514	0	0	0	28250.263422102	0	0	0	0	5185.66479255023	0	34032.9983613424	439.50996909141	0	0	0	0	0	0	15952.2769284687	0	0	0	23247.0367299293	0	0	0	0	0	0	0	0	0	0	5486.96407953742	0	0	0	0	0	0	0	118.861186609627	0
SRR061395	0	9439.50082175189	0	366.499806171857	13603.1090848903	14323.3238202745	1133.59242374086	0	1858.06878477825	0	724.476361037391	0	0	2808.41130543318	0	1823.97577955296	20349.2624938444	0	1154.90055200666	0	1295.53419856098	0	0	52349.8095234312	20826.5645669984	6290.15946406582	0	0	11595.8834022514	0	6051.5084274888	0	0	0	1295.53419856098	8395.40253672741	0	117689.054037698	0	0	0	0	0	5966.27591442557	0	0	0	0	0	0	0	0	0	0	0	2697.60903845099	0	0	0	0	0	0	12465.2550354963	0	13274.9639095969	0	0	0
SRR1568944	2220.58708106134	4350.69183623902	19596.9637476347	0	1051.85703839748	5131.10189698553	0	90.4823258836538	0	13187.7989975425	14571.4245641801	2148.95523973678	3332.76567004791	0	0	0	74990.9976729899	0	0	0	0	0	0	0	5387.46848698922	908.593355748357	0	1681.46322267123	301.607752945513	0	3513.73032181522	0	0	0	0	0	0	89913.0412499691	614.525796626482	0	0	309.14794676915	0	6526.03775435853	218.665620885497	0	0	0	0	0	0	0	20422.614971323	0	0	0	0	0	5689.07623993473	3917.13069137984	0	1240.36188398842	3562.74158166887	0	0	388.319981917347	354.389109710977	100627.656673358
SRR1803312	0	105262.36684636	5969.58137982567	8047.04575938765	154896.244733967	4893.30465306465	2790.81058218265	0	7558.96677864718	563.168054700535	0	0	0	6294.96736698598	0	2509.22655483238	19767.1987199888	0	6532.74943452621	0	3554.21616744338	0	0	30886.6390889093	34165.5286518325	18359.2785832374	0	0	91902.7691042973	0	0	0	0	0	0	4780.67104212454	0	0	0	0	0	0	0	11175.7571743906	0	0	0	0	0	0	0	0	0	0	0	1614.41509014153	0	0	0	2803.32542784266	0	0	0	0	0	0	0	7596.51131562722
SRR1568868	0	1058.16720382623	0	0	2482.34429664714	34470.159050668	0	0	0	0	0	0	0	2051.10492248508	0	0	87494.4827711658	0	0	0	0	0	0	1185.00231387389	982.066137797628	0	0	0	9646.71608419663	0	3341.19918468418	0	0	0	0	0	0	0	0	0	0	0	0	0	0	0	0	0	0	449.358675597439	0	0	0	0	0	0	0	873.350329185345	2080.09580478169	0	0	0	2043.85720191093	0	0	0	0	0
SRR1803823	7843.51209649574	1430.6727266569	18293.9718551216	15722.2872531556	2690.06773251684	31540.2885267565	2889.05214344271	382.856081781423	3349.99071558745	705.261203281569	5556.45076585408	3161.08146470846	9679.71001503954	21392.083569537	0	1085.59849505127	60778.402982801	0	4949.42237302958	0	541.539852519776	6531.22250038967	0	46552.276996607	35149.7146135511	105.789180492235	0	3342.43434555229	6576.56072060063	2130.89634991503	1919.31798893056	0	0	6999.71744256957	526.427112449457	18956.4136282039	1584.31891737181	1365.18418635218	851.351023961323	0	254.397791183709	4292.01817997069	0	7662.1592156519	93.1952304336359	0	0	6027.4644980457	0	0	0	0	10785.4588301846	0	0	4309.64971005273	0	0	16074.9178547963	7100.46904303837	0	12933.9867101816	277.066901289188	3055.29228421623	0	0	0	0
SRR1031106	0	0	0	6461.65882850636	4217.08260386731	0	41989.4461417326	13354.0949122465	0	10814.7763550791	0	21289.4654033946	3355.52809339979	16460.225647353	0	5849.50167633207	78469.4779138965	0	2516.64607004985	0	8230.11282367652	3015.4407866363	0	192648.12303796	90281.8437021485	0	0	0	12288.4880177209	0	0	0	20269.2034831042	0	0	1224.31430434857	0	464445.898603343	0	0	0	0	0	63868.3962101839	0	0	0	0	0	0	0	0	0	0	0	0	497933.162075988	0	0	0	0	0	6915.10857085768	0	415836.086223281	0	0	8887.61495008594
SRR1031064	4466.26931917268	0	16766.9757792535	0	0	403.786200851333	0	0	0	2723.0947447657	9075.3410752318	8095.42090487307	2339.00543176077	0	640.148855008212	0	107810.915627306	0	0	0	1890.90123325502	0	0	0	6534.44254304536	0	0	0	0	0	0	521.967527929772	28171.4738423229	0	0	0	0	75833.0182086651	0	0	0	0	0	64467.9139212885	649.997298931415	0	0	0	0	0	0	0	773.102847971456	0	0	0	20012.038051949	0	0	1541.28147398131	0	0	1521.5845861349	0	0	0	27112.7661205786	0
SRR1803995	0	0	8009.35828972901	0	311.302098990023	7306.7049805801	0	329.090790360881	1743.29175434413	0	9570.31595752183	0	0	0	0	0	34705.7368645448	0	0	0	0	0	0	0	7084.34633844437	0	0	0	0	0	115.62649391058	0	2517.09982897647	0	0	3949.08948433057	0	89236.9702619113	0	0	0	0	0	61330.9606738771	164.54539518044	0	0	0	0	0	0	0	0	0	0	0	15480.6086654895	0	0	3184.17575538366	0	0	0	0	9708.17831564599	0	6706.33664681363	15680.7314434117
SRR1804166	4361.32126075903	0	0	3709.62957811688	11329.4092520867	4060.54048415496	47.6236229623113	0	3198.30225788996	0	0	0	0	22696.4161012489	0	0	8384.26414783849	0	4321.21715721182	1238.21419702009	1102.86284754826	0	0	44593.2566380253	29664.5040925765	3341.17312677689	0	0	13958.7345409006	0	0	0	0	0	0	8321.60148604597	1208.13611935969	0	0	0	122.818817113329	0	0	11051.1870337279	150.390388302036	0	0	1729.48946547341	0	0	0	0	0	0	0	461.197190792909	0	0	0	0	0	0	4952.85678808037	0	0	0	0	0
SRR549458	0	0	0	0	0	79815.9384916051	0	0	0	0	0	0	0	1111.97210964709	0	0	2682.92845178682	0	0	0	0	0	0	81528.8487200827	43915.8006367433	0	0	0	11507.7283857946	0	0	0	0	0	0	0	4206.5668318139	0	0	0	1717.64202468892	0	0	17242.6653938469	0	0	0	0	0	0	0	0	0	0	0	0	0	0	0	0	0	0	0	0	0	0	0	75741.8619537066
SRR1569226	9246.51209704231	11928.1118748849	22298.4479452139	16150.7970022345	0	16712.7089888779	1863.76748045077	9263.20255209112	14531.8228624997	0	7037.80854558274	0	645.364261887429	1563.33928957213	0	0	16362.2094328528	6203.2857931421	5969.61942245872	0	1524.39489445824	0	0	14515.1324074509	2492.44128728938	1568.90277458841	267.047280781005	0	23372.2005533542	0	495.150166448114	0	0	0	2214.26703647584	0	0	0	0	0	2459.06037719176	0	0	91090.9401714041	1580.02974462095	0	3182.31342930698	0	0	0	0	0	0	0	0	5235.23940031096	0	0	0	0	0	0	0	0	0	0	0	0
SRR1804303	11879.0004791026	0	2404.95101724163	33132.3235836255	0	602.19666619926	9945.83411117631	8549.65840100733	49100.1243567944	26707.6139283149	20263.7260352273	12695.9934084048	11395.708887121	12772.706359513	0	53910.0263912777	60419.1202928073	2240.01817235903	17563.4301562192	0	44827.2129800685	4157.84195006368	0	26738.2991087582	3605.50870208474	0	0	0	5665.25143933953	0	322.194394654381	13022.0234506146	0	0	1284.94193106211	5887.71899755327	0	0	2113.44180303052	0	291.509214211107	0	0	17613.2935744395	2355.08759902131	379.729107985521	0	0	0	233.974500879967	0	0	2692.62458389733	0	0	5212.64502780124	0	0	0	2830.70789589206	0	0	0	0	24164.5795990786	471.784649315344	0	6351.8323517578
SRR1031317	0	100073.200719229	52259.2275612739	0	240562.088999372	52117.8590466807	4225.34782506242	6188.79941663418	0	0	4193.93259959727	0	0	12267.6455441403	0	5623.32535826151	28462.1942714242	0	0	16445.870531005	0	0	0	46902.9316194662	4665.1609815745	49950.2084895855	0	0	10021.4569233823	0	2136.23533163007	0	0	2089.11249343235	0	0	0	36017.5559957923	0	18503.5677989722	0	0	0	53107.4386488329	0	0	0	0	0	0	0	0	0	0	0	0	18739.1819899609	0	6424.41360762279	0	0	0	10586.9309817549	0	0	0	0	52856.1168451117
SRR059920	22679.4539464435	32126.4939597974	2022.02360486364	3661.50220340172	35922.7977368567	1158.56487630025	0	1297.00973573235	6616.20696654481	15531.3272568175	10736.7631775372	491.843579561426	3038.50033595725	14318.1130938993	0	0	53731.1786027549	1431.81130938993	2965.63462046667	3278.95719707617	142.088145206634	0	6120.72010120885	29721.9253486082	20650.1437700308	2524.79704174865	5534.15109150967	0	20777.6587721393	6200.87238824849	0	1799.78317261737	3260.74076820353	0	0	1271.50673531065	0	44779.6254547369	1231.43059179083	14004.7905172898	2043.88331951081	466.340579139722	0	15345.5196823165	0	2131.32217809951	0	15917.5155489175	0	5275.47780151811	2626.80904343547	1337.08587925217	2495.65075555242	0	714.084011807699	1041.97973151532	0	38192.5647743883	21786.8489316839	8051.66156170926	0	1945.51460359853	972.757301799264	0	0	0	0	0
SRR059444	13950.1850916133	0	0	11411.9208823929	0	11438.6178360497	6742.00760426415	2930.50406679407	22363.8327171601	0	3068.09605871783	188.932287417698	0	8703.20689213264	0	4526.16045074572	8988.65893507895	2478.7094664474	17340.698206033	0	10555.564753554	0	0	9115.98286790392	29797.9075046826	0	1813.33923684595	0	6951.47600987942	0	0	1616.19250214922	457.955435805941	0	0	9081.07146696804	1291.72183462752	0	640.726887764366	0	1230.11348003479	480.545165823275	0	13796.1642051315	1205.4701381977	205.361181975758	0	2351.38553362243	0	533.939073136972	0	0	0	0	0	466.169883084972	0	0	2690.23148388244	371.703739376123	0	3821.77159656886	609.922710468002	127.32393282497	0	449.740988526911	0	0
SRR549499	0	7543.04340639231	0	2257.01583091056	0	0	0	0	7098.0735394907	5286.02757548175	9832.2257337054	0	2760.95760788347	0	0	0	75333.9345747155	0	0	0	0	0	0	5044.7788524628	13917.3707768262	0	0	0	3420.37078413525	0	0	0	847.05107193318	0	0	5527.27629850069	0	77456.9233372822	0	0	0	0	0	10121.7242013281	0	0	0	0	0	0	0	0	0	0	0	0	0	0	0	3463.25944600528	0	0	46373.3656469748	0	0	0	0	0
SRR549637	4481.92813462951	0	2577.3937873442	4892.48643703832	0	15088.0176135238	1682.14860014721	0	9146.32662588516	18492.2302043302	7104.93951113024	0	0	7293.11206640095	0	0	64805.4875955018	0	2218.15527273649	0	0	0	0	71009.4797207904	3563.87415285425	0	0	1830.40576490595	11107.8829596161	353.536315963142	0	0	0	0	0	4339.37316851534	0	77145.0454623443	0	0	0	0	0	24656.3069391069	0	0	0	0	0	0	0	0	0	0	650.050645480616	0	8821.30130314485	0	838.223200751321	0	0	0	975.075968220924	0	0	0	5605.26126760917	0
SRR539467	63436.6893841444	8076.14105397166	62246.3959347749	3433.99660143084	910.574488767623	3201.8893788038	4195.78440902728	38547.6533578294	30275.1138847117	50694.5980086445	78898.6012914534	14503.7256805666	11367.3024414782	0	0	0	47349.8734159164	8338.00561283294	17074.7595312046	0	7915.45143830678	333.282165823444	0	0	0	0	0	0	3065.00563212631	0	5070.65009431382	2892.41308196774	0	0	0	0	0	9665.18280887986	7742.85888814822	0	1618.79909114244	0	0	0	12855.16925319	1267.66252357845	0	0	6516.85663529769	0	0	11896.9830264476	31935.5732465821	8153.51012818067	0	18753.0732948155	0	0	404.69977278561	8397.52028530141	0	0	0	0	2457.9559729479	0	0	66233.8789901626
SRR063472	5285.52953687682	0	3670.03024299688	19142.466155295	0	10070.2885919989	8729.18408264212	9768.45432902348	29562.6080975609	6029.82538989581	2342.64547286624	5772.58027940538	1474.87196681183	39619.1769503336	0	13733.4589653827	17427.4987520254	1557.19040216877	16659.1933553606	0	15462.1461078785	0	0	35369.4877250316	22304.866046924	0	205.796088392349	0	12316.8958902821	0	401.30237236508	3512.25324189608	0	0	0	6115.57376005929	0	6863.29954788483	0	0	675.697156888211	0	0	891.783049700177	1708.10753365649	0	0	14776.1591465706	2023.66153585809	3975.29444077887	0	6921.60843959599	2908.58471594519	0	2232.88755905698	5529.0549081411	0	0	4585.82283634283	0	0	1015.26070273559	0	0	0	1889.89407840307	0	250.385240877357
SRR1803297	33499.5298358018	6579.48890604964	11731.3528607866	39135.5448609839	9167.83501342955	29675.9777922862	6318.79217580994	22426.1258656201	48502.0059545961	2942.14881270522	4121.49116378958	620.706500570721	335.181510308189	1700.73581156377	0	0	51183.4580370616	6604.31716607247	18956.3765274298	0	4816.68244442879	0	0	14270.0424481209	6722.2514011809	0	0	0	7156.74595158041	0	515.186395473698	0	3767.68845846427	0	0	0	0	0	2439.37654724293	0	5307.04057987966	0	0	74937.8958139031	1197.96354610149	651.741825599257	0	297.939120273946	0	0	0	254.489665233995	3004.21946276229	0	0	5102.20743469132	0	0	2985.59826774517	558.635850513649	0	0	0	0	0	0	0	0
SRR1568828	9304.10756945637	0	0	8715.04881100053	0	219.009025579736	0	0	6857.24811125518	35252.9010829727	3171.85485322376	15088.9666589073	60386.0747770886	22565.4816700776	0	0	80701.0499084503	0	4818.19856275419	0	0	8284.58279520587	0	12173.8810080874	38160.4346984278	0	0	0	1019.52477425049	0	0	2401.54724601228	0	0	0	928.900349872673	0	30978.4490664854	0	0	0	0	0	61027.9977830981	0	0	0	0	0	0	0	0	4599.18953717445	0	0	0	0	0	4584.08546644482	0	0	0	0	0	0	0	0	0
SRR1568915	0	11726.2528164199	5755.06878839995	0	13575.2387553913	0	0	0	2529.34873036771	1672.89204002168	8780.68214308031	0	0	0	0	0	6611.52547874598	0	0	0	0	0	0	0	0	0	0	0	4042.15540770789	0	0	0	5851.12000600885	0	0	0	0	0	0	7596.05045923721	0	0	0	84413.0117419553	0	0	0	0	0	0	0	0	0	0	0	0	0	0	0	640.341450726003	0	0	77617.3880961256	0	0	392.209138569677	352.187797899301	27310.562873464
SRR1804078	5509.99677164788	565.66506781176	79486.4173065858	0	10967.617148128	0	0	0	2084.58052767667	9270.62194469273	13272.1785355093	0	0	4755.7766812322	0	0	102144.445856157	0	0	0	0	0	0	82691.8526908525	3792.0510101455	0	0	0	14843.4703905419	0	1613.19297116687	0	1277.98404209324	0	0	0	0	19295.4639798011	0	0	0	0	0	9605.83087376637	157.129185503267	0	0	1518.91545986491	0	0	0	0	14361.6075549986	0	0	0	0	0	0	0	0	0	0	0	0	0	0	0
SRR1803782	0	0	0	5665.7852681723	0	18864.1552206314	0	7244.88179703971	3834.94871296371	0	0	0	0	3465.51205093055	0	0	0	0	8905.71210069322	0	5721.36423502685	0	0	15241.7143221115	0	0	0	0	0	0	0	0	0	0	1317.5484495519	0	0	0	202.699761469523	0	4403.81578547495	0	0	0	0	0	0	0	0	0	0	0	0	0	0	0	0	0	0	0	0	0	0	0	0	0	0	0
SRR549457	22795.5784130537	562.768013245154	0	8490.15447142689	26373.6713367729	2091.27372823199	0	0	10553.6371866591	7712.00610743359	0	0	0	0	0	0	53726.9758817873	0	2688.78050772685	0	0	0	0	0	6176.55263919681	0	3869.89856021667	8309.51288692844	2292.75857248026	0	0	0	326.544402747188	0	0	0	0	63794.2703409506	0	5092.70313220614	0	0	0	7989.9162374312	0	0	0	0	0	0	0	0	0	0	0	812.887130243	4231.18172921356	0	2091.27372823199	12679.6496811408	0	0	11213.6737454034	0	7163.13360068832	0	0	0
SRR1803875	0	13427.2630801863	51480.7591971596	31382.9928308851	118329.552904725	40051.7718858661	91949.4375384062	0	63642.926826536	10767.687416552	69882.1475725755	5894.1947140004	4039.67979179052	2587.69524029286	0	0	44738.3754877299	6181.71640736627	13427.2630801863	8410.00953095179	23073.6158926113	0	0	24698.1134601285	3277.74730437095	920.069418770794	0	1121.33460412691	30951.7102908363	0	10336.4048765031	1250.71936614155	0	0	0	1265.09545080984	0	0	0	0	3594.02116707342	0	0	0	0	2745.83217164409	0	17236.9255172841	0	0	0	3493.38857439536	0	0	0	15138.0171557132	0	0	2357.67788560016	1150.08677346349	0	29097.1953686264	0	0	0	3335.25164304413	0	81469.2718152202
SRR549421	0	69818.0557553233	1014.14219141044	0	75700.0804655038	0	0	0	0	0	0	0	0	0	0	0	80477.8170117041	0	0	0	0	0	158318.864325741	0	0	0	0	0	110045.696014604	0	0	0	338.047397136814	0	0	0	0	0	0	0	0	0	0	6084.85314846265	0	0	0	0	0	0	0	0	0	0	0	0	18727.8258013795	0	0	11448.5385163668	0	7482.11572329481	85097.7981059072	0	0	0	0	52803.0034327703
SRR059448	0	18109.1702327217	8005.59860968427	0	46648.2634461137	6333.88043079013	0	0	0	1145.55986760873	11921.8149012769	0	0	17909.363279069	0	0	39734.9428497307	0	0	4042.76069557267	0	0	1645.07725174044	41733.0123862576	6580.30900696178	0	0	0	22138.6104647176	1232.14288085823	0	0	0	0	0	8684.9422521034	0	0	0	0	0	3596.52516574834	0	17975.9655969533	0	0	0	0	0	0	0	0	19434.5563586179	0	1225.4826490698	0	0	0	17063.5138419393	0	0	7599.32447059047	0	0	0	0	0	45129.7305983532
SRR1031264	0	1052.42751494266	0	3907.62438418523	0	0	2514.13239680746	3459.36822041336	28854.0543680112	0	0	0	0	40138.4160560074	0	0	54024.612433723	0	0	0	4804.13671172898	0	0	30130.6099648398	6986.94933531375	1237.57679997886	0	0	8633.80350221476	0	0	0	0	0	0	0	0	0	0	0	0	0	0	8273.24963135477	0	0	0	0	0	0	0	0	0	0	0	0	0	0	0	7971.16395576938	0	0	0	0	0	0	13983.6433698399	0
SRR1804677	3451.91639040084	0	0	1830.005320443	0	7797.41397406148	0	4216.96878189039	24059.3676075633	0	1793.2828056515	0	0	0	0	0	4186.36668623081	0	9768.18893453855	0	0	0	0	19542.498288209	12087.8277855349	0	0	0	1211.84298811944	0	0	0	0	0	0	2093.1833431154	0	0	0	0	471.272273157562	0	0	5049.34578383102	0	0	0	0	0	0	0	0	2454.28807189847	0	0	0	0	0	5808.27775618865	0	0	1976.89537960899	0	0	0	0	0	32444.3418182888
SRR1568830	16452.8628142812	0	55720.672788876	12968.864243835	1176.86908232465	3017.91180516915	25401.7287076014	0	29095.4663224223	19435.8181120546	44173.3731791361	3996.69401225104	0	0	0	0	27219.467092182	174.782536978908	0	0	9717.90905602731	0	0	0	0	0	0	0	0	0	0	0	0	0	0	0	0	25180.3374940947	0	0	0	0	0	12118.2558972043	174.782536978908	0	0	0	0	2423.65117944086	0	3903.47665919562	14553.5592457771	0	0	0	0	0	0	0	0	0	0	0	0	0	0	0
SRR1569399	7831.66489500733	1349.45610498588	0	50532.3116456319	20073.1595616649	18241.7548477555	97642.7881679068	7422.00857742233	32001.3876325222	0	0	0	0	6385.81906823674	0	0	30121.7880577205	5012.26553280469	15036.7965984141	0	26483.0760603479	0	0	0	6699.08566403704	0	0	0	13856.0225065514	0	0	3060.3736666644	0	0	1180.77409186264	0	0	0	0	0	0	0	0	4554.41435432734	0	0	0	0	0	8265.4186430385	0	0	0	0	0	2723.00964041793	0	2482.03533595617	0	0	0	0	0	0	0	0	0	15446.4529159991
SRR569355	0	154225.253934108	16557.6066006234	0	6820.90083233228	0	0	21816.4690744063	6716.76494176232	32073.8542955472	88307.2352033247	0	0	0	0	0	62585.670232545	0	0	0	0	0	0	86745.1968447754	0	0	0	0	0	0	3905.09589637344	0	9632.56987772115	22701.6241442509	20046.158934717	0	0	0	0	0	0	0	0	55035.818166223	0	0	0	0	0	0	0	0	0	0	0	0	30824.2236087077	0	7445.71617575203	0	0	0	0	0	0	0	0	0
SRR1568829	0	23865.769030219	16826.0338078974	0	25279.0492074275	0	0	1959.92628348726	50264.7761139249	3839.85557581177	20039.2462862677	0	0	11226.2444265052	0	0	40065.1597406749	0	0	0	0	0	0	11159.580267203	18039.321507199	0	0	0	13999.4734534804	0	0	0	0	0	0	9012.99433766929	0	48638.1706269491	0	3399.87212441667	0	0	0	39651.8419530007	0	0	0	0	0	0	0	0	0	0	0	0	0	0	0	12532.8619488301	0	0	2013.25761092909	0	0	0	0	0
SRR061463	0	0	0	0	0	0	0	0	0	0	0	0	0	25318.755693815	0	0	0	0	0	0	0	0	0	988.085242745714	0	0	0	0	0	0	0	0	0	0	0	126.296609975016	0	0	0	0	0	0	0	0	0	0	0	0	0	0	0	0	0	0	0	0	0	0	0	0	0	0	0	0	0	0	0	0
SRR549638	0	0	53734.986479913	0	109720.653021812	0	0	0	0	14840.4216587194	126952.422246391	0	0	0	0	0	84189.5010686594	0	0	0	0	0	0	0	8440.05023244706	0	0	0	17372.4367284535	0	0	0	0	0	0	0	0	0	0	0	0	0	0	51624.9739218012	0	0	0	0	0	0	0	0	0	0	0	0	0	0	0	0	0	0	0	0	0	0	0	91293.2100143024
SRR1569948	0	4375.55047392004	0	0	0	89777.8609287448	0	0	0	0	12230.4543367403	0	0	0	0	0	61521.2940128275	0	0	0	0	0	0	0	0	26675.0426482354	0	0	0	0	0	0	0	0	0	0	0	0	0	12915.7815194025	0	0	0	0	0	0	0	0	0	0	0	0	0	0	0	0	0	0	0	0	0	0	30417.9834150827	0	0	0	0	0
SRR549496	0	21130.3704063888	0	0	0	0	0	8188.45224286986	0	0	31435.3293730513	0	0	0	0	0	0	0	0	0	0	0	0	0	0	20193.555954874	0	0	0	0	0	0	0	0	0	0	0	0	0	0	0	0	0	30429.1212584613	0	0	0	0	0	0	0	0	0	0	0	0	0	0	0	13288.8864788947	0	0	0	0	0	0	0	0
SRR1031120	0	0	0	0	67698.0063318298	0	0	0	0	0	0	0	0	0	0	0	23685.2274163641	0	0	0	0	0	0	68151.7463206491	0	0	0	0	0	0	0	0	0	0	0	0	0	17695.8595639502	0	0	0	0	0	0	0	0	0	0	0	0	0	0	0	0	0	0	0	0	12250.9796981193	0	0	0	0	0	0	0	0	0
